Dispatch_ID,GPU_ID,Queue_ID,PID,TID,Grid_Size,Workgroup_Size,LDS_Per_Workgroup,Scratch_Per_Workitem,Arch_VGPR,Accum_VGPR,SGPR,Wave_Size,Kernel_Name,Start_Timestamp,End_Timestamp,Correlation_ID,Kernel_ID,CPC_CPC_UTCL2IU_BUSY,CPC_CPC_UTCL2IU_IDLE,SQC_DCACHE_REQ_READ_4,SQ_INSTS_VALU_ADD_F16,SQ_INSTS_VALU_FMA_F16,SQ_LDS_MEM_VIOLATIONS,SQ_LDS_UNALIGNED_STALL,SQ_LEVEL_WAVES,SQ_ACCUM_PREV_HIRES,SQ_VALU_MFMA_BUSY_CYCLES,TA_BUFFER_WRITE_WAVEFRONTS_sum,TA_FLAT_READ_WAVEFRONTS_sum,TCC_EA0_ATOMIC_sum,TCC_EA0_RDREQ_LEVEL_sum,TCC_NORMAL_EVICT_sum,TCC_REQ_sum,TCP_READ_TAGCONFLICT_STALL_CYCLES_sum,TCP_TCC_NC_WRITE_REQ_sum,TCP_TOTAL_CACHE_ACCESSES_sum,TCP_TOTAL_READ_sum
0,0,1,698,698,622592,256,0,0,56,0,48,64,"void at::native::(anonymous namespace)::distribution_elementwise_grid_stride_kernel<float, 4, at::native::templates::cuda::normal_and_transform<c10::Half, float, at::CUDAGeneratorImpl*, at::native::templates::cuda::normal_kernel<at::CUDAGeneratorImpl*>(at::TensorBase const&, double, double, at::CUDAGeneratorImpl*)::{lambda()#1}::operator()() const::{lambda()#3}::operator()() const::{lambda(float)#1}>(at::TensorIteratorBase&, at::CUDAGeneratorImpl*, at::native::templates::cuda::normal_kernel<at::CUDAGeneratorImpl*>(at::TensorBase const&, double, double, at::CUDAGeneratorImpl*)::{lambda()#1}::operator()() const::{lambda()#3}::operator()() const::{lambda(float)#1})::{lambda(hiprandStatePhilox4_32_10*)#2}, at::native::(anonymous namespace)::distribution_nullary_kernel<c10::Half, float, HIP_vector_type<float, 4u>, at::CUDAGeneratorImpl*, at::native::templates::cuda::normal_and_transform<c10::Half, float, at::CUDAGeneratorImpl*, at::native::templates::cuda::normal_kernel<at::CUDAGeneratorImpl*>(at::TensorBase const&, double, double, at::CUDAGeneratorImpl*)::{lambda()#1}::operator()() const::{lambda()#3}::operator()() const::{lambda(float)#1}>(at::TensorIteratorBase&, at::CUDAGeneratorImpl*, at::native::templates::cuda::normal_kernel<at::CUDAGeneratorImpl*>(at::TensorBase const&, double, double, at::CUDAGeneratorImpl*)::{lambda()#1}::operator()() const::{lambda()#3}::operator()() const::{lambda(float)#1})::{lambda(hiprandStatePhilox4_32_10*)#2}, at::native::templates::cuda::normal_kernel<at::CUDAGeneratorImpl*>(at::TensorBase const&, double, double, at::CUDAGeneratorImpl*)::{lambda()#1}::operator()() const::{lambda()#3}::operator()() const::{lambda(float)#1}>(at::TensorIteratorBase&, at::CUDAGeneratorImpl*, at::native::templates::cuda::normal_and_transform<c10::Half, float, at::CUDAGeneratorImpl*, at::native::templates::cuda::normal_kernel<at::CUDAGeneratorImpl*>(at::TensorBase const&, double, double, at::CUDAGeneratorImpl*)::{lambda()#1}::operator()() const::{lambda()#3}::operator()() const::{lambda(float)#1}>(at::TensorIteratorBase&, at::CUDAGeneratorImpl*, at::native::templates::cuda::normal_kernel<at::CUDAGeneratorImpl*>(at::TensorBase const&, double, double, at::CUDAGeneratorImpl*)::{lambda()#1}::operator()() const::{lambda()#3}::operator()() const::{lambda(float)#1})::{lambda(hiprandStatePhilox4_32_10*)#2} const&, at::native::templates::cuda::normal_kernel<at::CUDAGeneratorImpl*>(at::TensorBase const&, double, double, at::CUDAGeneratorImpl*)::{lambda()#1}::operator()() const::{lambda()#3}::operator()() const::{lambda(float)#1})::{lambda(int, float)#1}>(long, at::PhiloxCudaState, at::native::templates::cuda::normal_and_transform<c10::Half, float, at::CUDAGeneratorImpl*, at::native::templates::cuda::normal_kernel<at::CUDAGeneratorImpl*>(at::TensorBase const&, double, double, at::CUDAGeneratorImpl*)::{lambda()#1}::operator()() const::{lambda()#3}::operator()() const::{lambda(float)#1}>(at::TensorIteratorBase&, at::CUDAGeneratorImpl*, at::native::templates::cuda::normal_kernel<at::CUDAGeneratorImpl*>(at::TensorBase const&, double, double, at::CUDAGeneratorImpl*)::{lambda()#1}::operator()() const::{lambda()#3}::operator()() const::{lambda(float)#1})::{lambda(hiprandStatePhilox4_32_10*)#2}, at::native::(anonymous namespace)::distribution_nullary_kernel<c10::Half, float, HIP_vector_type<float, 4u>, at::CUDAGeneratorImpl*, at::native::templates::cuda::normal_and_transform<c10::Half, float, at::CUDAGeneratorImpl*, at::native::templates::cuda::normal_kernel<at::CUDAGeneratorImpl*>(at::TensorBase const&, double, double, at::CUDAGeneratorImpl*)::{lambda()#1}::operator()() const::{lambda()#3}::operator()() const::{lambda(float)#1}>(at::TensorIteratorBase&, at::CUDAGeneratorImpl*, at::native::templates::cuda::normal_kernel<at::CUDAGeneratorImpl*>(at::TensorBase const&, double, double, at::CUDAGeneratorImpl*)::{lambda()#1}::operator()() const::{lambda()#3}::operator()() const::{lambda(float)#1})::{lambda(hiprandStatePhilox4_32_10*)#2}, at::native::templates::cuda::normal_kernel<at::CUDAGeneratorImpl*>(at::TensorBase const&, double, double, at::CUDAGeneratorImpl*)::{lambda()#1}::operator()() const::{lambda()#3}::operator()() const::{lambda(float)#1}>(at::TensorIteratorBase&, at::CUDAGeneratorImpl*, at::native::templates::cuda::normal_and_transform<c10::Half, float, at::CUDAGeneratorImpl*, at::native::templates::cuda::normal_kernel<at::CUDAGeneratorImpl*>(at::TensorBase const&, double, double, at::CUDAGeneratorImpl*)::{lambda()#1}::operator()() const::{lambda()#3}::operator()() const::{lambda(float)#1}>(at::TensorIteratorBase&, at::CUDAGeneratorImpl*, at::native::templates::cuda::normal_kernel<at::CUDAGeneratorImpl*>(at::TensorBase const&, double, double, at::CUDAGeneratorImpl*)::{lambda()#1}::operator()() const::{lambda()#3}::operator()() const::{lambda(float)#1})::{lambda(hiprandStatePhilox4_32_10*)#2} const&, at::native::templates::cuda::normal_kernel<at::CUDAGeneratorImpl*>(at::TensorBase const&, double, double, at::CUDAGeneratorImpl*)::{lambda()#1}::operator()() const::{lambda()#3}::operator()() const::{lambda(float)#1})::{lambda(int, float)#1})",11598020330992,11598022091925,1,13,16249.0,19577537.0,19456.0,0.0,16777216.0,0.0,0.0,14304712652.0,14304712652.0,0.0,0.0,0.0,0.0,1162306.0,16695222.0,33568851.0,0.0,0.0,67108864.0,0.0
1,0,1,698,698,622592,256,0,0,56,0,48,64,"void at::native::(anonymous namespace)::distribution_elementwise_grid_stride_kernel<float, 4, at::native::templates::cuda::normal_and_transform<c10::Half, float, at::CUDAGeneratorImpl*, at::native::templates::cuda::normal_kernel<at::CUDAGeneratorImpl*>(at::TensorBase const&, double, double, at::CUDAGeneratorImpl*)::{lambda()#1}::operator()() const::{lambda()#3}::operator()() const::{lambda(float)#1}>(at::TensorIteratorBase&, at::CUDAGeneratorImpl*, at::native::templates::cuda::normal_kernel<at::CUDAGeneratorImpl*>(at::TensorBase const&, double, double, at::CUDAGeneratorImpl*)::{lambda()#1}::operator()() const::{lambda()#3}::operator()() const::{lambda(float)#1})::{lambda(hiprandStatePhilox4_32_10*)#2}, at::native::(anonymous namespace)::distribution_nullary_kernel<c10::Half, float, HIP_vector_type<float, 4u>, at::CUDAGeneratorImpl*, at::native::templates::cuda::normal_and_transform<c10::Half, float, at::CUDAGeneratorImpl*, at::native::templates::cuda::normal_kernel<at::CUDAGeneratorImpl*>(at::TensorBase const&, double, double, at::CUDAGeneratorImpl*)::{lambda()#1}::operator()() const::{lambda()#3}::operator()() const::{lambda(float)#1}>(at::TensorIteratorBase&, at::CUDAGeneratorImpl*, at::native::templates::cuda::normal_kernel<at::CUDAGeneratorImpl*>(at::TensorBase const&, double, double, at::CUDAGeneratorImpl*)::{lambda()#1}::operator()() const::{lambda()#3}::operator()() const::{lambda(float)#1})::{lambda(hiprandStatePhilox4_32_10*)#2}, at::native::templates::cuda::normal_kernel<at::CUDAGeneratorImpl*>(at::TensorBase const&, double, double, at::CUDAGeneratorImpl*)::{lambda()#1}::operator()() const::{lambda()#3}::operator()() const::{lambda(float)#1}>(at::TensorIteratorBase&, at::CUDAGeneratorImpl*, at::native::templates::cuda::normal_and_transform<c10::Half, float, at::CUDAGeneratorImpl*, at::native::templates::cuda::normal_kernel<at::CUDAGeneratorImpl*>(at::TensorBase const&, double, double, at::CUDAGeneratorImpl*)::{lambda()#1}::operator()() const::{lambda()#3}::operator()() const::{lambda(float)#1}>(at::TensorIteratorBase&, at::CUDAGeneratorImpl*, at::native::templates::cuda::normal_kernel<at::CUDAGeneratorImpl*>(at::TensorBase const&, double, double, at::CUDAGeneratorImpl*)::{lambda()#1}::operator()() const::{lambda()#3}::operator()() const::{lambda(float)#1})::{lambda(hiprandStatePhilox4_32_10*)#2} const&, at::native::templates::cuda::normal_kernel<at::CUDAGeneratorImpl*>(at::TensorBase const&, double, double, at::CUDAGeneratorImpl*)::{lambda()#1}::operator()() const::{lambda()#3}::operator()() const::{lambda(float)#1})::{lambda(int, float)#1}>(long, at::PhiloxCudaState, at::native::templates::cuda::normal_and_transform<c10::Half, float, at::CUDAGeneratorImpl*, at::native::templates::cuda::normal_kernel<at::CUDAGeneratorImpl*>(at::TensorBase const&, double, double, at::CUDAGeneratorImpl*)::{lambda()#1}::operator()() const::{lambda()#3}::operator()() const::{lambda(float)#1}>(at::TensorIteratorBase&, at::CUDAGeneratorImpl*, at::native::templates::cuda::normal_kernel<at::CUDAGeneratorImpl*>(at::TensorBase const&, double, double, at::CUDAGeneratorImpl*)::{lambda()#1}::operator()() const::{lambda()#3}::operator()() const::{lambda(float)#1})::{lambda(hiprandStatePhilox4_32_10*)#2}, at::native::(anonymous namespace)::distribution_nullary_kernel<c10::Half, float, HIP_vector_type<float, 4u>, at::CUDAGeneratorImpl*, at::native::templates::cuda::normal_and_transform<c10::Half, float, at::CUDAGeneratorImpl*, at::native::templates::cuda::normal_kernel<at::CUDAGeneratorImpl*>(at::TensorBase const&, double, double, at::CUDAGeneratorImpl*)::{lambda()#1}::operator()() const::{lambda()#3}::operator()() const::{lambda(float)#1}>(at::TensorIteratorBase&, at::CUDAGeneratorImpl*, at::native::templates::cuda::normal_kernel<at::CUDAGeneratorImpl*>(at::TensorBase const&, double, double, at::CUDAGeneratorImpl*)::{lambda()#1}::operator()() const::{lambda()#3}::operator()() const::{lambda(float)#1})::{lambda(hiprandStatePhilox4_32_10*)#2}, at::native::templates::cuda::normal_kernel<at::CUDAGeneratorImpl*>(at::TensorBase const&, double, double, at::CUDAGeneratorImpl*)::{lambda()#1}::operator()() const::{lambda()#3}::operator()() const::{lambda(float)#1}>(at::TensorIteratorBase&, at::CUDAGeneratorImpl*, at::native::templates::cuda::normal_and_transform<c10::Half, float, at::CUDAGeneratorImpl*, at::native::templates::cuda::normal_kernel<at::CUDAGeneratorImpl*>(at::TensorBase const&, double, double, at::CUDAGeneratorImpl*)::{lambda()#1}::operator()() const::{lambda()#3}::operator()() const::{lambda(float)#1}>(at::TensorIteratorBase&, at::CUDAGeneratorImpl*, at::native::templates::cuda::normal_kernel<at::CUDAGeneratorImpl*>(at::TensorBase const&, double, double, at::CUDAGeneratorImpl*)::{lambda()#1}::operator()() const::{lambda()#3}::operator()() const::{lambda(float)#1})::{lambda(hiprandStatePhilox4_32_10*)#2} const&, at::native::templates::cuda::normal_kernel<at::CUDAGeneratorImpl*>(at::TensorBase const&, double, double, at::CUDAGeneratorImpl*)::{lambda()#1}::operator()() const::{lambda()#3}::operator()() const::{lambda(float)#1})::{lambda(int, float)#1})",11598022531295,11598024009056,2,13,9673.0,19593838.0,19456.0,0.0,16777216.0,0.0,0.0,14306478728.0,14306478728.0,0.0,0.0,0.0,0.0,777522.0,16711748.0,33566714.0,0.0,0.0,67108864.0,0.0
2,0,1,698,698,32768,256,0,0,56,0,48,64,"void at::native::(anonymous namespace)::distribution_elementwise_grid_stride_kernel<float, 4, at::native::templates::cuda::normal_and_transform<c10::Half, float, at::CUDAGeneratorImpl*, at::native::templates::cuda::normal_kernel<at::CUDAGeneratorImpl*>(at::TensorBase const&, double, double, at::CUDAGeneratorImpl*)::{lambda()#1}::operator()() const::{lambda()#3}::operator()() const::{lambda(float)#1}>(at::TensorIteratorBase&, at::CUDAGeneratorImpl*, at::native::templates::cuda::normal_kernel<at::CUDAGeneratorImpl*>(at::TensorBase const&, double, double, at::CUDAGeneratorImpl*)::{lambda()#1}::operator()() const::{lambda()#3}::operator()() const::{lambda(float)#1})::{lambda(hiprandStatePhilox4_32_10*)#2}, at::native::(anonymous namespace)::distribution_nullary_kernel<c10::Half, float, HIP_vector_type<float, 4u>, at::CUDAGeneratorImpl*, at::native::templates::cuda::normal_and_transform<c10::Half, float, at::CUDAGeneratorImpl*, at::native::templates::cuda::normal_kernel<at::CUDAGeneratorImpl*>(at::TensorBase const&, double, double, at::CUDAGeneratorImpl*)::{lambda()#1}::operator()() const::{lambda()#3}::operator()() const::{lambda(float)#1}>(at::TensorIteratorBase&, at::CUDAGeneratorImpl*, at::native::templates::cuda::normal_kernel<at::CUDAGeneratorImpl*>(at::TensorBase const&, double, double, at::CUDAGeneratorImpl*)::{lambda()#1}::operator()() const::{lambda()#3}::operator()() const::{lambda(float)#1})::{lambda(hiprandStatePhilox4_32_10*)#2}, at::native::templates::cuda::normal_kernel<at::CUDAGeneratorImpl*>(at::TensorBase const&, double, double, at::CUDAGeneratorImpl*)::{lambda()#1}::operator()() const::{lambda()#3}::operator()() const::{lambda(float)#1}>(at::TensorIteratorBase&, at::CUDAGeneratorImpl*, at::native::templates::cuda::normal_and_transform<c10::Half, float, at::CUDAGeneratorImpl*, at::native::templates::cuda::normal_kernel<at::CUDAGeneratorImpl*>(at::TensorBase const&, double, double, at::CUDAGeneratorImpl*)::{lambda()#1}::operator()() const::{lambda()#3}::operator()() const::{lambda(float)#1}>(at::TensorIteratorBase&, at::CUDAGeneratorImpl*, at::native::templates::cuda::normal_kernel<at::CUDAGeneratorImpl*>(at::TensorBase const&, double, double, at::CUDAGeneratorImpl*)::{lambda()#1}::operator()() const::{lambda()#3}::operator()() const::{lambda(float)#1})::{lambda(hiprandStatePhilox4_32_10*)#2} const&, at::native::templates::cuda::normal_kernel<at::CUDAGeneratorImpl*>(at::TensorBase const&, double, double, at::CUDAGeneratorImpl*)::{lambda()#1}::operator()() const::{lambda()#3}::operator()() const::{lambda(float)#1})::{lambda(int, float)#1}>(long, at::PhiloxCudaState, at::native::templates::cuda::normal_and_transform<c10::Half, float, at::CUDAGeneratorImpl*, at::native::templates::cuda::normal_kernel<at::CUDAGeneratorImpl*>(at::TensorBase const&, double, double, at::CUDAGeneratorImpl*)::{lambda()#1}::operator()() const::{lambda()#3}::operator()() const::{lambda(float)#1}>(at::TensorIteratorBase&, at::CUDAGeneratorImpl*, at::native::templates::cuda::normal_kernel<at::CUDAGeneratorImpl*>(at::TensorBase const&, double, double, at::CUDAGeneratorImpl*)::{lambda()#1}::operator()() const::{lambda()#3}::operator()() const::{lambda(float)#1})::{lambda(hiprandStatePhilox4_32_10*)#2}, at::native::(anonymous namespace)::distribution_nullary_kernel<c10::Half, float, HIP_vector_type<float, 4u>, at::CUDAGeneratorImpl*, at::native::templates::cuda::normal_and_transform<c10::Half, float, at::CUDAGeneratorImpl*, at::native::templates::cuda::normal_kernel<at::CUDAGeneratorImpl*>(at::TensorBase const&, double, double, at::CUDAGeneratorImpl*)::{lambda()#1}::operator()() const::{lambda()#3}::operator()() const::{lambda(float)#1}>(at::TensorIteratorBase&, at::CUDAGeneratorImpl*, at::native::templates::cuda::normal_kernel<at::CUDAGeneratorImpl*>(at::TensorBase const&, double, double, at::CUDAGeneratorImpl*)::{lambda()#1}::operator()() const::{lambda()#3}::operator()() const::{lambda(float)#1})::{lambda(hiprandStatePhilox4_32_10*)#2}, at::native::templates::cuda::normal_kernel<at::CUDAGeneratorImpl*>(at::TensorBase const&, double, double, at::CUDAGeneratorImpl*)::{lambda()#1}::operator()() const::{lambda()#3}::operator()() const::{lambda(float)#1}>(at::TensorIteratorBase&, at::CUDAGeneratorImpl*, at::native::templates::cuda::normal_and_transform<c10::Half, float, at::CUDAGeneratorImpl*, at::native::templates::cuda::normal_kernel<at::CUDAGeneratorImpl*>(at::TensorBase const&, double, double, at::CUDAGeneratorImpl*)::{lambda()#1}::operator()() const::{lambda()#3}::operator()() const::{lambda(float)#1}>(at::TensorIteratorBase&, at::CUDAGeneratorImpl*, at::native::templates::cuda::normal_kernel<at::CUDAGeneratorImpl*>(at::TensorBase const&, double, double, at::CUDAGeneratorImpl*)::{lambda()#1}::operator()() const::{lambda()#3}::operator()() const::{lambda(float)#1})::{lambda(hiprandStatePhilox4_32_10*)#2} const&, at::native::templates::cuda::normal_kernel<at::CUDAGeneratorImpl*>(at::TensorBase const&, double, double, at::CUDAGeneratorImpl*)::{lambda()#1}::operator()() const::{lambda()#3}::operator()() const::{lambda(float)#1})::{lambda(int, float)#1})",11598024431268,11598024436239,3,13,1136.0,158646.0,1024.0,0.0,512.0,0.0,0.0,2765932.0,2765932.0,0.0,0.0,0.0,0.0,220241.0,0.0,6435.0,0.0,0.0,2048.0,0.0
3,0,1,698,698,16777216,256,0,0,16,192,48,64,matmul_kernel,11598390597064,11598631369927,4,27,10396.0,3116419830.0,0.0,0.0,0.0,0.0,0.0,472597521476.0,472597521476.0,137438953472.0,0.0,1073741824.0,0.0,4855035557492.0,4440466929.0,8724178546.0,0.0,0.0,17448304640.0,68719476736.0
4,0,1,698,698,4194304,256,0,0,12,4,32,64,"void at::native::vectorized_elementwise_kernel<4, at::native::FillFunctor<int>, std::array<char*, 1ul> >(int, at::native::FillFunctor<int>, std::array<char*, 1ul>)",11598644830353,11598644873210,5,101,1816.0,840286.0,65536.0,0.0,0.0,0.0,0.0,673051636.0,673051636.0,0.0,0.0,0.0,0.0,256312.0,1835132.0,4198872.0,0.0,0.0,4194304.0,0.0
5,0,1,698,698,16777216,256,0,0,16,192,48,64,matmul_kernel,11598645238611,11598884790548,6,27,1182.0,2455230402.0,0.0,0.0,0.0,0.0,0.0,366640021972.0,366640021972.0,137438953472.0,0.0,1073741824.0,0.0,2660615660151.0,4440828367.0,8724177920.0,0.0,0.0,17448304640.0,68719476736.0
6,0,1,698,698,4194304,256,0,0,12,4,32,64,"void at::native::vectorized_elementwise_kernel<4, at::native::FillFunctor<int>, std::array<char*, 1ul> >(int, at::native::FillFunctor<int>, std::array<char*, 1ul>)",11598885175501,11598885218198,7,101,1088.0,832751.0,65536.0,0.0,0.0,0.0,0.0,669178932.0,669178932.0,0.0,0.0,0.0,0.0,101231.0,1835120.0,4198304.0,0.0,0.0,4194304.0,0.0
7,0,1,698,698,16777216,256,0,0,16,192,48,64,matmul_kernel,11598885580756,11599125510085,8,27,1136.0,2463649191.0,0.0,0.0,0.0,0.0,0.0,367257266496.0,367257266496.0,137438953472.0,0.0,1073741824.0,0.0,2670992160170.0,4440660211.0,8724177936.0,0.0,0.0,17448304640.0,68719476736.0
8,0,1,698,698,4194304,256,0,0,12,4,32,64,"void at::native::vectorized_elementwise_kernel<4, at::native::FillFunctor<int>, std::array<char*, 1ul> >(int, at::native::FillFunctor<int>, std::array<char*, 1ul>)",11599125876195,11599125919173,9,101,1088.0,834117.0,65536.0,0.0,0.0,0.0,0.0,664031648.0,664031648.0,0.0,0.0,0.0,0.0,105315.0,1835120.0,4198320.0,0.0,0.0,4194304.0,0.0
9,0,1,698,698,16777216,256,0,0,16,192,48,64,matmul_kernel,11599126270418,11599384287795,10,27,1136.0,2484854181.0,0.0,0.0,0.0,0.0,0.0,364539141400.0,364539141400.0,137438953472.0,0.0,1073741824.0,0.0,2740418916332.0,4440901096.0,8724177920.0,0.0,0.0,17448304640.0,68719476736.0
10,0,1,698,698,4194304,256,0,0,12,4,32,64,"void at::native::vectorized_elementwise_kernel<4, at::native::FillFunctor<int>, std::array<char*, 1ul> >(int, at::native::FillFunctor<int>, std::array<char*, 1ul>)",11599384675676,11599384718293,11,101,1088.0,821261.0,65536.0,0.0,0.0,0.0,0.0,668255160.0,668255160.0,0.0,0.0,0.0,0.0,104873.0,1835120.0,4198320.0,0.0,0.0,4194304.0,0.0
11,0,1,698,698,16777216,256,0,0,16,192,48,64,matmul_kernel,11599385067842,11599632505056,12,27,1136.0,2434625501.0,0.0,0.0,0.0,0.0,0.0,364504375088.0,364504375088.0,137438953472.0,0.0,1073741824.0,0.0,2682523506169.0,4440876405.0,8724177936.0,0.0,0.0,17448304640.0,68719476736.0
12,0,1,698,698,4194304,256,0,0,12,4,32,64,"void at::native::vectorized_elementwise_kernel<4, at::native::FillFunctor<int>, std::array<char*, 1ul> >(int, at::native::FillFunctor<int>, std::array<char*, 1ul>)",11599632885198,11599632928336,13,101,1088.0,775067.0,65536.0,0.0,0.0,0.0,0.0,624642068.0,624642068.0,0.0,0.0,0.0,0.0,97283.0,1835120.0,4198320.0,0.0,0.0,4194304.0,0.0
13,0,1,698,698,16777216,256,0,0,16,192,48,64,matmul_kernel,11599633273842,11599881989071,14,27,1136.0,2472139817.0,0.0,0.0,0.0,0.0,0.0,364272336612.0,364272336612.0,137438953472.0,0.0,1073741824.0,0.0,2649039966798.0,4440676093.0,8724177936.0,0.0,0.0,17448304640.0,68719476736.0
14,0,1,698,698,16777216,256,0,0,16,192,48,64,matmul_kernel,11599882456017,11600133594580,15,27,50000.0,2516997685.0,2432.0,0.0,0.0,0.0,0.0,364850816464.0,364850816464.0,137438953472.0,291840.0,1073741824.0,0.0,2643910139244.0,4441521796.0,8726261885.0,0.0,0.0,17451261952.0,68724768768.0
15,0,1,698,698,4194304,256,0,0,12,4,32,64,"void at::native::vectorized_elementwise_kernel<4, at::native::FillFunctor<int>, std::array<char*, 1ul> >(int, at::native::FillFunctor<int>, std::array<char*, 1ul>)",11600133986389,11600134033055,16,101,8920.0,901419.0,65536.0,0.0,0.0,0.0,0.0,762100116.0,762100116.0,0.0,0.0,0.0,0.0,439136.0,1835125.0,4198537.0,0.0,0.0,4194304.0,0.0
16,0,1,698,698,16777216,256,0,0,16,192,48,64,matmul_kernel,11600134397431,11600383931968,17,27,2496.0,2584129559.0,0.0,0.0,0.0,0.0,0.0,383403345572.0,383403345572.0,137438953472.0,0.0,1073741824.0,0.0,3146371927036.0,4441157502.0,8724178557.0,0.0,0.0,17448304640.0,68719476736.0
17,0,1,698,698,33554432,512,0,0,12,132,48,64,matmul_kernel,11600386504601,11600644985525,18,196,8553.0,2109458609.0,0.0,0.0,0.0,0.0,0.0,621113944684.0,621113944684.0,137438953472.0,0.0,1073741824.0,0.0,2594542371427.0,4865574428.0,8724165776.0,0.0,0.0,17448304640.0,68719476736.0
18,0,1,698,698,4194304,256,0,0,12,4,32,64,"void at::native::vectorized_elementwise_kernel<4, at::native::FillFunctor<int>, std::array<char*, 1ul> >(int, at::native::FillFunctor<int>, std::array<char*, 1ul>)",11600645489148,11600645538220,19,101,1088.0,931540.0,65536.0,0.0,0.0,0.0,0.0,776109064.0,776109064.0,0.0,0.0,0.0,0.0,110253.0,1835120.0,4198304.0,0.0,0.0,4194304.0,0.0
19,0,1,698,698,33554432,512,0,0,12,132,48,64,matmul_kernel,11600645946752,11600904606844,20,196,1184.0,2113298604.0,0.0,0.0,0.0,0.0,0.0,624227850668.0,624227850668.0,137438953472.0,0.0,1073741824.0,0.0,2728826948772.0,4781641460.0,8724165760.0,0.0,0.0,17448304640.0,68719476736.0
20,0,1,698,698,4194304,256,0,0,12,4,32,64,"void at::native::vectorized_elementwise_kernel<4, at::native::FillFunctor<int>, std::array<char*, 1ul> >(int, at::native::FillFunctor<int>, std::array<char*, 1ul>)",11600905012925,11600905062357,21,101,1088.0,949705.0,65536.0,0.0,0.0,0.0,0.0,780354708.0,780354708.0,0.0,0.0,0.0,0.0,115505.0,1835120.0,4198320.0,0.0,0.0,4194304.0,0.0
21,0,1,698,698,33554432,512,0,0,12,132,48,64,matmul_kernel,11600905518687,11601167694223,22,196,1136.0,2093436141.0,0.0,0.0,0.0,0.0,0.0,618365596720.0,618365596720.0,137438953472.0,0.0,1073741824.0,0.0,2253222970785.0,4611309180.0,8724165760.0,0.0,0.0,17448304640.0,68719476736.0
22,0,1,698,698,4194304,256,0,0,12,4,32,64,"void at::native::vectorized_elementwise_kernel<4, at::native::FillFunctor<int>, std::array<char*, 1ul> >(int, at::native::FillFunctor<int>, std::array<char*, 1ul>)",11601168099784,11601168148695,23,101,1088.0,841050.0,65536.0,0.0,0.0,0.0,0.0,708924476.0,708924476.0,0.0,0.0,0.0,0.0,112285.0,1835120.0,4198320.0,0.0,0.0,4194304.0,0.0
23,0,1,698,698,33554432,512,0,0,12,132,48,64,matmul_kernel,11601168531906,11601426385967,24,196,1136.0,2105088468.0,0.0,0.0,0.0,0.0,0.0,621782013588.0,621782013588.0,137438953472.0,0.0,1073741824.0,0.0,2499461627190.0,4893631391.0,8724165776.0,0.0,0.0,17448304640.0,68719476736.0
24,0,1,698,698,4194304,256,0,0,12,4,32,64,"void at::native::vectorized_elementwise_kernel<4, at::native::FillFunctor<int>, std::array<char*, 1ul> >(int, at::native::FillFunctor<int>, std::array<char*, 1ul>)",11601426793011,11601426842844,25,101,1088.0,884368.0,65536.0,0.0,0.0,0.0,0.0,707594212.0,707594212.0,0.0,0.0,0.0,0.0,104702.0,1835120.0,4198320.0,0.0,0.0,4194304.0,0.0
25,0,1,698,698,33554432,512,0,0,12,132,48,64,matmul_kernel,11601427221959,11601683639035,26,196,1136.0,2119466358.0,0.0,0.0,0.0,0.0,0.0,625390991184.0,625390991184.0,137438953472.0,0.0,1073741824.0,0.0,2877377473483.0,4774571381.0,8724165776.0,0.0,0.0,17448304640.0,68719476736.0
26,0,1,698,698,4194304,256,0,0,12,4,32,64,"void at::native::vectorized_elementwise_kernel<4, at::native::FillFunctor<int>, std::array<char*, 1ul> >(int, at::native::FillFunctor<int>, std::array<char*, 1ul>)",11601684159175,11601684208527,27,101,1088.0,1185313.0,65536.0,0.0,0.0,0.0,0.0,777436264.0,777436264.0,0.0,0.0,0.0,0.0,95093.0,1835120.0,4198320.0,0.0,0.0,4194304.0,0.0
27,0,1,698,698,33554432,512,0,0,12,132,48,64,matmul_kernel,11601684580639,11601943951249,28,196,1136.0,2100310493.0,0.0,0.0,0.0,0.0,0.0,620303349976.0,620303349976.0,137438953472.0,0.0,1073741824.0,0.0,2441783627092.0,4863805173.0,8724165776.0,0.0,0.0,17448304640.0,68719476736.0
28,0,1,698,698,33554432,512,0,0,12,132,48,64,matmul_kernel,11601944418640,11602209998621,29,196,67490.0,2155871583.0,4864.0,0.0,0.0,0.0,0.0,622995083676.0,622995083676.0,137438953472.0,389120.0,1073741824.0,0.0,2348527757171.0,4615755500.0,8726869569.0,0.0,0.0,17452040192.0,68726325248.0
29,0,1,698,698,4194304,256,0,0,12,4,32,64,"void at::native::vectorized_elementwise_kernel<4, at::native::FillFunctor<int>, std::array<char*, 1ul> >(int, at::native::FillFunctor<int>, std::array<char*, 1ul>)",11602210475022,11602210523051,30,101,9464.0,922527.0,65536.0,0.0,0.0,0.0,0.0,802973248.0,802973248.0,0.0,0.0,0.0,0.0,561667.0,1835126.0,4198512.0,0.0,0.0,4194304.0,0.0
30,0,1,698,698,33554432,512,0,0,12,132,48,64,matmul_kernel,11602210890871,11602471757110,31,196,2496.0,2106654793.0,0.0,0.0,0.0,0.0,0.0,621259520092.0,621259520092.0,137438953472.0,0.0,1073741824.0,0.0,2396499117713.0,4657335966.0,8724166499.0,0.0,0.0,17448304640.0,68719476736.0
31,0,1,698,698,16777216,256,0,0,16,192,48,64,matmul_kernel,11602497482697,11602748627540,32,27,19680.0,2452903941.0,0.0,0.0,0.0,0.0,0.0,365073277088.0,365073277088.0,137438953472.0,0.0,1073741824.0,0.0,2730444055019.0,4440529371.0,8724206631.0,0.0,0.0,17448304640.0,68719476736.0
32,0,1,698,698,16777216,256,0,0,56,0,32,64,bias_kernel,11602749013776,11602750128868,33,197,13120.0,13393944.0,0.0,8388608.0,0.0,0.0,0.0,13810987372.0,13810987372.0,0.0,0.0,2097152.0,0.0,32992309084.0,33423604.0,50499520.0,0.0,0.0,71303168.0,150994944.0
33,0,1,698,698,4194304,256,0,0,12,4,32,64,"void at::native::vectorized_elementwise_kernel<4, at::native::FillFunctor<int>, std::array<char*, 1ul> >(int, at::native::FillFunctor<int>, std::array<char*, 1ul>)",11602750606954,11602750653820,34,101,8492.0,848019.0,65536.0,0.0,0.0,0.0,0.0,732336176.0,732336176.0,0.0,0.0,0.0,0.0,396461.0,1835124.0,4198517.0,0.0,0.0,4194304.0,0.0
34,0,1,698,698,16777216,256,0,0,56,0,32,64,bias_kernel,11602751027028,11602752192274,35,197,1221.0,14332553.0,0.0,8388608.0,0.0,0.0,0.0,14902524524.0,14902524524.0,0.0,0.0,2097152.0,0.0,35721984293.0,33423617.0,50499762.0,0.0,0.0,71303168.0,150994944.0
35,0,1,698,698,4194304,256,0,0,12,4,32,64,"void at::native::vectorized_elementwise_kernel<4, at::native::FillFunctor<int>, std::array<char*, 1ul> >(int, at::native::FillFunctor<int>, std::array<char*, 1ul>)",11602752565802,11602752609220,36,101,1136.0,803848.0,65536.0,0.0,0.0,0.0,0.0,639453772.0,639453772.0,0.0,0.0,0.0,0.0,99546.0,1835120.0,4198320.0,0.0,0.0,4194304.0,0.0
36,0,1,698,698,16777216,256,0,0,56,0,32,64,bias_kernel,11602752978739,11602754147513,37,197,1136.0,14754338.0,0.0,8388608.0,0.0,0.0,0.0,15297963624.0,15297963624.0,0.0,0.0,2097152.0,0.0,36743147713.0,33423603.0,50500538.0,0.0,0.0,71303168.0,150994944.0
37,0,1,698,698,4194304,256,0,0,12,4,32,64,"void at::native::vectorized_elementwise_kernel<4, at::native::FillFunctor<int>, std::array<char*, 1ul> >(int, at::native::FillFunctor<int>, std::array<char*, 1ul>)",11602754525452,11602754568630,38,101,1136.0,791817.0,65536.0,0.0,0.0,0.0,0.0,636998604.0,636998604.0,0.0,0.0,0.0,0.0,99972.0,1835120.0,4198320.0,0.0,0.0,4194304.0,0.0
38,0,1,698,698,16777216,256,0,0,56,0,32,64,bias_kernel,11602754944283,11602756101992,39,197,1136.0,14369071.0,0.0,8388608.0,0.0,0.0,0.0,14888575124.0,14888575124.0,0.0,0.0,2097152.0,0.0,35761040121.0,33423609.0,50499052.0,0.0,0.0,71303168.0,150994944.0
39,0,1,698,698,4194304,256,0,0,12,4,32,64,"void at::native::vectorized_elementwise_kernel<4, at::native::FillFunctor<int>, std::array<char*, 1ul> >(int, at::native::FillFunctor<int>, std::array<char*, 1ul>)",11602756478727,11602756521464,40,101,1136.0,777714.0,65536.0,0.0,0.0,0.0,0.0,623571772.0,623571772.0,0.0,0.0,0.0,0.0,98354.0,1835120.0,4198320.0,0.0,0.0,4194304.0,0.0
40,0,1,698,698,16777216,256,0,0,56,0,32,64,bias_kernel,11602756894511,11602758057953,41,197,1136.0,14678818.0,0.0,8388608.0,0.0,0.0,0.0,15255641404.0,15255641404.0,0.0,0.0,2097152.0,0.0,36567087650.0,33423601.0,50498896.0,0.0,0.0,71303168.0,150994944.0
41,0,1,698,698,4194304,256,0,0,12,4,32,64,"void at::native::vectorized_elementwise_kernel<4, at::native::FillFunctor<int>, std::array<char*, 1ul> >(int, at::native::FillFunctor<int>, std::array<char*, 1ul>)",11602758432363,11602758475140,42,101,1136.0,772516.0,65536.0,0.0,0.0,0.0,0.0,616244748.0,616244748.0,0.0,0.0,0.0,0.0,114432.0,1835120.0,4198320.0,0.0,0.0,4194304.0,0.0
42,0,1,698,698,16777216,256,0,0,56,0,32,64,bias_kernel,11602758851635,11602760012231,43,197,1136.0,14688971.0,0.0,8388608.0,0.0,0.0,0.0,15254485876.0,15254485876.0,0.0,0.0,2097152.0,0.0,36441286864.0,33423609.0,50497822.0,0.0,0.0,71303168.0,150994944.0
43,0,1,698,698,16777216,256,0,0,56,0,32,64,bias_kernel,11602760543637,11602761679136,44,197,1411.0,16204152.0,0.0,8388608.0,0.0,0.0,0.0,16634978388.0,16634978388.0,0.0,0.0,2097152.0,0.0,39867509455.0,33423427.0,50500020.0,0.0,0.0,71303168.0,150994944.0
44,0,1,698,698,16777216,256,0,0,56,0,32,64,bias_kernel,11602762054628,11602763185075,45,197,1184.0,16497288.0,0.0,8388608.0,0.0,0.0,0.0,16946029492.0,16946029492.0,0.0,0.0,2097152.0,0.0,41167050520.0,33423465.0,50499096.0,0.0,0.0,71303168.0,150994944.0
45,0,1,698,698,16777216,256,0,0,56,0,32,64,bias_kernel,11602763577126,11602764718157,46,197,1136.0,16732563.0,0.0,8388608.0,0.0,0.0,0.0,17085640616.0,17085640616.0,0.0,0.0,2097152.0,0.0,40958688712.0,33423515.0,50502824.0,0.0,0.0,71303168.0,150994944.0
46,0,1,698,698,16777216,256,0,0,56,0,32,64,bias_kernel,11602765110928,11602766247108,47,197,1136.0,15484848.0,0.0,8388608.0,0.0,0.0,0.0,16098577368.0,16098577368.0,0.0,0.0,2097152.0,0.0,38135762131.0,33423523.0,50504050.0,0.0,0.0,71303168.0,150994944.0
47,0,1,698,698,16777216,256,0,0,56,0,32,64,bias_kernel,11602766642045,11602767774737,48,197,1136.0,16238093.0,0.0,8388608.0,0.0,0.0,0.0,16305105760.0,16305105760.0,0.0,0.0,2097152.0,0.0,40310146075.0,33423508.0,50497369.0,0.0,0.0,71303168.0,150994944.0
48,0,1,698,698,16777216,256,0,0,56,0,32,64,bias_kernel,11602768158449,11602769291261,49,197,1136.0,15627162.0,0.0,8388608.0,0.0,0.0,0.0,15673165736.0,15673165736.0,0.0,0.0,2097152.0,0.0,38449155838.0,33423477.0,50496710.0,0.0,0.0,71303168.0,150994944.0
49,0,1,698,698,16777216,256,0,0,56,0,32,64,bias_kernel,11602769683832,11602770823701,50,197,1136.0,16676296.0,0.0,8388608.0,0.0,0.0,0.0,17151810112.0,17151810112.0,0.0,0.0,2097152.0,0.0,40755501765.0,33423510.0,50499104.0,0.0,0.0,71303168.0,150994944.0
50,0,1,698,698,16777216,256,0,0,56,0,32,64,bias_kernel,11602771204405,11602772338741,51,197,1136.0,15208972.0,0.0,8388608.0,0.0,0.0,0.0,15299603724.0,15299603724.0,0.0,0.0,2097152.0,0.0,37668884929.0,33423457.0,50497750.0,0.0,0.0,71303168.0,150994944.0
51,0,1,698,698,16777216,256,0,0,56,0,32,64,bias_kernel,11602772734479,11602773866971,52,197,1136.0,16474702.0,0.0,8388608.0,0.0,0.0,0.0,16806241852.0,16806241852.0,0.0,0.0,2097152.0,0.0,40927877289.0,33423502.0,50499638.0,0.0,0.0,71303168.0,150994944.0
52,0,1,698,698,16777216,256,0,0,56,0,32,64,bias_kernel,11602774257337,11602775387183,53,197,1221.0,15176992.0,0.0,8388608.0,0.0,0.0,0.0,15353813564.0,15353813564.0,0.0,0.0,2097152.0,0.0,37643328205.0,33423467.0,50498226.0,0.0,0.0,71303168.0,150994944.0
53,0,1,698,698,16777216,256,0,0,56,0,32,64,bias_kernel,11602775788214,11602776925957,54,197,1136.0,16569560.0,0.0,8388608.0,0.0,0.0,0.0,17281076552.0,17281076552.0,0.0,0.0,2097152.0,0.0,40787101981.0,33423507.0,50498560.0,0.0,0.0,71303168.0,150994944.0
54,0,1,698,698,16777216,256,0,0,56,0,32,64,bias_kernel,11602777301891,11602778433821,55,197,1136.0,15143597.0,0.0,8388608.0,0.0,0.0,0.0,15575473660.0,15575473660.0,0.0,0.0,2097152.0,0.0,37591818071.0,33423501.0,50498464.0,0.0,0.0,71303168.0,150994944.0
55,0,1,698,698,4194304,256,0,0,12,4,32,64,"void at::native::vectorized_elementwise_kernel<4, at::native::FillFunctor<int>, std::array<char*, 1ul> >(int, at::native::FillFunctor<int>, std::array<char*, 1ul>)",11602778821542,11602778865361,56,101,1816.0,730462.0,65536.0,0.0,0.0,0.0,0.0,571719288.0,571719288.0,0.0,0.0,0.0,0.0,93885.0,1835120.0,4198320.0,0.0,0.0,4194304.0,0.0
56,0,1,698,698,16777216,256,0,0,56,0,32,64,bias_kernel,11602779258734,11602780421094,57,197,1136.0,17162749.0,0.0,8388608.0,0.0,0.0,0.0,17682680124.0,17682680124.0,0.0,0.0,2097152.0,0.0,41797555293.0,33423477.0,50505310.0,0.0,0.0,71303168.0,150994944.0
57,0,1,698,698,4194304,256,0,0,12,4,32,64,"void at::native::vectorized_elementwise_kernel<4, at::native::FillFunctor<int>, std::array<char*, 1ul> >(int, at::native::FillFunctor<int>, std::array<char*, 1ul>)",11602780797508,11602780840566,58,101,1136.0,798845.0,65536.0,0.0,0.0,0.0,0.0,643885136.0,643885136.0,0.0,0.0,0.0,0.0,100831.0,1835103.0,4198320.0,0.0,0.0,4194304.0,0.0
58,0,1,698,698,16777216,256,0,0,56,0,32,64,bias_kernel,11602781216500,11602782377496,59,197,1136.0,15285214.0,0.0,8388608.0,0.0,0.0,0.0,15918437684.0,15918437684.0,0.0,0.0,2097152.0,0.0,37958584940.0,33423473.0,50499234.0,0.0,0.0,71303168.0,150994944.0
59,0,1,698,698,4194304,256,0,0,12,4,32,64,"void at::native::vectorized_elementwise_kernel<4, at::native::FillFunctor<int>, std::array<char*, 1ul> >(int, at::native::FillFunctor<int>, std::array<char*, 1ul>)",11602782760406,11602782803383,60,101,1136.0,835970.0,65536.0,0.0,0.0,0.0,0.0,665557028.0,665557028.0,0.0,0.0,0.0,0.0,103297.0,1835120.0,4198320.0,0.0,0.0,4194304.0,0.0
60,0,1,698,698,16777216,256,0,0,56,0,32,64,bias_kernel,11602783174947,11602784336505,61,197,1136.0,14440108.0,0.0,8388608.0,0.0,0.0,0.0,15011524476.0,15011524476.0,0.0,0.0,2097152.0,0.0,35868523124.0,33423476.0,50500392.0,0.0,0.0,71303168.0,150994944.0
61,0,1,698,698,4194304,256,0,0,12,4,32,64,"void at::native::vectorized_elementwise_kernel<4, at::native::FillFunctor<int>, std::array<char*, 1ul> >(int, at::native::FillFunctor<int>, std::array<char*, 1ul>)",11602784712478,11602784755215,62,101,1136.0,815685.0,65536.0,0.0,0.0,0.0,0.0,650659008.0,650659008.0,0.0,0.0,0.0,0.0,102109.0,1835120.0,4198320.0,0.0,0.0,4194304.0,0.0
62,0,1,698,698,16777216,256,0,0,56,0,32,64,bias_kernel,11602785134877,11602786297558,63,197,1136.0,14398968.0,0.0,8388608.0,0.0,0.0,0.0,14538233584.0,14538233584.0,0.0,0.0,2097152.0,0.0,35723866296.0,33423478.0,50497892.0,0.0,0.0,71303168.0,150994944.0
63,0,1,698,698,4194304,256,0,0,12,4,32,64,"void at::native::vectorized_elementwise_kernel<4, at::native::FillFunctor<int>, std::array<char*, 1ul> >(int, at::native::FillFunctor<int>, std::array<char*, 1ul>)",11602786679826,11602786722803,64,101,1136.0,823217.0,65536.0,0.0,0.0,0.0,0.0,653579848.0,653579848.0,0.0,0.0,0.0,0.0,101772.0,1835120.0,4198320.0,0.0,0.0,4194304.0,0.0
64,0,1,698,698,16777216,256,0,0,56,0,32,64,bias_kernel,11602787113691,11602788273404,65,197,1136.0,14666334.0,0.0,8388608.0,0.0,0.0,0.0,15254937240.0,15254937240.0,0.0,0.0,2097152.0,0.0,36714515908.0,33423491.0,50499544.0,0.0,0.0,71303168.0,150994944.0
65,0,1,698,698,4194304,256,0,0,12,4,32,64,"void at::native::vectorized_elementwise_kernel<4, at::native::FillFunctor<int>, std::array<char*, 1ul> >(int, at::native::FillFunctor<int>, std::array<char*, 1ul>)",11602788653307,11602788696806,66,101,1136.0,829443.0,65536.0,0.0,0.0,0.0,0.0,653644924.0,653644924.0,0.0,0.0,0.0,0.0,102727.0,1835120.0,4198320.0,0.0,0.0,4194304.0,0.0
66,0,1,698,698,16777216,256,0,0,56,0,32,64,bias_kernel,11602789078392,11602790242876,67,197,1136.0,14818692.0,0.0,8388608.0,0.0,0.0,0.0,15450785568.0,15450785568.0,0.0,0.0,2097152.0,0.0,36584056435.0,33423576.0,50498670.0,0.0,0.0,71303168.0,150994944.0
67,0,1,698,698,4194304,256,0,0,12,4,32,64,"void at::native::vectorized_elementwise_kernel<4, at::native::FillFunctor<int>, std::array<char*, 1ul> >(int, at::native::FillFunctor<int>, std::array<char*, 1ul>)",11602790632722,11602790675579,68,101,1136.0,798124.0,65536.0,0.0,0.0,0.0,0.0,637243364.0,637243364.0,0.0,0.0,0.0,0.0,98501.0,1835120.0,4198320.0,0.0,0.0,4194304.0,0.0
68,0,1,698,698,16777216,256,0,0,56,0,32,64,bias_kernel,11602791070877,11602792223414,69,197,1136.0,14558078.0,0.0,8388608.0,0.0,0.0,0.0,15420496440.0,15420496440.0,0.0,0.0,2097152.0,0.0,36767600692.0,33423615.0,50500246.0,0.0,0.0,71303168.0,150994944.0
69,0,1,698,698,4194304,256,0,0,12,4,32,64,"void at::native::vectorized_elementwise_kernel<4, at::native::FillFunctor<int>, std::array<char*, 1ul> >(int, at::native::FillFunctor<int>, std::array<char*, 1ul>)",11602792607887,11602792650664,70,101,1136.0,800709.0,65536.0,0.0,0.0,0.0,0.0,639008108.0,639008108.0,0.0,0.0,0.0,0.0,91068.0,1835120.0,4198304.0,0.0,0.0,4194304.0,0.0
70,0,1,698,698,16777216,256,0,0,56,0,32,64,bias_kernel,11602793040750,11602794196895,71,197,1136.0,14918933.0,0.0,8388608.0,0.0,0.0,0.0,15295248292.0,15295248292.0,0.0,0.0,2097152.0,0.0,37711566824.0,33423590.0,50499388.0,0.0,0.0,71303168.0,150994944.0
71,0,1,698,698,4194304,256,0,0,12,4,32,64,"void at::native::vectorized_elementwise_kernel<4, at::native::FillFunctor<int>, std::array<char*, 1ul> >(int, at::native::FillFunctor<int>, std::array<char*, 1ul>)",11602794596683,11602794640222,72,101,1136.0,793934.0,65536.0,0.0,0.0,0.0,0.0,630549684.0,630549684.0,0.0,0.0,0.0,0.0,106118.0,1835120.0,4198320.0,0.0,0.0,4194304.0,0.0
72,0,1,698,698,16777216,256,0,0,56,0,32,64,bias_kernel,11602795030668,11602796186092,73,197,1136.0,14722398.0,0.0,8388608.0,0.0,0.0,0.0,15232686500.0,15232686500.0,0.0,0.0,2097152.0,0.0,36899593452.0,33423621.0,50500764.0,0.0,0.0,71303168.0,150994944.0
73,0,1,698,698,4194304,256,0,0,12,4,32,64,"void at::native::vectorized_elementwise_kernel<4, at::native::FillFunctor<int>, std::array<char*, 1ul> >(int, at::native::FillFunctor<int>, std::array<char*, 1ul>)",11602796585840,11602796629098,74,101,1136.0,802176.0,65536.0,0.0,0.0,0.0,0.0,623899976.0,623899976.0,0.0,0.0,0.0,0.0,100205.0,1835120.0,4198320.0,0.0,0.0,4194304.0,0.0
74,0,1,698,698,16777216,256,0,0,56,0,32,64,bias_kernel,11602797023674,11602798187196,75,197,1136.0,15303407.0,0.0,8388608.0,0.0,0.0,0.0,15851721084.0,15851721084.0,0.0,0.0,2097152.0,0.0,38069390267.0,33423605.0,50499694.0,0.0,0.0,71303168.0,150994944.0
75,0,1,698,698,4194304,256,0,0,12,4,32,64,"void at::native::vectorized_elementwise_kernel<4, at::native::FillFunctor<int>, std::array<char*, 1ul> >(int, at::native::FillFunctor<int>, std::array<char*, 1ul>)",11602798579968,11602798622985,76,101,1136.0,784995.0,65536.0,0.0,0.0,0.0,0.0,626288740.0,626288740.0,0.0,0.0,0.0,0.0,96531.0,1835120.0,4198320.0,0.0,0.0,4194304.0,0.0
76,0,1,698,698,16777216,256,0,0,56,0,32,64,bias_kernel,11602799020047,11602800182527,77,197,1136.0,14930573.0,0.0,8388608.0,0.0,0.0,0.0,15418015772.0,15418015772.0,0.0,0.0,2097152.0,0.0,37207659535.0,33423598.0,50499876.0,0.0,0.0,71303168.0,150994944.0
77,0,1,698,698,4194304,256,0,0,12,4,32,64,"void at::native::vectorized_elementwise_kernel<4, at::native::FillFunctor<int>, std::array<char*, 1ul> >(int, at::native::FillFunctor<int>, std::array<char*, 1ul>)",11602800573735,11602800617073,78,101,1136.0,791437.0,65536.0,0.0,0.0,0.0,0.0,620079304.0,620079304.0,0.0,0.0,0.0,0.0,94949.0,1835120.0,4198320.0,0.0,0.0,4194304.0,0.0
78,0,1,698,698,16777216,256,0,0,56,0,32,64,bias_kernel,11602801005315,11602802179902,79,197,1136.0,15437463.0,0.0,8388608.0,0.0,0.0,0.0,15966237424.0,15966237424.0,0.0,0.0,2097152.0,0.0,37686841877.0,33423604.0,50498452.0,0.0,0.0,71303168.0,150994944.0
79,0,1,698,698,4194304,256,0,0,12,4,32,64,"void at::native::vectorized_elementwise_kernel<4, at::native::FillFunctor<int>, std::array<char*, 1ul> >(int, at::native::FillFunctor<int>, std::array<char*, 1ul>)",11602802571070,11602802614128,80,101,1136.0,786807.0,65536.0,0.0,0.0,0.0,0.0,624231184.0,624231184.0,0.0,0.0,0.0,0.0,94417.0,1835120.0,4198320.0,0.0,0.0,4194304.0,0.0
80,0,1,698,698,16777216,256,0,0,56,0,32,64,bias_kernel,11602803004414,11602804166253,81,197,1136.0,15011025.0,0.0,8388608.0,0.0,0.0,0.0,15555429220.0,15555429220.0,0.0,0.0,2097152.0,0.0,37220374342.0,33423609.0,50497734.0,0.0,0.0,71303168.0,150994944.0
81,0,1,698,698,4194304,256,0,0,12,4,32,64,"void at::native::vectorized_elementwise_kernel<4, at::native::FillFunctor<int>, std::array<char*, 1ul> >(int, at::native::FillFunctor<int>, std::array<char*, 1ul>)",11602804561751,11602804605129,82,101,1136.0,793588.0,65536.0,0.0,0.0,0.0,0.0,630356316.0,630356316.0,0.0,0.0,0.0,0.0,100918.0,1835120.0,4198320.0,0.0,0.0,4194304.0,0.0
82,0,1,698,698,16777216,256,0,0,56,0,32,64,bias_kernel,11602804997821,11602806154768,83,197,1136.0,15082410.0,0.0,8388608.0,0.0,0.0,0.0,15527542964.0,15527542964.0,0.0,0.0,2097152.0,0.0,37565093562.0,33423599.0,50499678.0,0.0,0.0,71303168.0,150994944.0
83,0,1,698,698,4194304,256,0,0,12,4,32,64,"void at::native::vectorized_elementwise_kernel<4, at::native::FillFunctor<int>, std::array<char*, 1ul> >(int, at::native::FillFunctor<int>, std::array<char*, 1ul>)",11602806557763,11602806601061,84,101,1136.0,762243.0,65536.0,0.0,0.0,0.0,0.0,608147180.0,608147180.0,0.0,0.0,0.0,0.0,89953.0,1835120.0,4198320.0,0.0,0.0,4194304.0,0.0
84,0,1,698,698,16777216,256,0,0,56,0,32,64,bias_kernel,11602806996038,11602808162166,85,197,1136.0,15216227.0,0.0,8388608.0,0.0,0.0,0.0,15692711972.0,15692711972.0,0.0,0.0,2097152.0,0.0,37940553304.0,33423604.0,50498608.0,0.0,0.0,71303168.0,150994944.0
85,0,1,698,698,4194304,256,0,0,12,4,32,64,"void at::native::vectorized_elementwise_kernel<4, at::native::FillFunctor<int>, std::array<char*, 1ul> >(int, at::native::FillFunctor<int>, std::array<char*, 1ul>)",11602808553535,11602808597154,86,101,1136.0,768043.0,65536.0,0.0,0.0,0.0,0.0,609087784.0,609087784.0,0.0,0.0,0.0,0.0,87144.0,1835120.0,4198304.0,0.0,0.0,4194304.0,0.0
86,0,1,698,698,16777216,256,0,0,56,0,32,64,bias_kernel,11602808993294,11602810150601,87,197,1136.0,14942452.0,0.0,8388608.0,0.0,0.0,0.0,15511664336.0,15511664336.0,0.0,0.0,2097152.0,0.0,37370969865.0,33423605.0,50498780.0,0.0,0.0,71303168.0,150994944.0
87,0,1,698,698,4194304,256,0,0,12,4,32,64,"void at::native::vectorized_elementwise_kernel<4, at::native::FillFunctor<int>, std::array<char*, 1ul> >(int, at::native::FillFunctor<int>, std::array<char*, 1ul>)",11602810537961,11602810581179,88,101,1136.0,761949.0,65536.0,0.0,0.0,0.0,0.0,621006628.0,621006628.0,0.0,0.0,0.0,0.0,98965.0,1835120.0,4198320.0,0.0,0.0,4194304.0,0.0
88,0,1,698,698,16777216,256,0,0,56,0,32,64,bias_kernel,11602810965046,11602812128047,89,197,1136.0,15273948.0,0.0,8388608.0,0.0,0.0,0.0,15928103772.0,15928103772.0,0.0,0.0,2097152.0,0.0,37853304522.0,33423615.0,50499886.0,0.0,0.0,71303168.0,150994944.0
89,0,1,698,698,4194304,256,0,0,12,4,32,64,"void at::native::vectorized_elementwise_kernel<4, at::native::FillFunctor<int>, std::array<char*, 1ul> >(int, at::native::FillFunctor<int>, std::array<char*, 1ul>)",11602812540743,11602812584202,90,101,1088.0,773045.0,65536.0,0.0,0.0,0.0,0.0,608097580.0,608097580.0,0.0,0.0,0.0,0.0,97106.0,1835120.0,4198320.0,0.0,0.0,4194304.0,0.0
90,0,1,698,698,16777216,256,0,0,56,0,32,64,bias_kernel,11602812979460,11602814149236,91,197,1136.0,15450020.0,0.0,8388608.0,0.0,0.0,0.0,16057434716.0,16057434716.0,0.0,0.0,2097152.0,0.0,38025469713.0,33423591.0,50500108.0,0.0,0.0,71303168.0,150994944.0
91,0,1,698,698,4194304,256,0,0,12,4,32,64,"void at::native::vectorized_elementwise_kernel<4, at::native::FillFunctor<int>, std::array<char*, 1ul> >(int, at::native::FillFunctor<int>, std::array<char*, 1ul>)",11602814544213,11602814587351,92,101,1136.0,760355.0,65536.0,0.0,0.0,0.0,0.0,598439048.0,598439048.0,0.0,0.0,0.0,0.0,91540.0,1835120.0,4198320.0,0.0,0.0,4194304.0,0.0
92,0,1,698,698,16777216,256,0,0,56,0,32,64,bias_kernel,11602814970622,11602816135708,93,197,1136.0,15274332.0,0.0,8388608.0,0.0,0.0,0.0,15537962928.0,15537962928.0,0.0,0.0,2097152.0,0.0,37862908748.0,33423605.0,50498468.0,0.0,0.0,71303168.0,150994944.0
93,0,1,698,698,4194304,256,0,0,12,4,32,64,"void at::native::vectorized_elementwise_kernel<4, at::native::FillFunctor<int>, std::array<char*, 1ul> >(int, at::native::FillFunctor<int>, std::array<char*, 1ul>)",11602816521464,11602816564762,94,101,1136.0,753104.0,65536.0,0.0,0.0,0.0,0.0,595534712.0,595534712.0,0.0,0.0,0.0,0.0,89760.0,1835120.0,4198320.0,0.0,0.0,4194304.0,0.0
94,0,1,698,698,16777216,256,0,0,56,0,32,64,bias_kernel,11602816953846,11602818110834,95,197,1136.0,14990166.0,0.0,8388608.0,0.0,0.0,0.0,15524852980.0,15524852980.0,0.0,0.0,2097152.0,0.0,37323978210.0,33423606.0,50499478.0,0.0,0.0,71303168.0,150994944.0
95,0,1,698,698,4194304,256,0,0,12,4,32,64,"void at::native::vectorized_elementwise_kernel<4, at::native::FillFunctor<int>, std::array<char*, 1ul> >(int, at::native::FillFunctor<int>, std::array<char*, 1ul>)",11602818494385,11602818538164,96,101,1136.0,740557.0,65536.0,0.0,0.0,0.0,0.0,586522404.0,586522404.0,0.0,0.0,0.0,0.0,87022.0,1835120.0,4198304.0,0.0,0.0,4194304.0,0.0
96,0,1,698,698,16777216,256,0,0,56,0,32,64,bias_kernel,11602818937030,11602820103840,97,197,1136.0,15353803.0,0.0,8388608.0,0.0,0.0,0.0,15558842380.0,15558842380.0,0.0,0.0,2097152.0,0.0,38088395340.0,33423598.0,50497954.0,0.0,0.0,71303168.0,150994944.0
97,0,1,698,698,4194304,256,0,0,12,4,32,64,"void at::native::vectorized_elementwise_kernel<4, at::native::FillFunctor<int>, std::array<char*, 1ul> >(int, at::native::FillFunctor<int>, std::array<char*, 1ul>)",11602820487792,11602820531491,98,101,1136.0,744981.0,65536.0,0.0,0.0,0.0,0.0,593855440.0,593855440.0,0.0,0.0,0.0,0.0,87833.0,1835120.0,4198320.0,0.0,0.0,4194304.0,0.0
98,0,1,698,698,16777216,256,0,0,56,0,32,64,bias_kernel,11602820924624,11602822082373,99,197,1136.0,15080458.0,0.0,8388608.0,0.0,0.0,0.0,15600079120.0,15600079120.0,0.0,0.0,2097152.0,0.0,37362666400.0,33423594.0,50498774.0,0.0,0.0,71303168.0,150994944.0
99,0,1,698,698,4194304,256,0,0,12,4,32,64,"void at::native::vectorized_elementwise_kernel<4, at::native::FillFunctor<int>, std::array<char*, 1ul> >(int, at::native::FillFunctor<int>, std::array<char*, 1ul>)",11602822463038,11602822506697,100,101,1136.0,774662.0,65536.0,0.0,0.0,0.0,0.0,598384276.0,598384276.0,0.0,0.0,0.0,0.0,94208.0,1835120.0,4198320.0,0.0,0.0,4194304.0,0.0
100,0,1,698,698,16777216,256,0,0,56,0,32,64,bias_kernel,11602822906325,11602824071371,101,197,1136.0,15400338.0,0.0,8388608.0,0.0,0.0,0.0,15776981952.0,15776981952.0,0.0,0.0,2097152.0,0.0,38414547077.0,33423600.0,50498004.0,0.0,0.0,71303168.0,150994944.0
101,0,1,698,698,4194304,256,0,0,12,4,32,64,"void at::native::vectorized_elementwise_kernel<4, at::native::FillFunctor<int>, std::array<char*, 1ul> >(int, at::native::FillFunctor<int>, std::array<char*, 1ul>)",11602824444939,11602824487917,102,101,1136.0,740636.0,65536.0,0.0,0.0,0.0,0.0,589460576.0,589460576.0,0.0,0.0,0.0,0.0,88832.0,1835120.0,4198320.0,0.0,0.0,4194304.0,0.0
102,0,1,698,698,16777216,256,0,0,56,0,32,64,bias_kernel,11602824877321,11602826038679,103,197,1136.0,15328353.0,0.0,8388608.0,0.0,0.0,0.0,15931456376.0,15931456376.0,0.0,0.0,2097152.0,0.0,38176787158.0,33423595.0,50498410.0,0.0,0.0,71303168.0,150994944.0
103,0,1,698,698,4194304,256,0,0,12,4,32,64,"void at::native::vectorized_elementwise_kernel<4, at::native::FillFunctor<int>, std::array<char*, 1ul> >(int, at::native::FillFunctor<int>, std::array<char*, 1ul>)",11602826410323,11602826454062,104,101,1136.0,758143.0,65536.0,0.0,0.0,0.0,0.0,598082144.0,598082144.0,0.0,0.0,0.0,0.0,89609.0,1835120.0,4198320.0,0.0,0.0,4194304.0,0.0
104,0,1,698,698,16777216,256,0,0,56,0,32,64,bias_kernel,11602826848157,11602827999692,105,197,1136.0,15222700.0,0.0,8388608.0,0.0,0.0,0.0,15891435160.0,15891435160.0,0.0,0.0,2097152.0,0.0,38254393514.0,33423616.0,50498998.0,0.0,0.0,71303168.0,150994944.0
105,0,1,698,698,4194304,256,0,0,12,4,32,64,"void at::native::vectorized_elementwise_kernel<4, at::native::FillFunctor<int>, std::array<char*, 1ul> >(int, at::native::FillFunctor<int>, std::array<char*, 1ul>)",11602828369452,11602828412791,106,101,1136.0,752406.0,65536.0,0.0,0.0,0.0,0.0,603522836.0,603522836.0,0.0,0.0,0.0,0.0,89161.0,1835120.0,4198320.0,0.0,0.0,4194304.0,0.0
106,0,1,698,698,16777216,256,0,0,56,0,32,64,bias_kernel,11602828798186,11602829953369,107,197,1136.0,15271485.0,0.0,8388608.0,0.0,0.0,0.0,15888246684.0,15888246684.0,0.0,0.0,2097152.0,0.0,37887975045.0,33423608.0,50498706.0,0.0,0.0,71303168.0,150994944.0
107,0,1,698,698,4194304,256,0,0,12,4,32,64,"void at::native::vectorized_elementwise_kernel<4, at::native::FillFunctor<int>, std::array<char*, 1ul> >(int, at::native::FillFunctor<int>, std::array<char*, 1ul>)",11602830325615,11602830368873,108,101,1136.0,761191.0,65536.0,0.0,0.0,0.0,0.0,595193712.0,595193712.0,0.0,0.0,0.0,0.0,97190.0,1835120.0,4198320.0,0.0,0.0,4194304.0,0.0
108,0,1,698,698,16777216,256,0,0,56,0,32,64,bias_kernel,11602830756233,11602831913902,109,197,1136.0,15632727.0,0.0,8388608.0,0.0,0.0,0.0,15937424012.0,15937424012.0,0.0,0.0,2097152.0,0.0,38756878090.0,33423607.0,50498434.0,0.0,0.0,71303168.0,150994944.0
109,0,1,698,698,4194304,256,0,0,12,4,32,64,"void at::native::vectorized_elementwise_kernel<4, at::native::FillFunctor<int>, std::array<char*, 1ul> >(int, at::native::FillFunctor<int>, std::array<char*, 1ul>)",11602832284624,11602832327521,110,101,1136.0,823609.0,65536.0,0.0,0.0,0.0,0.0,662903616.0,662903616.0,0.0,0.0,0.0,0.0,121948.0,1835120.0,4198320.0,0.0,0.0,4194304.0,0.0
110,0,1,698,698,16777216,256,0,0,56,0,32,64,bias_kernel,11602832707504,11602833864773,111,197,1136.0,15868529.0,0.0,8388608.0,0.0,0.0,0.0,16358425772.0,16358425772.0,0.0,0.0,2097152.0,0.0,39452699373.0,33423614.0,50504712.0,0.0,0.0,71303168.0,150994944.0
111,0,1,698,698,4194304,256,0,0,12,4,32,64,"void at::native::vectorized_elementwise_kernel<4, at::native::FillFunctor<int>, std::array<char*, 1ul> >(int, at::native::FillFunctor<int>, std::array<char*, 1ul>)",11602834232207,11602834274864,112,101,1136.0,815113.0,65536.0,0.0,0.0,0.0,0.0,674539532.0,674539532.0,0.0,0.0,0.0,0.0,92885.0,1835120.0,4198304.0,0.0,0.0,4194304.0,0.0
112,0,1,698,698,16777216,256,0,0,56,0,32,64,bias_kernel,11602834656531,11602835810151,113,197,1136.0,15845929.0,0.0,8388608.0,0.0,0.0,0.0,16318541820.0,16318541820.0,0.0,0.0,2097152.0,0.0,39706632264.0,33423605.0,50497424.0,0.0,0.0,71303168.0,150994944.0
113,0,1,698,698,4194304,256,0,0,12,4,32,64,"void at::native::vectorized_elementwise_kernel<4, at::native::FillFunctor<int>, std::array<char*, 1ul> >(int, at::native::FillFunctor<int>, std::array<char*, 1ul>)",11602836176703,11602836219200,114,101,1136.0,843009.0,65536.0,0.0,0.0,0.0,0.0,664690952.0,664690952.0,0.0,0.0,0.0,0.0,96545.0,1835120.0,4198320.0,0.0,0.0,4194304.0,0.0
114,0,1,698,698,16777216,256,0,0,56,0,32,64,bias_kernel,11602836598862,11602837756732,115,197,1136.0,16356133.0,0.0,8388608.0,0.0,0.0,0.0,16632506432.0,16632506432.0,0.0,0.0,2097152.0,0.0,40443461673.0,33423595.0,50497916.0,0.0,0.0,71303168.0,150994944.0
115,0,1,698,698,4194304,256,0,0,12,4,32,64,"void at::native::vectorized_elementwise_kernel<4, at::native::FillFunctor<int>, std::array<char*, 1ul> >(int, at::native::FillFunctor<int>, std::array<char*, 1ul>)",11602838125810,11602838169068,116,101,1136.0,847743.0,65536.0,0.0,0.0,0.0,0.0,672760740.0,672760740.0,0.0,0.0,0.0,0.0,100015.0,1835120.0,4198320.0,0.0,0.0,4194304.0,0.0
116,0,1,698,698,16777216,256,0,0,56,0,32,64,bias_kernel,11602838539389,11602839697499,117,197,1136.0,16305654.0,0.0,8388608.0,0.0,0.0,0.0,16793353784.0,16793353784.0,0.0,0.0,2097152.0,0.0,40460431525.0,33423611.0,50499942.0,0.0,0.0,71303168.0,150994944.0
117,0,1,698,698,4194304,256,0,0,12,4,32,64,"void at::native::vectorized_elementwise_kernel<4, at::native::FillFunctor<int>, std::array<char*, 1ul> >(int, at::native::FillFunctor<int>, std::array<char*, 1ul>)",11602840058760,11602840101697,118,101,1136.0,831743.0,65536.0,0.0,0.0,0.0,0.0,658230544.0,658230544.0,0.0,0.0,0.0,0.0,107538.0,1835120.0,4198320.0,0.0,0.0,4194304.0,0.0
118,0,1,698,698,16777216,256,0,0,56,0,32,64,bias_kernel,11602840464000,11602841627843,119,197,1136.0,16270653.0,0.0,8388608.0,0.0,0.0,0.0,16755866008.0,16755866008.0,0.0,0.0,2097152.0,0.0,40171847438.0,33423603.0,50498742.0,0.0,0.0,71303168.0,150994944.0
119,0,1,698,698,4194304,256,0,0,12,4,32,64,"void at::native::vectorized_elementwise_kernel<4, at::native::FillFunctor<int>, std::array<char*, 1ul> >(int, at::native::FillFunctor<int>, std::array<char*, 1ul>)",11602841990627,11602842033404,120,101,1136.0,835665.0,65536.0,0.0,0.0,0.0,0.0,671767764.0,671767764.0,0.0,0.0,0.0,0.0,96671.0,1835120.0,4198320.0,0.0,0.0,4194304.0,0.0
120,0,1,698,698,16777216,256,0,0,56,0,32,64,bias_kernel,11602842393462,11602843548245,121,197,1136.0,14965926.0,0.0,8388608.0,0.0,0.0,0.0,15725992892.0,15725992892.0,0.0,0.0,2097152.0,0.0,37502568235.0,33423602.0,50499004.0,0.0,0.0,71303168.0,150994944.0
121,0,1,698,698,4194304,256,0,0,12,4,32,64,"void at::native::vectorized_elementwise_kernel<4, at::native::FillFunctor<int>, std::array<char*, 1ul> >(int, at::native::FillFunctor<int>, std::array<char*, 1ul>)",11602843912272,11602843954608,122,101,1136.0,803913.0,65536.0,0.0,0.0,0.0,0.0,668079064.0,668079064.0,0.0,0.0,0.0,0.0,103725.0,1835120.0,4198320.0,0.0,0.0,4194304.0,0.0
122,0,1,698,698,16777216,256,0,0,56,0,32,64,bias_kernel,11602844314746,11602845477867,123,197,1136.0,14872502.0,0.0,8388608.0,0.0,0.0,0.0,15319547752.0,15319547752.0,0.0,0.0,2097152.0,0.0,36979482219.0,33423613.0,50500252.0,0.0,0.0,71303168.0,150994944.0
123,0,1,698,698,4194304,256,0,0,12,4,32,64,"void at::native::vectorized_elementwise_kernel<4, at::native::FillFunctor<int>, std::array<char*, 1ul> >(int, at::native::FillFunctor<int>, std::array<char*, 1ul>)",11602845848790,11602845891767,124,101,1136.0,832833.0,65536.0,0.0,0.0,0.0,0.0,661958124.0,661958124.0,0.0,0.0,0.0,0.0,96051.0,1835120.0,4198320.0,0.0,0.0,4194304.0,0.0
124,0,1,698,698,16777216,256,0,0,56,0,32,64,bias_kernel,11602846250502,11602847416229,125,197,1136.0,14960108.0,0.0,8388608.0,0.0,0.0,0.0,15685901808.0,15685901808.0,0.0,0.0,2097152.0,0.0,37002591888.0,33423612.0,50501092.0,0.0,0.0,71303168.0,150994944.0
125,0,1,698,698,4194304,256,0,0,12,4,32,64,"void at::native::vectorized_elementwise_kernel<4, at::native::FillFunctor<int>, std::array<char*, 1ul> >(int, at::native::FillFunctor<int>, std::array<char*, 1ul>)",11602847785107,11602847828365,126,101,1136.0,804185.0,65536.0,0.0,0.0,0.0,0.0,653540968.0,653540968.0,0.0,0.0,0.0,0.0,98471.0,1835120.0,4198304.0,0.0,0.0,4194304.0,0.0
126,0,1,698,698,16777216,256,0,0,56,0,32,64,bias_kernel,11602848199609,11602849358841,127,197,1136.0,14860121.0,0.0,8388608.0,0.0,0.0,0.0,15520176736.0,15520176736.0,0.0,0.0,2097152.0,0.0,37091689890.0,33423619.0,50498266.0,0.0,0.0,71303168.0,150994944.0
127,0,1,698,698,4194304,256,0,0,12,4,32,64,"void at::native::vectorized_elementwise_kernel<4, at::native::FillFunctor<int>, std::array<char*, 1ul> >(int, at::native::FillFunctor<int>, std::array<char*, 1ul>)",11602849732330,11602849775468,128,101,1136.0,791458.0,65536.0,0.0,0.0,0.0,0.0,638195844.0,638195844.0,0.0,0.0,0.0,0.0,101810.0,1835120.0,4198320.0,0.0,0.0,4194304.0,0.0
128,0,1,698,698,16777216,256,0,0,56,0,32,64,bias_kernel,11602850149156,11602851306825,129,197,1136.0,14885116.0,0.0,8388608.0,0.0,0.0,0.0,15539162416.0,15539162416.0,0.0,0.0,2097152.0,0.0,37034793436.0,33423610.0,50498522.0,0.0,0.0,71303168.0,150994944.0
129,0,1,698,698,4194304,256,0,0,12,4,32,64,"void at::native::vectorized_elementwise_kernel<4, at::native::FillFunctor<int>, std::array<char*, 1ul> >(int, at::native::FillFunctor<int>, std::array<char*, 1ul>)",11602851680875,11602851724414,130,101,1136.0,790010.0,65536.0,0.0,0.0,0.0,0.0,625656024.0,625656024.0,0.0,0.0,0.0,0.0,95502.0,1835120.0,4198320.0,0.0,0.0,4194304.0,0.0
130,0,1,698,698,16777216,256,0,0,56,0,32,64,bias_kernel,11602852096699,11602853259941,131,197,1136.0,15221177.0,0.0,8388608.0,0.0,0.0,0.0,15745049812.0,15745049812.0,0.0,0.0,2097152.0,0.0,37743131860.0,33423598.0,50498226.0,0.0,0.0,71303168.0,150994944.0
131,0,1,698,698,4194304,256,0,0,12,4,32,64,"void at::native::vectorized_elementwise_kernel<4, at::native::FillFunctor<int>, std::array<char*, 1ul> >(int, at::native::FillFunctor<int>, std::array<char*, 1ul>)",11602853639203,11602853683142,132,101,1136.0,779010.0,65536.0,0.0,0.0,0.0,0.0,609610160.0,609610160.0,0.0,0.0,0.0,0.0,96272.0,1835120.0,4198320.0,0.0,0.0,4194304.0,0.0
132,0,1,698,698,16777216,256,0,0,56,0,32,64,bias_kernel,11602854059357,11602855222719,133,197,1136.0,15220331.0,0.0,8388608.0,0.0,0.0,0.0,15772249160.0,15772249160.0,0.0,0.0,2097152.0,0.0,37556873779.0,33423600.0,50499222.0,0.0,0.0,71303168.0,150994944.0
133,0,1,698,698,4194304,256,0,0,12,4,32,64,"void at::native::vectorized_elementwise_kernel<4, at::native::FillFunctor<int>, std::array<char*, 1ul> >(int, at::native::FillFunctor<int>, std::array<char*, 1ul>)",11602855589913,11602855633371,134,101,1136.0,762319.0,65536.0,0.0,0.0,0.0,0.0,606037132.0,606037132.0,0.0,0.0,0.0,0.0,104569.0,1835120.0,4198320.0,0.0,0.0,4194304.0,0.0
134,0,1,698,698,16777216,256,0,0,56,0,32,64,bias_kernel,11602856017323,11602857181327,135,197,1136.0,15309490.0,0.0,8388608.0,0.0,0.0,0.0,15908047036.0,15908047036.0,0.0,0.0,2097152.0,0.0,37667776741.0,33423601.0,50498610.0,0.0,0.0,71303168.0,150994944.0
135,0,1,698,698,4194304,256,0,0,12,4,32,64,"void at::native::vectorized_elementwise_kernel<4, at::native::FillFunctor<int>, std::array<char*, 1ul> >(int, at::native::FillFunctor<int>, std::array<char*, 1ul>)",11602857551367,11602857595107,136,101,1136.0,782091.0,65536.0,0.0,0.0,0.0,0.0,612110400.0,612110400.0,0.0,0.0,0.0,0.0,93518.0,1835120.0,4198320.0,0.0,0.0,4194304.0,0.0
136,0,1,698,698,16777216,256,0,0,56,0,32,64,bias_kernel,11602857970640,11602859124500,137,197,1136.0,15214206.0,0.0,8388608.0,0.0,0.0,0.0,15944994936.0,15944994936.0,0.0,0.0,2097152.0,0.0,37684881931.0,33423589.0,50499280.0,0.0,0.0,71303168.0,150994944.0
137,0,1,698,698,4194304,256,0,0,12,4,32,64,"void at::native::vectorized_elementwise_kernel<4, at::native::FillFunctor<int>, std::array<char*, 1ul> >(int, at::native::FillFunctor<int>, std::array<char*, 1ul>)",11602859488166,11602859531785,138,101,1136.0,756818.0,65536.0,0.0,0.0,0.0,0.0,598124528.0,598124528.0,0.0,0.0,0.0,0.0,83730.0,1835120.0,4198304.0,0.0,0.0,4194304.0,0.0
138,0,1,698,698,16777216,256,0,0,56,0,32,64,bias_kernel,11602859912410,11602861070440,139,197,1136.0,15387809.0,0.0,8388608.0,0.0,0.0,0.0,15753136616.0,15753136616.0,0.0,0.0,2097152.0,0.0,37989036025.0,33423611.0,50498276.0,0.0,0.0,71303168.0,150994944.0
139,0,1,698,698,4194304,256,0,0,12,4,32,64,"void at::native::vectorized_elementwise_kernel<4, at::native::FillFunctor<int>, std::array<char*, 1ul> >(int, at::native::FillFunctor<int>, std::array<char*, 1ul>)",11602861437433,11602861481052,140,101,1136.0,737906.0,65536.0,0.0,0.0,0.0,0.0,597656632.0,597656632.0,0.0,0.0,0.0,0.0,81669.0,1835120.0,4198304.0,0.0,0.0,4194304.0,0.0
140,0,1,698,698,16777216,256,0,0,56,0,32,64,bias_kernel,11602861859031,11602863023275,141,197,1136.0,15640501.0,0.0,8388608.0,0.0,0.0,0.0,16319217768.0,16319217768.0,0.0,0.0,2097152.0,0.0,38339822402.0,33423612.0,50500622.0,0.0,0.0,71303168.0,150994944.0
141,0,1,698,698,4194304,256,0,0,12,4,32,64,"void at::native::vectorized_elementwise_kernel<4, at::native::FillFunctor<int>, std::array<char*, 1ul> >(int, at::native::FillFunctor<int>, std::array<char*, 1ul>)",11602863391030,11602863434248,142,101,1136.0,775651.0,65536.0,0.0,0.0,0.0,0.0,612075944.0,612075944.0,0.0,0.0,0.0,0.0,101478.0,1835120.0,4198320.0,0.0,0.0,4194304.0,0.0
142,0,1,698,698,16777216,256,0,0,56,0,32,64,bias_kernel,11602863817198,11602864976872,143,197,1136.0,15747584.0,0.0,8388608.0,0.0,0.0,0.0,16253735740.0,16253735740.0,0.0,0.0,2097152.0,0.0,39022613083.0,33423599.0,50505002.0,0.0,0.0,71303168.0,150994944.0
143,0,1,698,698,4194304,256,0,0,12,4,32,64,"void at::native::vectorized_elementwise_kernel<4, at::native::FillFunctor<int>, std::array<char*, 1ul> >(int, at::native::FillFunctor<int>, std::array<char*, 1ul>)",11602865334404,11602865377381,144,101,1136.0,822476.0,65536.0,0.0,0.0,0.0,0.0,673182700.0,673182700.0,0.0,0.0,0.0,0.0,109118.0,1835120.0,4198320.0,0.0,0.0,4194304.0,0.0
144,0,1,698,698,16777216,256,0,0,56,0,32,64,bias_kernel,11602865758407,11602866926379,145,197,1136.0,16132697.0,0.0,8388608.0,0.0,0.0,0.0,16599689192.0,16599689192.0,0.0,0.0,2097152.0,0.0,39280968985.0,33423605.0,50498676.0,0.0,0.0,71303168.0,150994944.0
145,0,1,698,698,4194304,256,0,0,12,4,32,64,"void at::native::vectorized_elementwise_kernel<4, at::native::FillFunctor<int>, std::array<char*, 1ul> >(int, at::native::FillFunctor<int>, std::array<char*, 1ul>)",11602867288041,11602867330697,146,101,1136.0,836192.0,65536.0,0.0,0.0,0.0,0.0,671114936.0,671114936.0,0.0,0.0,0.0,0.0,96385.0,1835120.0,4198304.0,0.0,0.0,4194304.0,0.0
146,0,1,698,698,16777216,256,0,0,56,0,32,64,bias_kernel,11602867710239,11602868872359,147,197,1136.0,16242965.0,0.0,8388608.0,0.0,0.0,0.0,16923351344.0,16923351344.0,0.0,0.0,2097152.0,0.0,39918883891.0,33423607.0,50499854.0,0.0,0.0,71303168.0,150994944.0
147,0,1,698,698,4194304,256,0,0,12,4,32,64,"void at::native::vectorized_elementwise_kernel<4, at::native::FillFunctor<int>, std::array<char*, 1ul> >(int, at::native::FillFunctor<int>, std::array<char*, 1ul>)",11602869239633,11602869282370,148,101,1136.0,845286.0,65536.0,0.0,0.0,0.0,0.0,670304124.0,670304124.0,0.0,0.0,0.0,0.0,101674.0,1835120.0,4198320.0,0.0,0.0,4194304.0,0.0
148,0,1,698,698,16777216,256,0,0,56,0,32,64,bias_kernel,11602869649684,11602870808315,149,197,1136.0,16177314.0,0.0,8388608.0,0.0,0.0,0.0,16871698648.0,16871698648.0,0.0,0.0,2097152.0,0.0,40099787340.0,33423610.0,50498010.0,0.0,0.0,71303168.0,150994944.0
149,0,1,698,698,4194304,256,0,0,12,4,32,64,"void at::native::vectorized_elementwise_kernel<4, at::native::FillFunctor<int>, std::array<char*, 1ul> >(int, at::native::FillFunctor<int>, std::array<char*, 1ul>)",11602871170097,11602871212834,150,101,1136.0,834725.0,65536.0,0.0,0.0,0.0,0.0,667459812.0,667459812.0,0.0,0.0,0.0,0.0,106250.0,1835120.0,4198320.0,0.0,0.0,4194304.0,0.0
150,0,1,698,698,16777216,256,0,0,56,0,32,64,bias_kernel,11602871573293,11602872726191,151,197,1136.0,15915984.0,0.0,8388608.0,0.0,0.0,0.0,16440586560.0,16440586560.0,0.0,0.0,2097152.0,0.0,39539364063.0,33423615.0,50498848.0,0.0,0.0,71303168.0,150994944.0
151,0,1,698,698,4194304,256,0,0,12,4,32,64,"void at::native::vectorized_elementwise_kernel<4, at::native::FillFunctor<int>, std::array<char*, 1ul> >(int, at::native::FillFunctor<int>, std::array<char*, 1ul>)",11602873081318,11602873124055,152,101,1136.0,833976.0,65536.0,0.0,0.0,0.0,0.0,667429100.0,667429100.0,0.0,0.0,0.0,0.0,102584.0,1835120.0,4198320.0,0.0,0.0,4194304.0,0.0
152,0,1,698,698,16777216,256,0,0,56,0,32,64,bias_kernel,11602873477738,11602874640058,153,197,1136.0,16365909.0,0.0,8388608.0,0.0,0.0,0.0,16648102616.0,16648102616.0,0.0,0.0,2097152.0,0.0,40252263237.0,33423591.0,50498228.0,0.0,0.0,71303168.0,150994944.0
153,0,1,698,698,4194304,256,0,0,12,4,32,64,"void at::native::vectorized_elementwise_kernel<4, at::native::FillFunctor<int>, std::array<char*, 1ul> >(int, at::native::FillFunctor<int>, std::array<char*, 1ul>)",11602875009944,11602875052842,154,101,1136.0,807821.0,65536.0,0.0,0.0,0.0,0.0,645471492.0,645471492.0,0.0,0.0,0.0,0.0,90437.0,1835120.0,4198304.0,0.0,0.0,4194304.0,0.0
154,0,1,698,698,16777216,256,0,0,56,0,32,64,bias_kernel,11602875439599,11602876598712,155,197,1088.0,16206233.0,0.0,8388608.0,0.0,0.0,0.0,16786040960.0,16786040960.0,0.0,0.0,2097152.0,0.0,40279288889.0,33423594.0,50499270.0,0.0,0.0,71303168.0,150994944.0
155,0,1,698,698,33554432,512,0,0,28,4,32,64,bias_kernel,11602878683968,11602879833619,156,198,8428.0,14499738.0,0.0,8388608.0,0.0,0.0,0.0,11109791828.0,11109791828.0,0.0,0.0,2097152.0,0.0,35844857706.0,33423505.0,50591392.0,0.0,0.0,75497472.0,167772160.0
156,0,1,698,698,4194304,256,0,0,12,4,32,64,"void at::native::vectorized_elementwise_kernel<4, at::native::FillFunctor<int>, std::array<char*, 1ul> >(int, at::native::FillFunctor<int>, std::array<char*, 1ul>)",11602880263194,11602880306372,157,101,1136.0,841087.0,65536.0,0.0,0.0,0.0,0.0,673025932.0,673025932.0,0.0,0.0,0.0,0.0,96649.0,1835120.0,4198304.0,0.0,0.0,4194304.0,0.0
157,0,1,698,698,33554432,512,0,0,28,4,32,64,bias_kernel,11602880675491,11602881836728,158,198,1136.0,15657763.0,0.0,8388608.0,0.0,0.0,0.0,12138206072.0,12138206072.0,0.0,0.0,2097152.0,0.0,38935960972.0,33423508.0,50591980.0,0.0,0.0,75497472.0,167772160.0
158,0,1,698,698,4194304,256,0,0,12,4,32,64,"void at::native::vectorized_elementwise_kernel<4, at::native::FillFunctor<int>, std::array<char*, 1ul> >(int, at::native::FillFunctor<int>, std::array<char*, 1ul>)",11602882202398,11602882245336,159,101,1136.0,833069.0,65536.0,0.0,0.0,0.0,0.0,676597660.0,676597660.0,0.0,0.0,0.0,0.0,107951.0,1835120.0,4198304.0,0.0,0.0,4194304.0,0.0
159,0,1,698,698,33554432,512,0,0,28,4,32,64,bias_kernel,11602882605233,11602883770480,160,198,1136.0,16708512.0,0.0,8388608.0,0.0,0.0,0.0,12482808828.0,12482808828.0,0.0,0.0,2097152.0,0.0,41271643538.0,33423510.0,50593186.0,0.0,0.0,75497472.0,167772160.0
160,0,1,698,698,4194304,256,0,0,12,4,32,64,"void at::native::vectorized_elementwise_kernel<4, at::native::FillFunctor<int>, std::array<char*, 1ul> >(int, at::native::FillFunctor<int>, std::array<char*, 1ul>)",11602884127651,11602884171109,161,101,1136.0,818402.0,65536.0,0.0,0.0,0.0,0.0,661343336.0,661343336.0,0.0,0.0,0.0,0.0,94658.0,1835120.0,4198304.0,0.0,0.0,4194304.0,0.0
161,0,1,698,698,33554432,512,0,0,28,4,32,64,bias_kernel,11602884529884,11602885706637,162,198,1136.0,16188844.0,0.0,8388608.0,0.0,0.0,0.0,12302020584.0,12302020584.0,0.0,0.0,2097152.0,0.0,39654373649.0,33423512.0,50592412.0,0.0,0.0,75497472.0,167772160.0
162,0,1,698,698,4194304,256,0,0,12,4,32,64,"void at::native::vectorized_elementwise_kernel<4, at::native::FillFunctor<int>, std::array<char*, 1ul> >(int, at::native::FillFunctor<int>, std::array<char*, 1ul>)",11602886047892,11602886090629,163,101,1136.0,826406.0,65536.0,0.0,0.0,0.0,0.0,667193532.0,667193532.0,0.0,0.0,0.0,0.0,106750.0,1835120.0,4198304.0,0.0,0.0,4194304.0,0.0
163,0,1,698,698,33554432,512,0,0,28,4,32,64,bias_kernel,11602886452571,11602887617897,164,198,1136.0,15524488.0,0.0,8388608.0,0.0,0.0,0.0,11844628408.0,11844628408.0,0.0,0.0,2097152.0,0.0,38448452449.0,33423508.0,50591384.0,0.0,0.0,75497472.0,167772160.0
164,0,1,698,698,4194304,256,0,0,12,4,32,64,"void at::native::vectorized_elementwise_kernel<4, at::native::FillFunctor<int>, std::array<char*, 1ul> >(int, at::native::FillFunctor<int>, std::array<char*, 1ul>)",11602887981684,11602888024421,165,101,1136.0,798219.0,65536.0,0.0,0.0,0.0,0.0,650507252.0,650507252.0,0.0,0.0,0.0,0.0,96656.0,1835120.0,4198304.0,0.0,0.0,4194304.0,0.0
165,0,1,698,698,33554432,512,0,0,28,4,32,64,bias_kernel,11602888388889,11602889552010,166,198,1136.0,14400207.0,0.0,8388608.0,0.0,0.0,0.0,11101739504.0,11101739504.0,0.0,0.0,2097152.0,0.0,36398747927.0,33423504.0,50590698.0,0.0,0.0,75497472.0,167772160.0
166,0,1,698,698,33554432,512,0,0,28,4,32,64,bias_kernel,11602890067340,11602891209134,167,198,1136.0,14215747.0,0.0,8388608.0,0.0,0.0,0.0,10645118912.0,10645118912.0,0.0,0.0,2097152.0,0.0,35393585167.0,33423479.0,50590478.0,0.0,0.0,75497472.0,167772160.0
167,0,1,698,698,33554432,512,0,0,28,4,32,64,bias_kernel,11602891571396,11602892706374,168,198,1136.0,16583276.0,0.0,8388608.0,0.0,0.0,0.0,12381544588.0,12381544588.0,0.0,0.0,2097152.0,0.0,40884329779.0,33423506.0,50593872.0,0.0,0.0,75497472.0,167772160.0
168,0,1,698,698,33554432,512,0,0,28,4,32,64,bias_kernel,11602893090647,11602894217245,169,198,1136.0,16725129.0,0.0,8388608.0,0.0,0.0,0.0,12236780352.0,12236780352.0,0.0,0.0,2097152.0,0.0,41965210491.0,33423508.0,50593810.0,0.0,0.0,75497472.0,167772160.0
169,0,1,698,698,33554432,512,0,0,28,4,32,64,bias_kernel,11602894609416,11602895746478,170,198,1136.0,15255959.0,0.0,8388608.0,0.0,0.0,0.0,11168607820.0,11168607820.0,0.0,0.0,2097152.0,0.0,37430774511.0,33423506.0,50592612.0,0.0,0.0,75497472.0,167772160.0
170,0,1,698,698,33554432,512,0,0,28,4,32,64,bias_kernel,11602896151598,11602897281324,171,198,1136.0,16256591.0,0.0,8388608.0,0.0,0.0,0.0,11943531448.0,11943531448.0,0.0,0.0,2097152.0,0.0,40230925229.0,33423518.0,50593712.0,0.0,0.0,75497472.0,167772160.0
171,0,1,698,698,33554432,512,0,0,28,4,32,64,bias_kernel,11602897674778,11602898811600,172,198,1324.0,15444945.0,0.0,8388608.0,0.0,0.0,0.0,11421711300.0,11421711300.0,0.0,0.0,2097152.0,0.0,38319091262.0,33423363.0,50593218.0,0.0,0.0,75497472.0,167772160.0
172,0,1,698,698,33554432,512,0,0,28,4,32,64,bias_kernel,11602899216118,11602900343840,173,198,1182.0,16539572.0,0.0,8388608.0,0.0,0.0,0.0,12281667220.0,12281667220.0,0.0,0.0,2097152.0,0.0,41080186791.0,33423415.0,50593959.0,0.0,0.0,75497472.0,167772160.0
173,0,1,698,698,33554432,512,0,0,28,4,32,64,bias_kernel,11602900743227,11602901884980,174,198,1136.0,15958669.0,0.0,8388608.0,0.0,0.0,0.0,11440095908.0,11440095908.0,0.0,0.0,2097152.0,0.0,38978577581.0,33423368.0,50593268.0,0.0,0.0,75497472.0,167772160.0
174,0,1,698,698,33554432,512,0,0,28,4,32,64,bias_kernel,11602902281801,11602903416458,175,198,1136.0,16359897.0,0.0,8388608.0,0.0,0.0,0.0,12479050900.0,12479050900.0,0.0,0.0,2097152.0,0.0,40009181609.0,33423408.0,50593734.0,0.0,0.0,75497472.0,167772160.0
175,0,1,698,698,33554432,512,0,0,28,4,32,64,bias_kernel,11602903832242,11602904972472,176,198,1136.0,16181825.0,0.0,8388608.0,0.0,0.0,0.0,11575110544.0,11575110544.0,0.0,0.0,2097152.0,0.0,39425706915.0,33423508.0,50593124.0,0.0,0.0,75497472.0,167772160.0
176,0,1,698,698,33554432,512,0,0,28,4,32,64,bias_kernel,11602905372179,11602906502266,177,198,1136.0,16044949.0,0.0,8388608.0,0.0,0.0,0.0,12053953804.0,12053953804.0,0.0,0.0,2097152.0,0.0,39677351278.0,33423508.0,50593838.0,0.0,0.0,75497472.0,167772160.0
177,0,1,698,698,33554432,512,0,0,28,4,32,64,bias_kernel,11602906915444,11602908043927,178,198,1136.0,16412134.0,0.0,8388608.0,0.0,0.0,0.0,12579908532.0,12579908532.0,0.0,0.0,2097152.0,0.0,40459975814.0,33423506.0,50594036.0,0.0,0.0,75497472.0,167772160.0
178,0,1,698,698,4194304,256,0,0,12,4,32,64,"void at::native::vectorized_elementwise_kernel<4, at::native::FillFunctor<int>, std::array<char*, 1ul> >(int, at::native::FillFunctor<int>, std::array<char*, 1ul>)",11602908445399,11602908488537,179,101,1816.0,761158.0,65536.0,0.0,0.0,0.0,0.0,612650784.0,612650784.0,0.0,0.0,0.0,0.0,88142.0,1835120.0,4198304.0,0.0,0.0,4194304.0,0.0
179,0,1,698,698,33554432,512,0,0,28,4,32,64,bias_kernel,11602908897746,11602910056097,180,198,1136.0,14970339.0,0.0,8388608.0,0.0,0.0,0.0,11771214736.0,11771214736.0,0.0,0.0,2097152.0,0.0,37091556045.0,33423518.0,50592334.0,0.0,0.0,75497472.0,167772160.0
180,0,1,698,698,4194304,256,0,0,12,4,32,64,"void at::native::vectorized_elementwise_kernel<4, at::native::FillFunctor<int>, std::array<char*, 1ul> >(int, at::native::FillFunctor<int>, std::array<char*, 1ul>)",11602910437082,11602910480421,181,101,1136.0,832532.0,65536.0,0.0,0.0,0.0,0.0,679171572.0,679171572.0,0.0,0.0,0.0,0.0,104903.0,1835120.0,4198304.0,0.0,0.0,4194304.0,0.0
181,0,1,698,698,33554432,512,0,0,28,4,32,64,bias_kernel,11602910878365,11602912037838,182,198,1136.0,15669583.0,0.0,8388608.0,0.0,0.0,0.0,12160071080.0,12160071080.0,0.0,0.0,2097152.0,0.0,39546364043.0,33423509.0,50592350.0,0.0,0.0,75497472.0,167772160.0
182,0,1,698,698,4194304,256,0,0,12,4,32,64,"void at::native::vectorized_elementwise_kernel<4, at::native::FillFunctor<int>, std::array<char*, 1ul> >(int, at::native::FillFunctor<int>, std::array<char*, 1ul>)",11602912422151,11602912464848,183,101,1136.0,832929.0,65536.0,0.0,0.0,0.0,0.0,671659748.0,671659748.0,0.0,0.0,0.0,0.0,99649.0,1835120.0,4198304.0,0.0,0.0,4194304.0,0.0
183,0,1,698,698,33554432,512,0,0,28,4,32,64,bias_kernel,11602912872373,11602914030443,184,198,1136.0,15705219.0,0.0,8388608.0,0.0,0.0,0.0,11725344068.0,11725344068.0,0.0,0.0,2097152.0,0.0,39656358900.0,33423513.0,50591724.0,0.0,0.0,75497472.0,167772160.0
184,0,1,698,698,4194304,256,0,0,12,4,32,64,"void at::native::vectorized_elementwise_kernel<4, at::native::FillFunctor<int>, std::array<char*, 1ul> >(int, at::native::FillFunctor<int>, std::array<char*, 1ul>)",11602914407219,11602914450277,185,101,1136.0,831740.0,65536.0,0.0,0.0,0.0,0.0,673745152.0,673745152.0,0.0,0.0,0.0,0.0,99154.0,1835120.0,4198304.0,0.0,0.0,4194304.0,0.0
185,0,1,698,698,33554432,512,0,0,28,4,32,64,bias_kernel,11602914866262,11602916021485,186,198,1136.0,15680876.0,0.0,8388608.0,0.0,0.0,0.0,11789818240.0,11789818240.0,0.0,0.0,2097152.0,0.0,39123432930.0,33423510.0,50591906.0,0.0,0.0,75497472.0,167772160.0
186,0,1,698,698,4194304,256,0,0,12,4,32,64,"void at::native::vectorized_elementwise_kernel<4, at::native::FillFunctor<int>, std::array<char*, 1ul> >(int, at::native::FillFunctor<int>, std::array<char*, 1ul>)",11602916399584,11602916442361,187,101,1136.0,830834.0,65536.0,0.0,0.0,0.0,0.0,675017084.0,675017084.0,0.0,0.0,0.0,0.0,121027.0,1835120.0,4198304.0,0.0,0.0,4194304.0,0.0
187,0,1,698,698,33554432,512,0,0,28,4,32,64,bias_kernel,11602916848924,11602918000380,188,198,1136.0,15577099.0,0.0,8388608.0,0.0,0.0,0.0,11691813840.0,11691813840.0,0.0,0.0,2097152.0,0.0,39018730259.0,33423509.0,50592010.0,0.0,0.0,75497472.0,167772160.0
188,0,1,698,698,4194304,256,0,0,12,4,32,64,"void at::native::vectorized_elementwise_kernel<4, at::native::FillFunctor<int>, std::array<char*, 1ul> >(int, at::native::FillFunctor<int>, std::array<char*, 1ul>)",11602918379280,11602918421897,189,101,1136.0,829523.0,65536.0,0.0,0.0,0.0,0.0,668936952.0,668936952.0,0.0,0.0,0.0,0.0,100083.0,1835120.0,4198304.0,0.0,0.0,4194304.0,0.0
189,0,1,698,698,33554432,512,0,0,28,4,32,64,bias_kernel,11602918818518,11602919978472,190,198,1136.0,15829640.0,0.0,8388608.0,0.0,0.0,0.0,12117061652.0,12117061652.0,0.0,0.0,2097152.0,0.0,39280465405.0,33423505.0,50592080.0,0.0,0.0,75497472.0,167772160.0
190,0,1,698,698,4194304,256,0,0,12,4,32,64,"void at::native::vectorized_elementwise_kernel<4, at::native::FillFunctor<int>, std::array<char*, 1ul> >(int, at::native::FillFunctor<int>, std::array<char*, 1ul>)",11602920359778,11602920402635,191,101,1136.0,825190.0,65536.0,0.0,0.0,0.0,0.0,676703856.0,676703856.0,0.0,0.0,0.0,0.0,97153.0,1835120.0,4198304.0,0.0,0.0,4194304.0,0.0
191,0,1,698,698,33554432,512,0,0,28,4,32,64,bias_kernel,11602920792721,11602921955763,192,198,1136.0,15889256.0,0.0,8388608.0,0.0,0.0,0.0,11955684652.0,11955684652.0,0.0,0.0,2097152.0,0.0,39175604150.0,33423514.0,50591996.0,0.0,0.0,75497472.0,167772160.0
192,0,1,698,698,4194304,256,0,0,12,4,32,64,"void at::native::vectorized_elementwise_kernel<4, at::native::FillFunctor<int>, std::array<char*, 1ul> >(int, at::native::FillFunctor<int>, std::array<char*, 1ul>)",11602922341278,11602922384216,193,101,1136.0,842430.0,65536.0,0.0,0.0,0.0,0.0,670414468.0,670414468.0,0.0,0.0,0.0,0.0,104839.0,1835120.0,4198304.0,0.0,0.0,4194304.0,0.0
193,0,1,698,698,33554432,512,0,0,28,4,32,64,bias_kernel,11602922775785,11602923939027,194,198,1136.0,15772370.0,0.0,8388608.0,0.0,0.0,0.0,12294466720.0,12294466720.0,0.0,0.0,2097152.0,0.0,39199798334.0,33423508.0,50592484.0,0.0,0.0,75497472.0,167772160.0
194,0,1,698,698,4194304,256,0,0,12,4,32,64,"void at::native::vectorized_elementwise_kernel<4, at::native::FillFunctor<int>, std::array<char*, 1ul> >(int, at::native::FillFunctor<int>, std::array<char*, 1ul>)",11602924322458,11602924365155,195,101,1136.0,828047.0,65536.0,0.0,0.0,0.0,0.0,669283904.0,669283904.0,0.0,0.0,0.0,0.0,95274.0,1835120.0,4198304.0,0.0,0.0,4194304.0,0.0
195,0,1,698,698,33554432,512,0,0,28,4,32,64,bias_kernel,11602924751753,11602925913832,196,198,1136.0,15719890.0,0.0,8388608.0,0.0,0.0,0.0,11936868952.0,11936868952.0,0.0,0.0,2097152.0,0.0,39103189097.0,33423509.0,50591830.0,0.0,0.0,75497472.0,167772160.0
196,0,1,698,698,4194304,256,0,0,12,4,32,64,"void at::native::vectorized_elementwise_kernel<4, at::native::FillFunctor<int>, std::array<char*, 1ul> >(int, at::native::FillFunctor<int>, std::array<char*, 1ul>)",11602926287240,11602926329937,197,101,1136.0,816695.0,65536.0,0.0,0.0,0.0,0.0,677177944.0,677177944.0,0.0,0.0,0.0,0.0,118729.0,1835120.0,4198304.0,0.0,0.0,4194304.0,0.0
197,0,1,698,698,33554432,512,0,0,28,4,32,64,bias_kernel,11602926707715,11602927878654,198,198,1136.0,15656747.0,0.0,8388608.0,0.0,0.0,0.0,11628335796.0,11628335796.0,0.0,0.0,2097152.0,0.0,38544981372.0,33423506.0,50591628.0,0.0,0.0,75497472.0,167772160.0
198,0,1,698,698,4194304,256,0,0,12,4,32,64,"void at::native::vectorized_elementwise_kernel<4, at::native::FillFunctor<int>, std::array<char*, 1ul> >(int, at::native::FillFunctor<int>, std::array<char*, 1ul>)",11602928248775,11602928291752,199,101,1136.0,837779.0,65536.0,0.0,0.0,0.0,0.0,671784460.0,671784460.0,0.0,0.0,0.0,0.0,104714.0,1835120.0,4198320.0,0.0,0.0,4194304.0,0.0
199,0,1,698,698,33554432,512,0,0,28,4,32,64,bias_kernel,11602928672778,11602929837182,200,198,1136.0,15070170.0,0.0,8388608.0,0.0,0.0,0.0,12569218024.0,12569218024.0,0.0,0.0,2097152.0,0.0,37649025892.0,33423513.0,50593206.0,0.0,0.0,75497472.0,167772160.0
200,0,1,698,698,4194304,256,0,0,12,4,32,64,"void at::native::vectorized_elementwise_kernel<4, at::native::FillFunctor<int>, std::array<char*, 1ul> >(int, at::native::FillFunctor<int>, std::array<char*, 1ul>)",11602930211472,11602930254290,201,101,1136.0,827928.0,65536.0,0.0,0.0,0.0,0.0,670708844.0,670708844.0,0.0,0.0,0.0,0.0,100607.0,1835120.0,4198304.0,0.0,0.0,4194304.0,0.0
201,0,1,698,698,33554432,512,0,0,28,4,32,64,bias_kernel,11602930627016,11602931800922,202,198,1136.0,14707875.0,0.0,8388608.0,0.0,0.0,0.0,11474070060.0,11474070060.0,0.0,0.0,2097152.0,0.0,36776442622.0,33423508.0,50590632.0,0.0,0.0,75497472.0,167772160.0
202,0,1,698,698,4194304,256,0,0,12,4,32,64,"void at::native::vectorized_elementwise_kernel<4, at::native::FillFunctor<int>, std::array<char*, 1ul> >(int, at::native::FillFunctor<int>, std::array<char*, 1ul>)",11602932180464,11602932223201,203,101,1136.0,828166.0,65536.0,0.0,0.0,0.0,0.0,670866484.0,670866484.0,0.0,0.0,0.0,0.0,93792.0,1835120.0,4198304.0,0.0,0.0,4194304.0,0.0
203,0,1,698,698,33554432,512,0,0,28,4,32,64,bias_kernel,11602932585865,11602933746661,204,198,1136.0,14235909.0,0.0,8388608.0,0.0,0.0,0.0,11274828012.0,11274828012.0,0.0,0.0,2097152.0,0.0,35906528856.0,33423508.0,50591204.0,0.0,0.0,75497472.0,167772160.0
204,0,1,698,698,4194304,256,0,0,12,4,32,64,"void at::native::vectorized_elementwise_kernel<4, at::native::FillFunctor<int>, std::array<char*, 1ul> >(int, at::native::FillFunctor<int>, std::array<char*, 1ul>)",11602934117824,11602934160521,205,101,1136.0,824264.0,65536.0,0.0,0.0,0.0,0.0,673027336.0,673027336.0,0.0,0.0,0.0,0.0,94281.0,1835120.0,4198304.0,0.0,0.0,4194304.0,0.0
205,0,1,698,698,33554432,512,0,0,28,4,32,64,bias_kernel,11602934526472,11602935701220,206,198,1136.0,14705018.0,0.0,8388608.0,0.0,0.0,0.0,11632803844.0,11632803844.0,0.0,0.0,2097152.0,0.0,36192740174.0,33423509.0,50591348.0,0.0,0.0,75497472.0,167772160.0
206,0,1,698,698,4194304,256,0,0,12,4,32,64,"void at::native::vectorized_elementwise_kernel<4, at::native::FillFunctor<int>, std::array<char*, 1ul> >(int, at::native::FillFunctor<int>, std::array<char*, 1ul>)",11602936072744,11602936115962,207,101,1136.0,847061.0,65536.0,0.0,0.0,0.0,0.0,671979472.0,671979472.0,0.0,0.0,0.0,0.0,97777.0,1835120.0,4198304.0,0.0,0.0,4194304.0,0.0
207,0,1,698,698,33554432,512,0,0,28,4,32,64,bias_kernel,11602936484800,11602937650407,208,198,1136.0,14557159.0,0.0,8388608.0,0.0,0.0,0.0,11570165976.0,11570165976.0,0.0,0.0,2097152.0,0.0,36488170428.0,33423510.0,50591616.0,0.0,0.0,75497472.0,167772160.0
208,0,1,698,698,4194304,256,0,0,12,4,32,64,"void at::native::vectorized_elementwise_kernel<4, at::native::FillFunctor<int>, std::array<char*, 1ul> >(int, at::native::FillFunctor<int>, std::array<char*, 1ul>)",11602938032665,11602938075442,209,101,1136.0,814388.0,65536.0,0.0,0.0,0.0,0.0,656516756.0,656516756.0,0.0,0.0,0.0,0.0,93403.0,1835120.0,4198304.0,0.0,0.0,4194304.0,0.0
209,0,1,698,698,33554432,512,0,0,28,4,32,64,bias_kernel,11602938471460,11602939646769,210,198,1088.0,14791102.0,0.0,8388608.0,0.0,0.0,0.0,11500158840.0,11500158840.0,0.0,0.0,2097152.0,0.0,36604348717.0,33423505.0,50591394.0,0.0,0.0,75497472.0,167772160.0
210,0,1,698,698,4194304,256,0,0,12,4,32,64,"void at::native::vectorized_elementwise_kernel<4, at::native::FillFunctor<int>, std::array<char*, 1ul> >(int, at::native::FillFunctor<int>, std::array<char*, 1ul>)",11602940025990,11602940068888,211,101,1136.0,790995.0,65536.0,0.0,0.0,0.0,0.0,643867620.0,643867620.0,0.0,0.0,0.0,0.0,93430.0,1835120.0,4198304.0,0.0,0.0,4194304.0,0.0
211,0,1,698,698,33554432,512,0,0,28,4,32,64,bias_kernel,11602940437044,11602941610629,212,198,1136.0,14646434.0,0.0,8388608.0,0.0,0.0,0.0,11134611716.0,11134611716.0,0.0,0.0,2097152.0,0.0,36406186094.0,33423508.0,50590840.0,0.0,0.0,75497472.0,167772160.0
212,0,1,698,698,4194304,256,0,0,12,4,32,64,"void at::native::vectorized_elementwise_kernel<4, at::native::FillFunctor<int>, std::array<char*, 1ul> >(int, at::native::FillFunctor<int>, std::array<char*, 1ul>)",11602941979787,11602942023126,213,101,1136.0,808968.0,65536.0,0.0,0.0,0.0,0.0,652995508.0,652995508.0,0.0,0.0,0.0,0.0,116436.0,1835120.0,4198304.0,0.0,0.0,4194304.0,0.0
213,0,1,698,698,33554432,512,0,0,28,4,32,64,bias_kernel,11602942393767,11602943567713,214,198,1136.0,14652379.0,0.0,8388608.0,0.0,0.0,0.0,11530501368.0,11530501368.0,0.0,0.0,2097152.0,0.0,36577849956.0,33423504.0,50591284.0,0.0,0.0,75497472.0,167772160.0
214,0,1,698,698,4194304,256,0,0,12,4,32,64,"void at::native::vectorized_elementwise_kernel<4, at::native::FillFunctor<int>, std::array<char*, 1ul> >(int, at::native::FillFunctor<int>, std::array<char*, 1ul>)",11602943949220,11602943992518,215,101,1136.0,787843.0,65536.0,0.0,0.0,0.0,0.0,623486488.0,623486488.0,0.0,0.0,0.0,0.0,94782.0,1835120.0,4198320.0,0.0,0.0,4194304.0,0.0
215,0,1,698,698,33554432,512,0,0,28,4,32,64,bias_kernel,11602944382604,11602945546046,216,198,1136.0,14595014.0,0.0,8388608.0,0.0,0.0,0.0,11717096880.0,11717096880.0,0.0,0.0,2097152.0,0.0,36507288852.0,33423512.0,50591042.0,0.0,0.0,75497472.0,167772160.0
216,0,1,698,698,4194304,256,0,0,12,4,32,64,"void at::native::vectorized_elementwise_kernel<4, at::native::FillFunctor<int>, std::array<char*, 1ul> >(int, at::native::FillFunctor<int>, std::array<char*, 1ul>)",11602945926510,11602945969688,217,101,1136.0,790666.0,65536.0,0.0,0.0,0.0,0.0,633943324.0,633943324.0,0.0,0.0,0.0,0.0,91765.0,1835120.0,4198304.0,0.0,0.0,4194304.0,0.0
217,0,1,698,698,33554432,512,0,0,28,4,32,64,bias_kernel,11602946352758,11602947512031,218,198,1136.0,14368932.0,0.0,8388608.0,0.0,0.0,0.0,11465307168.0,11465307168.0,0.0,0.0,2097152.0,0.0,36257401637.0,33423508.0,50591744.0,0.0,0.0,75497472.0,167772160.0
218,0,1,698,698,4194304,256,0,0,12,4,32,64,"void at::native::vectorized_elementwise_kernel<4, at::native::FillFunctor<int>, std::array<char*, 1ul> >(int, at::native::FillFunctor<int>, std::array<char*, 1ul>)",11602947905685,11602947948743,219,101,1136.0,788391.0,65536.0,0.0,0.0,0.0,0.0,622290128.0,622290128.0,0.0,0.0,0.0,0.0,102039.0,1835120.0,4198320.0,0.0,0.0,4194304.0,0.0
219,0,1,698,698,33554432,512,0,0,28,4,32,64,bias_kernel,11602948335781,11602949500907,220,198,1136.0,14673107.0,0.0,8388608.0,0.0,0.0,0.0,11499685680.0,11499685680.0,0.0,0.0,2097152.0,0.0,36576779806.0,33423506.0,50591052.0,0.0,0.0,75497472.0,167772160.0
220,0,1,698,698,4194304,256,0,0,12,4,32,64,"void at::native::vectorized_elementwise_kernel<4, at::native::FillFunctor<int>, std::array<char*, 1ul> >(int, at::native::FillFunctor<int>, std::array<char*, 1ul>)",11602949891154,11602949934933,221,101,1136.0,784564.0,65536.0,0.0,0.0,0.0,0.0,626563488.0,626563488.0,0.0,0.0,0.0,0.0,92049.0,1835120.0,4198320.0,0.0,0.0,4194304.0,0.0
221,0,1,698,698,33554432,512,0,0,28,4,32,64,bias_kernel,11602950313793,11602951486216,222,198,1136.0,15025366.0,0.0,8388608.0,0.0,0.0,0.0,11730600972.0,11730600972.0,0.0,0.0,2097152.0,0.0,37097427365.0,33423509.0,50591550.0,0.0,0.0,75497472.0,167772160.0
222,0,1,698,698,4194304,256,0,0,12,4,32,64,"void at::native::vectorized_elementwise_kernel<4, at::native::FillFunctor<int>, std::array<char*, 1ul> >(int, at::native::FillFunctor<int>, std::array<char*, 1ul>)",11602951870248,11602951913266,223,101,1136.0,765978.0,65536.0,0.0,0.0,0.0,0.0,627011896.0,627011896.0,0.0,0.0,0.0,0.0,87718.0,1835120.0,4198304.0,0.0,0.0,4194304.0,0.0
223,0,1,698,698,33554432,512,0,0,28,4,32,64,bias_kernel,11602952299423,11602953459377,224,198,1136.0,14557544.0,0.0,8388608.0,0.0,0.0,0.0,11759442700.0,11759442700.0,0.0,0.0,2097152.0,0.0,36515192045.0,33423508.0,50591718.0,0.0,0.0,75497472.0,167772160.0
224,0,1,698,698,4194304,256,0,0,12,4,32,64,"void at::native::vectorized_elementwise_kernel<4, at::native::FillFunctor<int>, std::array<char*, 1ul> >(int, at::native::FillFunctor<int>, std::array<char*, 1ul>)",11602953846977,11602953890556,225,101,1136.0,752149.0,65536.0,0.0,0.0,0.0,0.0,601940976.0,601940976.0,0.0,0.0,0.0,0.0,84599.0,1835120.0,4198304.0,0.0,0.0,4194304.0,0.0
225,0,1,698,698,33554432,512,0,0,28,4,32,64,bias_kernel,11602954272824,11602955433781,226,198,1136.0,14612694.0,0.0,8388608.0,0.0,0.0,0.0,11874409308.0,11874409308.0,0.0,0.0,2097152.0,0.0,36331258379.0,33423510.0,50592208.0,0.0,0.0,75497472.0,167772160.0
226,0,1,698,698,4194304,256,0,0,12,4,32,64,"void at::native::vectorized_elementwise_kernel<4, at::native::FillFunctor<int>, std::array<char*, 1ul> >(int, at::native::FillFunctor<int>, std::array<char*, 1ul>)",11602955811719,11602955855258,227,101,1136.0,758449.0,65536.0,0.0,0.0,0.0,0.0,612601444.0,612601444.0,0.0,0.0,0.0,0.0,92970.0,1835120.0,4198320.0,0.0,0.0,4194304.0,0.0
227,0,1,698,698,33554432,512,0,0,28,4,32,64,bias_kernel,11602956241856,11602957396398,228,198,1136.0,14812183.0,0.0,8388608.0,0.0,0.0,0.0,11171904412.0,11171904412.0,0.0,0.0,2097152.0,0.0,37073868030.0,33423507.0,50590796.0,0.0,0.0,75497472.0,167772160.0
228,0,1,698,698,4194304,256,0,0,12,4,32,64,"void at::native::vectorized_elementwise_kernel<4, at::native::FillFunctor<int>, std::array<char*, 1ul> >(int, at::native::FillFunctor<int>, std::array<char*, 1ul>)",11602957780871,11602957824650,229,101,1136.0,755633.0,65536.0,0.0,0.0,0.0,0.0,592661428.0,592661428.0,0.0,0.0,0.0,0.0,87106.0,1835120.0,4198320.0,0.0,0.0,4194304.0,0.0
229,0,1,698,698,33554432,512,0,0,28,4,32,64,bias_kernel,11602958215337,11602959375211,230,198,1136.0,14720747.0,0.0,8388608.0,0.0,0.0,0.0,11930913904.0,11930913904.0,0.0,0.0,2097152.0,0.0,36869617790.0,33423505.0,50591994.0,0.0,0.0,75497472.0,167772160.0
230,0,1,698,698,4194304,256,0,0,12,4,32,64,"void at::native::vectorized_elementwise_kernel<4, at::native::FillFunctor<int>, std::array<char*, 1ul> >(int, at::native::FillFunctor<int>, std::array<char*, 1ul>)",11602959750263,11602959793962,231,101,1136.0,749133.0,65536.0,0.0,0.0,0.0,0.0,586910188.0,586910188.0,0.0,0.0,0.0,0.0,86907.0,1835120.0,4198320.0,0.0,0.0,4194304.0,0.0
231,0,1,698,698,33554432,512,0,0,28,4,32,64,bias_kernel,11602960186253,11602961347490,232,198,1136.0,14886086.0,0.0,8388608.0,0.0,0.0,0.0,11374883048.0,11374883048.0,0.0,0.0,2097152.0,0.0,37241031064.0,33423511.0,50591422.0,0.0,0.0,75497472.0,167772160.0
232,0,1,698,698,4194304,256,0,0,12,4,32,64,"void at::native::vectorized_elementwise_kernel<4, at::native::FillFunctor<int>, std::array<char*, 1ul> >(int, at::native::FillFunctor<int>, std::array<char*, 1ul>)",11602961718573,11602961762473,233,101,1136.0,763875.0,65536.0,0.0,0.0,0.0,0.0,598923444.0,598923444.0,0.0,0.0,0.0,0.0,90447.0,1835120.0,4198320.0,0.0,0.0,4194304.0,0.0
233,0,1,698,698,33554432,512,0,0,28,4,32,64,bias_kernel,11602962151356,11602963316803,234,198,1136.0,15225269.0,0.0,8388608.0,0.0,0.0,0.0,11761669492.0,11761669492.0,0.0,0.0,2097152.0,0.0,37644981550.0,33423504.0,50591452.0,0.0,0.0,75497472.0,167772160.0
234,0,1,698,698,4194304,256,0,0,12,4,32,64,"void at::native::vectorized_elementwise_kernel<4, at::native::FillFunctor<int>, std::array<char*, 1ul> >(int, at::native::FillFunctor<int>, std::array<char*, 1ul>)",11602963688807,11602963732427,235,101,1136.0,770672.0,65536.0,0.0,0.0,0.0,0.0,613346400.0,613346400.0,0.0,0.0,0.0,0.0,90852.0,1835120.0,4198320.0,0.0,0.0,4194304.0,0.0
235,0,1,698,698,33554432,512,0,0,28,4,32,64,bias_kernel,11602964119546,11602965290124,236,198,1136.0,15434396.0,0.0,8388608.0,0.0,0.0,0.0,11573867844.0,11573867844.0,0.0,0.0,2097152.0,0.0,38038776283.0,33423510.0,50591396.0,0.0,0.0,75497472.0,167772160.0
236,0,1,698,698,4194304,256,0,0,12,4,32,64,"void at::native::vectorized_elementwise_kernel<4, at::native::FillFunctor<int>, std::array<char*, 1ul> >(int, at::native::FillFunctor<int>, std::array<char*, 1ul>)",11602965658681,11602965702180,237,101,1136.0,761590.0,65536.0,0.0,0.0,0.0,0.0,602040696.0,602040696.0,0.0,0.0,0.0,0.0,91192.0,1835120.0,4198320.0,0.0,0.0,4194304.0,0.0
237,0,1,698,698,33554432,512,0,0,28,4,32,64,bias_kernel,11602966087575,11602967250736,238,198,1136.0,15328277.0,0.0,8388608.0,0.0,0.0,0.0,11997638904.0,11997638904.0,0.0,0.0,2097152.0,0.0,37824553251.0,33423508.0,50592156.0,0.0,0.0,75497472.0,167772160.0
238,0,1,698,698,4194304,256,0,0,12,4,32,64,"void at::native::vectorized_elementwise_kernel<4, at::native::FillFunctor<int>, std::array<char*, 1ul> >(int, at::native::FillFunctor<int>, std::array<char*, 1ul>)",11602967620456,11602967663273,239,101,1136.0,776385.0,65536.0,0.0,0.0,0.0,0.0,628185280.0,628185280.0,0.0,0.0,0.0,0.0,93992.0,1835120.0,4198304.0,0.0,0.0,4194304.0,0.0
239,0,1,698,698,33554432,512,0,0,28,4,32,64,bias_kernel,11602968058250,11602969220089,240,198,1136.0,15481703.0,0.0,8388608.0,0.0,0.0,0.0,11451054336.0,11451054336.0,0.0,0.0,2097152.0,0.0,38427708523.0,33423504.0,50592056.0,0.0,0.0,75497472.0,167772160.0
240,0,1,698,698,4194304,256,0,0,12,4,32,64,"void at::native::vectorized_elementwise_kernel<4, at::native::FillFunctor<int>, std::array<char*, 1ul> >(int, at::native::FillFunctor<int>, std::array<char*, 1ul>)",11602969590891,11602969634349,241,101,1136.0,841310.0,65536.0,0.0,0.0,0.0,0.0,672866012.0,672866012.0,0.0,0.0,0.0,0.0,95870.0,1835120.0,4198320.0,0.0,0.0,4194304.0,0.0
241,0,1,698,698,33554432,512,0,0,28,4,32,64,bias_kernel,11602970019504,11602971179378,242,198,1136.0,15738497.0,0.0,8388608.0,0.0,0.0,0.0,12139796028.0,12139796028.0,0.0,0.0,2097152.0,0.0,38906124785.0,33423505.0,50592014.0,0.0,0.0,75497472.0,167772160.0
242,0,1,698,698,4194304,256,0,0,12,4,32,64,"void at::native::vectorized_elementwise_kernel<4, at::native::FillFunctor<int>, std::array<char*, 1ul> >(int, at::native::FillFunctor<int>, std::array<char*, 1ul>)",11602971550220,11602971592717,243,101,1136.0,840753.0,65536.0,0.0,0.0,0.0,0.0,669551772.0,669551772.0,0.0,0.0,0.0,0.0,99956.0,1835120.0,4198320.0,0.0,0.0,4194304.0,0.0
243,0,1,698,698,33554432,512,0,0,28,4,32,64,bias_kernel,11602971971537,11602973129607,244,198,1136.0,15776448.0,0.0,8388608.0,0.0,0.0,0.0,12100165260.0,12100165260.0,0.0,0.0,2097152.0,0.0,39344401252.0,33423504.0,50592566.0,0.0,0.0,75497472.0,167772160.0
244,0,1,698,698,4194304,256,0,0,12,4,32,64,"void at::native::vectorized_elementwise_kernel<4, at::native::FillFunctor<int>, std::array<char*, 1ul> >(int, at::native::FillFunctor<int>, std::array<char*, 1ul>)",11602973496841,11602973539538,245,101,1136.0,819491.0,65536.0,0.0,0.0,0.0,0.0,674042116.0,674042116.0,0.0,0.0,0.0,0.0,101760.0,1835120.0,4198320.0,0.0,0.0,4194304.0,0.0
245,0,1,698,698,33554432,512,0,0,28,4,32,64,bias_kernel,11602973921886,11602975089538,246,198,1136.0,16180624.0,0.0,8388608.0,0.0,0.0,0.0,12467341484.0,12467341484.0,0.0,0.0,2097152.0,0.0,39821225461.0,33423510.0,50592686.0,0.0,0.0,75497472.0,167772160.0
246,0,1,698,698,4194304,256,0,0,12,4,32,64,"void at::native::vectorized_elementwise_kernel<4, at::native::FillFunctor<int>, std::array<char*, 1ul> >(int, at::native::FillFunctor<int>, std::array<char*, 1ul>)",11602975455970,11602975498868,247,101,1136.0,843242.0,65536.0,0.0,0.0,0.0,0.0,674296136.0,674296136.0,0.0,0.0,0.0,0.0,96154.0,1835120.0,4198320.0,0.0,0.0,4194304.0,0.0
247,0,1,698,698,33554432,512,0,0,28,4,32,64,bias_kernel,11602975878690,11602977041090,248,198,1136.0,15606756.0,0.0,8388608.0,0.0,0.0,0.0,12290835360.0,12290835360.0,0.0,0.0,2097152.0,0.0,38539427962.0,33423512.0,50592846.0,0.0,0.0,75497472.0,167772160.0
248,0,1,698,698,4194304,256,0,0,12,4,32,64,"void at::native::vectorized_elementwise_kernel<4, at::native::FillFunctor<int>, std::array<char*, 1ul> >(int, at::native::FillFunctor<int>, std::array<char*, 1ul>)",11602977411210,11602977454108,249,101,1136.0,835419.0,65536.0,0.0,0.0,0.0,0.0,674201612.0,674201612.0,0.0,0.0,0.0,0.0,100104.0,1835120.0,4198320.0,0.0,0.0,4194304.0,0.0
249,0,1,698,698,33554432,512,0,0,28,4,32,64,bias_kernel,11602977822825,11602978988713,250,198,1136.0,15695283.0,0.0,8388608.0,0.0,0.0,0.0,11750929588.0,11750929588.0,0.0,0.0,2097152.0,0.0,39064394241.0,33423510.0,50592148.0,0.0,0.0,75497472.0,167772160.0
250,0,1,698,698,4194304,256,0,0,12,4,32,64,"void at::native::vectorized_elementwise_kernel<4, at::native::FillFunctor<int>, std::array<char*, 1ul> >(int, at::native::FillFunctor<int>, std::array<char*, 1ul>)",11602979354904,11602979397441,251,101,1136.0,817937.0,65536.0,0.0,0.0,0.0,0.0,672481532.0,672481532.0,0.0,0.0,0.0,0.0,93162.0,1835120.0,4198304.0,0.0,0.0,4194304.0,0.0
251,0,1,698,698,33554432,512,0,0,28,4,32,64,bias_kernel,11602979763352,11602980926433,252,198,1136.0,15027211.0,0.0,8388608.0,0.0,0.0,0.0,11441528660.0,11441528660.0,0.0,0.0,2097152.0,0.0,37969463369.0,33423506.0,50591376.0,0.0,0.0,75497472.0,167772160.0
252,0,1,698,698,4194304,256,0,0,12,4,32,64,"void at::native::vectorized_elementwise_kernel<4, at::native::FillFunctor<int>, std::array<char*, 1ul> >(int, at::native::FillFunctor<int>, std::array<char*, 1ul>)",11602981291743,11602981334640,253,101,1136.0,832584.0,65536.0,0.0,0.0,0.0,0.0,671671360.0,671671360.0,0.0,0.0,0.0,0.0,100643.0,1835120.0,4198320.0,0.0,0.0,4194304.0,0.0
253,0,1,698,698,33554432,512,0,0,28,4,32,64,bias_kernel,11602981699749,11602982852247,254,198,1136.0,14103785.0,0.0,8388608.0,0.0,0.0,0.0,10906558036.0,10906558036.0,0.0,0.0,2097152.0,0.0,36085606198.0,33423514.0,50591070.0,0.0,0.0,75497472.0,167772160.0
254,0,1,698,698,4194304,256,0,0,12,4,32,64,"void at::native::vectorized_elementwise_kernel<4, at::native::FillFunctor<int>, std::array<char*, 1ul> >(int, at::native::FillFunctor<int>, std::array<char*, 1ul>)",11602983213908,11602983256645,255,101,1136.0,820481.0,65536.0,0.0,0.0,0.0,0.0,673174728.0,673174728.0,0.0,0.0,0.0,0.0,109371.0,1835120.0,4198320.0,0.0,0.0,4194304.0,0.0
255,0,1,698,698,33554432,512,0,0,28,4,32,64,bias_kernel,11602983621834,11602984790689,256,198,1136.0,14677600.0,0.0,8388608.0,0.0,0.0,0.0,11582920876.0,11582920876.0,0.0,0.0,2097152.0,0.0,36598731516.0,33423508.0,50591346.0,0.0,0.0,75497472.0,167772160.0
256,0,1,698,698,4194304,256,0,0,12,4,32,64,"void at::native::vectorized_elementwise_kernel<4, at::native::FillFunctor<int>, std::array<char*, 1ul> >(int, at::native::FillFunctor<int>, std::array<char*, 1ul>)",11602985160008,11602985202945,257,101,1136.0,821895.0,65536.0,0.0,0.0,0.0,0.0,658128884.0,658128884.0,0.0,0.0,0.0,0.0,97131.0,1835120.0,4198320.0,0.0,0.0,4194304.0,0.0
257,0,1,698,698,33554432,512,0,0,28,4,32,64,bias_kernel,11602985567693,11602986728008,258,198,1136.0,14291997.0,0.0,8388608.0,0.0,0.0,0.0,11421872996.0,11421872996.0,0.0,0.0,2097152.0,0.0,36259852357.0,33423506.0,50591686.0,0.0,0.0,75497472.0,167772160.0
258,0,1,698,698,4194304,256,0,0,12,4,32,64,"void at::native::vectorized_elementwise_kernel<4, at::native::FillFunctor<int>, std::array<char*, 1ul> >(int, at::native::FillFunctor<int>, std::array<char*, 1ul>)",11602987096164,11602987139423,259,101,1136.0,817708.0,65536.0,0.0,0.0,0.0,0.0,664833856.0,664833856.0,0.0,0.0,0.0,0.0,95920.0,1835120.0,4198304.0,0.0,0.0,4194304.0,0.0
259,0,1,698,698,33554432,512,0,0,28,4,32,64,bias_kernel,11602987513873,11602988673787,260,198,1136.0,14471011.0,0.0,8388608.0,0.0,0.0,0.0,11075836356.0,11075836356.0,0.0,0.0,2097152.0,0.0,36466624435.0,33423506.0,50590876.0,0.0,0.0,75497472.0,167772160.0
260,0,1,698,698,4194304,256,0,0,12,4,32,64,"void at::native::vectorized_elementwise_kernel<4, at::native::FillFunctor<int>, std::array<char*, 1ul> >(int, at::native::FillFunctor<int>, std::array<char*, 1ul>)",11602989035769,11602989079108,261,101,1136.0,793684.0,65536.0,0.0,0.0,0.0,0.0,638432080.0,638432080.0,0.0,0.0,0.0,0.0,92061.0,1835120.0,4198304.0,0.0,0.0,4194304.0,0.0
261,0,1,698,698,33554432,512,0,0,28,4,32,64,bias_kernel,11602989428621,11602990586731,262,198,1136.0,14552092.0,0.0,8388608.0,0.0,0.0,0.0,11660755532.0,11660755532.0,0.0,0.0,2097152.0,0.0,36544564895.0,33423504.0,50591246.0,0.0,0.0,75497472.0,167772160.0
262,0,1,698,698,4194304,256,0,0,12,4,32,64,"void at::native::vectorized_elementwise_kernel<4, at::native::FillFunctor<int>, std::array<char*, 1ul> >(int, at::native::FillFunctor<int>, std::array<char*, 1ul>)",11602990961302,11602991004440,263,101,1136.0,788551.0,65536.0,0.0,0.0,0.0,0.0,628013200.0,628013200.0,0.0,0.0,0.0,0.0,94712.0,1835120.0,4198320.0,0.0,0.0,4194304.0,0.0
263,0,1,698,698,33554432,512,0,0,28,4,32,64,bias_kernel,11602991375042,11602992545139,264,198,1136.0,15102140.0,0.0,8388608.0,0.0,0.0,0.0,12004238932.0,12004238932.0,0.0,0.0,2097152.0,0.0,37486823885.0,33423511.0,50592052.0,0.0,0.0,75497472.0,167772160.0
264,0,1,698,698,4194304,256,0,0,12,4,32,64,"void at::native::vectorized_elementwise_kernel<4, at::native::FillFunctor<int>, std::array<char*, 1ul> >(int, at::native::FillFunctor<int>, std::array<char*, 1ul>)",11602992913856,11602992956914,265,101,1136.0,742232.0,65536.0,0.0,0.0,0.0,0.0,612312108.0,612312108.0,0.0,0.0,0.0,0.0,96417.0,1835120.0,4198320.0,0.0,0.0,4194304.0,0.0
265,0,1,698,698,33554432,512,0,0,28,4,32,64,bias_kernel,11602993333168,11602994498695,266,198,1136.0,14925784.0,0.0,8388608.0,0.0,0.0,0.0,11370684584.0,11370684584.0,0.0,0.0,2097152.0,0.0,37293062609.0,33423509.0,50590842.0,0.0,0.0,75497472.0,167772160.0
266,0,1,698,698,4194304,256,0,0,12,4,32,64,"void at::native::vectorized_elementwise_kernel<4, at::native::FillFunctor<int>, std::array<char*, 1ul> >(int, at::native::FillFunctor<int>, std::array<char*, 1ul>)",11602994872384,11602994916163,267,101,1136.0,743460.0,65536.0,0.0,0.0,0.0,0.0,589988272.0,589988272.0,0.0,0.0,0.0,0.0,90682.0,1835120.0,4198320.0,0.0,0.0,4194304.0,0.0
267,0,1,698,698,33554432,512,0,0,28,4,32,64,bias_kernel,11602995296106,11602996461753,268,198,1136.0,14857408.0,0.0,8388608.0,0.0,0.0,0.0,11965778528.0,11965778528.0,0.0,0.0,2097152.0,0.0,36752820408.0,33423514.0,50592428.0,0.0,0.0,75497472.0,167772160.0
268,0,1,698,698,4194304,256,0,0,12,4,32,64,"void at::native::vectorized_elementwise_kernel<4, at::native::FillFunctor<int>, std::array<char*, 1ul> >(int, at::native::FillFunctor<int>, std::array<char*, 1ul>)",11602996827464,11602996870562,269,101,1136.0,728869.0,65536.0,0.0,0.0,0.0,0.0,592944460.0,592944460.0,0.0,0.0,0.0,0.0,95906.0,1835120.0,4198320.0,0.0,0.0,4194304.0,0.0
269,0,1,698,698,33554432,512,0,0,28,4,32,64,bias_kernel,11602997247297,11602998423208,270,198,1136.0,15667652.0,0.0,8388608.0,0.0,0.0,0.0,11822041592.0,11822041592.0,0.0,0.0,2097152.0,0.0,38342844127.0,33423506.0,50590990.0,0.0,0.0,75497472.0,167772160.0
270,0,1,698,698,4194304,256,0,0,12,4,32,64,"void at::native::vectorized_elementwise_kernel<4, at::native::FillFunctor<int>, std::array<char*, 1ul> >(int, at::native::FillFunctor<int>, std::array<char*, 1ul>)",11602998784468,11602998827927,271,101,1136.0,741035.0,65536.0,0.0,0.0,0.0,0.0,596293268.0,596293268.0,0.0,0.0,0.0,0.0,84949.0,1835120.0,4198304.0,0.0,0.0,4194304.0,0.0
271,0,1,698,698,33554432,512,0,0,28,4,32,64,bias_kernel,11602999205103,11603000375401,272,198,1136.0,15712212.0,0.0,8388608.0,0.0,0.0,0.0,11658694268.0,11658694268.0,0.0,0.0,2097152.0,0.0,38279830958.0,33423506.0,50591544.0,0.0,0.0,75497472.0,167772160.0
272,0,1,698,698,4194304,256,0,0,12,4,32,64,"void at::native::vectorized_elementwise_kernel<4, at::native::FillFunctor<int>, std::array<char*, 1ul> >(int, at::native::FillFunctor<int>, std::array<char*, 1ul>)",11603000738305,11603000781283,273,101,1136.0,733994.0,65536.0,0.0,0.0,0.0,0.0,582415156.0,582415156.0,0.0,0.0,0.0,0.0,94249.0,1835120.0,4198320.0,0.0,0.0,4194304.0,0.0
273,0,1,698,698,33554432,512,0,0,28,4,32,64,bias_kernel,11603001157296,11603002319976,274,198,1136.0,15369396.0,0.0,8388608.0,0.0,0.0,0.0,11792065612.0,11792065612.0,0.0,0.0,2097152.0,0.0,38049283744.0,33423504.0,50591798.0,0.0,0.0,75497472.0,167772160.0
274,0,1,698,698,4194304,256,0,0,12,4,32,64,"void at::native::vectorized_elementwise_kernel<4, at::native::FillFunctor<int>, std::array<char*, 1ul> >(int, at::native::FillFunctor<int>, std::array<char*, 1ul>)",11603002699837,11603002742815,275,101,1088.0,794216.0,65536.0,0.0,0.0,0.0,0.0,640076012.0,640076012.0,0.0,0.0,0.0,0.0,107186.0,1835120.0,4198320.0,0.0,0.0,4194304.0,0.0
275,0,1,698,698,33554432,512,0,0,28,4,32,64,bias_kernel,11603003117025,11603004280707,276,198,1136.0,15761263.0,0.0,8388608.0,0.0,0.0,0.0,11825577244.0,11825577244.0,0.0,0.0,2097152.0,0.0,39105288145.0,33423512.0,50591960.0,0.0,0.0,75497472.0,167772160.0
276,0,1,698,698,4194304,256,0,0,12,4,32,64,"void at::native::vectorized_elementwise_kernel<4, at::native::FillFunctor<int>, std::array<char*, 1ul> >(int, at::native::FillFunctor<int>, std::array<char*, 1ul>)",11603004635593,11603004678129,277,101,1136.0,834330.0,65536.0,0.0,0.0,0.0,0.0,671044564.0,671044564.0,0.0,0.0,0.0,0.0,102909.0,1835120.0,4198320.0,0.0,0.0,4194304.0,0.0
277,0,1,698,698,33554432,512,0,0,28,4,32,64,bias_kernel,11603005059796,11603006230575,278,198,1136.0,15959152.0,0.0,8388608.0,0.0,0.0,0.0,12364153056.0,12364153056.0,0.0,0.0,2097152.0,0.0,39191599924.0,33423509.0,50592722.0,0.0,0.0,75497472.0,167772160.0
278,0,1,698,698,4194304,256,0,0,12,4,32,64,"void at::native::vectorized_elementwise_kernel<4, at::native::FillFunctor<int>, std::array<char*, 1ul> >(int, at::native::FillFunctor<int>, std::array<char*, 1ul>)",11603006585220,11603006627957,279,101,1136.0,828654.0,65536.0,0.0,0.0,0.0,0.0,668492616.0,668492616.0,0.0,0.0,0.0,0.0,110130.0,1835120.0,4198320.0,0.0,0.0,4194304.0,0.0
279,0,1,698,698,33554432,512,0,0,28,4,32,64,bias_kernel,11603006996353,11603008159354,280,198,1136.0,16091180.0,0.0,8388608.0,0.0,0.0,0.0,12015610176.0,12015610176.0,0.0,0.0,2097152.0,0.0,40205323025.0,33423509.0,50592348.0,0.0,0.0,75497472.0,167772160.0
280,0,1,698,698,16777216,256,0,0,56,0,32,64,bias_kernel,11603010210431,11603011348255,281,199,8430.0,14701923.0,0.0,8388608.0,0.0,0.0,0.0,15228770888.0,15228770888.0,0.0,0.0,2097152.0,0.0,36508163428.0,33423609.0,50498730.0,0.0,0.0,71303168.0,150994944.0
281,0,1,698,698,4194304,256,0,0,12,4,32,64,"void at::native::vectorized_elementwise_kernel<4, at::native::FillFunctor<int>, std::array<char*, 1ul> >(int, at::native::FillFunctor<int>, std::array<char*, 1ul>)",11603011776267,11603011819966,282,101,1136.0,745746.0,65536.0,0.0,0.0,0.0,0.0,585237712.0,585237712.0,0.0,0.0,0.0,0.0,85041.0,1835120.0,4198304.0,0.0,0.0,4194304.0,0.0
282,0,1,698,698,16777216,256,0,0,56,0,32,64,bias_kernel,11603012197343,11603013354210,283,199,1136.0,15358289.0,0.0,8388608.0,0.0,0.0,0.0,16064544648.0,16064544648.0,0.0,0.0,2097152.0,0.0,38058194676.0,33423607.0,50497996.0,0.0,0.0,71303168.0,150994944.0
283,0,1,698,698,4194304,256,0,0,12,4,32,64,"void at::native::vectorized_elementwise_kernel<4, at::native::FillFunctor<int>, std::array<char*, 1ul> >(int, at::native::FillFunctor<int>, std::array<char*, 1ul>)",11603013713586,11603013756764,284,101,1136.0,826114.0,65536.0,0.0,0.0,0.0,0.0,658296496.0,658296496.0,0.0,0.0,0.0,0.0,98910.0,1835120.0,4198304.0,0.0,0.0,4194304.0,0.0
284,0,1,698,698,16777216,256,0,0,56,0,32,64,bias_kernel,11603014134421,11603015298906,285,199,1136.0,15870548.0,0.0,8388608.0,0.0,0.0,0.0,16366105352.0,16366105352.0,0.0,0.0,2097152.0,0.0,38870579544.0,33423602.0,50504452.0,0.0,0.0,71303168.0,150994944.0
285,0,1,698,698,4194304,256,0,0,12,4,32,64,"void at::native::vectorized_elementwise_kernel<4, at::native::FillFunctor<int>, std::array<char*, 1ul> >(int, at::native::FillFunctor<int>, std::array<char*, 1ul>)",11603015655716,11603015698533,286,101,1136.0,820933.0,65536.0,0.0,0.0,0.0,0.0,660861668.0,660861668.0,0.0,0.0,0.0,0.0,99620.0,1835120.0,4198304.0,0.0,0.0,4194304.0,0.0
286,0,1,698,698,16777216,256,0,0,56,0,32,64,bias_kernel,11603016074667,11603017235022,287,199,1136.0,16137125.0,0.0,8388608.0,0.0,0.0,0.0,16894354468.0,16894354468.0,0.0,0.0,2097152.0,0.0,39947877870.0,33423612.0,50499586.0,0.0,0.0,71303168.0,150994944.0
287,0,1,698,698,4194304,256,0,0,12,4,32,64,"void at::native::vectorized_elementwise_kernel<4, at::native::FillFunctor<int>, std::array<char*, 1ul> >(int, at::native::FillFunctor<int>, std::array<char*, 1ul>)",11603017578241,11603017621219,288,101,1136.0,824627.0,65536.0,0.0,0.0,0.0,0.0,672710168.0,672710168.0,0.0,0.0,0.0,0.0,99234.0,1835120.0,4198304.0,0.0,0.0,4194304.0,0.0
288,0,1,698,698,16777216,256,0,0,56,0,32,64,bias_kernel,11603017988573,11603019153739,289,199,1136.0,16615472.0,0.0,8388608.0,0.0,0.0,0.0,17737865424.0,17737865424.0,0.0,0.0,2097152.0,0.0,40868721674.0,33423604.0,50500622.0,0.0,0.0,71303168.0,150994944.0
289,0,1,698,698,4194304,256,0,0,12,4,32,64,"void at::native::vectorized_elementwise_kernel<4, at::native::FillFunctor<int>, std::array<char*, 1ul> >(int, at::native::FillFunctor<int>, std::array<char*, 1ul>)",11603019510629,11603019553486,290,101,1136.0,829238.0,65536.0,0.0,0.0,0.0,0.0,672739592.0,672739592.0,0.0,0.0,0.0,0.0,115177.0,1835120.0,4198304.0,0.0,0.0,4194304.0,0.0
290,0,1,698,698,16777216,256,0,0,56,0,32,64,bias_kernel,11603019915589,11603021071132,291,199,1136.0,15952093.0,0.0,8388608.0,0.0,0.0,0.0,16654752336.0,16654752336.0,0.0,0.0,2097152.0,0.0,39714550605.0,33423592.0,50506116.0,0.0,0.0,71303168.0,150994944.0
291,0,1,698,698,16777216,256,0,0,56,0,32,64,bias_kernel,11603021581050,11603022719876,292,199,1136.0,15572852.0,0.0,8388608.0,0.0,0.0,0.0,16404897780.0,16404897780.0,0.0,0.0,2097152.0,0.0,38634536829.0,33423573.0,50500036.0,0.0,0.0,71303168.0,150994944.0
292,0,1,698,698,16777216,256,0,0,56,0,32,64,bias_kernel,11603023100861,11603024243656,293,199,1136.0,16918356.0,0.0,8388608.0,0.0,0.0,0.0,17213559352.0,17213559352.0,0.0,0.0,2097152.0,0.0,41251787326.0,33423590.0,50499416.0,0.0,0.0,71303168.0,150994944.0
293,0,1,698,698,16777216,256,0,0,56,0,32,64,bias_kernel,11603024614298,11603025747190,294,199,1136.0,16825835.0,0.0,8388608.0,0.0,0.0,0.0,17129882060.0,17129882060.0,0.0,0.0,2097152.0,0.0,41806619650.0,33423599.0,50498962.0,0.0,0.0,71303168.0,150994944.0
294,0,1,698,698,16777216,256,0,0,56,0,32,64,bias_kernel,11603026142247,11603027273857,295,199,1136.0,16704897.0,0.0,8388608.0,0.0,0.0,0.0,17151904100.0,17151904100.0,0.0,0.0,2097152.0,0.0,41086958849.0,33423608.0,50498532.0,0.0,0.0,71303168.0,150994944.0
295,0,1,698,698,16777216,256,0,0,56,0,32,64,bias_kernel,11603027641692,11603028777230,296,199,1136.0,16411426.0,0.0,8388608.0,0.0,0.0,0.0,16815965028.0,16815965028.0,0.0,0.0,2097152.0,0.0,40655736967.0,33423613.0,50504934.0,0.0,0.0,71303168.0,150994944.0
296,0,1,698,698,16777216,256,0,0,56,0,32,64,bias_kernel,11603029196703,11603030324624,297,199,1221.0,16318696.0,0.0,8388608.0,0.0,0.0,0.0,16794292100.0,16794292100.0,0.0,0.0,2097152.0,0.0,40416502001.0,33423613.0,50499518.0,0.0,0.0,71303168.0,150994944.0
297,0,1,698,698,16777216,256,0,0,56,0,32,64,bias_kernel,11603030716474,11603031855901,298,199,1328.0,16166474.0,0.0,8388608.0,0.0,0.0,0.0,16731518564.0,16731518564.0,0.0,0.0,2097152.0,0.0,40023595013.0,33423491.0,50498788.0,0.0,0.0,71303168.0,150994944.0
298,0,1,698,698,16777216,256,0,0,56,0,32,64,bias_kernel,11603032257493,11603033394474,299,199,1136.0,16802154.0,0.0,8388608.0,0.0,0.0,0.0,17542725844.0,17542725844.0,0.0,0.0,2097152.0,0.0,41045060698.0,33423601.0,50499946.0,0.0,0.0,71303168.0,150994944.0
299,0,1,698,698,16777216,256,0,0,56,0,32,64,bias_kernel,11603033784600,11603034916410,300,199,1136.0,15969876.0,0.0,8388608.0,0.0,0.0,0.0,16448339788.0,16448339788.0,0.0,0.0,2097152.0,0.0,39382767222.0,33423603.0,50499264.0,0.0,0.0,71303168.0,150994944.0
300,0,1,698,698,16777216,256,0,0,56,0,32,64,bias_kernel,11603035322853,11603036457630,301,199,1136.0,16687911.0,0.0,8388608.0,0.0,0.0,0.0,17077870384.0,17077870384.0,0.0,0.0,2097152.0,0.0,41250908695.0,33423601.0,50499028.0,0.0,0.0,71303168.0,150994944.0
301,0,1,698,698,16777216,256,0,0,56,0,32,64,bias_kernel,11603036850161,11603037980207,302,199,1136.0,15779995.0,0.0,8388608.0,0.0,0.0,0.0,16087840880.0,16087840880.0,0.0,0.0,2097152.0,0.0,39183042539.0,33423616.0,50499398.0,0.0,0.0,71303168.0,150994944.0
302,0,1,698,698,16777216,256,0,0,56,0,32,64,bias_kernel,11603038383162,11603039519783,303,199,1136.0,16896852.0,0.0,8388608.0,0.0,0.0,0.0,17332748848.0,17332748848.0,0.0,0.0,2097152.0,0.0,41562179195.0,33423620.0,50500132.0,0.0,0.0,71303168.0,150994944.0
303,0,1,698,698,4194304,256,0,0,12,4,32,64,"void at::native::vectorized_elementwise_kernel<4, at::native::FillFunctor<int>, std::array<char*, 1ul> >(int, at::native::FillFunctor<int>, std::array<char*, 1ul>)",11603039928190,11603039972210,304,101,1816.0,696578.0,65536.0,0.0,0.0,0.0,0.0,545511092.0,545511092.0,0.0,0.0,0.0,0.0,81876.0,1835120.0,4198304.0,0.0,0.0,4194304.0,0.0
304,0,1,698,698,16777216,256,0,0,56,0,32,64,bias_kernel,11603040386030,11603041547307,305,199,1136.0,14767000.0,0.0,8388608.0,0.0,0.0,0.0,15395557968.0,15395557968.0,0.0,0.0,2097152.0,0.0,36263067924.0,33423596.0,50497580.0,0.0,0.0,71303168.0,150994944.0
305,0,1,698,698,4194304,256,0,0,12,4,32,64,"void at::native::vectorized_elementwise_kernel<4, at::native::FillFunctor<int>, std::array<char*, 1ul> >(int, at::native::FillFunctor<int>, std::array<char*, 1ul>)",11603041932622,11603041976241,306,101,1221.0,757297.0,65536.0,0.0,0.0,0.0,0.0,601462932.0,601462932.0,0.0,0.0,0.0,0.0,86992.0,1835120.0,4198304.0,0.0,0.0,4194304.0,0.0
306,0,1,698,698,16777216,256,0,0,56,0,32,64,bias_kernel,11603042374625,11603043531532,307,199,1136.0,15209893.0,0.0,8388608.0,0.0,0.0,0.0,15774326404.0,15774326404.0,0.0,0.0,2097152.0,0.0,38038894844.0,33423606.0,50499772.0,0.0,0.0,71303168.0,150994944.0
307,0,1,698,698,4194304,256,0,0,12,4,32,64,"void at::native::vectorized_elementwise_kernel<4, at::native::FillFunctor<int>, std::array<char*, 1ul> >(int, at::native::FillFunctor<int>, std::array<char*, 1ul>)",11603043914442,11603043957860,308,101,1136.0,757185.0,65536.0,0.0,0.0,0.0,0.0,595292084.0,595292084.0,0.0,0.0,0.0,0.0,89677.0,1835120.0,4198304.0,0.0,0.0,4194304.0,0.0
308,0,1,698,698,16777216,256,0,0,56,0,32,64,bias_kernel,11603044355082,11603045517361,309,199,1136.0,15536246.0,0.0,8388608.0,0.0,0.0,0.0,16244009048.0,16244009048.0,0.0,0.0,2097152.0,0.0,38604989330.0,33423606.0,50498806.0,0.0,0.0,71303168.0,150994944.0
309,0,1,698,698,4194304,256,0,0,12,4,32,64,"void at::native::vectorized_elementwise_kernel<4, at::native::FillFunctor<int>, std::array<char*, 1ul> >(int, at::native::FillFunctor<int>, std::array<char*, 1ul>)",11603045897064,11603045940763,310,101,1136.0,746477.0,65536.0,0.0,0.0,0.0,0.0,598916452.0,598916452.0,0.0,0.0,0.0,0.0,89233.0,1835120.0,4198304.0,0.0,0.0,4194304.0,0.0
310,0,1,698,698,16777216,256,0,0,56,0,32,64,bias_kernel,11603046338867,11603047497498,311,199,1136.0,15342501.0,0.0,8388608.0,0.0,0.0,0.0,16066668372.0,16066668372.0,0.0,0.0,2097152.0,0.0,38001032858.0,33423622.0,50505360.0,0.0,0.0,71303168.0,150994944.0
311,0,1,698,698,4194304,256,0,0,12,4,32,64,"void at::native::vectorized_elementwise_kernel<4, at::native::FillFunctor<int>, std::array<char*, 1ul> >(int, at::native::FillFunctor<int>, std::array<char*, 1ul>)",11603047859520,11603047903058,312,101,1136.0,755120.0,65536.0,0.0,0.0,0.0,0.0,601439212.0,601439212.0,0.0,0.0,0.0,0.0,94459.0,1835120.0,4198304.0,0.0,0.0,4194304.0,0.0
312,0,1,698,698,16777216,256,0,0,56,0,32,64,bias_kernel,11603048302004,11603049463682,313,199,1136.0,15670829.0,0.0,8388608.0,0.0,0.0,0.0,16174526292.0,16174526292.0,0.0,0.0,2097152.0,0.0,38672058287.0,33423607.0,50499922.0,0.0,0.0,71303168.0,150994944.0
313,0,1,698,698,4194304,256,0,0,12,4,32,64,"void at::native::vectorized_elementwise_kernel<4, at::native::FillFunctor<int>, std::array<char*, 1ul> >(int, at::native::FillFunctor<int>, std::array<char*, 1ul>)",11603049852645,11603049896665,314,101,1221.0,759378.0,65536.0,0.0,0.0,0.0,0.0,603803160.0,603803160.0,0.0,0.0,0.0,0.0,88947.0,1835120.0,4198304.0,0.0,0.0,4194304.0,0.0
314,0,1,698,698,16777216,256,0,0,56,0,32,64,bias_kernel,11603050297495,11603051450032,315,199,1136.0,15310301.0,0.0,8388608.0,0.0,0.0,0.0,15946059176.0,15946059176.0,0.0,0.0,2097152.0,0.0,38471925317.0,33423600.0,50498102.0,0.0,0.0,71303168.0,150994944.0
315,0,1,698,698,4194304,256,0,0,12,4,32,64,"void at::native::vectorized_elementwise_kernel<4, at::native::FillFunctor<int>, std::array<char*, 1ul> >(int, at::native::FillFunctor<int>, std::array<char*, 1ul>)",11603051833543,11603051877042,316,101,1136.0,753499.0,65536.0,0.0,0.0,0.0,0.0,600861648.0,600861648.0,0.0,0.0,0.0,0.0,93933.0,1835120.0,4198304.0,0.0,0.0,4194304.0,0.0
316,0,1,698,698,16777216,256,0,0,56,0,32,64,bias_kernel,11603052275427,11603053438949,317,199,1136.0,15600947.0,0.0,8388608.0,0.0,0.0,0.0,16075855548.0,16075855548.0,0.0,0.0,2097152.0,0.0,38680634402.0,33423602.0,50503442.0,0.0,0.0,71303168.0,150994944.0
317,0,1,698,698,4194304,256,0,0,12,4,32,64,"void at::native::vectorized_elementwise_kernel<4, at::native::FillFunctor<int>, std::array<char*, 1ul> >(int, at::native::FillFunctor<int>, std::array<char*, 1ul>)",11603053826909,11603053870168,318,101,1136.0,788217.0,65536.0,0.0,0.0,0.0,0.0,622712252.0,622712252.0,0.0,0.0,0.0,0.0,96696.0,1835120.0,4198304.0,0.0,0.0,4194304.0,0.0
318,0,1,698,698,16777216,256,0,0,56,0,32,64,bias_kernel,11603054267029,11603055432876,319,199,1136.0,15845245.0,0.0,8388608.0,0.0,0.0,0.0,16458876080.0,16458876080.0,0.0,0.0,2097152.0,0.0,38961481944.0,33423595.0,50497874.0,0.0,0.0,71303168.0,150994944.0
319,0,1,698,698,4194304,256,0,0,12,4,32,64,"void at::native::vectorized_elementwise_kernel<4, at::native::FillFunctor<int>, std::array<char*, 1ul> >(int, at::native::FillFunctor<int>, std::array<char*, 1ul>)",11603055817950,11603055861850,320,101,1136.0,809947.0,65536.0,0.0,0.0,0.0,0.0,645408256.0,645408256.0,0.0,0.0,0.0,0.0,95236.0,1835120.0,4198304.0,0.0,0.0,4194304.0,0.0
320,0,1,698,698,16777216,256,0,0,56,0,32,64,bias_kernel,11603056263041,11603057425761,321,199,1136.0,15825014.0,0.0,8388608.0,0.0,0.0,0.0,16507076832.0,16507076832.0,0.0,0.0,2097152.0,0.0,39217773785.0,33423620.0,50499684.0,0.0,0.0,71303168.0,150994944.0
321,0,1,698,698,4194304,256,0,0,12,4,32,64,"void at::native::vectorized_elementwise_kernel<4, at::native::FillFunctor<int>, std::array<char*, 1ul> >(int, at::native::FillFunctor<int>, std::array<char*, 1ul>)",11603057809072,11603057852049,322,101,1221.0,827914.0,65536.0,0.0,0.0,0.0,0.0,663156740.0,663156740.0,0.0,0.0,0.0,0.0,100007.0,1835120.0,4198304.0,0.0,0.0,4194304.0,0.0
322,0,1,698,698,16777216,256,0,0,56,0,32,64,bias_kernel,11603058248189,11603059414998,323,199,1136.0,16067600.0,0.0,8388608.0,0.0,0.0,0.0,16817120440.0,16817120440.0,0.0,0.0,2097152.0,0.0,39362852229.0,33423606.0,50502708.0,0.0,0.0,71303168.0,150994944.0
323,0,1,698,698,4194304,256,0,0,12,4,32,64,"void at::native::vectorized_elementwise_kernel<4, at::native::FillFunctor<int>, std::array<char*, 1ul> >(int, at::native::FillFunctor<int>, std::array<char*, 1ul>)",11603059793898,11603059837036,324,101,1136.0,830651.0,65536.0,0.0,0.0,0.0,0.0,672572096.0,672572096.0,0.0,0.0,0.0,0.0,94407.0,1835120.0,4198304.0,0.0,0.0,4194304.0,0.0
324,0,1,698,698,16777216,256,0,0,56,0,32,64,bias_kernel,11603060228525,11603061388559,325,199,1136.0,16067702.0,0.0,8388608.0,0.0,0.0,0.0,16620137680.0,16620137680.0,0.0,0.0,2097152.0,0.0,39764475623.0,33423605.0,50497966.0,0.0,0.0,71303168.0,150994944.0
325,0,1,698,698,4194304,256,0,0,12,4,32,64,"void at::native::vectorized_elementwise_kernel<4, at::native::FillFunctor<int>, std::array<char*, 1ul> >(int, at::native::FillFunctor<int>, std::array<char*, 1ul>)",11603061767660,11603061810558,326,101,1136.0,831797.0,65536.0,0.0,0.0,0.0,0.0,668431320.0,668431320.0,0.0,0.0,0.0,0.0,93618.0,1835120.0,4198304.0,0.0,0.0,4194304.0,0.0
326,0,1,698,698,16777216,256,0,0,56,0,32,64,bias_kernel,11603062200844,11603063359194,327,199,1136.0,16156281.0,0.0,8388608.0,0.0,0.0,0.0,16850610688.0,16850610688.0,0.0,0.0,2097152.0,0.0,40555957689.0,33423625.0,50499418.0,0.0,0.0,71303168.0,150994944.0
327,0,1,698,698,4194304,256,0,0,12,4,32,64,"void at::native::vectorized_elementwise_kernel<4, at::native::FillFunctor<int>, std::array<char*, 1ul> >(int, at::native::FillFunctor<int>, std::array<char*, 1ul>)",11603063738215,11603063781393,328,101,1136.0,839570.0,65536.0,0.0,0.0,0.0,0.0,669082260.0,669082260.0,0.0,0.0,0.0,0.0,94514.0,1835120.0,4198304.0,0.0,0.0,4194304.0,0.0
328,0,1,698,698,16777216,256,0,0,56,0,32,64,bias_kernel,11603064168004,11603065325953,329,199,1136.0,16292286.0,0.0,8388608.0,0.0,0.0,0.0,16645723912.0,16645723912.0,0.0,0.0,2097152.0,0.0,40232455283.0,33423617.0,50498628.0,0.0,0.0,71303168.0,150994944.0
329,0,1,698,698,4194304,256,0,0,12,4,32,64,"void at::native::vectorized_elementwise_kernel<4, at::native::FillFunctor<int>, std::array<char*, 1ul> >(int, at::native::FillFunctor<int>, std::array<char*, 1ul>)",11603065723775,11603065766472,330,101,1173.0,832942.0,65536.0,0.0,0.0,0.0,0.0,669386248.0,669386248.0,0.0,0.0,0.0,0.0,98754.0,1835120.0,4198304.0,0.0,0.0,4194304.0,0.0
330,0,1,698,698,16777216,256,0,0,56,0,32,64,bias_kernel,11603066151667,11603067310939,331,199,1136.0,16366823.0,0.0,8388608.0,0.0,0.0,0.0,16645238712.0,16645238712.0,0.0,0.0,2097152.0,0.0,40462732701.0,33423603.0,50498416.0,0.0,0.0,71303168.0,150994944.0
331,0,1,698,698,4194304,256,0,0,12,4,32,64,"void at::native::vectorized_elementwise_kernel<4, at::native::FillFunctor<int>, std::array<char*, 1ul> >(int, at::native::FillFunctor<int>, std::array<char*, 1ul>)",11603067692927,11603067735824,332,101,1136.0,838799.0,65536.0,0.0,0.0,0.0,0.0,668718208.0,668718208.0,0.0,0.0,0.0,0.0,96328.0,1835120.0,4198304.0,0.0,0.0,4194304.0,0.0
332,0,1,698,698,16777216,256,0,0,56,0,32,64,bias_kernel,11603068130761,11603069297250,333,199,1136.0,16635719.0,0.0,8388608.0,0.0,0.0,0.0,17020637684.0,17020637684.0,0.0,0.0,2097152.0,0.0,41192510651.0,33423614.0,50496756.0,0.0,0.0,71303168.0,150994944.0
333,0,1,698,698,4194304,256,0,0,12,4,32,64,"void at::native::vectorized_elementwise_kernel<4, at::native::FillFunctor<int>, std::array<char*, 1ul> >(int, at::native::FillFunctor<int>, std::array<char*, 1ul>)",11603069671379,11603069714357,334,101,1136.0,833429.0,65536.0,0.0,0.0,0.0,0.0,669714592.0,669714592.0,0.0,0.0,0.0,0.0,97334.0,1835120.0,4198304.0,0.0,0.0,4194304.0,0.0
334,0,1,698,698,16777216,256,0,0,56,0,32,64,bias_kernel,11603070121441,11603071278428,335,199,1136.0,16296100.0,0.0,8388608.0,0.0,0.0,0.0,16787523772.0,16787523772.0,0.0,0.0,2097152.0,0.0,40592577122.0,33423621.0,50500108.0,0.0,0.0,71303168.0,150994944.0
335,0,1,698,698,4194304,256,0,0,12,4,32,64,"void at::native::vectorized_elementwise_kernel<4, at::native::FillFunctor<int>, std::array<char*, 1ul> >(int, at::native::FillFunctor<int>, std::array<char*, 1ul>)",11603071658331,11603071701228,336,101,1136.0,831715.0,65536.0,0.0,0.0,0.0,0.0,666343052.0,666343052.0,0.0,0.0,0.0,0.0,99490.0,1835120.0,4198304.0,0.0,0.0,4194304.0,0.0
336,0,1,698,698,16777216,256,0,0,56,0,32,64,bias_kernel,11603072087586,11603073246217,337,199,1136.0,16475109.0,0.0,8388608.0,0.0,0.0,0.0,17189663480.0,17189663480.0,0.0,0.0,2097152.0,0.0,40756654324.0,33423616.0,50497440.0,0.0,0.0,71303168.0,150994944.0
337,0,1,698,698,4194304,256,0,0,12,4,32,64,"void at::native::vectorized_elementwise_kernel<4, at::native::FillFunctor<int>, std::array<char*, 1ul> >(int, at::native::FillFunctor<int>, std::array<char*, 1ul>)",11603073628284,11603073671101,338,101,1221.0,841730.0,65536.0,0.0,0.0,0.0,0.0,670829756.0,670829756.0,0.0,0.0,0.0,0.0,96558.0,1835120.0,4198304.0,0.0,0.0,4194304.0,0.0
338,0,1,698,698,16777216,256,0,0,56,0,32,64,bias_kernel,11603074047436,11603075207831,339,199,1136.0,16121061.0,0.0,8388608.0,0.0,0.0,0.0,16732972340.0,16732972340.0,0.0,0.0,2097152.0,0.0,39934965994.0,33423598.0,50498100.0,0.0,0.0,71303168.0,150994944.0
339,0,1,698,698,4194304,256,0,0,12,4,32,64,"void at::native::vectorized_elementwise_kernel<4, at::native::FillFunctor<int>, std::array<char*, 1ul> >(int, at::native::FillFunctor<int>, std::array<char*, 1ul>)",11603075579715,11603075622693,340,101,1136.0,831946.0,65536.0,0.0,0.0,0.0,0.0,673563748.0,673563748.0,0.0,0.0,0.0,0.0,124584.0,1835120.0,4198304.0,0.0,0.0,4194304.0,0.0
340,0,1,698,698,16777216,256,0,0,56,0,32,64,bias_kernel,11603076002676,11603077164474,341,199,1136.0,15709508.0,0.0,8388608.0,0.0,0.0,0.0,16351656348.0,16351656348.0,0.0,0.0,2097152.0,0.0,39215175824.0,33423604.0,50499686.0,0.0,0.0,71303168.0,150994944.0
341,0,1,698,698,4194304,256,0,0,12,4,32,64,"void at::native::vectorized_elementwise_kernel<4, at::native::FillFunctor<int>, std::array<char*, 1ul> >(int, at::native::FillFunctor<int>, std::array<char*, 1ul>)",11603077537721,11603077580699,342,101,1136.0,835589.0,65536.0,0.0,0.0,0.0,0.0,670880788.0,670880788.0,0.0,0.0,0.0,0.0,104914.0,1835120.0,4198320.0,0.0,0.0,4194304.0,0.0
342,0,1,698,698,16777216,256,0,0,56,0,32,64,bias_kernel,11603077958837,11603079116105,343,199,1136.0,14931732.0,0.0,8388608.0,0.0,0.0,0.0,15694846416.0,15694846416.0,0.0,0.0,2097152.0,0.0,37545504613.0,33423593.0,50500360.0,0.0,0.0,71303168.0,150994944.0
343,0,1,698,698,4194304,256,0,0,12,4,32,64,"void at::native::vectorized_elementwise_kernel<4, at::native::FillFunctor<int>, std::array<char*, 1ul> >(int, at::native::FillFunctor<int>, std::array<char*, 1ul>)",11603079489954,11603079532852,344,101,1136.0,829870.0,65536.0,0.0,0.0,0.0,0.0,669812796.0,669812796.0,0.0,0.0,0.0,0.0,96455.0,1835120.0,4198304.0,0.0,0.0,4194304.0,0.0
344,0,1,698,698,16777216,256,0,0,56,0,32,64,bias_kernel,11603079909988,11603081062365,345,199,1136.0,14677296.0,0.0,8388608.0,0.0,0.0,0.0,15095320828.0,15095320828.0,0.0,0.0,2097152.0,0.0,36918476013.0,33423600.0,50499568.0,0.0,0.0,71303168.0,150994944.0
345,0,1,698,698,4194304,256,0,0,12,4,32,64,"void at::native::vectorized_elementwise_kernel<4, at::native::FillFunctor<int>, std::array<char*, 1ul> >(int, at::native::FillFunctor<int>, std::array<char*, 1ul>)",11603081439140,11603081481997,346,101,1221.0,834094.0,65536.0,0.0,0.0,0.0,0.0,677246548.0,677246548.0,0.0,0.0,0.0,0.0,95421.0,1835120.0,4198304.0,0.0,0.0,4194304.0,0.0
346,0,1,698,698,16777216,256,0,0,56,0,32,64,bias_kernel,11603081858973,11603083019809,347,199,1136.0,14938925.0,0.0,8388608.0,0.0,0.0,0.0,15611918272.0,15611918272.0,0.0,0.0,2097152.0,0.0,37226260421.0,33423598.0,50498024.0,0.0,0.0,71303168.0,150994944.0
347,0,1,698,698,4194304,256,0,0,12,4,32,64,"void at::native::vectorized_elementwise_kernel<4, at::native::FillFunctor<int>, std::array<char*, 1ul> >(int, at::native::FillFunctor<int>, std::array<char*, 1ul>)",11603083399511,11603083442730,348,101,1136.0,841514.0,65536.0,0.0,0.0,0.0,0.0,675278176.0,675278176.0,0.0,0.0,0.0,0.0,97499.0,1835120.0,4198320.0,0.0,0.0,4194304.0,0.0
348,0,1,698,698,16777216,256,0,0,56,0,32,64,bias_kernel,11603083816699,11603084985713,349,199,1136.0,15218316.0,0.0,8388608.0,0.0,0.0,0.0,15691053716.0,15691053716.0,0.0,0.0,2097152.0,0.0,37565047062.0,33423604.0,50502992.0,0.0,0.0,71303168.0,150994944.0
349,0,1,698,698,4194304,256,0,0,12,4,32,64,"void at::native::vectorized_elementwise_kernel<4, at::native::FillFunctor<int>, std::array<char*, 1ul> >(int, at::native::FillFunctor<int>, std::array<char*, 1ul>)",11603085366057,11603085408914,350,101,1136.0,802111.0,65536.0,0.0,0.0,0.0,0.0,646523572.0,646523572.0,0.0,0.0,0.0,0.0,88031.0,1835120.0,4198304.0,0.0,0.0,4194304.0,0.0
350,0,1,698,698,16777216,256,0,0,56,0,32,64,bias_kernel,11603085789819,11603086955867,351,199,1136.0,15146224.0,0.0,8388608.0,0.0,0.0,0.0,15529249896.0,15529249896.0,0.0,0.0,2097152.0,0.0,37142005135.0,33423601.0,50504602.0,0.0,0.0,71303168.0,150994944.0
351,0,1,698,698,4194304,256,0,0,12,4,32,64,"void at::native::vectorized_elementwise_kernel<4, at::native::FillFunctor<int>, std::array<char*, 1ul> >(int, at::native::FillFunctor<int>, std::array<char*, 1ul>)",11603087334887,11603087377825,352,101,1136.0,811016.0,65536.0,0.0,0.0,0.0,0.0,653448576.0,653448576.0,0.0,0.0,0.0,0.0,100516.0,1835120.0,4198320.0,0.0,0.0,4194304.0,0.0
352,0,1,698,698,16777216,256,0,0,56,0,32,64,bias_kernel,11603087753959,11603088915717,353,199,1136.0,14963627.0,0.0,8388608.0,0.0,0.0,0.0,15485899828.0,15485899828.0,0.0,0.0,2097152.0,0.0,37168374388.0,33423605.0,50502538.0,0.0,0.0,71303168.0,150994944.0
353,0,1,698,698,4194304,256,0,0,12,4,32,64,"void at::native::vectorized_elementwise_kernel<4, at::native::FillFunctor<int>, std::array<char*, 1ul> >(int, at::native::FillFunctor<int>, std::array<char*, 1ul>)",11603089299589,11603089342927,354,101,1221.0,790424.0,65536.0,0.0,0.0,0.0,0.0,628260644.0,628260644.0,0.0,0.0,0.0,0.0,94277.0,1835120.0,4198320.0,0.0,0.0,4194304.0,0.0
354,0,1,698,698,16777216,256,0,0,56,0,32,64,bias_kernel,11603089726438,11603090887955,355,199,1136.0,15168313.0,0.0,8388608.0,0.0,0.0,0.0,15696475140.0,15696475140.0,0.0,0.0,2097152.0,0.0,37142520922.0,33423601.0,50499390.0,0.0,0.0,71303168.0,150994944.0
355,0,1,698,698,4194304,256,0,0,12,4,32,64,"void at::native::vectorized_elementwise_kernel<4, at::native::FillFunctor<int>, std::array<char*, 1ul> >(int, at::native::FillFunctor<int>, std::array<char*, 1ul>)",11603091271025,11603091314323,356,101,1136.0,810185.0,65536.0,0.0,0.0,0.0,0.0,643301244.0,643301244.0,0.0,0.0,0.0,0.0,90633.0,1835120.0,4198320.0,0.0,0.0,4194304.0,0.0
356,0,1,698,698,16777216,256,0,0,56,0,32,64,bias_kernel,11603091691219,11603092844237,357,199,1136.0,14776335.0,0.0,8388608.0,0.0,0.0,0.0,15077226756.0,15077226756.0,0.0,0.0,2097152.0,0.0,37195845129.0,33423594.0,50497776.0,0.0,0.0,71303168.0,150994944.0
357,0,1,698,698,4194304,256,0,0,12,4,32,64,"void at::native::vectorized_elementwise_kernel<4, at::native::FillFunctor<int>, std::array<char*, 1ul> >(int, at::native::FillFunctor<int>, std::array<char*, 1ul>)",11603093232439,11603093275857,358,101,1136.0,779598.0,65536.0,0.0,0.0,0.0,0.0,631198320.0,631198320.0,0.0,0.0,0.0,0.0,87662.0,1835120.0,4198304.0,0.0,0.0,4194304.0,0.0
358,0,1,698,698,16777216,256,0,0,56,0,32,64,bias_kernel,11603093658045,11603094813870,359,199,1136.0,14966234.0,0.0,8388608.0,0.0,0.0,0.0,15610365176.0,15610365176.0,0.0,0.0,2097152.0,0.0,37482133607.0,33423599.0,50503302.0,0.0,0.0,71303168.0,150994944.0
359,0,1,698,698,4194304,256,0,0,12,4,32,64,"void at::native::vectorized_elementwise_kernel<4, at::native::FillFunctor<int>, std::array<char*, 1ul> >(int, at::native::FillFunctor<int>, std::array<char*, 1ul>)",11603095193251,11603095236710,360,101,1136.0,789073.0,65536.0,0.0,0.0,0.0,0.0,620419208.0,620419208.0,0.0,0.0,0.0,0.0,90778.0,1835120.0,4198320.0,0.0,0.0,4194304.0,0.0
360,0,1,698,698,16777216,256,0,0,56,0,32,64,bias_kernel,11603095620060,11603096775965,361,199,1136.0,15100440.0,0.0,8388608.0,0.0,0.0,0.0,15508050796.0,15508050796.0,0.0,0.0,2097152.0,0.0,37672319084.0,33423592.0,50499096.0,0.0,0.0,71303168.0,150994944.0
361,0,1,698,698,4194304,256,0,0,12,4,32,64,"void at::native::vectorized_elementwise_kernel<4, at::native::FillFunctor<int>, std::array<char*, 1ul> >(int, at::native::FillFunctor<int>, std::array<char*, 1ul>)",11603097163966,11603097207345,362,101,1221.0,747695.0,65536.0,0.0,0.0,0.0,0.0,599385812.0,599385812.0,0.0,0.0,0.0,0.0,93502.0,1835120.0,4198304.0,0.0,0.0,4194304.0,0.0
362,0,1,698,698,16777216,256,0,0,56,0,32,64,bias_kernel,11603097587568,11603098745998,363,199,1136.0,15261969.0,0.0,8388608.0,0.0,0.0,0.0,15749708620.0,15749708620.0,0.0,0.0,2097152.0,0.0,38083524813.0,33423603.0,50498822.0,0.0,0.0,71303168.0,150994944.0
363,0,1,698,698,4194304,256,0,0,12,4,32,64,"void at::native::vectorized_elementwise_kernel<4, at::native::FillFunctor<int>, std::array<char*, 1ul> >(int, at::native::FillFunctor<int>, std::array<char*, 1ul>)",11603099122614,11603099165952,364,101,1136.0,742429.0,65536.0,0.0,0.0,0.0,0.0,594312112.0,594312112.0,0.0,0.0,0.0,0.0,82289.0,1835120.0,4198304.0,0.0,0.0,4194304.0,0.0
364,0,1,698,698,16777216,256,0,0,56,0,32,64,bias_kernel,11603099547498,11603100704004,365,199,1136.0,15156052.0,0.0,8388608.0,0.0,0.0,0.0,15618789140.0,15618789140.0,0.0,0.0,2097152.0,0.0,38024469029.0,33423610.0,50498900.0,0.0,0.0,71303168.0,150994944.0
365,0,1,698,698,4194304,256,0,0,12,4,32,64,"void at::native::vectorized_elementwise_kernel<4, at::native::FillFunctor<int>, std::array<char*, 1ul> >(int, at::native::FillFunctor<int>, std::array<char*, 1ul>)",11603101074686,11603101118305,366,101,1136.0,748914.0,65536.0,0.0,0.0,0.0,0.0,595122060.0,595122060.0,0.0,0.0,0.0,0.0,83468.0,1835120.0,4198304.0,0.0,0.0,4194304.0,0.0
366,0,1,698,698,16777216,256,0,0,56,0,32,64,bias_kernel,11603101501215,11603102654513,367,199,1136.0,15235219.0,0.0,8388608.0,0.0,0.0,0.0,15637530528.0,15637530528.0,0.0,0.0,2097152.0,0.0,38202370059.0,33423599.0,50499236.0,0.0,0.0,71303168.0,150994944.0
367,0,1,698,698,4194304,256,0,0,12,4,32,64,"void at::native::vectorized_elementwise_kernel<4, at::native::FillFunctor<int>, std::array<char*, 1ul> >(int, at::native::FillFunctor<int>, std::array<char*, 1ul>)",11603103033133,11603103076792,368,101,1136.0,755223.0,65536.0,0.0,0.0,0.0,0.0,602963432.0,602963432.0,0.0,0.0,0.0,0.0,91592.0,1835120.0,4198304.0,0.0,0.0,4194304.0,0.0
368,0,1,698,698,16777216,256,0,0,56,0,32,64,bias_kernel,11603103462388,11603104627193,369,199,1136.0,15666753.0,0.0,8388608.0,0.0,0.0,0.0,15979062356.0,15979062356.0,0.0,0.0,2097152.0,0.0,38780951810.0,33423607.0,50497470.0,0.0,0.0,71303168.0,150994944.0
369,0,1,698,698,4194304,256,0,0,12,4,32,64,"void at::native::vectorized_elementwise_kernel<4, at::native::FillFunctor<int>, std::array<char*, 1ul> >(int, at::native::FillFunctor<int>, std::array<char*, 1ul>)",11603104986649,11603105030188,370,101,1221.0,741297.0,65536.0,0.0,0.0,0.0,0.0,595341888.0,595341888.0,0.0,0.0,0.0,0.0,82399.0,1835120.0,4198304.0,0.0,0.0,4194304.0,0.0
370,0,1,698,698,16777216,256,0,0,56,0,32,64,bias_kernel,11603105411734,11603106584637,371,199,1136.0,15953075.0,0.0,8388608.0,0.0,0.0,0.0,16437371464.0,16437371464.0,0.0,0.0,2097152.0,0.0,38941046713.0,33423603.0,50500194.0,0.0,0.0,71303168.0,150994944.0
371,0,1,698,698,4194304,256,0,0,12,4,32,64,"void at::native::vectorized_elementwise_kernel<4, at::native::FillFunctor<int>, std::array<char*, 1ul> >(int, at::native::FillFunctor<int>, std::array<char*, 1ul>)",11603106937599,11603106980937,372,101,1136.0,818187.0,65536.0,0.0,0.0,0.0,0.0,644071644.0,644071644.0,0.0,0.0,0.0,0.0,96515.0,1835120.0,4198320.0,0.0,0.0,4194304.0,0.0
372,0,1,698,698,16777216,256,0,0,56,0,32,64,bias_kernel,11603107366212,11603108528491,373,199,1136.0,16189407.0,0.0,8388608.0,0.0,0.0,0.0,16996190856.0,16996190856.0,0.0,0.0,2097152.0,0.0,40002644104.0,33423606.0,50498934.0,0.0,0.0,71303168.0,150994944.0
373,0,1,698,698,4194304,256,0,0,12,4,32,64,"void at::native::vectorized_elementwise_kernel<4, at::native::FillFunctor<int>, std::array<char*, 1ul> >(int, at::native::FillFunctor<int>, std::array<char*, 1ul>)",11603108886665,11603108929201,374,101,1136.0,827550.0,65536.0,0.0,0.0,0.0,0.0,668380068.0,668380068.0,0.0,0.0,0.0,0.0,97659.0,1835120.0,4198320.0,0.0,0.0,4194304.0,0.0
374,0,1,698,698,16777216,256,0,0,56,0,32,64,bias_kernel,11603109302970,11603110460679,375,199,1136.0,15963942.0,0.0,8388608.0,0.0,0.0,0.0,16525439000.0,16525439000.0,0.0,0.0,2097152.0,0.0,39691242702.0,33423604.0,50500194.0,0.0,0.0,71303168.0,150994944.0
375,0,1,698,698,4194304,256,0,0,12,4,32,64,"void at::native::vectorized_elementwise_kernel<4, at::native::FillFunctor<int>, std::array<char*, 1ul> >(int, at::native::FillFunctor<int>, std::array<char*, 1ul>)",11603110830478,11603110873376,376,101,1136.0,836234.0,65536.0,0.0,0.0,0.0,0.0,669130288.0,669130288.0,0.0,0.0,0.0,0.0,97786.0,1835120.0,4198320.0,0.0,0.0,4194304.0,0.0
376,0,1,698,698,16777216,256,0,0,56,0,32,64,bias_kernel,11603111254281,11603112418284,377,199,1136.0,16518529.0,0.0,8388608.0,0.0,0.0,0.0,16756357808.0,16756357808.0,0.0,0.0,2097152.0,0.0,40462941286.0,33423601.0,50497106.0,0.0,0.0,71303168.0,150994944.0
377,0,1,698,698,4194304,256,0,0,12,4,32,64,"void at::native::vectorized_elementwise_kernel<4, at::native::FillFunctor<int>, std::array<char*, 1ul> >(int, at::native::FillFunctor<int>, std::array<char*, 1ul>)",11603112791211,11603112833948,378,101,1221.0,842404.0,65536.0,0.0,0.0,0.0,0.0,674981332.0,674981332.0,0.0,0.0,0.0,0.0,107018.0,1835120.0,4198320.0,0.0,0.0,4194304.0,0.0
378,0,1,698,698,16777216,256,0,0,56,0,32,64,bias_kernel,11603113205231,11603114357768,379,199,1136.0,16332439.0,0.0,8388608.0,0.0,0.0,0.0,16917180420.0,16917180420.0,0.0,0.0,2097152.0,0.0,40191144383.0,33423613.0,50498210.0,0.0,0.0,71303168.0,150994944.0
379,0,1,698,698,4194304,256,0,0,12,4,32,64,"void at::native::vectorized_elementwise_kernel<4, at::native::FillFunctor<int>, std::array<char*, 1ul> >(int, at::native::FillFunctor<int>, std::array<char*, 1ul>)",11603114725683,11603114768661,380,101,1136.0,812788.0,65536.0,0.0,0.0,0.0,0.0,670782540.0,670782540.0,0.0,0.0,0.0,0.0,104358.0,1835120.0,4198304.0,0.0,0.0,4194304.0,0.0
380,0,1,698,698,16777216,256,0,0,56,0,32,64,bias_kernel,11603115128839,11603116290516,381,199,1136.0,16338175.0,0.0,8388608.0,0.0,0.0,0.0,16771142284.0,16771142284.0,0.0,0.0,2097152.0,0.0,40441336719.0,33423613.0,50505736.0,0.0,0.0,71303168.0,150994944.0
381,0,1,698,698,4194304,256,0,0,12,4,32,64,"void at::native::vectorized_elementwise_kernel<4, at::native::FillFunctor<int>, std::array<char*, 1ul> >(int, at::native::FillFunctor<int>, std::array<char*, 1ul>)",11603116658352,11603116700768,382,101,1136.0,827816.0,65536.0,0.0,0.0,0.0,0.0,668880352.0,668880352.0,0.0,0.0,0.0,0.0,101361.0,1835120.0,4198320.0,0.0,0.0,4194304.0,0.0
382,0,1,698,698,16777216,256,0,0,56,0,32,64,bias_kernel,11603117064033,11603118224147,383,199,1136.0,15630222.0,0.0,8388608.0,0.0,0.0,0.0,16070314588.0,16070314588.0,0.0,0.0,2097152.0,0.0,38914900824.0,33423615.0,50498492.0,0.0,0.0,71303168.0,150994944.0
383,0,1,698,698,4194304,256,0,0,12,4,32,64,"void at::native::vectorized_elementwise_kernel<4, at::native::FillFunctor<int>, std::array<char*, 1ul> >(int, at::native::FillFunctor<int>, std::array<char*, 1ul>)",11603118587051,11603118629748,384,101,1136.0,825436.0,65536.0,0.0,0.0,0.0,0.0,671302488.0,671302488.0,0.0,0.0,0.0,0.0,98952.0,1835120.0,4198320.0,0.0,0.0,4194304.0,0.0
384,0,1,698,698,16777216,256,0,0,56,0,32,64,bias_kernel,11603118990648,11603120158740,385,199,1136.0,15062318.0,0.0,8388608.0,0.0,0.0,0.0,15599470328.0,15599470328.0,0.0,0.0,2097152.0,0.0,37175467447.0,33423613.0,50498360.0,0.0,0.0,71303168.0,150994944.0
385,0,1,698,698,4194304,256,0,0,12,4,32,64,"void at::native::vectorized_elementwise_kernel<4, at::native::FillFunctor<int>, std::array<char*, 1ul> >(int, at::native::FillFunctor<int>, std::array<char*, 1ul>)",11603120523047,11603120565905,386,101,1221.0,842585.0,65536.0,0.0,0.0,0.0,0.0,671003248.0,671003248.0,0.0,0.0,0.0,0.0,102568.0,1835120.0,4198320.0,0.0,0.0,4194304.0,0.0
386,0,1,698,698,16777216,256,0,0,56,0,32,64,bias_kernel,11603120928849,11603122087199,387,199,1136.0,14995517.0,0.0,8388608.0,0.0,0.0,0.0,15427671872.0,15427671872.0,0.0,0.0,2097152.0,0.0,37716132517.0,33423613.0,50504234.0,0.0,0.0,71303168.0,150994944.0
387,0,1,698,698,4194304,256,0,0,12,4,32,64,"void at::native::vectorized_elementwise_kernel<4, at::native::FillFunctor<int>, std::array<char*, 1ul> >(int, at::native::FillFunctor<int>, std::array<char*, 1ul>)",11603122446134,11603122489111,388,101,1136.0,812201.0,65536.0,0.0,0.0,0.0,0.0,663259876.0,663259876.0,0.0,0.0,0.0,0.0,96235.0,1835120.0,4198304.0,0.0,0.0,4194304.0,0.0
388,0,1,698,698,16777216,256,0,0,56,0,32,64,bias_kernel,11603122852617,11603124014455,389,199,1136.0,14822375.0,0.0,8388608.0,0.0,0.0,0.0,15360511632.0,15360511632.0,0.0,0.0,2097152.0,0.0,36789526771.0,33423602.0,50499322.0,0.0,0.0,71303168.0,150994944.0
389,0,1,698,698,4194304,256,0,0,12,4,32,64,"void at::native::vectorized_elementwise_kernel<4, at::native::FillFunctor<int>, std::array<char*, 1ul> >(int, at::native::FillFunctor<int>, std::array<char*, 1ul>)",11603124385898,11603124428836,390,101,1136.0,814819.0,65536.0,0.0,0.0,0.0,0.0,657075500.0,657075500.0,0.0,0.0,0.0,0.0,96547.0,1835120.0,4198320.0,0.0,0.0,4194304.0,0.0
390,0,1,698,698,16777216,256,0,0,56,0,32,64,bias_kernel,11603124792061,11603125953338,391,199,1136.0,14934029.0,0.0,8388608.0,0.0,0.0,0.0,15462773600.0,15462773600.0,0.0,0.0,2097152.0,0.0,37400973479.0,33423617.0,50499652.0,0.0,0.0,71303168.0,150994944.0
391,0,1,698,698,4194304,256,0,0,12,4,32,64,"void at::native::vectorized_elementwise_kernel<4, at::native::FillFunctor<int>, std::array<char*, 1ul> >(int, at::native::FillFunctor<int>, std::array<char*, 1ul>)",11603126331236,11603126374534,392,101,1136.0,784372.0,65536.0,0.0,0.0,0.0,0.0,625259856.0,625259856.0,0.0,0.0,0.0,0.0,98344.0,1835120.0,4198320.0,0.0,0.0,4194304.0,0.0
392,0,1,698,698,16777216,256,0,0,56,0,32,64,bias_kernel,11603126747982,11603127913549,393,199,1136.0,15291942.0,0.0,8388608.0,0.0,0.0,0.0,15908352684.0,15908352684.0,0.0,0.0,2097152.0,0.0,38007825048.0,33423604.0,50498518.0,0.0,0.0,71303168.0,150994944.0
393,0,1,698,698,4194304,256,0,0,12,4,32,64,"void at::native::vectorized_elementwise_kernel<4, at::native::FillFunctor<int>, std::array<char*, 1ul> >(int, at::native::FillFunctor<int>, std::array<char*, 1ul>)",11603128297899,11603128341437,394,101,1221.0,772911.0,65536.0,0.0,0.0,0.0,0.0,612017240.0,612017240.0,0.0,0.0,0.0,0.0,92588.0,1835120.0,4198320.0,0.0,0.0,4194304.0,0.0
394,0,1,698,698,16777216,256,0,0,56,0,32,64,bias_kernel,11603128741746,11603129899535,395,199,1088.0,15155515.0,0.0,8388608.0,0.0,0.0,0.0,15831648020.0,15831648020.0,0.0,0.0,2097152.0,0.0,37751662063.0,33423602.0,50499082.0,0.0,0.0,71303168.0,150994944.0
395,0,1,698,698,4194304,256,0,0,12,4,32,64,"void at::native::vectorized_elementwise_kernel<4, at::native::FillFunctor<int>, std::array<char*, 1ul> >(int, at::native::FillFunctor<int>, std::array<char*, 1ul>)",11603130273464,11603130316562,396,101,1136.0,773794.0,65536.0,0.0,0.0,0.0,0.0,617198456.0,617198456.0,0.0,0.0,0.0,0.0,96611.0,1835120.0,4198320.0,0.0,0.0,4194304.0,0.0
396,0,1,698,698,16777216,256,0,0,56,0,32,64,bias_kernel,11603130689409,11603131843109,397,199,1136.0,15146025.0,0.0,8388608.0,0.0,0.0,0.0,15899156620.0,15899156620.0,0.0,0.0,2097152.0,0.0,37935468259.0,33423604.0,50499152.0,0.0,0.0,71303168.0,150994944.0
397,0,1,698,698,4194304,256,0,0,12,4,32,64,"void at::native::vectorized_elementwise_kernel<4, at::native::FillFunctor<int>, std::array<char*, 1ul> >(int, at::native::FillFunctor<int>, std::array<char*, 1ul>)",11603132215274,11603132258532,398,101,1136.0,765865.0,65536.0,0.0,0.0,0.0,0.0,616038256.0,616038256.0,0.0,0.0,0.0,0.0,95371.0,1835120.0,4198304.0,0.0,0.0,4194304.0,0.0
398,0,1,698,698,16777216,256,0,0,56,0,32,64,bias_kernel,11603132631459,11603133795302,399,199,1136.0,15596154.0,0.0,8388608.0,0.0,0.0,0.0,16166057508.0,16166057508.0,0.0,0.0,2097152.0,0.0,38541738982.0,33423606.0,50498224.0,0.0,0.0,71303168.0,150994944.0
399,0,1,698,698,4194304,256,0,0,12,4,32,64,"void at::native::vectorized_elementwise_kernel<4, at::native::FillFunctor<int>, std::array<char*, 1ul> >(int, at::native::FillFunctor<int>, std::array<char*, 1ul>)",11603134164140,11603134207839,400,101,1136.0,732114.0,65536.0,0.0,0.0,0.0,0.0,589767916.0,589767916.0,0.0,0.0,0.0,0.0,86332.0,1835120.0,4198304.0,0.0,0.0,4194304.0,0.0
400,0,1,698,698,16777216,256,0,0,56,0,32,64,bias_kernel,11603134587341,11603135753630,401,199,1136.0,15556699.0,0.0,8388608.0,0.0,0.0,0.0,15885422184.0,15885422184.0,0.0,0.0,2097152.0,0.0,38159050914.0,33423605.0,50498026.0,0.0,0.0,71303168.0,150994944.0
401,0,1,698,698,4194304,256,0,0,12,4,32,64,"void at::native::vectorized_elementwise_kernel<4, at::native::FillFunctor<int>, std::array<char*, 1ul> >(int, at::native::FillFunctor<int>, std::array<char*, 1ul>)",11603136118138,11603136161436,402,101,1221.0,763986.0,65536.0,0.0,0.0,0.0,0.0,607268700.0,607268700.0,0.0,0.0,0.0,0.0,95230.0,1835120.0,4198320.0,0.0,0.0,4194304.0,0.0
402,0,1,698,698,16777216,256,0,0,56,0,32,64,bias_kernel,11603136544626,11603137707908,403,199,1136.0,15758538.0,0.0,8388608.0,0.0,0.0,0.0,16292264052.0,16292264052.0,0.0,0.0,2097152.0,0.0,38857637531.0,33423598.0,50498370.0,0.0,0.0,71303168.0,150994944.0
403,0,1,698,698,4194304,256,0,0,12,4,32,64,"void at::native::vectorized_elementwise_kernel<4, at::native::FillFunctor<int>, std::array<char*, 1ul> >(int, at::native::FillFunctor<int>, std::array<char*, 1ul>)",11603138059507,11603138102845,404,101,1136.0,747559.0,65536.0,0.0,0.0,0.0,0.0,597862564.0,597862564.0,0.0,0.0,0.0,0.0,87437.0,1835120.0,4198304.0,0.0,0.0,4194304.0,0.0
404,0,1,698,698,16777216,256,0,0,56,0,32,64,bias_kernel,11603138477696,11603139640457,405,199,1136.0,15781885.0,0.0,8388608.0,0.0,0.0,0.0,16241906940.0,16241906940.0,0.0,0.0,2097152.0,0.0,38815379001.0,33423602.0,50497668.0,0.0,0.0,71303168.0,150994944.0
405,0,1,698,698,33554432,512,0,0,28,4,32,64,bias_kernel,11603141684760,11603142832045,406,200,8386.0,14313810.0,0.0,8388608.0,0.0,0.0,0.0,11122222528.0,11122222528.0,0.0,0.0,2097152.0,0.0,35754251170.0,33423499.0,50591648.0,0.0,0.0,75497472.0,167772160.0
406,0,1,698,698,4194304,256,0,0,12,4,32,64,"void at::native::vectorized_elementwise_kernel<4, at::native::FillFunctor<int>, std::array<char*, 1ul> >(int, at::native::FillFunctor<int>, std::array<char*, 1ul>)",11603143262984,11603143306403,407,101,1136.0,718278.0,65536.0,0.0,0.0,0.0,0.0,572750412.0,572750412.0,0.0,0.0,0.0,0.0,83856.0,1835120.0,4198304.0,0.0,0.0,4194304.0,0.0
407,0,1,698,698,33554432,512,0,0,28,4,32,64,bias_kernel,11603143692680,11603144857726,408,200,1136.0,14813861.0,0.0,8388608.0,0.0,0.0,0.0,11796790848.0,11796790848.0,0.0,0.0,2097152.0,0.0,36575941240.0,33423504.0,50592216.0,0.0,0.0,75497472.0,167772160.0
408,0,1,698,698,4194304,256,0,0,12,4,32,64,"void at::native::vectorized_elementwise_kernel<4, at::native::FillFunctor<int>, std::array<char*, 1ul> >(int, at::native::FillFunctor<int>, std::array<char*, 1ul>)",11603145222635,11603145266133,409,101,1136.0,726460.0,65536.0,0.0,0.0,0.0,0.0,580622604.0,580622604.0,0.0,0.0,0.0,0.0,86799.0,1835120.0,4198304.0,0.0,0.0,4194304.0,0.0
409,0,1,698,698,33554432,512,0,0,28,4,32,64,bias_kernel,11603145650326,11603146812205,410,200,1221.0,14903321.0,0.0,8388608.0,0.0,0.0,0.0,11724657380.0,11724657380.0,0.0,0.0,2097152.0,0.0,37355253352.0,33423506.0,50591782.0,0.0,0.0,75497472.0,167772160.0
410,0,1,698,698,4194304,256,0,0,12,4,32,64,"void at::native::vectorized_elementwise_kernel<4, at::native::FillFunctor<int>, std::array<char*, 1ul> >(int, at::native::FillFunctor<int>, std::array<char*, 1ul>)",11603147182485,11603147226345,411,101,1136.0,736734.0,65536.0,0.0,0.0,0.0,0.0,587372272.0,587372272.0,0.0,0.0,0.0,0.0,92784.0,1835120.0,4198304.0,0.0,0.0,4194304.0,0.0
411,0,1,698,698,33554432,512,0,0,28,4,32,64,bias_kernel,11603147609215,11603148770853,412,200,1136.0,14870884.0,0.0,8388608.0,0.0,0.0,0.0,11627896832.0,11627896832.0,0.0,0.0,2097152.0,0.0,36933584744.0,33423511.0,50591930.0,0.0,0.0,75497472.0,167772160.0
412,0,1,698,698,4194304,256,0,0,12,4,32,64,"void at::native::vectorized_elementwise_kernel<4, at::native::FillFunctor<int>, std::array<char*, 1ul> >(int, at::native::FillFunctor<int>, std::array<char*, 1ul>)",11603149112068,11603149155687,413,101,1136.0,759384.0,65536.0,0.0,0.0,0.0,0.0,612314716.0,612314716.0,0.0,0.0,0.0,0.0,92249.0,1835120.0,4198304.0,0.0,0.0,4194304.0,0.0
413,0,1,698,698,33554432,512,0,0,28,4,32,64,bias_kernel,11603149536151,11603150695424,414,200,1136.0,15389740.0,0.0,8388608.0,0.0,0.0,0.0,12023262844.0,12023262844.0,0.0,0.0,2097152.0,0.0,38516958148.0,33423508.0,50592062.0,0.0,0.0,75497472.0,167772160.0
414,0,1,698,698,4194304,256,0,0,12,4,32,64,"void at::native::vectorized_elementwise_kernel<4, at::native::FillFunctor<int>, std::array<char*, 1ul> >(int, at::native::FillFunctor<int>, std::array<char*, 1ul>)",11603151057566,11603151100383,415,101,1136.0,751223.0,65536.0,0.0,0.0,0.0,0.0,599122116.0,599122116.0,0.0,0.0,0.0,0.0,112173.0,1835120.0,4198304.0,0.0,0.0,4194304.0,0.0
415,0,1,698,698,33554432,512,0,0,28,4,32,64,bias_kernel,11603151482170,11603152647256,416,200,1136.0,15375694.0,0.0,8388608.0,0.0,0.0,0.0,11559913676.0,11559913676.0,0.0,0.0,2097152.0,0.0,37540241142.0,33423506.0,50591444.0,0.0,0.0,75497472.0,167772160.0
416,0,1,698,698,33554432,512,0,0,28,4,32,64,bias_kernel,11603153150158,11603154289225,417,200,1136.0,16747825.0,0.0,8388608.0,0.0,0.0,0.0,12014735900.0,12014735900.0,0.0,0.0,2097152.0,0.0,41079929774.0,33423416.0,50593160.0,0.0,0.0,75497472.0,167772160.0
417,0,1,698,698,33554432,512,0,0,28,4,32,64,bias_kernel,11603154659827,11603155792720,418,200,1136.0,15608611.0,0.0,8388608.0,0.0,0.0,0.0,11579340464.0,11579340464.0,0.0,0.0,2097152.0,0.0,38834129551.0,33423506.0,50592160.0,0.0,0.0,75497472.0,167772160.0
418,0,1,698,698,33554432,512,0,0,28,4,32,64,bias_kernel,11603156170177,11603157308282,419,200,1221.0,16108133.0,0.0,8388608.0,0.0,0.0,0.0,11620938964.0,11620938964.0,0.0,0.0,2097152.0,0.0,39256351045.0,33423512.0,50592890.0,0.0,0.0,75497472.0,167772160.0
419,0,1,698,698,33554432,512,0,0,28,4,32,64,bias_kernel,11603157696604,11603158837715,420,200,1136.0,16984942.0,0.0,8388608.0,0.0,0.0,0.0,12102358984.0,12102358984.0,0.0,0.0,2097152.0,0.0,41525489800.0,33423504.0,50593376.0,0.0,0.0,75497472.0,167772160.0
420,0,1,698,698,33554432,512,0,0,28,4,32,64,bias_kernel,11603159230166,11603160362298,421,200,1136.0,15318879.0,0.0,8388608.0,0.0,0.0,0.0,10911918508.0,10911918508.0,0.0,0.0,2097152.0,0.0,37886994620.0,33423506.0,50592730.0,0.0,0.0,75497472.0,167772160.0
421,0,1,698,698,33554432,512,0,0,28,4,32,64,bias_kernel,11603160743403,11603161869921,422,200,1136.0,16337079.0,0.0,8388608.0,0.0,0.0,0.0,11333215660.0,11333215660.0,0.0,0.0,2097152.0,0.0,40509323044.0,33423508.0,50593276.0,0.0,0.0,75497472.0,167772160.0
422,0,1,698,698,33554432,512,0,0,28,4,32,64,bias_kernel,11603162288993,11603163425454,423,200,1136.0,15028144.0,0.0,8388608.0,0.0,0.0,0.0,11121716588.0,11121716588.0,0.0,0.0,2097152.0,0.0,36998749457.0,33423508.0,50592996.0,0.0,0.0,75497472.0,167772160.0
423,0,1,698,698,33554432,512,0,0,28,4,32,64,bias_kernel,11603163839675,11603164973811,424,200,1136.0,16283123.0,0.0,8388608.0,0.0,0.0,0.0,11878663684.0,11878663684.0,0.0,0.0,2097152.0,0.0,39967643651.0,33423509.0,50593344.0,0.0,0.0,75497472.0,167772160.0
424,0,1,698,698,33554432,512,0,0,28,4,32,64,bias_kernel,11603165397613,11603166528822,425,200,1136.0,15555514.0,0.0,8388608.0,0.0,0.0,0.0,11308447996.0,11308447996.0,0.0,0.0,2097152.0,0.0,38150872741.0,33423508.0,50592718.0,0.0,0.0,75497472.0,167772160.0
425,0,1,698,698,33554432,512,0,0,28,4,32,64,bias_kernel,11603166927728,11603168067757,426,200,1136.0,16174972.0,0.0,8388608.0,0.0,0.0,0.0,12288104636.0,12288104636.0,0.0,0.0,2097152.0,0.0,39197242471.0,33423506.0,50593862.0,0.0,0.0,75497472.0,167772160.0
426,0,1,698,698,33554432,512,0,0,28,4,32,64,bias_kernel,11603168492281,11603169621686,427,200,1136.0,15618499.0,0.0,8388608.0,0.0,0.0,0.0,11327803380.0,11327803380.0,0.0,0.0,2097152.0,0.0,38266511169.0,33423506.0,50593366.0,0.0,0.0,75497472.0,167772160.0
427,0,1,698,698,33554432,512,0,0,28,4,32,64,bias_kernel,11603170039034,11603171187723,428,200,1221.0,15398859.0,0.0,8388608.0,0.0,0.0,0.0,11283939320.0,11283939320.0,0.0,0.0,2097152.0,0.0,37527299072.0,33423510.0,50592940.0,0.0,0.0,75497472.0,167772160.0
428,0,1,698,698,4194304,256,0,0,12,4,32,64,"void at::native::vectorized_elementwise_kernel<4, at::native::FillFunctor<int>, std::array<char*, 1ul> >(int, at::native::FillFunctor<int>, std::array<char*, 1ul>)",11603171604910,11603171648649,429,101,1816.0,701484.0,65536.0,0.0,0.0,0.0,0.0,552834004.0,552834004.0,0.0,0.0,0.0,0.0,86246.0,1835120.0,4198304.0,0.0,0.0,4194304.0,0.0
429,0,1,698,698,33554432,512,0,0,28,4,32,64,bias_kernel,11603172064354,11603173222945,430,200,1136.0,17156210.0,0.0,8388608.0,0.0,0.0,0.0,12666375088.0,12666375088.0,0.0,0.0,2097152.0,0.0,42355463290.0,33423510.0,50594056.0,0.0,0.0,75497472.0,167772160.0
430,0,1,698,698,4194304,256,0,0,12,4,32,64,"void at::native::vectorized_elementwise_kernel<4, at::native::FillFunctor<int>, std::array<char*, 1ul> >(int, at::native::FillFunctor<int>, std::array<char*, 1ul>)",11603173616358,11603173659616,431,101,1136.0,776352.0,65536.0,0.0,0.0,0.0,0.0,618500536.0,618500536.0,0.0,0.0,0.0,0.0,93019.0,1835120.0,4198304.0,0.0,0.0,4194304.0,0.0
431,0,1,698,698,33554432,512,0,0,28,4,32,64,bias_kernel,11603174060166,11603175216552,432,200,1136.0,15911230.0,0.0,8388608.0,0.0,0.0,0.0,12431188288.0,12431188288.0,0.0,0.0,2097152.0,0.0,39617189164.0,33423506.0,50593174.0,0.0,0.0,75497472.0,167772160.0
432,0,1,698,698,4194304,256,0,0,12,4,32,64,"void at::native::vectorized_elementwise_kernel<4, at::native::FillFunctor<int>, std::array<char*, 1ul> >(int, at::native::FillFunctor<int>, std::array<char*, 1ul>)",11603175607119,11603175650378,433,101,1136.0,807997.0,65536.0,0.0,0.0,0.0,0.0,646240144.0,646240144.0,0.0,0.0,0.0,0.0,96845.0,1835120.0,4198304.0,0.0,0.0,4194304.0,0.0
433,0,1,698,698,33554432,512,0,0,28,4,32,64,bias_kernel,11603176049003,11603177236099,434,200,1136.0,15136704.0,0.0,8388608.0,0.0,0.0,0.0,11597580948.0,11597580948.0,0.0,0.0,2097152.0,0.0,36885999886.0,33423514.0,50591572.0,0.0,0.0,75497472.0,167772160.0
434,0,1,698,698,4194304,256,0,0,12,4,32,64,"void at::native::vectorized_elementwise_kernel<4, at::native::FillFunctor<int>, std::array<char*, 1ul> >(int, at::native::FillFunctor<int>, std::array<char*, 1ul>)",11603177613516,11603177657135,435,101,1136.0,825604.0,65536.0,0.0,0.0,0.0,0.0,668379704.0,668379704.0,0.0,0.0,0.0,0.0,96610.0,1835120.0,4198304.0,0.0,0.0,4194304.0,0.0
435,0,1,698,698,33554432,512,0,0,28,4,32,64,bias_kernel,11603178039924,11603179202966,436,200,1136.0,14505114.0,0.0,8388608.0,0.0,0.0,0.0,11208614480.0,11208614480.0,0.0,0.0,2097152.0,0.0,36333099600.0,33423508.0,50591060.0,0.0,0.0,75497472.0,167772160.0
436,0,1,698,698,4194304,256,0,0,12,4,32,64,"void at::native::vectorized_elementwise_kernel<4, at::native::FillFunctor<int>, std::array<char*, 1ul> >(int, at::native::FillFunctor<int>, std::array<char*, 1ul>)",11603179581866,11603179625084,437,101,1136.0,815525.0,65536.0,0.0,0.0,0.0,0.0,660157984.0,660157984.0,0.0,0.0,0.0,0.0,95543.0,1835120.0,4198304.0,0.0,0.0,4194304.0,0.0
437,0,1,698,698,33554432,512,0,0,28,4,32,64,bias_kernel,11603180017656,11603181186671,438,200,1136.0,14579044.0,0.0,8388608.0,0.0,0.0,0.0,11339260288.0,11339260288.0,0.0,0.0,2097152.0,0.0,36328452282.0,33423512.0,50591168.0,0.0,0.0,75497472.0,167772160.0
438,0,1,698,698,4194304,256,0,0,12,4,32,64,"void at::native::vectorized_elementwise_kernel<4, at::native::FillFunctor<int>, std::array<char*, 1ul> >(int, at::native::FillFunctor<int>, std::array<char*, 1ul>)",11603181572828,11603181615485,439,101,1136.0,816428.0,65536.0,0.0,0.0,0.0,0.0,668282332.0,668282332.0,0.0,0.0,0.0,0.0,97101.0,1835120.0,4198304.0,0.0,0.0,4194304.0,0.0
439,0,1,698,698,33554432,512,0,0,28,4,32,64,bias_kernel,11603182000599,11603183158509,440,200,1136.0,14243416.0,0.0,8388608.0,0.0,0.0,0.0,10721081252.0,10721081252.0,0.0,0.0,2097152.0,0.0,36170124314.0,33423504.0,50590600.0,0.0,0.0,75497472.0,167772160.0
440,0,1,698,698,4194304,256,0,0,12,4,32,64,"void at::native::vectorized_elementwise_kernel<4, at::native::FillFunctor<int>, std::array<char*, 1ul> >(int, at::native::FillFunctor<int>, std::array<char*, 1ul>)",11603183545468,11603183588566,441,101,1136.0,813215.0,65536.0,0.0,0.0,0.0,0.0,644438024.0,644438024.0,0.0,0.0,0.0,0.0,103770.0,1835120.0,4198304.0,0.0,0.0,4194304.0,0.0
441,0,1,698,698,33554432,512,0,0,28,4,32,64,bias_kernel,11603183980616,11603185146263,442,200,1136.0,14631371.0,0.0,8388608.0,0.0,0.0,0.0,11298654940.0,11298654940.0,0.0,0.0,2097152.0,0.0,36517682219.0,33423508.0,50590884.0,0.0,0.0,75497472.0,167772160.0
442,0,1,698,698,4194304,256,0,0,12,4,32,64,"void at::native::vectorized_elementwise_kernel<4, at::native::FillFunctor<int>, std::array<char*, 1ul> >(int, at::native::FillFunctor<int>, std::array<char*, 1ul>)",11603185537953,11603185581051,443,101,1136.0,789114.0,65536.0,0.0,0.0,0.0,0.0,640420288.0,640420288.0,0.0,0.0,0.0,0.0,93604.0,1835120.0,4198304.0,0.0,0.0,4194304.0,0.0
443,0,1,698,698,33554432,512,0,0,28,4,32,64,bias_kernel,11603185968932,11603187137265,444,200,1136.0,14687956.0,0.0,8388608.0,0.0,0.0,0.0,11534785616.0,11534785616.0,0.0,0.0,2097152.0,0.0,36318019564.0,33423508.0,50591946.0,0.0,0.0,75497472.0,167772160.0
444,0,1,698,698,4194304,256,0,0,12,4,32,64,"void at::native::vectorized_elementwise_kernel<4, at::native::FillFunctor<int>, std::array<char*, 1ul> >(int, at::native::FillFunctor<int>, std::array<char*, 1ul>)",11603187525547,11603187569166,445,101,1136.0,814076.0,65536.0,0.0,0.0,0.0,0.0,634240600.0,634240600.0,0.0,0.0,0.0,0.0,105666.0,1835120.0,4198320.0,0.0,0.0,4194304.0,0.0
445,0,1,698,698,33554432,512,0,0,28,4,32,64,bias_kernel,11603187962138,11603189134882,446,200,1136.0,14871274.0,0.0,8388608.0,0.0,0.0,0.0,11678888024.0,11678888024.0,0.0,0.0,2097152.0,0.0,36484134967.0,33423510.0,50591772.0,0.0,0.0,75497472.0,167772160.0
446,0,1,698,698,4194304,256,0,0,12,4,32,64,"void at::native::vectorized_elementwise_kernel<4, at::native::FillFunctor<int>, std::array<char*, 1ul> >(int, at::native::FillFunctor<int>, std::array<char*, 1ul>)",11603189535271,11603189578810,447,101,1136.0,781871.0,65536.0,0.0,0.0,0.0,0.0,628807880.0,628807880.0,0.0,0.0,0.0,0.0,96634.0,1835120.0,4198304.0,0.0,0.0,4194304.0,0.0
447,0,1,698,698,33554432,512,0,0,28,4,32,64,bias_kernel,11603189978277,11603191140637,448,200,1136.0,14482281.0,0.0,8388608.0,0.0,0.0,0.0,11146503384.0,11146503384.0,0.0,0.0,2097152.0,0.0,36579362871.0,33423510.0,50590830.0,0.0,0.0,75497472.0,167772160.0
448,0,1,698,698,4194304,256,0,0,12,4,32,64,"void at::native::vectorized_elementwise_kernel<4, at::native::FillFunctor<int>, std::array<char*, 1ul> >(int, at::native::FillFunctor<int>, std::array<char*, 1ul>)",11603191528428,11603191571405,449,101,1136.0,785857.0,65536.0,0.0,0.0,0.0,0.0,634059040.0,634059040.0,0.0,0.0,0.0,0.0,88482.0,1835120.0,4198304.0,0.0,0.0,4194304.0,0.0
449,0,1,698,698,33554432,512,0,0,28,4,32,64,bias_kernel,11603191983099,11603193146341,450,200,1088.0,14276371.0,0.0,8388608.0,0.0,0.0,0.0,11572775868.0,11572775868.0,0.0,0.0,2097152.0,0.0,35826530930.0,33423506.0,50591828.0,0.0,0.0,75497472.0,167772160.0
450,0,1,698,698,4194304,256,0,0,12,4,32,64,"void at::native::vectorized_elementwise_kernel<4, at::native::FillFunctor<int>, std::array<char*, 1ul> >(int, at::native::FillFunctor<int>, std::array<char*, 1ul>)",11603193524520,11603193567698,451,101,1136.0,815633.0,65536.0,0.0,0.0,0.0,0.0,647275288.0,647275288.0,0.0,0.0,0.0,0.0,116991.0,1835120.0,4198320.0,0.0,0.0,4194304.0,0.0
451,0,1,698,698,33554432,512,0,0,28,4,32,64,bias_kernel,11603193943953,11603195108037,452,200,1136.0,14415237.0,0.0,8388608.0,0.0,0.0,0.0,11603530844.0,11603530844.0,0.0,0.0,2097152.0,0.0,35963437185.0,33423506.0,50591556.0,0.0,0.0,75497472.0,167772160.0
452,0,1,698,698,4194304,256,0,0,12,4,32,64,"void at::native::vectorized_elementwise_kernel<4, at::native::FillFunctor<int>, std::array<char*, 1ul> >(int, at::native::FillFunctor<int>, std::array<char*, 1ul>)",11603195472384,11603195515843,453,101,1136.0,786752.0,65536.0,0.0,0.0,0.0,0.0,632405996.0,632405996.0,0.0,0.0,0.0,0.0,87018.0,1835120.0,4198304.0,0.0,0.0,4194304.0,0.0
453,0,1,698,698,33554432,512,0,0,28,4,32,64,bias_kernel,11603195896146,11603197064520,454,200,1136.0,14861029.0,0.0,8388608.0,0.0,0.0,0.0,11234623116.0,11234623116.0,0.0,0.0,2097152.0,0.0,36959641994.0,33423505.0,50590646.0,0.0,0.0,75497472.0,167772160.0
454,0,1,698,698,4194304,256,0,0,12,4,32,64,"void at::native::vectorized_elementwise_kernel<4, at::native::FillFunctor<int>, std::array<char*, 1ul> >(int, at::native::FillFunctor<int>, std::array<char*, 1ul>)",11603197444503,11603197487841,455,101,1136.0,762031.0,65536.0,0.0,0.0,0.0,0.0,606118180.0,606118180.0,0.0,0.0,0.0,0.0,93261.0,1835120.0,4198304.0,0.0,0.0,4194304.0,0.0
455,0,1,698,698,33554432,512,0,0,28,4,32,64,bias_kernel,11603197873718,11603199032710,456,200,1136.0,14580663.0,0.0,8388608.0,0.0,0.0,0.0,11369909388.0,11369909388.0,0.0,0.0,2097152.0,0.0,36961928828.0,33423508.0,50591086.0,0.0,0.0,75497472.0,167772160.0
456,0,1,698,698,4194304,256,0,0,12,4,32,64,"void at::native::vectorized_elementwise_kernel<4, at::native::FillFunctor<int>, std::array<char*, 1ul> >(int, at::native::FillFunctor<int>, std::array<char*, 1ul>)",11603199423437,11603199466656,457,101,1136.0,752725.0,65536.0,0.0,0.0,0.0,0.0,607073012.0,607073012.0,0.0,0.0,0.0,0.0,86916.0,1835120.0,4198304.0,0.0,0.0,4194304.0,0.0
457,0,1,698,698,33554432,512,0,0,28,4,32,64,bias_kernel,11603199856822,11603201016977,458,200,1136.0,14671074.0,0.0,8388608.0,0.0,0.0,0.0,10980976756.0,10980976756.0,0.0,0.0,2097152.0,0.0,36826187028.0,33423506.0,50590512.0,0.0,0.0,75497472.0,167772160.0
458,0,1,698,698,4194304,256,0,0,12,4,32,64,"void at::native::vectorized_elementwise_kernel<4, at::native::FillFunctor<int>, std::array<char*, 1ul> >(int, at::native::FillFunctor<int>, std::array<char*, 1ul>)",11603201396238,11603201439416,459,101,1136.0,760912.0,65536.0,0.0,0.0,0.0,0.0,622102408.0,622102408.0,0.0,0.0,0.0,0.0,86664.0,1835120.0,4198304.0,0.0,0.0,4194304.0,0.0
459,0,1,698,698,33554432,512,0,0,28,4,32,64,bias_kernel,11603201820081,11603202995069,460,200,1136.0,15268564.0,0.0,8388608.0,0.0,0.0,0.0,12151267900.0,12151267900.0,0.0,0.0,2097152.0,0.0,37134851196.0,33423506.0,50591598.0,0.0,0.0,75497472.0,167772160.0
460,0,1,698,698,4194304,256,0,0,12,4,32,64,"void at::native::vectorized_elementwise_kernel<4, at::native::FillFunctor<int>, std::array<char*, 1ul> >(int, at::native::FillFunctor<int>, std::array<char*, 1ul>)",11603203371564,11603203414782,461,101,1136.0,742440.0,65536.0,0.0,0.0,0.0,0.0,600810132.0,600810132.0,0.0,0.0,0.0,0.0,91676.0,1835120.0,4198304.0,0.0,0.0,4194304.0,0.0
461,0,1,698,698,33554432,512,0,0,28,4,32,64,bias_kernel,11603203807915,11603204967990,462,200,1136.0,14951955.0,0.0,8388608.0,0.0,0.0,0.0,11252571264.0,11252571264.0,0.0,0.0,2097152.0,0.0,37289578561.0,33423508.0,50591064.0,0.0,0.0,75497472.0,167772160.0
462,0,1,698,698,4194304,256,0,0,12,4,32,64,"void at::native::vectorized_elementwise_kernel<4, at::native::FillFunctor<int>, std::array<char*, 1ul> >(int, at::native::FillFunctor<int>, std::array<char*, 1ul>)",11603205350138,11603205393276,463,101,1136.0,742385.0,65536.0,0.0,0.0,0.0,0.0,591488572.0,591488572.0,0.0,0.0,0.0,0.0,93343.0,1835120.0,4198304.0,0.0,0.0,4194304.0,0.0
463,0,1,698,698,33554432,512,0,0,28,4,32,64,bias_kernel,11603205783281,11603206951735,464,200,1136.0,15267083.0,0.0,8388608.0,0.0,0.0,0.0,11319141184.0,11319141184.0,0.0,0.0,2097152.0,0.0,37675993622.0,33423509.0,50591086.0,0.0,0.0,75497472.0,167772160.0
464,0,1,698,698,4194304,256,0,0,12,4,32,64,"void at::native::vectorized_elementwise_kernel<4, at::native::FillFunctor<int>, std::array<char*, 1ul> >(int, at::native::FillFunctor<int>, std::array<char*, 1ul>)",11603207326987,11603207370526,465,101,1136.0,742020.0,65536.0,0.0,0.0,0.0,0.0,589139664.0,589139664.0,0.0,0.0,0.0,0.0,90972.0,1835120.0,4198320.0,0.0,0.0,4194304.0,0.0
465,0,1,698,698,33554432,512,0,0,28,4,32,64,bias_kernel,11603207770635,11603208929307,466,200,1136.0,14891368.0,0.0,8388608.0,0.0,0.0,0.0,11796466784.0,11796466784.0,0.0,0.0,2097152.0,0.0,36701357541.0,33423510.0,50591780.0,0.0,0.0,75497472.0,167772160.0
466,0,1,698,698,4194304,256,0,0,12,4,32,64,"void at::native::vectorized_elementwise_kernel<4, at::native::FillFunctor<int>, std::array<char*, 1ul> >(int, at::native::FillFunctor<int>, std::array<char*, 1ul>)",11603209306042,11603209349340,467,101,1136.0,761132.0,65536.0,0.0,0.0,0.0,0.0,594903504.0,594903504.0,0.0,0.0,0.0,0.0,96384.0,1835120.0,4198320.0,0.0,0.0,4194304.0,0.0
467,0,1,698,698,33554432,512,0,0,28,4,32,64,bias_kernel,11603209751333,11603210924959,468,200,1136.0,15435325.0,0.0,8388608.0,0.0,0.0,0.0,12067249164.0,12067249164.0,0.0,0.0,2097152.0,0.0,37470807161.0,33423506.0,50592022.0,0.0,0.0,75497472.0,167772160.0
468,0,1,698,698,4194304,256,0,0,12,4,32,64,"void at::native::vectorized_elementwise_kernel<4, at::native::FillFunctor<int>, std::array<char*, 1ul> >(int, at::native::FillFunctor<int>, std::array<char*, 1ul>)",11603211307869,11603211351287,469,101,1136.0,731258.0,65536.0,0.0,0.0,0.0,0.0,590496712.0,590496712.0,0.0,0.0,0.0,0.0,86038.0,1835120.0,4198304.0,0.0,0.0,4194304.0,0.0
469,0,1,698,698,33554432,512,0,0,28,4,32,64,bias_kernel,11603211739048,11603212913836,470,200,1136.0,15383855.0,0.0,8388608.0,0.0,0.0,0.0,11396129620.0,11396129620.0,0.0,0.0,2097152.0,0.0,37927715903.0,33423506.0,50591292.0,0.0,0.0,75497472.0,167772160.0
470,0,1,698,698,4194304,256,0,0,12,4,32,64,"void at::native::vectorized_elementwise_kernel<4, at::native::FillFunctor<int>, std::array<char*, 1ul> >(int, at::native::FillFunctor<int>, std::array<char*, 1ul>)",11603213286643,11603213329981,471,101,1136.0,756366.0,65536.0,0.0,0.0,0.0,0.0,600301328.0,600301328.0,0.0,0.0,0.0,0.0,89964.0,1835120.0,4198320.0,0.0,0.0,4194304.0,0.0
471,0,1,698,698,33554432,512,0,0,28,4,32,64,bias_kernel,11603213728286,11603214892009,472,200,1136.0,15194705.0,0.0,8388608.0,0.0,0.0,0.0,11726418772.0,11726418772.0,0.0,0.0,2097152.0,0.0,38027141117.0,33423511.0,50591800.0,0.0,0.0,75497472.0,167772160.0
472,0,1,698,698,4194304,256,0,0,12,4,32,64,"void at::native::vectorized_elementwise_kernel<4, at::native::FillFunctor<int>, std::array<char*, 1ul> >(int, at::native::FillFunctor<int>, std::array<char*, 1ul>)",11603215268865,11603215312243,473,101,1136.0,755766.0,65536.0,0.0,0.0,0.0,0.0,607915096.0,607915096.0,0.0,0.0,0.0,0.0,96280.0,1835120.0,4198304.0,0.0,0.0,4194304.0,0.0
473,0,1,698,698,33554432,512,0,0,28,4,32,64,bias_kernel,11603215707581,11603216880765,474,200,1136.0,15461280.0,0.0,8388608.0,0.0,0.0,0.0,11868681476.0,11868681476.0,0.0,0.0,2097152.0,0.0,37864916662.0,33423508.0,50591720.0,0.0,0.0,75497472.0,167772160.0
474,0,1,698,698,4194304,256,0,0,12,4,32,64,"void at::native::vectorized_elementwise_kernel<4, at::native::FillFunctor<int>, std::array<char*, 1ul> >(int, at::native::FillFunctor<int>, std::array<char*, 1ul>)",11603217257421,11603217300759,475,101,1136.0,735216.0,65536.0,0.0,0.0,0.0,0.0,595809052.0,595809052.0,0.0,0.0,0.0,0.0,81465.0,1835120.0,4198304.0,0.0,0.0,4194304.0,0.0
475,0,1,698,698,33554432,512,0,0,28,4,32,64,bias_kernel,11603217692248,11603218859700,476,200,1136.0,15304370.0,0.0,8388608.0,0.0,0.0,0.0,12608921396.0,12608921396.0,0.0,0.0,2097152.0,0.0,37679288206.0,33423508.0,50593198.0,0.0,0.0,75497472.0,167772160.0
476,0,1,698,698,4194304,256,0,0,12,4,32,64,"void at::native::vectorized_elementwise_kernel<4, at::native::FillFunctor<int>, std::array<char*, 1ul> >(int, at::native::FillFunctor<int>, std::array<char*, 1ul>)",11603219230462,11603219273840,477,101,1136.0,754375.0,65536.0,0.0,0.0,0.0,0.0,588019036.0,588019036.0,0.0,0.0,0.0,0.0,91654.0,1835120.0,4198320.0,0.0,0.0,4194304.0,0.0
477,0,1,698,698,33554432,512,0,0,28,4,32,64,bias_kernel,11603219661120,11603220827248,478,200,1136.0,15527875.0,0.0,8388608.0,0.0,0.0,0.0,11409641020.0,11409641020.0,0.0,0.0,2097152.0,0.0,38049271129.0,33423512.0,50591444.0,0.0,0.0,75497472.0,167772160.0
478,0,1,698,698,4194304,256,0,0,12,4,32,64,"void at::native::vectorized_elementwise_kernel<4, at::native::FillFunctor<int>, std::array<char*, 1ul> >(int, at::native::FillFunctor<int>, std::array<char*, 1ul>)",11603221200456,11603221243233,479,101,1136.0,816692.0,65536.0,0.0,0.0,0.0,0.0,655886568.0,655886568.0,0.0,0.0,0.0,0.0,98857.0,1835120.0,4198320.0,0.0,0.0,4194304.0,0.0
479,0,1,698,698,33554432,512,0,0,28,4,32,64,bias_kernel,11603221625421,11603222784253,480,200,1136.0,15691530.0,0.0,8388608.0,0.0,0.0,0.0,11857777428.0,11857777428.0,0.0,0.0,2097152.0,0.0,39057564397.0,33423508.0,50591928.0,0.0,0.0,75497472.0,167772160.0
480,0,1,698,698,4194304,256,0,0,12,4,32,64,"void at::native::vectorized_elementwise_kernel<4, at::native::FillFunctor<int>, std::array<char*, 1ul> >(int, at::native::FillFunctor<int>, std::array<char*, 1ul>)",11603223148400,11603223191498,481,101,1136.0,832210.0,65536.0,0.0,0.0,0.0,0.0,675412592.0,675412592.0,0.0,0.0,0.0,0.0,92285.0,1835120.0,4198304.0,0.0,0.0,4194304.0,0.0
481,0,1,698,698,33554432,512,0,0,28,4,32,64,bias_kernel,11603223576773,11603224742941,482,200,1136.0,15830000.0,0.0,8388608.0,0.0,0.0,0.0,11833078356.0,11833078356.0,0.0,0.0,2097152.0,0.0,38757616420.0,33423508.0,50592102.0,0.0,0.0,75497472.0,167772160.0
482,0,1,698,698,4194304,256,0,0,12,4,32,64,"void at::native::vectorized_elementwise_kernel<4, at::native::FillFunctor<int>, std::array<char*, 1ul> >(int, at::native::FillFunctor<int>, std::array<char*, 1ul>)",11603225112100,11603225155158,483,101,1136.0,836941.0,65536.0,0.0,0.0,0.0,0.0,673207124.0,673207124.0,0.0,0.0,0.0,0.0,101609.0,1835120.0,4198320.0,0.0,0.0,4194304.0,0.0
483,0,1,698,698,33554432,512,0,0,28,4,32,64,bias_kernel,11603225535662,11603226705960,484,200,1136.0,16226988.0,0.0,8388608.0,0.0,0.0,0.0,12444544744.0,12444544744.0,0.0,0.0,2097152.0,0.0,39789400464.0,33423507.0,50592442.0,0.0,0.0,75497472.0,167772160.0
484,0,1,698,698,4194304,256,0,0,12,4,32,64,"void at::native::vectorized_elementwise_kernel<4, at::native::FillFunctor<int>, std::array<char*, 1ul> >(int, at::native::FillFunctor<int>, std::array<char*, 1ul>)",11603227071750,11603227114728,485,101,1136.0,834135.0,65536.0,0.0,0.0,0.0,0.0,673886956.0,673886956.0,0.0,0.0,0.0,0.0,96431.0,1835120.0,4198304.0,0.0,0.0,4194304.0,0.0
485,0,1,698,698,33554432,512,0,0,28,4,32,64,bias_kernel,11603227494030,11603228650857,486,200,1136.0,16048893.0,0.0,8388608.0,0.0,0.0,0.0,12565322092.0,12565322092.0,0.0,0.0,2097152.0,0.0,40341278774.0,33423510.0,50593044.0,0.0,0.0,75497472.0,167772160.0
486,0,1,698,698,4194304,256,0,0,12,4,32,64,"void at::native::vectorized_elementwise_kernel<4, at::native::FillFunctor<int>, std::array<char*, 1ul> >(int, at::native::FillFunctor<int>, std::array<char*, 1ul>)",11603229024305,11603229067082,487,101,1136.0,833225.0,65536.0,0.0,0.0,0.0,0.0,670684944.0,670684944.0,0.0,0.0,0.0,0.0,92683.0,1835120.0,4198304.0,0.0,0.0,4194304.0,0.0
487,0,1,698,698,33554432,512,0,0,28,4,32,64,bias_kernel,11603229431229,11603230599001,488,200,1136.0,15684541.0,0.0,8388608.0,0.0,0.0,0.0,11744137772.0,11744137772.0,0.0,0.0,2097152.0,0.0,38691549840.0,33423506.0,50591820.0,0.0,0.0,75497472.0,167772160.0
488,0,1,698,698,4194304,256,0,0,12,4,32,64,"void at::native::vectorized_elementwise_kernel<4, at::native::FillFunctor<int>, std::array<char*, 1ul> >(int, at::native::FillFunctor<int>, std::array<char*, 1ul>)",11603230970204,11603231013062,489,101,1136.0,836251.0,65536.0,0.0,0.0,0.0,0.0,675023564.0,675023564.0,0.0,0.0,0.0,0.0,103565.0,1835120.0,4198320.0,0.0,0.0,4194304.0,0.0
489,0,1,698,698,33554432,512,0,0,28,4,32,64,bias_kernel,11603231385147,11603232547827,490,200,1136.0,15244433.0,0.0,8388608.0,0.0,0.0,0.0,11738271836.0,11738271836.0,0.0,0.0,2097152.0,0.0,38036309059.0,33423506.0,50591892.0,0.0,0.0,75497472.0,167772160.0
490,0,1,698,698,4194304,256,0,0,12,4,32,64,"void at::native::vectorized_elementwise_kernel<4, at::native::FillFunctor<int>, std::array<char*, 1ul> >(int, at::native::FillFunctor<int>, std::array<char*, 1ul>)",11603232918229,11603232961086,491,101,1136.0,834994.0,65536.0,0.0,0.0,0.0,0.0,669668036.0,669668036.0,0.0,0.0,0.0,0.0,105401.0,1835120.0,4198304.0,0.0,0.0,4194304.0,0.0
491,0,1,698,698,33554432,512,0,0,28,4,32,64,bias_kernel,11603233332008,11603234501384,492,200,1136.0,14870561.0,0.0,8388608.0,0.0,0.0,0.0,11534273004.0,11534273004.0,0.0,0.0,2097152.0,0.0,37256862335.0,33423511.0,50591316.0,0.0,0.0,75497472.0,167772160.0
492,0,1,698,698,4194304,256,0,0,12,4,32,64,"void at::native::vectorized_elementwise_kernel<4, at::native::FillFunctor<int>, std::array<char*, 1ul> >(int, at::native::FillFunctor<int>, std::array<char*, 1ul>)",11603234876316,11603234919414,493,101,1136.0,840229.0,65536.0,0.0,0.0,0.0,0.0,666340076.0,666340076.0,0.0,0.0,0.0,0.0,97632.0,1835120.0,4198320.0,0.0,0.0,4194304.0,0.0
493,0,1,698,698,33554432,512,0,0,28,4,32,64,bias_kernel,11603235291338,11603236462077,494,200,1136.0,14767594.0,0.0,8388608.0,0.0,0.0,0.0,10894721168.0,10894721168.0,0.0,0.0,2097152.0,0.0,36687477380.0,33423504.0,50589802.0,0.0,0.0,75497472.0,167772160.0
494,0,1,698,698,4194304,256,0,0,12,4,32,64,"void at::native::vectorized_elementwise_kernel<4, at::native::FillFunctor<int>, std::array<char*, 1ul> >(int, at::native::FillFunctor<int>, std::array<char*, 1ul>)",11603236832839,11603236875576,495,101,1136.0,836652.0,65536.0,0.0,0.0,0.0,0.0,669201624.0,669201624.0,0.0,0.0,0.0,0.0,98516.0,1835120.0,4198320.0,0.0,0.0,4194304.0,0.0
495,0,1,698,698,33554432,512,0,0,28,4,32,64,bias_kernel,11603237245777,11603238410823,496,200,1136.0,14499786.0,0.0,8388608.0,0.0,0.0,0.0,11370710288.0,11370710288.0,0.0,0.0,2097152.0,0.0,36289656778.0,33423508.0,50591758.0,0.0,0.0,75497472.0,167772160.0
496,0,1,698,698,4194304,256,0,0,12,4,32,64,"void at::native::vectorized_elementwise_kernel<4, at::native::FillFunctor<int>, std::array<char*, 1ul> >(int, at::native::FillFunctor<int>, std::array<char*, 1ul>)",11603238781906,11603238825084,497,101,1136.0,822924.0,65536.0,0.0,0.0,0.0,0.0,668189888.0,668189888.0,0.0,0.0,0.0,0.0,93912.0,1835120.0,4198304.0,0.0,0.0,4194304.0,0.0
497,0,1,698,698,33554432,512,0,0,28,4,32,64,bias_kernel,11603239195485,11603240370995,498,200,1136.0,14861148.0,0.0,8388608.0,0.0,0.0,0.0,11497385360.0,11497385360.0,0.0,0.0,2097152.0,0.0,36229986080.0,33423510.0,50591208.0,0.0,0.0,75497472.0,167772160.0
498,0,1,698,698,4194304,256,0,0,12,4,32,64,"void at::native::vectorized_elementwise_kernel<4, at::native::FillFunctor<int>, std::array<char*, 1ul> >(int, at::native::FillFunctor<int>, std::array<char*, 1ul>)",11603240743000,11603240786218,499,101,1136.0,823329.0,65536.0,0.0,0.0,0.0,0.0,658806664.0,658806664.0,0.0,0.0,0.0,0.0,90462.0,1835120.0,4198304.0,0.0,0.0,4194304.0,0.0
499,0,1,698,698,33554432,512,0,0,28,4,32,64,bias_kernel,11603241153612,11603242320142,500,200,1136.0,14441559.0,0.0,8388608.0,0.0,0.0,0.0,11030899100.0,11030899100.0,0.0,0.0,2097152.0,0.0,36138048486.0,33423510.0,50591110.0,0.0,0.0,75497472.0,167772160.0
500,0,1,698,698,4194304,256,0,0,12,4,32,64,"void at::native::vectorized_elementwise_kernel<4, at::native::FillFunctor<int>, std::array<char*, 1ul> >(int, at::native::FillFunctor<int>, std::array<char*, 1ul>)",11603242694071,11603242737369,501,101,1136.0,807995.0,65536.0,0.0,0.0,0.0,0.0,650943624.0,650943624.0,0.0,0.0,0.0,0.0,94247.0,1835120.0,4198320.0,0.0,0.0,4194304.0,0.0
501,0,1,698,698,33554432,512,0,0,28,4,32,64,bias_kernel,11603243117873,11603244285004,502,200,1136.0,14572736.0,0.0,8388608.0,0.0,0.0,0.0,11567684868.0,11567684868.0,0.0,0.0,2097152.0,0.0,36456058743.0,33423504.0,50591728.0,0.0,0.0,75497472.0,167772160.0
502,0,1,698,698,4194304,256,0,0,12,4,32,64,"void at::native::vectorized_elementwise_kernel<4, at::native::FillFunctor<int>, std::array<char*, 1ul> >(int, at::native::FillFunctor<int>, std::array<char*, 1ul>)",11603244659936,11603244702552,503,101,1136.0,798718.0,65536.0,0.0,0.0,0.0,0.0,644844548.0,644844548.0,0.0,0.0,0.0,0.0,95491.0,1835120.0,4198320.0,0.0,0.0,4194304.0,0.0
503,0,1,698,698,33554432,512,0,0,28,4,32,64,bias_kernel,11603245072673,11603246243332,504,200,1136.0,14752169.0,0.0,8388608.0,0.0,0.0,0.0,11407240840.0,11407240840.0,0.0,0.0,2097152.0,0.0,36580048062.0,33423507.0,50591152.0,0.0,0.0,75497472.0,167772160.0
504,0,1,698,698,4194304,256,0,0,12,4,32,64,"void at::native::vectorized_elementwise_kernel<4, at::native::FillFunctor<int>, std::array<char*, 1ul> >(int, at::native::FillFunctor<int>, std::array<char*, 1ul>)",11603246615858,11603246659196,505,101,1136.0,776952.0,65536.0,0.0,0.0,0.0,0.0,632208368.0,632208368.0,0.0,0.0,0.0,0.0,92734.0,1835120.0,4198304.0,0.0,0.0,4194304.0,0.0
505,0,1,698,698,33554432,512,0,0,28,4,32,64,bias_kernel,11603247035451,11603248194804,506,200,1136.0,14474688.0,0.0,8388608.0,0.0,0.0,0.0,11467686704.0,11467686704.0,0.0,0.0,2097152.0,0.0,36926131463.0,33423508.0,50591112.0,0.0,0.0,75497472.0,167772160.0
506,0,1,698,698,4194304,256,0,0,12,4,32,64,"void at::native::vectorized_elementwise_kernel<4, at::native::FillFunctor<int>, std::array<char*, 1ul> >(int, at::native::FillFunctor<int>, std::array<char*, 1ul>)",11603248572502,11603248615479,507,101,1136.0,772005.0,65536.0,0.0,0.0,0.0,0.0,626290704.0,626290704.0,0.0,0.0,0.0,0.0,101961.0,1835120.0,4198320.0,0.0,0.0,4194304.0,0.0
507,0,1,698,698,33554432,512,0,0,28,4,32,64,bias_kernel,11603248992415,11603250156218,508,200,1136.0,14799408.0,0.0,8388608.0,0.0,0.0,0.0,11612381612.0,11612381612.0,0.0,0.0,2097152.0,0.0,36692394159.0,33423504.0,50591562.0,0.0,0.0,75497472.0,167772160.0
508,0,1,698,698,4194304,256,0,0,12,4,32,64,"void at::native::vectorized_elementwise_kernel<4, at::native::FillFunctor<int>, std::array<char*, 1ul> >(int, at::native::FillFunctor<int>, std::array<char*, 1ul>)",11603250533315,11603250576693,509,101,1136.0,776015.0,65536.0,0.0,0.0,0.0,0.0,615991504.0,615991504.0,0.0,0.0,0.0,0.0,96674.0,1835120.0,4198320.0,0.0,0.0,4194304.0,0.0
509,0,1,698,698,33554432,512,0,0,28,4,32,64,bias_kernel,11603250951946,11603252127375,510,200,1136.0,15174644.0,0.0,8388608.0,0.0,0.0,0.0,11730304644.0,11730304644.0,0.0,0.0,2097152.0,0.0,36985645555.0,33423509.0,50591672.0,0.0,0.0,75497472.0,167772160.0
510,0,1,698,698,4194304,256,0,0,12,4,32,64,"void at::native::vectorized_elementwise_kernel<4, at::native::FillFunctor<int>, std::array<char*, 1ul> >(int, at::native::FillFunctor<int>, std::array<char*, 1ul>)",11603252507358,11603252550777,511,101,1136.0,758690.0,65536.0,0.0,0.0,0.0,0.0,597577584.0,597577584.0,0.0,0.0,0.0,0.0,100955.0,1835120.0,4198320.0,0.0,0.0,4194304.0,0.0
511,0,1,698,698,33554432,512,0,0,28,4,32,64,bias_kernel,11603252930239,11603254107192,512,200,1136.0,15373183.0,0.0,8388608.0,0.0,0.0,0.0,11904624524.0,11904624524.0,0.0,0.0,2097152.0,0.0,37480155411.0,33423512.0,50591794.0,0.0,0.0,75497472.0,167772160.0
512,0,1,698,698,4194304,256,0,0,12,4,32,64,"void at::native::vectorized_elementwise_kernel<4, at::native::FillFunctor<int>, std::array<char*, 1ul> >(int, at::native::FillFunctor<int>, std::array<char*, 1ul>)",11603254455247,11603254499026,513,101,1136.0,745918.0,65536.0,0.0,0.0,0.0,0.0,599841744.0,599841744.0,0.0,0.0,0.0,0.0,97512.0,1835120.0,4198304.0,0.0,0.0,4194304.0,0.0
513,0,1,698,698,33554432,512,0,0,28,4,32,64,bias_kernel,11603254901379,11603256071396,514,200,1088.0,15199638.0,0.0,8388608.0,0.0,0.0,0.0,12482541060.0,12482541060.0,0.0,0.0,2097152.0,0.0,37701374995.0,33423509.0,50592740.0,0.0,0.0,75497472.0,167772160.0
514,0,1,698,698,4194304,256,0,0,12,4,32,64,"void at::native::vectorized_elementwise_kernel<4, at::native::FillFunctor<int>, std::array<char*, 1ul> >(int, at::native::FillFunctor<int>, std::array<char*, 1ul>)",11603256438149,11603256481608,515,101,1136.0,753880.0,65536.0,0.0,0.0,0.0,0.0,602481540.0,602481540.0,0.0,0.0,0.0,0.0,91738.0,1835120.0,4198304.0,0.0,0.0,4194304.0,0.0
515,0,1,698,698,33554432,512,0,0,28,4,32,64,bias_kernel,11603256853532,11603258009718,516,200,1136.0,15038994.0,0.0,8388608.0,0.0,0.0,0.0,12010906276.0,12010906276.0,0.0,0.0,2097152.0,0.0,37890929096.0,33423504.0,50592046.0,0.0,0.0,75497472.0,167772160.0
516,0,1,698,698,4194304,256,0,0,12,4,32,64,"void at::native::vectorized_elementwise_kernel<4, at::native::FillFunctor<int>, std::array<char*, 1ul> >(int, at::native::FillFunctor<int>, std::array<char*, 1ul>)",11603258358591,11603258401849,517,101,1136.0,747966.0,65536.0,0.0,0.0,0.0,0.0,601366900.0,601366900.0,0.0,0.0,0.0,0.0,92488.0,1835120.0,4198320.0,0.0,0.0,4194304.0,0.0
517,0,1,698,698,33554432,512,0,0,28,4,32,64,bias_kernel,11603258779867,11603259949764,518,200,1136.0,15430970.0,0.0,8388608.0,0.0,0.0,0.0,11801269160.0,11801269160.0,0.0,0.0,2097152.0,0.0,38268267306.0,33423508.0,50591840.0,0.0,0.0,75497472.0,167772160.0
518,0,1,698,698,4194304,256,0,0,12,4,32,64,"void at::native::vectorized_elementwise_kernel<4, at::native::FillFunctor<int>, std::array<char*, 1ul> >(int, at::native::FillFunctor<int>, std::array<char*, 1ul>)",11603260312428,11603260355405,519,101,1136.0,776432.0,65536.0,0.0,0.0,0.0,0.0,607144216.0,607144216.0,0.0,0.0,0.0,0.0,101694.0,1835120.0,4198304.0,0.0,0.0,4194304.0,0.0
519,0,1,698,698,33554432,512,0,0,28,4,32,64,bias_kernel,11603260732783,11603261896826,520,200,1136.0,15614001.0,0.0,8388608.0,0.0,0.0,0.0,12038733592.0,12038733592.0,0.0,0.0,2097152.0,0.0,38522805941.0,33423512.0,50592086.0,0.0,0.0,75497472.0,167772160.0
520,0,1,698,698,4194304,256,0,0,12,4,32,64,"void at::native::vectorized_elementwise_kernel<4, at::native::FillFunctor<int>, std::array<char*, 1ul> >(int, at::native::FillFunctor<int>, std::array<char*, 1ul>)",11603262255882,11603262298418,521,101,1136.0,823892.0,65536.0,0.0,0.0,0.0,0.0,673942276.0,673942276.0,0.0,0.0,0.0,0.0,93885.0,1835120.0,4198304.0,0.0,0.0,4194304.0,0.0
521,0,1,698,698,33554432,512,0,0,28,4,32,64,bias_kernel,11603262675635,11603263825687,522,200,1136.0,15356928.0,0.0,8388608.0,0.0,0.0,0.0,12645490764.0,12645490764.0,0.0,0.0,2097152.0,0.0,38734427633.0,33423512.0,50593622.0,0.0,0.0,75497472.0,167772160.0
522,0,1,698,698,4194304,256,0,0,12,4,32,64,"void at::native::vectorized_elementwise_kernel<4, at::native::FillFunctor<int>, std::array<char*, 1ul> >(int, at::native::FillFunctor<int>, std::array<char*, 1ul>)",11603264183980,11603264226838,523,101,1136.0,845681.0,65536.0,0.0,0.0,0.0,0.0,669729084.0,669729084.0,0.0,0.0,0.0,0.0,96361.0,1835120.0,4198304.0,0.0,0.0,4194304.0,0.0
523,0,1,698,698,33554432,512,0,0,28,4,32,64,bias_kernel,11603264595395,11603265755229,524,200,1136.0,16043635.0,0.0,8388608.0,0.0,0.0,0.0,11781239316.0,11781239316.0,0.0,0.0,2097152.0,0.0,39986339073.0,33423506.0,50591740.0,0.0,0.0,75497472.0,167772160.0
524,0,1,698,698,4194304,256,0,0,12,4,32,64,"void at::native::vectorized_elementwise_kernel<4, at::native::FillFunctor<int>, std::array<char*, 1ul> >(int, at::native::FillFunctor<int>, std::array<char*, 1ul>)",11603266111999,11603266154816,525,101,1136.0,832136.0,65536.0,0.0,0.0,0.0,0.0,674294336.0,674294336.0,0.0,0.0,0.0,0.0,97390.0,1835120.0,4198304.0,0.0,0.0,4194304.0,0.0
525,0,1,698,698,33554432,512,0,0,28,4,32,64,bias_kernel,11603266515315,11603267675871,526,200,1136.0,15638159.0,0.0,8388608.0,0.0,0.0,0.0,12121980492.0,12121980492.0,0.0,0.0,2097152.0,0.0,38844112081.0,33423508.0,50592284.0,0.0,0.0,75497472.0,167772160.0
526,0,1,698,698,4194304,256,0,0,12,4,32,64,"void at::native::vectorized_elementwise_kernel<4, at::native::FillFunctor<int>, std::array<char*, 1ul> >(int, at::native::FillFunctor<int>, std::array<char*, 1ul>)",11603268030075,11603268073173,527,101,1136.0,843061.0,65536.0,0.0,0.0,0.0,0.0,678666884.0,678666884.0,0.0,0.0,0.0,0.0,99592.0,1835120.0,4198304.0,0.0,0.0,4194304.0,0.0
527,0,1,698,698,33554432,512,0,0,28,4,32,64,bias_kernel,11603268429542,11603269597555,528,200,1136.0,15695366.0,0.0,8388608.0,0.0,0.0,0.0,12166952260.0,12166952260.0,0.0,0.0,2097152.0,0.0,38439719043.0,33423510.0,50592444.0,0.0,0.0,75497472.0,167772160.0
528,0,1,698,698,4194304,256,0,0,12,4,32,64,"void at::native::vectorized_elementwise_kernel<4, at::native::FillFunctor<int>, std::array<char*, 1ul> >(int, at::native::FillFunctor<int>, std::array<char*, 1ul>)",11603269956410,11603269999508,529,101,1136.0,849112.0,65536.0,0.0,0.0,0.0,0.0,677939144.0,677939144.0,0.0,0.0,0.0,0.0,100660.0,1835120.0,4198304.0,0.0,0.0,4194304.0,0.0
529,0,1,698,698,33554432,512,0,0,28,4,32,64,bias_kernel,11603270358042,11603271522968,530,200,1136.0,14563696.0,0.0,8388608.0,0.0,0.0,0.0,11222926228.0,11222926228.0,0.0,0.0,2097152.0,0.0,36614570341.0,33423510.0,50590870.0,0.0,0.0,75497472.0,167772160.0
530,0,1,698,698,16777216,256,0,0,56,0,32,64,bias_kernel,11603273546524,11603274684428,531,201,9010.0,14585686.0,0.0,8388608.0,0.0,0.0,0.0,15205179872.0,15205179872.0,0.0,0.0,2097152.0,0.0,36041262787.0,33423597.0,50498466.0,0.0,0.0,71303168.0,150994944.0
531,0,1,698,698,4194304,256,0,0,12,4,32,64,"void at::native::vectorized_elementwise_kernel<4, at::native::FillFunctor<int>, std::array<char*, 1ul> >(int, at::native::FillFunctor<int>, std::array<char*, 1ul>)",11603275145635,11603275188533,532,101,1221.0,835265.0,65536.0,0.0,0.0,0.0,0.0,666529144.0,666529144.0,0.0,0.0,0.0,0.0,102739.0,1835120.0,4198304.0,0.0,0.0,4194304.0,0.0
532,0,1,698,698,16777216,256,0,0,56,0,32,64,bias_kernel,11603275554564,11603276721614,533,201,1136.0,16206201.0,0.0,8388608.0,0.0,0.0,0.0,16585787924.0,16585787924.0,0.0,0.0,2097152.0,0.0,39695863280.0,33423611.0,50503688.0,0.0,0.0,71303168.0,150994944.0
533,0,1,698,698,4194304,256,0,0,12,4,32,64,"void at::native::vectorized_elementwise_kernel<4, at::native::FillFunctor<int>, std::array<char*, 1ul> >(int, at::native::FillFunctor<int>, std::array<char*, 1ul>)",11603277080309,11603277123287,534,101,1136.0,831888.0,65536.0,0.0,0.0,0.0,0.0,672860652.0,672860652.0,0.0,0.0,0.0,0.0,100318.0,1835120.0,4198304.0,0.0,0.0,4194304.0,0.0
534,0,1,698,698,16777216,256,0,0,56,0,32,64,bias_kernel,11603277481901,11603278643820,535,201,1136.0,16746237.0,0.0,8388608.0,0.0,0.0,0.0,17337160580.0,17337160580.0,0.0,0.0,2097152.0,0.0,41408908309.0,33423623.0,50498266.0,0.0,0.0,71303168.0,150994944.0
535,0,1,698,698,4194304,256,0,0,12,4,32,64,"void at::native::vectorized_elementwise_kernel<4, at::native::FillFunctor<int>, std::array<char*, 1ul> >(int, at::native::FillFunctor<int>, std::array<char*, 1ul>)",11603279003477,11603279046695,536,101,1136.0,822551.0,65536.0,0.0,0.0,0.0,0.0,653786456.0,653786456.0,0.0,0.0,0.0,0.0,112485.0,1835120.0,4198304.0,0.0,0.0,4194304.0,0.0
536,0,1,698,698,16777216,256,0,0,56,0,32,64,bias_kernel,11603279405830,11603280562337,537,201,1136.0,16986788.0,0.0,8388608.0,0.0,0.0,0.0,17493660868.0,17493660868.0,0.0,0.0,2097152.0,0.0,41965647805.0,33423606.0,50497642.0,0.0,0.0,71303168.0,150994944.0
537,0,1,698,698,4194304,256,0,0,12,4,32,64,"void at::native::vectorized_elementwise_kernel<4, at::native::FillFunctor<int>, std::array<char*, 1ul> >(int, at::native::FillFunctor<int>, std::array<char*, 1ul>)",11603280929771,11603280973230,538,101,1136.0,797545.0,65536.0,0.0,0.0,0.0,0.0,637336568.0,637336568.0,0.0,0.0,0.0,0.0,92017.0,1835120.0,4198304.0,0.0,0.0,4194304.0,0.0
538,0,1,698,698,16777216,256,0,0,56,0,32,64,bias_kernel,11603281343712,11603282508918,539,201,1136.0,16395537.0,0.0,8388608.0,0.0,0.0,0.0,16502518916.0,16502518916.0,0.0,0.0,2097152.0,0.0,40574553820.0,33423597.0,50496434.0,0.0,0.0,71303168.0,150994944.0
539,0,1,698,698,4194304,256,0,0,12,4,32,64,"void at::native::vectorized_elementwise_kernel<4, at::native::FillFunctor<int>, std::array<char*, 1ul> >(int, at::native::FillFunctor<int>, std::array<char*, 1ul>)",11603282868575,11603282911592,540,101,1136.0,829950.0,65536.0,0.0,0.0,0.0,0.0,667353832.0,667353832.0,0.0,0.0,0.0,0.0,97508.0,1835120.0,4198304.0,0.0,0.0,4194304.0,0.0
540,0,1,698,698,16777216,256,0,0,56,0,32,64,bias_kernel,11603283269525,11603284429680,541,201,1221.0,14962771.0,0.0,8388608.0,0.0,0.0,0.0,15499992788.0,15499992788.0,0.0,0.0,2097152.0,0.0,37124085997.0,33423592.0,50498594.0,0.0,0.0,71303168.0,150994944.0
541,0,1,698,698,16777216,256,0,0,56,0,32,64,bias_kernel,11603284938355,11603286075337,542,201,1136.0,15149428.0,0.0,8388608.0,0.0,0.0,0.0,15920307860.0,15920307860.0,0.0,0.0,2097152.0,0.0,37729655159.0,33423579.0,50500534.0,0.0,0.0,71303168.0,150994944.0
542,0,1,698,698,16777216,256,0,0,56,0,32,64,bias_kernel,11603286441128,11603287576066,543,201,1136.0,16542432.0,0.0,8388608.0,0.0,0.0,0.0,16794839644.0,16794839644.0,0.0,0.0,2097152.0,0.0,40938303170.0,33423600.0,50496910.0,0.0,0.0,71303168.0,150994944.0
543,0,1,698,698,16777216,256,0,0,56,0,32,64,bias_kernel,11603287966152,11603289111753,544,201,1136.0,17236387.0,0.0,8388608.0,0.0,0.0,0.0,17302938760.0,17302938760.0,0.0,0.0,2097152.0,0.0,42000709179.0,33423598.0,50497428.0,0.0,0.0,71303168.0,150994944.0
544,0,1,698,698,16777216,256,0,0,56,0,32,64,bias_kernel,11603289496828,11603290622945,545,201,1136.0,15330834.0,0.0,8388608.0,0.0,0.0,0.0,15957676632.0,15957676632.0,0.0,0.0,2097152.0,0.0,38238032428.0,33423602.0,50498502.0,0.0,0.0,71303168.0,150994944.0
545,0,1,698,698,16777216,256,0,0,56,0,32,64,bias_kernel,11603291026702,11603292162602,546,201,1136.0,16853578.0,0.0,8388608.0,0.0,0.0,0.0,17443671788.0,17443671788.0,0.0,0.0,2097152.0,0.0,41780825186.0,33423617.0,50497494.0,0.0,0.0,71303168.0,150994944.0
546,0,1,698,698,16777216,256,0,0,56,0,32,64,bias_kernel,11603292573134,11603293711881,547,201,1136.0,15479812.0,0.0,8388608.0,0.0,0.0,0.0,16066448256.0,16066448256.0,0.0,0.0,2097152.0,0.0,37937361672.0,33423601.0,50498712.0,0.0,0.0,71303168.0,150994944.0
547,0,1,698,698,16777216,256,0,0,56,0,32,64,bias_kernel,11603294110747,11603295241474,548,201,1136.0,16350442.0,0.0,8388608.0,0.0,0.0,0.0,16817758480.0,16817758480.0,0.0,0.0,2097152.0,0.0,40707601911.0,33423615.0,50498710.0,0.0,0.0,71303168.0,150994944.0
548,0,1,698,698,16777216,256,0,0,56,0,32,64,bias_kernel,11603295661348,11603296796767,549,201,1136.0,15396281.0,0.0,8388608.0,0.0,0.0,0.0,15809012060.0,15809012060.0,0.0,0.0,2097152.0,0.0,38006276067.0,33423600.0,50497908.0,0.0,0.0,71303168.0,150994944.0
549,0,1,698,698,16777216,256,0,0,56,0,32,64,bias_kernel,11603297208341,11603298344923,550,201,1221.0,16277044.0,0.0,8388608.0,0.0,0.0,0.0,16975004056.0,16975004056.0,0.0,0.0,2097152.0,0.0,40306800917.0,33423607.0,50498698.0,0.0,0.0,71303168.0,150994944.0
550,0,1,698,698,16777216,256,0,0,56,0,32,64,bias_kernel,11603298771932,11603299914287,551,201,1136.0,15908545.0,0.0,8388608.0,0.0,0.0,0.0,16307745792.0,16307745792.0,0.0,0.0,2097152.0,0.0,38937903771.0,33423594.0,50505776.0,0.0,0.0,71303168.0,150994944.0
551,0,1,698,698,16777216,256,0,0,56,0,32,64,bias_kernel,11603300316520,11603301449814,552,201,1136.0,15597656.0,0.0,8388608.0,0.0,0.0,0.0,16140654556.0,16140654556.0,0.0,0.0,2097152.0,0.0,38598341906.0,33423603.0,50498388.0,0.0,0.0,71303168.0,150994944.0
552,0,1,698,698,16777216,256,0,0,56,0,32,64,bias_kernel,11603301851887,11603302981292,553,201,1136.0,16388816.0,0.0,8388608.0,0.0,0.0,0.0,16717650992.0,16717650992.0,0.0,0.0,2097152.0,0.0,40490475091.0,33423603.0,50498120.0,0.0,0.0,71303168.0,150994944.0
553,0,1,698,698,4194304,256,0,0,12,4,32,64,"void at::native::vectorized_elementwise_kernel<4, at::native::FillFunctor<int>, std::array<char*, 1ul> >(int, at::native::FillFunctor<int>, std::array<char*, 1ul>)",11603303381321,11603303424940,554,101,1816.0,757752.0,65536.0,0.0,0.0,0.0,0.0,593094424.0,593094424.0,0.0,0.0,0.0,0.0,91864.0,1835120.0,4198304.0,0.0,0.0,4194304.0,0.0
554,0,1,698,698,16777216,256,0,0,56,0,32,64,bias_kernel,11603303832505,11603304993542,555,201,1136.0,15387283.0,0.0,8388608.0,0.0,0.0,0.0,15806714728.0,15806714728.0,0.0,0.0,2097152.0,0.0,37864190404.0,33423602.0,50497298.0,0.0,0.0,71303168.0,150994944.0
555,0,1,698,698,4194304,256,0,0,12,4,32,64,"void at::native::vectorized_elementwise_kernel<4, at::native::FillFunctor<int>, std::array<char*, 1ul> >(int, at::native::FillFunctor<int>, std::array<char*, 1ul>)",11603305373164,11603305416463,556,101,1136.0,814027.0,65536.0,0.0,0.0,0.0,0.0,656475744.0,656475744.0,0.0,0.0,0.0,0.0,100812.0,1835120.0,4198304.0,0.0,0.0,4194304.0,0.0
556,0,1,698,698,16777216,256,0,0,56,0,32,64,bias_kernel,11603305800495,11603306950066,557,201,1136.0,15689027.0,0.0,8388608.0,0.0,0.0,0.0,16094527728.0,16094527728.0,0.0,0.0,2097152.0,0.0,39269470490.0,33423602.0,50497922.0,0.0,0.0,71303168.0,150994944.0
557,0,1,698,698,4194304,256,0,0,12,4,32,64,"void at::native::vectorized_elementwise_kernel<4, at::native::FillFunctor<int>, std::array<char*, 1ul> >(int, at::native::FillFunctor<int>, std::array<char*, 1ul>)",11603307326641,11603307369258,558,101,1136.0,831372.0,65536.0,0.0,0.0,0.0,0.0,668715536.0,668715536.0,0.0,0.0,0.0,0.0,100054.0,1835120.0,4198304.0,0.0,0.0,4194304.0,0.0
558,0,1,698,698,16777216,256,0,0,56,0,32,64,bias_kernel,11603307762230,11603308918857,559,201,1136.0,16079691.0,0.0,8388608.0,0.0,0.0,0.0,16855822872.0,16855822872.0,0.0,0.0,2097152.0,0.0,40016909901.0,33423602.0,50498984.0,0.0,0.0,71303168.0,150994944.0
559,0,1,698,698,4194304,256,0,0,12,4,32,64,"void at::native::vectorized_elementwise_kernel<4, at::native::FillFunctor<int>, std::array<char*, 1ul> >(int, at::native::FillFunctor<int>, std::array<char*, 1ul>)",11603309311228,11603309353925,560,101,1136.0,814591.0,65536.0,0.0,0.0,0.0,0.0,668706612.0,668706612.0,0.0,0.0,0.0,0.0,98234.0,1835120.0,4198304.0,0.0,0.0,4194304.0,0.0
560,0,1,698,698,16777216,256,0,0,56,0,32,64,bias_kernel,11603309722923,11603310882396,561,201,1136.0,16328249.0,0.0,8388608.0,0.0,0.0,0.0,16853628592.0,16853628592.0,0.0,0.0,2097152.0,0.0,40256814608.0,33423608.0,50497902.0,0.0,0.0,71303168.0,150994944.0
561,0,1,698,698,4194304,256,0,0,12,4,32,64,"void at::native::vectorized_elementwise_kernel<4, at::native::FillFunctor<int>, std::array<char*, 1ul> >(int, at::native::FillFunctor<int>, std::array<char*, 1ul>)",11603311277413,11603311319910,562,101,1136.0,823521.0,65536.0,0.0,0.0,0.0,0.0,666012384.0,666012384.0,0.0,0.0,0.0,0.0,102343.0,1835120.0,4198304.0,0.0,0.0,4194304.0,0.0
562,0,1,698,698,16777216,256,0,0,56,0,32,64,bias_kernel,11603311715127,11603312868707,563,201,1136.0,16364406.0,0.0,8388608.0,0.0,0.0,0.0,17081833228.0,17081833228.0,0.0,0.0,2097152.0,0.0,40592665274.0,33423603.0,50498616.0,0.0,0.0,71303168.0,150994944.0
563,0,1,698,698,4194304,256,0,0,12,4,32,64,"void at::native::vectorized_elementwise_kernel<4, at::native::FillFunctor<int>, std::array<char*, 1ul> >(int, at::native::FillFunctor<int>, std::array<char*, 1ul>)",11603313255506,11603313298323,564,101,1136.0,844292.0,65536.0,0.0,0.0,0.0,0.0,675528208.0,675528208.0,0.0,0.0,0.0,0.0,98523.0,1835120.0,4198304.0,0.0,0.0,4194304.0,0.0
564,0,1,698,698,16777216,256,0,0,56,0,32,64,bias_kernel,11603313698392,11603314867286,565,201,1136.0,16498226.0,0.0,8388608.0,0.0,0.0,0.0,17361413856.0,17361413856.0,0.0,0.0,2097152.0,0.0,40840492171.0,33423617.0,50505742.0,0.0,0.0,71303168.0,150994944.0
565,0,1,698,698,4194304,256,0,0,12,4,32,64,"void at::native::vectorized_elementwise_kernel<4, at::native::FillFunctor<int>, std::array<char*, 1ul> >(int, at::native::FillFunctor<int>, std::array<char*, 1ul>)",11603315249434,11603315292372,566,101,1136.0,880309.0,65536.0,0.0,0.0,0.0,0.0,677605224.0,677605224.0,0.0,0.0,0.0,0.0,88691.0,1835120.0,4198304.0,0.0,0.0,4194304.0,0.0
566,0,1,698,698,16777216,256,0,0,56,0,32,64,bias_kernel,11603315679451,11603316832550,567,201,1136.0,15561317.0,0.0,8388608.0,0.0,0.0,0.0,15959797508.0,15959797508.0,0.0,0.0,2097152.0,0.0,38805127749.0,33423617.0,50497646.0,0.0,0.0,71303168.0,150994944.0
567,0,1,698,698,4194304,256,0,0,12,4,32,64,"void at::native::vectorized_elementwise_kernel<4, at::native::FillFunctor<int>, std::array<char*, 1ul> >(int, at::native::FillFunctor<int>, std::array<char*, 1ul>)",11603317209004,11603317251421,568,101,1136.0,815452.0,65536.0,0.0,0.0,0.0,0.0,669409216.0,669409216.0,0.0,0.0,0.0,0.0,108581.0,1835120.0,4198304.0,0.0,0.0,4194304.0,0.0
568,0,1,698,698,16777216,256,0,0,56,0,32,64,bias_kernel,11603317634142,11603318791450,569,201,1136.0,16263528.0,0.0,8388608.0,0.0,0.0,0.0,17024712156.0,17024712156.0,0.0,0.0,2097152.0,0.0,40359179293.0,33423606.0,50498510.0,0.0,0.0,71303168.0,150994944.0
569,0,1,698,698,4194304,256,0,0,12,4,32,64,"void at::native::vectorized_elementwise_kernel<4, at::native::FillFunctor<int>, std::array<char*, 1ul> >(int, at::native::FillFunctor<int>, std::array<char*, 1ul>)",11603319203705,11603319246603,570,101,1088.0,830961.0,65536.0,0.0,0.0,0.0,0.0,677537884.0,677537884.0,0.0,0.0,0.0,0.0,97076.0,1835120.0,4198304.0,0.0,0.0,4194304.0,0.0
570,0,1,698,698,16777216,256,0,0,56,0,32,64,bias_kernel,11603319621774,11603320783893,571,201,1136.0,15922109.0,0.0,8388608.0,0.0,0.0,0.0,16582647736.0,16582647736.0,0.0,0.0,2097152.0,0.0,39304567209.0,33423598.0,50499016.0,0.0,0.0,71303168.0,150994944.0
571,0,1,698,698,4194304,256,0,0,12,4,32,64,"void at::native::vectorized_elementwise_kernel<4, at::native::FillFunctor<int>, std::array<char*, 1ul> >(int, at::native::FillFunctor<int>, std::array<char*, 1ul>)",11603321161711,11603321204488,572,101,1136.0,827500.0,65536.0,0.0,0.0,0.0,0.0,672724292.0,672724292.0,0.0,0.0,0.0,0.0,94547.0,1835120.0,4198304.0,0.0,0.0,4194304.0,0.0
572,0,1,698,698,16777216,256,0,0,56,0,32,64,bias_kernel,11603321585514,11603322737329,573,201,1136.0,15592249.0,0.0,8388608.0,0.0,0.0,0.0,16210800696.0,16210800696.0,0.0,0.0,2097152.0,0.0,39087348261.0,33423604.0,50499074.0,0.0,0.0,71303168.0,150994944.0
573,0,1,698,698,4194304,256,0,0,12,4,32,64,"void at::native::vectorized_elementwise_kernel<4, at::native::FillFunctor<int>, std::array<char*, 1ul> >(int, at::native::FillFunctor<int>, std::array<char*, 1ul>)",11603323119276,11603323161933,574,101,1136.0,828787.0,65536.0,0.0,0.0,0.0,0.0,670859464.0,670859464.0,0.0,0.0,0.0,0.0,98254.0,1835120.0,4198304.0,0.0,0.0,4194304.0,0.0
574,0,1,698,698,16777216,256,0,0,56,0,32,64,bias_kernel,11603323547248,11603324707202,575,201,1136.0,15151394.0,0.0,8388608.0,0.0,0.0,0.0,15660708596.0,15660708596.0,0.0,0.0,2097152.0,0.0,37797190276.0,33423602.0,50497922.0,0.0,0.0,71303168.0,150994944.0
575,0,1,698,698,4194304,256,0,0,12,4,32,64,"void at::native::vectorized_elementwise_kernel<4, at::native::FillFunctor<int>, std::array<char*, 1ul> >(int, at::native::FillFunctor<int>, std::array<char*, 1ul>)",11603325079367,11603325122104,576,101,1136.0,830546.0,65536.0,0.0,0.0,0.0,0.0,668926720.0,668926720.0,0.0,0.0,0.0,0.0,94976.0,1835120.0,4198304.0,0.0,0.0,4194304.0,0.0
576,0,1,698,698,16777216,256,0,0,56,0,32,64,bias_kernel,11603325498319,11603326659596,577,201,1136.0,14990956.0,0.0,8388608.0,0.0,0.0,0.0,15482722284.0,15482722284.0,0.0,0.0,2097152.0,0.0,37460254959.0,33423605.0,50498052.0,0.0,0.0,71303168.0,150994944.0
577,0,1,698,698,4194304,256,0,0,12,4,32,64,"void at::native::vectorized_elementwise_kernel<4, at::native::FillFunctor<int>, std::array<char*, 1ul> >(int, at::native::FillFunctor<int>, std::array<char*, 1ul>)",11603327032242,11603327074899,578,101,1136.0,830651.0,65536.0,0.0,0.0,0.0,0.0,673446212.0,673446212.0,0.0,0.0,0.0,0.0,104976.0,1835120.0,4198304.0,0.0,0.0,4194304.0,0.0
578,0,1,698,698,16777216,256,0,0,56,0,32,64,bias_kernel,11603327448467,11603328614755,579,201,1136.0,15214662.0,0.0,8388608.0,0.0,0.0,0.0,15795988472.0,15795988472.0,0.0,0.0,2097152.0,0.0,37401573944.0,33423592.0,50498564.0,0.0,0.0,71303168.0,150994944.0
579,0,1,698,698,4194304,256,0,0,12,4,32,64,"void at::native::vectorized_elementwise_kernel<4, at::native::FillFunctor<int>, std::array<char*, 1ul> >(int, at::native::FillFunctor<int>, std::array<char*, 1ul>)",11603328994217,11603329037195,580,101,1136.0,821691.0,65536.0,0.0,0.0,0.0,0.0,663098460.0,663098460.0,0.0,0.0,0.0,0.0,95822.0,1835120.0,4198304.0,0.0,0.0,4194304.0,0.0
580,0,1,698,698,16777216,256,0,0,56,0,32,64,bias_kernel,11603329408839,11603330570476,581,201,1136.0,14799032.0,0.0,8388608.0,0.0,0.0,0.0,15281128692.0,15281128692.0,0.0,0.0,2097152.0,0.0,36692677621.0,33423605.0,50497698.0,0.0,0.0,71303168.0,150994944.0
581,0,1,698,698,4194304,256,0,0,12,4,32,64,"void at::native::vectorized_elementwise_kernel<4, at::native::FillFunctor<int>, std::array<char*, 1ul> >(int, at::native::FillFunctor<int>, std::array<char*, 1ul>)",11603330960923,11603331004101,582,101,1136.0,837855.0,65536.0,0.0,0.0,0.0,0.0,667308544.0,667308544.0,0.0,0.0,0.0,0.0,110183.0,1835120.0,4198304.0,0.0,0.0,4194304.0,0.0
582,0,1,698,698,16777216,256,0,0,56,0,32,64,bias_kernel,11603331383723,11603332547125,583,201,1136.0,15173421.0,0.0,8388608.0,0.0,0.0,0.0,15818140836.0,15818140836.0,0.0,0.0,2097152.0,0.0,37697724928.0,33423625.0,50505546.0,0.0,0.0,71303168.0,150994944.0
583,0,1,698,698,4194304,256,0,0,12,4,32,64,"void at::native::vectorized_elementwise_kernel<4, at::native::FillFunctor<int>, std::array<char*, 1ul> >(int, at::native::FillFunctor<int>, std::array<char*, 1ul>)",11603332934685,11603332977743,584,101,1136.0,800792.0,65536.0,0.0,0.0,0.0,0.0,641286800.0,641286800.0,0.0,0.0,0.0,0.0,94717.0,1835120.0,4198304.0,0.0,0.0,4194304.0,0.0
584,0,1,698,698,16777216,256,0,0,56,0,32,64,bias_kernel,11603333357445,11603334518040,585,201,1136.0,14972479.0,0.0,8388608.0,0.0,0.0,0.0,15730952676.0,15730952676.0,0.0,0.0,2097152.0,0.0,37042217208.0,33423616.0,50499250.0,0.0,0.0,71303168.0,150994944.0
585,0,1,698,698,4194304,256,0,0,12,4,32,64,"void at::native::vectorized_elementwise_kernel<4, at::native::FillFunctor<int>, std::array<char*, 1ul> >(int, at::native::FillFunctor<int>, std::array<char*, 1ul>)",11603334903115,11603334946092,586,101,1136.0,805924.0,65536.0,0.0,0.0,0.0,0.0,647864076.0,647864076.0,0.0,0.0,0.0,0.0,92720.0,1835120.0,4198304.0,0.0,0.0,4194304.0,0.0
586,0,1,698,698,16777216,256,0,0,56,0,32,64,bias_kernel,11603335319099,11603336481619,587,201,1136.0,15043334.0,0.0,8388608.0,0.0,0.0,0.0,15418060860.0,15418060860.0,0.0,0.0,2097152.0,0.0,37477010704.0,33423613.0,50497724.0,0.0,0.0,71303168.0,150994944.0
587,0,1,698,698,4194304,256,0,0,12,4,32,64,"void at::native::vectorized_elementwise_kernel<4, at::native::FillFunctor<int>, std::array<char*, 1ul> >(int, at::native::FillFunctor<int>, std::array<char*, 1ul>)",11603336864008,11603336907146,588,101,1136.0,800903.0,65536.0,0.0,0.0,0.0,0.0,640358472.0,640358472.0,0.0,0.0,0.0,0.0,89967.0,1835120.0,4198304.0,0.0,0.0,4194304.0,0.0
588,0,1,698,698,16777216,256,0,0,56,0,32,64,bias_kernel,11603337284843,11603338447203,589,201,1136.0,15218530.0,0.0,8388608.0,0.0,0.0,0.0,15790844264.0,15790844264.0,0.0,0.0,2097152.0,0.0,37985506521.0,33423601.0,50498840.0,0.0,0.0,71303168.0,150994944.0
589,0,1,698,698,4194304,256,0,0,12,4,32,64,"void at::native::vectorized_elementwise_kernel<4, at::native::FillFunctor<int>, std::array<char*, 1ul> >(int, at::native::FillFunctor<int>, std::array<char*, 1ul>)",11603338835645,11603338879063,590,101,1136.0,798079.0,65536.0,0.0,0.0,0.0,0.0,636380500.0,636380500.0,0.0,0.0,0.0,0.0,97519.0,1835120.0,4198320.0,0.0,0.0,4194304.0,0.0
590,0,1,698,698,16777216,256,0,0,56,0,32,64,bias_kernel,11603339262454,11603340421566,591,201,1136.0,14987039.0,0.0,8388608.0,0.0,0.0,0.0,15538992264.0,15538992264.0,0.0,0.0,2097152.0,0.0,37463342712.0,33423606.0,50498512.0,0.0,0.0,71303168.0,150994944.0
591,0,1,698,698,4194304,256,0,0,12,4,32,64,"void at::native::vectorized_elementwise_kernel<4, at::native::FillFunctor<int>, std::array<char*, 1ul> >(int, at::native::FillFunctor<int>, std::array<char*, 1ul>)",11603340808404,11603340851542,592,101,1136.0,770880.0,65536.0,0.0,0.0,0.0,0.0,611531116.0,611531116.0,0.0,0.0,0.0,0.0,92681.0,1835120.0,4198320.0,0.0,0.0,4194304.0,0.0
592,0,1,698,698,16777216,256,0,0,56,0,32,64,bias_kernel,11603341241307,11603342415093,593,201,1136.0,15456772.0,0.0,8388608.0,0.0,0.0,0.0,15992098660.0,15992098660.0,0.0,0.0,2097152.0,0.0,37970616479.0,33423609.0,50496824.0,0.0,0.0,71303168.0,150994944.0
593,0,1,698,698,4194304,256,0,0,12,4,32,64,"void at::native::vectorized_elementwise_kernel<4, at::native::FillFunctor<int>, std::array<char*, 1ul> >(int, at::native::FillFunctor<int>, std::array<char*, 1ul>)",11603342798523,11603342841621,594,101,1136.0,794851.0,65536.0,0.0,0.0,0.0,0.0,638567916.0,638567916.0,0.0,0.0,0.0,0.0,90607.0,1835120.0,4198304.0,0.0,0.0,4194304.0,0.0
594,0,1,698,698,16777216,256,0,0,56,0,32,64,bias_kernel,11603343226455,11603344401403,595,201,1136.0,15611020.0,0.0,8388608.0,0.0,0.0,0.0,16155376112.0,16155376112.0,0.0,0.0,2097152.0,0.0,38149915219.0,33423607.0,50497938.0,0.0,0.0,71303168.0,150994944.0
595,0,1,698,698,4194304,256,0,0,12,4,32,64,"void at::native::vectorized_elementwise_kernel<4, at::native::FillFunctor<int>, std::array<char*, 1ul> >(int, at::native::FillFunctor<int>, std::array<char*, 1ul>)",11603344793614,11603344836632,596,101,1136.0,753189.0,65536.0,0.0,0.0,0.0,0.0,619080492.0,619080492.0,0.0,0.0,0.0,0.0,115348.0,1835120.0,4198304.0,0.0,0.0,4194304.0,0.0
596,0,1,698,698,16777216,256,0,0,56,0,32,64,bias_kernel,11603345224031,11603346381900,597,201,1136.0,15041901.0,0.0,8388608.0,0.0,0.0,0.0,15510230020.0,15510230020.0,0.0,0.0,2097152.0,0.0,37660243971.0,33423614.0,50504218.0,0.0,0.0,71303168.0,150994944.0
597,0,1,698,698,4194304,256,0,0,12,4,32,64,"void at::native::vectorized_elementwise_kernel<4, at::native::FillFunctor<int>, std::array<char*, 1ul> >(int, at::native::FillFunctor<int>, std::array<char*, 1ul>)",11603346764770,11603346808108,598,101,1136.0,782226.0,65536.0,0.0,0.0,0.0,0.0,626211496.0,626211496.0,0.0,0.0,0.0,0.0,93414.0,1835120.0,4198320.0,0.0,0.0,4194304.0,0.0
598,0,1,698,698,16777216,256,0,0,56,0,32,64,bias_kernel,11603347197192,11603348357306,599,201,1136.0,15255735.0,0.0,8388608.0,0.0,0.0,0.0,15756979460.0,15756979460.0,0.0,0.0,2097152.0,0.0,37891467898.0,33423600.0,50498474.0,0.0,0.0,71303168.0,150994944.0
599,0,1,698,698,4194304,256,0,0,12,4,32,64,"void at::native::vectorized_elementwise_kernel<4, at::native::FillFunctor<int>, std::array<char*, 1ul> >(int, at::native::FillFunctor<int>, std::array<char*, 1ul>)",11603348745027,11603348788365,600,101,1136.0,750270.0,65536.0,0.0,0.0,0.0,0.0,596296512.0,596296512.0,0.0,0.0,0.0,0.0,85018.0,1835120.0,4198304.0,0.0,0.0,4194304.0,0.0
600,0,1,698,698,16777216,256,0,0,56,0,32,64,bias_kernel,11603349179052,11603350337322,601,201,1136.0,15080837.0,0.0,8388608.0,0.0,0.0,0.0,15465087124.0,15465087124.0,0.0,0.0,2097152.0,0.0,37406247443.0,33423615.0,50496906.0,0.0,0.0,71303168.0,150994944.0
601,0,1,698,698,4194304,256,0,0,12,4,32,64,"void at::native::vectorized_elementwise_kernel<4, at::native::FillFunctor<int>, std::array<char*, 1ul> >(int, at::native::FillFunctor<int>, std::array<char*, 1ul>)",11603350724882,11603350768261,602,101,1136.0,745401.0,65536.0,0.0,0.0,0.0,0.0,590391136.0,590391136.0,0.0,0.0,0.0,0.0,89913.0,1835120.0,4198320.0,0.0,0.0,4194304.0,0.0
602,0,1,698,698,16777216,256,0,0,56,0,32,64,bias_kernel,11603351164841,11603352326158,603,201,1136.0,15328370.0,0.0,8388608.0,0.0,0.0,0.0,15856749960.0,15856749960.0,0.0,0.0,2097152.0,0.0,37819729678.0,33423592.0,50498076.0,0.0,0.0,71303168.0,150994944.0
603,0,1,698,698,4194304,256,0,0,12,4,32,64,"void at::native::vectorized_elementwise_kernel<4, at::native::FillFunctor<int>, std::array<char*, 1ul> >(int, at::native::FillFunctor<int>, std::array<char*, 1ul>)",11603352710872,11603352754050,604,101,1136.0,744343.0,65536.0,0.0,0.0,0.0,0.0,597581876.0,597581876.0,0.0,0.0,0.0,0.0,101012.0,1835120.0,4198320.0,0.0,0.0,4194304.0,0.0
604,0,1,698,698,16777216,256,0,0,56,0,32,64,bias_kernel,11603353147985,11603354309983,605,201,1136.0,15408468.0,0.0,8388608.0,0.0,0.0,0.0,15915177640.0,15915177640.0,0.0,0.0,2097152.0,0.0,38413801857.0,33423598.0,50498490.0,0.0,0.0,71303168.0,150994944.0
605,0,1,698,698,4194304,256,0,0,12,4,32,64,"void at::native::vectorized_elementwise_kernel<4, at::native::FillFunctor<int>, std::array<char*, 1ul> >(int, at::native::FillFunctor<int>, std::array<char*, 1ul>)",11603354683792,11603354727171,606,101,1136.0,746162.0,65536.0,0.0,0.0,0.0,0.0,595393640.0,595393640.0,0.0,0.0,0.0,0.0,87406.0,1835120.0,4198304.0,0.0,0.0,4194304.0,0.0
606,0,1,698,698,16777216,256,0,0,56,0,32,64,bias_kernel,11603355111644,11603356271718,607,201,1136.0,15366711.0,0.0,8388608.0,0.0,0.0,0.0,15791675456.0,15791675456.0,0.0,0.0,2097152.0,0.0,37995626757.0,33423605.0,50498094.0,0.0,0.0,71303168.0,150994944.0
607,0,1,698,698,4194304,256,0,0,12,4,32,64,"void at::native::vectorized_elementwise_kernel<4, at::native::FillFunctor<int>, std::array<char*, 1ul> >(int, at::native::FillFunctor<int>, std::array<char*, 1ul>)",11603356649015,11603356692754,608,101,1136.0,753072.0,65536.0,0.0,0.0,0.0,0.0,590966804.0,590966804.0,0.0,0.0,0.0,0.0,86546.0,1835120.0,4198320.0,0.0,0.0,4194304.0,0.0
608,0,1,698,698,16777216,256,0,0,56,0,32,64,bias_kernel,11603357083000,11603358242393,609,201,1136.0,15381817.0,0.0,8388608.0,0.0,0.0,0.0,15692624488.0,15692624488.0,0.0,0.0,2097152.0,0.0,38125777771.0,33423600.0,50501478.0,0.0,0.0,71303168.0,150994944.0
609,0,1,698,698,4194304,256,0,0,12,4,32,64,"void at::native::vectorized_elementwise_kernel<4, at::native::FillFunctor<int>, std::array<char*, 1ul> >(int, at::native::FillFunctor<int>, std::array<char*, 1ul>)",11603358618006,11603358661665,610,101,1136.0,767724.0,65536.0,0.0,0.0,0.0,0.0,613461152.0,613461152.0,0.0,0.0,0.0,0.0,92441.0,1835120.0,4198320.0,0.0,0.0,4194304.0,0.0
610,0,1,698,698,16777216,256,0,0,56,0,32,64,bias_kernel,11603359043412,11603360196630,611,201,1136.0,15342153.0,0.0,8388608.0,0.0,0.0,0.0,15829716456.0,15829716456.0,0.0,0.0,2097152.0,0.0,38764794731.0,33423606.0,50497490.0,0.0,0.0,71303168.0,150994944.0
611,0,1,698,698,4194304,256,0,0,12,4,32,64,"void at::native::vectorized_elementwise_kernel<4, at::native::FillFunctor<int>, std::array<char*, 1ul> >(int, at::native::FillFunctor<int>, std::array<char*, 1ul>)",11603360570319,11603360613457,612,101,1136.0,734615.0,65536.0,0.0,0.0,0.0,0.0,590542744.0,590542744.0,0.0,0.0,0.0,0.0,81107.0,1835120.0,4198304.0,0.0,0.0,4194304.0,0.0
612,0,1,698,698,16777216,256,0,0,56,0,32,64,bias_kernel,11603360995324,11603362153233,613,201,1136.0,15686043.0,0.0,8388608.0,0.0,0.0,0.0,15960396916.0,15960396916.0,0.0,0.0,2097152.0,0.0,38929132731.0,33423592.0,50499848.0,0.0,0.0,71303168.0,150994944.0
613,0,1,698,698,4194304,256,0,0,12,4,32,64,"void at::native::vectorized_elementwise_kernel<4, at::native::FillFunctor<int>, std::array<char*, 1ul> >(int, at::native::FillFunctor<int>, std::array<char*, 1ul>)",11603362521109,11603362564126,614,101,1136.0,792442.0,65536.0,0.0,0.0,0.0,0.0,647431172.0,647431172.0,0.0,0.0,0.0,0.0,94876.0,1835120.0,4198304.0,0.0,0.0,4194304.0,0.0
614,0,1,698,698,16777216,256,0,0,56,0,32,64,bias_kernel,11603362954653,11603364114447,615,201,1136.0,15784107.0,0.0,8388608.0,0.0,0.0,0.0,16182806508.0,16182806508.0,0.0,0.0,2097152.0,0.0,39151422231.0,33423601.0,50497720.0,0.0,0.0,71303168.0,150994944.0
615,0,1,698,698,4194304,256,0,0,12,4,32,64,"void at::native::vectorized_elementwise_kernel<4, at::native::FillFunctor<int>, std::array<char*, 1ul> >(int, at::native::FillFunctor<int>, std::array<char*, 1ul>)",11603364478393,11603364521291,616,101,1136.0,830362.0,65536.0,0.0,0.0,0.0,0.0,670705784.0,670705784.0,0.0,0.0,0.0,0.0,103749.0,1835120.0,4198304.0,0.0,0.0,4194304.0,0.0
616,0,1,698,698,16777216,256,0,0,56,0,32,64,bias_kernel,11603364894618,11603366055735,617,201,1136.0,16075238.0,0.0,8388608.0,0.0,0.0,0.0,16724157800.0,16724157800.0,0.0,0.0,2097152.0,0.0,39770226003.0,33423593.0,50498404.0,0.0,0.0,71303168.0,150994944.0
617,0,1,698,698,4194304,256,0,0,12,4,32,64,"void at::native::vectorized_elementwise_kernel<4, at::native::FillFunctor<int>, std::array<char*, 1ul> >(int, at::native::FillFunctor<int>, std::array<char*, 1ul>)",11603366423731,11603366466428,618,101,1136.0,830136.0,65536.0,0.0,0.0,0.0,0.0,669427552.0,669427552.0,0.0,0.0,0.0,0.0,93212.0,1835120.0,4198304.0,0.0,0.0,4194304.0,0.0
618,0,1,698,698,16777216,256,0,0,56,0,32,64,bias_kernel,11603366840357,11603367995941,619,201,1136.0,16417594.0,0.0,8388608.0,0.0,0.0,0.0,16934550268.0,16934550268.0,0.0,0.0,2097152.0,0.0,40820963410.0,33423596.0,50497434.0,0.0,0.0,71303168.0,150994944.0
619,0,1,698,698,4194304,256,0,0,12,4,32,64,"void at::native::vectorized_elementwise_kernel<4, at::native::FillFunctor<int>, std::array<char*, 1ul> >(int, at::native::FillFunctor<int>, std::array<char*, 1ul>)",11603368368868,11603368411765,620,101,1136.0,907719.0,65536.0,0.0,0.0,0.0,0.0,671448484.0,671448484.0,0.0,0.0,0.0,0.0,107303.0,1835120.0,4198304.0,0.0,0.0,4194304.0,0.0
620,0,1,698,698,16777216,256,0,0,56,0,32,64,bias_kernel,11603368783369,11603369941880,621,201,1136.0,16411071.0,0.0,8388608.0,0.0,0.0,0.0,16783983412.0,16783983412.0,0.0,0.0,2097152.0,0.0,40553554028.0,33423602.0,50496764.0,0.0,0.0,71303168.0,150994944.0
621,0,1,698,698,4194304,256,0,0,12,4,32,64,"void at::native::vectorized_elementwise_kernel<4, at::native::FillFunctor<int>, std::array<char*, 1ul> >(int, at::native::FillFunctor<int>, std::array<char*, 1ul>)",11603370305064,11603370348042,622,101,1136.0,840325.0,65536.0,0.0,0.0,0.0,0.0,670800784.0,670800784.0,0.0,0.0,0.0,0.0,96963.0,1835120.0,4198320.0,0.0,0.0,4194304.0,0.0
622,0,1,698,698,16777216,256,0,0,56,0,32,64,bias_kernel,11603370707418,11603371867091,623,201,1136.0,16289778.0,0.0,8388608.0,0.0,0.0,0.0,16974742072.0,16974742072.0,0.0,0.0,2097152.0,0.0,40119830030.0,33423613.0,50497994.0,0.0,0.0,71303168.0,150994944.0
623,0,1,698,698,4194304,256,0,0,12,4,32,64,"void at::native::vectorized_elementwise_kernel<4, at::native::FillFunctor<int>, std::array<char*, 1ul> >(int, at::native::FillFunctor<int>, std::array<char*, 1ul>)",11603372228552,11603372271369,624,101,1136.0,830023.0,65536.0,0.0,0.0,0.0,0.0,669538196.0,669538196.0,0.0,0.0,0.0,0.0,100130.0,1835120.0,4198320.0,0.0,0.0,4194304.0,0.0
624,0,1,698,698,16777216,256,0,0,56,0,32,64,bias_kernel,11603372624732,11603373783844,625,201,1136.0,15301308.0,0.0,8388608.0,0.0,0.0,0.0,16037715056.0,16037715056.0,0.0,0.0,2097152.0,0.0,37722277329.0,33423612.0,50499190.0,0.0,0.0,71303168.0,150994944.0
625,0,1,698,698,4194304,256,0,0,12,4,32,64,"void at::native::vectorized_elementwise_kernel<4, at::native::FillFunctor<int>, std::array<char*, 1ul> >(int, at::native::FillFunctor<int>, std::array<char*, 1ul>)",11603374149234,11603374192051,626,101,1136.0,840066.0,65536.0,0.0,0.0,0.0,0.0,673229212.0,673229212.0,0.0,0.0,0.0,0.0,97524.0,1835120.0,4198320.0,0.0,0.0,4194304.0,0.0
626,0,1,698,698,16777216,256,0,0,56,0,32,64,bias_kernel,11603374550585,11603375714428,627,201,1136.0,15045521.0,0.0,8388608.0,0.0,0.0,0.0,15825788512.0,15825788512.0,0.0,0.0,2097152.0,0.0,37400871487.0,33423618.0,50498794.0,0.0,0.0,71303168.0,150994944.0
627,0,1,698,698,4194304,256,0,0,12,4,32,64,"void at::native::vectorized_elementwise_kernel<4, at::native::FillFunctor<int>, std::array<char*, 1ul> >(int, at::native::FillFunctor<int>, std::array<char*, 1ul>)",11603376075287,11603376118305,628,101,1136.0,842792.0,65536.0,0.0,0.0,0.0,0.0,676217096.0,676217096.0,0.0,0.0,0.0,0.0,101584.0,1835120.0,4198320.0,0.0,0.0,4194304.0,0.0
628,0,1,698,698,16777216,256,0,0,56,0,32,64,bias_kernel,11603376483815,11603377653351,629,201,1136.0,15211359.0,0.0,8388608.0,0.0,0.0,0.0,15974898352.0,15974898352.0,0.0,0.0,2097152.0,0.0,37525410519.0,33423621.0,50504826.0,0.0,0.0,71303168.0,150994944.0
629,0,1,698,698,4194304,256,0,0,12,4,32,64,"void at::native::vectorized_elementwise_kernel<4, at::native::FillFunctor<int>, std::array<char*, 1ul> >(int, at::native::FillFunctor<int>, std::array<char*, 1ul>)",11603378018379,11603378060956,630,101,1136.0,817492.0,65536.0,0.0,0.0,0.0,0.0,663654340.0,663654340.0,0.0,0.0,0.0,0.0,102510.0,1835120.0,4198320.0,0.0,0.0,4194304.0,0.0
630,0,1,698,698,16777216,256,0,0,56,0,32,64,bias_kernel,11603378425745,11603379585939,631,201,1136.0,14855282.0,0.0,8388608.0,0.0,0.0,0.0,15189753712.0,15189753712.0,0.0,0.0,2097152.0,0.0,37098884742.0,33423611.0,50497770.0,0.0,0.0,71303168.0,150994944.0
631,0,1,698,698,4194304,256,0,0,12,4,32,64,"void at::native::vectorized_elementwise_kernel<4, at::native::FillFunctor<int>, std::array<char*, 1ul> >(int, at::native::FillFunctor<int>, std::array<char*, 1ul>)",11603379957904,11603380001002,632,101,1136.0,782929.0,65536.0,0.0,0.0,0.0,0.0,626411944.0,626411944.0,0.0,0.0,0.0,0.0,111720.0,1835120.0,4198320.0,0.0,0.0,4194304.0,0.0
632,0,1,698,698,16777216,256,0,0,56,0,32,64,bias_kernel,11603380373207,11603381542863,633,201,1136.0,15188945.0,0.0,8388608.0,0.0,0.0,0.0,15648866680.0,15648866680.0,0.0,0.0,2097152.0,0.0,37359897912.0,33423594.0,50498184.0,0.0,0.0,71303168.0,150994944.0
633,0,1,698,698,4194304,256,0,0,12,4,32,64,"void at::native::vectorized_elementwise_kernel<4, at::native::FillFunctor<int>, std::array<char*, 1ul> >(int, at::native::FillFunctor<int>, std::array<char*, 1ul>)",11603381920115,11603381963493,634,101,1136.0,772718.0,65536.0,0.0,0.0,0.0,0.0,628198856.0,628198856.0,0.0,0.0,0.0,0.0,93235.0,1835120.0,4198304.0,0.0,0.0,4194304.0,0.0
634,0,1,698,698,16777216,256,0,0,56,0,32,64,bias_kernel,11603382357748,11603383519546,635,201,1088.0,15062907.0,0.0,8388608.0,0.0,0.0,0.0,15768069468.0,15768069468.0,0.0,0.0,2097152.0,0.0,37522228929.0,33423610.0,50498546.0,0.0,0.0,71303168.0,150994944.0
635,0,1,698,698,4194304,256,0,0,12,4,32,64,"void at::native::vectorized_elementwise_kernel<4, at::native::FillFunctor<int>, std::array<char*, 1ul> >(int, at::native::FillFunctor<int>, std::array<char*, 1ul>)",11603383897645,11603383940823,636,101,1136.0,785299.0,65536.0,0.0,0.0,0.0,0.0,623182092.0,623182092.0,0.0,0.0,0.0,0.0,95593.0,1835120.0,4198320.0,0.0,0.0,4194304.0,0.0
636,0,1,698,698,16777216,256,0,0,56,0,32,64,bias_kernel,11603384313189,11603385474666,637,201,1136.0,15338491.0,0.0,8388608.0,0.0,0.0,0.0,15731182552.0,15731182552.0,0.0,0.0,2097152.0,0.0,37772771800.0,33423612.0,50497636.0,0.0,0.0,71303168.0,150994944.0
637,0,1,698,698,4194304,256,0,0,12,4,32,64,"void at::native::vectorized_elementwise_kernel<4, at::native::FillFunctor<int>, std::array<char*, 1ul> >(int, at::native::FillFunctor<int>, std::array<char*, 1ul>)",11603385848756,11603385892094,638,101,1136.0,758528.0,65536.0,0.0,0.0,0.0,0.0,611648588.0,611648588.0,0.0,0.0,0.0,0.0,87841.0,1835120.0,4198304.0,0.0,0.0,4194304.0,0.0
638,0,1,698,698,16777216,256,0,0,56,0,32,64,bias_kernel,11603386267347,11603387434076,639,201,1136.0,15637880.0,0.0,8388608.0,0.0,0.0,0.0,16015145476.0,16015145476.0,0.0,0.0,2097152.0,0.0,38685926856.0,33423601.0,50497436.0,0.0,0.0,71303168.0,150994944.0
639,0,1,698,698,4194304,256,0,0,12,4,32,64,"void at::native::vectorized_elementwise_kernel<4, at::native::FillFunctor<int>, std::array<char*, 1ul> >(int, at::native::FillFunctor<int>, std::array<char*, 1ul>)",11603387808086,11603387851584,640,101,1136.0,766465.0,65536.0,0.0,0.0,0.0,0.0,611810568.0,611810568.0,0.0,0.0,0.0,0.0,88496.0,1835120.0,4198304.0,0.0,0.0,4194304.0,0.0
640,0,1,698,698,16777216,256,0,0,56,0,32,64,bias_kernel,11603388227157,11603389387633,641,201,1136.0,15523378.0,0.0,8388608.0,0.0,0.0,0.0,16141597832.0,16141597832.0,0.0,0.0,2097152.0,0.0,38660109619.0,33423598.0,50497768.0,0.0,0.0,71303168.0,150994944.0
641,0,1,698,698,4194304,256,0,0,12,4,32,64,"void at::native::vectorized_elementwise_kernel<4, at::native::FillFunctor<int>, std::array<char*, 1ul> >(int, at::native::FillFunctor<int>, std::array<char*, 1ul>)",11603389755548,11603389798807,642,101,1136.0,742599.0,65536.0,0.0,0.0,0.0,0.0,597694600.0,597694600.0,0.0,0.0,0.0,0.0,87270.0,1835120.0,4198304.0,0.0,0.0,4194304.0,0.0
642,0,1,698,698,16777216,256,0,0,56,0,32,64,bias_kernel,11603390170892,11603391321825,643,201,1136.0,15251433.0,0.0,8388608.0,0.0,0.0,0.0,15719548720.0,15719548720.0,0.0,0.0,2097152.0,0.0,38579154035.0,33423595.0,50498734.0,0.0,0.0,71303168.0,150994944.0
643,0,1,698,698,4194304,256,0,0,12,4,32,64,"void at::native::vectorized_elementwise_kernel<4, at::native::FillFunctor<int>, std::array<char*, 1ul> >(int, at::native::FillFunctor<int>, std::array<char*, 1ul>)",11603391685972,11603391729471,644,101,1136.0,753322.0,65536.0,0.0,0.0,0.0,0.0,603923760.0,603923760.0,0.0,0.0,0.0,0.0,94785.0,1835120.0,4198320.0,0.0,0.0,4194304.0,0.0
644,0,1,698,698,16777216,256,0,0,56,0,32,64,bias_kernel,11603392116310,11603393279471,645,201,1136.0,15603083.0,0.0,8388608.0,0.0,0.0,0.0,15959849508.0,15959849508.0,0.0,0.0,2097152.0,0.0,38373960734.0,33423601.0,50497420.0,0.0,0.0,71303168.0,150994944.0
645,0,1,698,698,4194304,256,0,0,12,4,32,64,"void at::native::vectorized_elementwise_kernel<4, at::native::FillFunctor<int>, std::array<char*, 1ul> >(int, at::native::FillFunctor<int>, std::array<char*, 1ul>)",11603393641734,11603393685393,646,101,1136.0,751852.0,65536.0,0.0,0.0,0.0,0.0,587745184.0,587745184.0,0.0,0.0,0.0,0.0,90138.0,1835120.0,4198320.0,0.0,0.0,4194304.0,0.0
646,0,1,698,698,16777216,256,0,0,56,0,32,64,bias_kernel,11603394068664,11603395233509,647,201,1136.0,15731060.0,0.0,8388608.0,0.0,0.0,0.0,16259898024.0,16259898024.0,0.0,0.0,2097152.0,0.0,38739478147.0,33423608.0,50504970.0,0.0,0.0,71303168.0,150994944.0
647,0,1,698,698,4194304,256,0,0,12,4,32,64,"void at::native::vectorized_elementwise_kernel<4, at::native::FillFunctor<int>, std::array<char*, 1ul> >(int, at::native::FillFunctor<int>, std::array<char*, 1ul>)",11603395596774,11603395639872,648,101,1136.0,815236.0,65536.0,0.0,0.0,0.0,0.0,661442264.0,661442264.0,0.0,0.0,0.0,0.0,105187.0,1835120.0,4198304.0,0.0,0.0,4194304.0,0.0
648,0,1,698,698,16777216,256,0,0,56,0,32,64,bias_kernel,11603396015766,11603397173475,649,201,1136.0,15995558.0,0.0,8388608.0,0.0,0.0,0.0,16571096656.0,16571096656.0,0.0,0.0,2097152.0,0.0,39772758613.0,33423604.0,50497538.0,0.0,0.0,71303168.0,150994944.0
649,0,1,698,698,4194304,256,0,0,12,4,32,64,"void at::native::vectorized_elementwise_kernel<4, at::native::FillFunctor<int>, std::array<char*, 1ul> >(int, at::native::FillFunctor<int>, std::array<char*, 1ul>)",11603397533452,11603397576229,650,101,1136.0,833068.0,65536.0,0.0,0.0,0.0,0.0,670050972.0,670050972.0,0.0,0.0,0.0,0.0,110345.0,1835120.0,4198304.0,0.0,0.0,4194304.0,0.0
650,0,1,698,698,16777216,256,0,0,56,0,32,64,bias_kernel,11603397949637,11603399114804,651,201,1136.0,16430041.0,0.0,8388608.0,0.0,0.0,0.0,16880863280.0,16880863280.0,0.0,0.0,2097152.0,0.0,40850584986.0,33423595.0,50497842.0,0.0,0.0,71303168.0,150994944.0
651,0,1,698,698,4194304,256,0,0,12,4,32,64,"void at::native::vectorized_elementwise_kernel<4, at::native::FillFunctor<int>, std::array<char*, 1ul> >(int, at::native::FillFunctor<int>, std::array<char*, 1ul>)",11603399474340,11603399517438,652,101,1136.0,829207.0,65536.0,0.0,0.0,0.0,0.0,672680996.0,672680996.0,0.0,0.0,0.0,0.0,96506.0,1835120.0,4198304.0,0.0,0.0,4194304.0,0.0
652,0,1,698,698,16777216,256,0,0,56,0,32,64,bias_kernel,11603399881144,11603401046952,653,201,1136.0,16602228.0,0.0,8388608.0,0.0,0.0,0.0,17023877380.0,17023877380.0,0.0,0.0,2097152.0,0.0,41189740600.0,33423585.0,50498100.0,0.0,0.0,71303168.0,150994944.0
653,0,1,698,698,4194304,256,0,0,12,4,32,64,"void at::native::vectorized_elementwise_kernel<4, at::native::FillFunctor<int>, std::array<char*, 1ul> >(int, at::native::FillFunctor<int>, std::array<char*, 1ul>)",11603401409816,11603401452713,654,101,1136.0,823437.0,65536.0,0.0,0.0,0.0,0.0,670389788.0,670389788.0,0.0,0.0,0.0,0.0,97891.0,1835120.0,4198304.0,0.0,0.0,4194304.0,0.0
654,0,1,698,698,16777216,256,0,0,56,0,32,64,bias_kernel,11603401817822,11603402969999,655,201,1136.0,16399591.0,0.0,8388608.0,0.0,0.0,0.0,17092095944.0,17092095944.0,0.0,0.0,2097152.0,0.0,41038153851.0,33423590.0,50498372.0,0.0,0.0,71303168.0,150994944.0
655,0,1,698,698,33554432,512,0,0,28,4,32,64,bias_kernel,11603405566596,11603406708790,656,202,8560.0,14139200.0,0.0,8388608.0,0.0,0.0,0.0,10559909416.0,10559909416.0,0.0,0.0,2097152.0,0.0,35532003354.0,33423505.0,50590676.0,0.0,0.0,75497472.0,167772160.0
656,0,1,698,698,4194304,256,0,0,12,4,32,64,"void at::native::vectorized_elementwise_kernel<4, at::native::FillFunctor<int>, std::array<char*, 1ul> >(int, at::native::FillFunctor<int>, std::array<char*, 1ul>)",11603407167191,11603407210730,657,101,1136.0,811820.0,65536.0,0.0,0.0,0.0,0.0,644989356.0,644989356.0,0.0,0.0,0.0,0.0,93209.0,1835120.0,4198304.0,0.0,0.0,4194304.0,0.0
657,0,1,698,698,33554432,512,0,0,28,4,32,64,bias_kernel,11603407585180,11603408754556,658,202,1136.0,14720459.0,0.0,8388608.0,0.0,0.0,0.0,11237086124.0,11237086124.0,0.0,0.0,2097152.0,0.0,36650681631.0,33423509.0,50590720.0,0.0,0.0,75497472.0,167772160.0
658,0,1,698,698,4194304,256,0,0,12,4,32,64,"void at::native::vectorized_elementwise_kernel<4, at::native::FillFunctor<int>, std::array<char*, 1ul> >(int, at::native::FillFunctor<int>, std::array<char*, 1ul>)",11603409126080,11603409169458,659,101,1136.0,805321.0,65536.0,0.0,0.0,0.0,0.0,641247108.0,641247108.0,0.0,0.0,0.0,0.0,92802.0,1835120.0,4198304.0,0.0,0.0,4194304.0,0.0
659,0,1,698,698,33554432,512,0,0,28,4,32,64,bias_kernel,11603409528473,11603410685461,660,202,1136.0,14232038.0,0.0,8388608.0,0.0,0.0,0.0,10827983240.0,10827983240.0,0.0,0.0,2097152.0,0.0,36197128761.0,33423518.0,50590428.0,0.0,0.0,75497472.0,167772160.0
660,0,1,698,698,4194304,256,0,0,12,4,32,64,"void at::native::vectorized_elementwise_kernel<4, at::native::FillFunctor<int>, std::array<char*, 1ul> >(int, at::native::FillFunctor<int>, std::array<char*, 1ul>)",11603411053056,11603411095793,661,101,1136.0,782626.0,65536.0,0.0,0.0,0.0,0.0,635628840.0,635628840.0,0.0,0.0,0.0,0.0,95059.0,1835120.0,4198304.0,0.0,0.0,4194304.0,0.0
661,0,1,698,698,33554432,512,0,0,28,4,32,64,bias_kernel,11603411459138,11603412620415,662,202,1136.0,14442150.0,0.0,8388608.0,0.0,0.0,0.0,11697053396.0,11697053396.0,0.0,0.0,2097152.0,0.0,36133484422.0,33423506.0,50591842.0,0.0,0.0,75497472.0,167772160.0
662,0,1,698,698,4194304,256,0,0,12,4,32,64,"void at::native::vectorized_elementwise_kernel<4, at::native::FillFunctor<int>, std::array<char*, 1ul> >(int, at::native::FillFunctor<int>, std::array<char*, 1ul>)",11603412997873,11603413041131,663,101,1221.0,790180.0,65536.0,0.0,0.0,0.0,0.0,635963020.0,635963020.0,0.0,0.0,0.0,0.0,95024.0,1835120.0,4198304.0,0.0,0.0,4194304.0,0.0
663,0,1,698,698,33554432,512,0,0,28,4,32,64,bias_kernel,11603413409888,11603414570324,664,202,1136.0,14659916.0,0.0,8388608.0,0.0,0.0,0.0,11297421080.0,11297421080.0,0.0,0.0,2097152.0,0.0,37117687969.0,33423508.0,50590952.0,0.0,0.0,75497472.0,167772160.0
664,0,1,698,698,4194304,256,0,0,12,4,32,64,"void at::native::vectorized_elementwise_kernel<4, at::native::FillFunctor<int>, std::array<char*, 1ul> >(int, at::native::FillFunctor<int>, std::array<char*, 1ul>)",11603414946097,11603414989556,665,101,1136.0,770767.0,65536.0,0.0,0.0,0.0,0.0,619543148.0,619543148.0,0.0,0.0,0.0,0.0,95192.0,1835120.0,4198304.0,0.0,0.0,4194304.0,0.0
665,0,1,698,698,33554432,512,0,0,28,4,32,64,bias_kernel,11603415365289,11603416533863,666,202,1136.0,14844270.0,0.0,8388608.0,0.0,0.0,0.0,11958913088.0,11958913088.0,0.0,0.0,2097152.0,0.0,36993296870.0,33423508.0,50592204.0,0.0,0.0,75497472.0,167772160.0
666,0,1,698,698,33554432,512,0,0,28,4,32,64,bias_kernel,11603417066873,11603418201611,667,202,1136.0,16035960.0,0.0,8388608.0,0.0,0.0,0.0,11765480788.0,11765480788.0,0.0,0.0,2097152.0,0.0,39740861372.0,33423476.0,50592816.0,0.0,0.0,75497472.0,167772160.0
667,0,1,698,698,33554432,512,0,0,28,4,32,64,bias_kernel,11603418571972,11603419703982,668,202,1136.0,16492091.0,0.0,8388608.0,0.0,0.0,0.0,11873194044.0,11873194044.0,0.0,0.0,2097152.0,0.0,40543922436.0,33423506.0,50593652.0,0.0,0.0,75497472.0,167772160.0
668,0,1,698,698,33554432,512,0,0,28,4,32,64,bias_kernel,11603420107459,11603421236784,669,202,1136.0,16294522.0,0.0,8388608.0,0.0,0.0,0.0,11186081424.0,11186081424.0,0.0,0.0,2097152.0,0.0,40795805522.0,33423514.0,50593028.0,0.0,0.0,75497472.0,167772160.0
669,0,1,698,698,33554432,512,0,0,28,4,32,64,bias_kernel,11603421624424,11603422752225,670,202,1136.0,15289581.0,0.0,8388608.0,0.0,0.0,0.0,11184884400.0,11184884400.0,0.0,0.0,2097152.0,0.0,37853567674.0,33423504.0,50593176.0,0.0,0.0,75497472.0,167772160.0
670,0,1,698,698,33554432,512,0,0,28,4,32,64,bias_kernel,11603423153496,11603424299259,671,202,1136.0,16411561.0,0.0,8388608.0,0.0,0.0,0.0,12063632980.0,12063632980.0,0.0,0.0,2097152.0,0.0,39600039273.0,33423510.0,50593512.0,0.0,0.0,75497472.0,167772160.0
671,0,1,698,698,33554432,512,0,0,28,4,32,64,bias_kernel,11603424702775,11603425847014,672,202,1136.0,15363709.0,0.0,8388608.0,0.0,0.0,0.0,11644761376.0,11644761376.0,0.0,0.0,2097152.0,0.0,37272398703.0,33423506.0,50593370.0,0.0,0.0,75497472.0,167772160.0
672,0,1,698,698,33554432,512,0,0,28,4,32,64,bias_kernel,11603426251452,11603427385708,673,202,1136.0,16594389.0,0.0,8388608.0,0.0,0.0,0.0,12331495192.0,12331495192.0,0.0,0.0,2097152.0,0.0,40788906519.0,33423508.0,50593998.0,0.0,0.0,75497472.0,167772160.0
673,0,1,698,698,33554432,512,0,0,28,4,32,64,bias_kernel,11603427786819,11603428917827,674,202,1136.0,15183332.0,0.0,8388608.0,0.0,0.0,0.0,11382690060.0,11382690060.0,0.0,0.0,2097152.0,0.0,37567023386.0,33423510.0,50593556.0,0.0,0.0,75497472.0,167772160.0
674,0,1,698,698,33554432,512,0,0,28,4,32,64,bias_kernel,11603429317375,11603430452793,675,202,1136.0,16395541.0,0.0,8388608.0,0.0,0.0,0.0,12275253272.0,12275253272.0,0.0,0.0,2097152.0,0.0,40487658861.0,33423506.0,50593826.0,0.0,0.0,75497472.0,167772160.0
675,0,1,698,698,33554432,512,0,0,28,4,32,64,bias_kernel,11603430869740,11603432010050,676,202,1136.0,15373763.0,0.0,8388608.0,0.0,0.0,0.0,11406714788.0,11406714788.0,0.0,0.0,2097152.0,0.0,37623453527.0,33423504.0,50592958.0,0.0,0.0,75497472.0,167772160.0
676,0,1,698,698,33554432,512,0,0,28,4,32,64,bias_kernel,11603432422587,11603433560892,677,202,1136.0,16239048.0,0.0,8388608.0,0.0,0.0,0.0,11837543584.0,11837543584.0,0.0,0.0,2097152.0,0.0,39821250867.0,33423512.0,50593566.0,0.0,0.0,75497472.0,167772160.0
677,0,1,698,698,33554432,512,0,0,28,4,32,64,bias_kernel,11603433972066,11603435106041,678,202,1136.0,15484471.0,0.0,8388608.0,0.0,0.0,0.0,11081051760.0,11081051760.0,0.0,0.0,2097152.0,0.0,38335183089.0,33423504.0,50593154.0,0.0,0.0,75497472.0,167772160.0
678,0,1,698,698,4194304,256,0,0,12,4,32,64,"void at::native::vectorized_elementwise_kernel<4, at::native::FillFunctor<int>, std::array<char*, 1ul> >(int, at::native::FillFunctor<int>, std::array<char*, 1ul>)",11603435511281,11603435555261,679,101,1816.0,742891.0,65536.0,0.0,0.0,0.0,0.0,580124692.0,580124692.0,0.0,0.0,0.0,0.0,90165.0,1835120.0,4198304.0,0.0,0.0,4194304.0,0.0
679,0,1,698,698,33554432,512,0,0,28,4,32,64,bias_kernel,11603435964832,11603437132764,680,202,1136.0,16080590.0,0.0,8388608.0,0.0,0.0,0.0,11725624908.0,11725624908.0,0.0,0.0,2097152.0,0.0,39441456317.0,33423504.0,50592088.0,0.0,0.0,75497472.0,167772160.0
680,0,1,698,698,4194304,256,0,0,12,4,32,64,"void at::native::vectorized_elementwise_kernel<4, at::native::FillFunctor<int>, std::array<char*, 1ul> >(int, at::native::FillFunctor<int>, std::array<char*, 1ul>)",11603437525255,11603437568433,681,101,1136.0,812907.0,65536.0,0.0,0.0,0.0,0.0,651806252.0,651806252.0,0.0,0.0,0.0,0.0,100608.0,1835120.0,4198304.0,0.0,0.0,4194304.0,0.0
681,0,1,698,698,33554432,512,0,0,28,4,32,64,bias_kernel,11603437970988,11603439139722,682,202,1136.0,16168939.0,0.0,8388608.0,0.0,0.0,0.0,12324666224.0,12324666224.0,0.0,0.0,2097152.0,0.0,39566689841.0,33423507.0,50592160.0,0.0,0.0,75497472.0,167772160.0
682,0,1,698,698,4194304,256,0,0,12,4,32,64,"void at::native::vectorized_elementwise_kernel<4, at::native::FillFunctor<int>, std::array<char*, 1ul> >(int, at::native::FillFunctor<int>, std::array<char*, 1ul>)",11603439527442,11603439570340,683,101,1136.0,834773.0,65536.0,0.0,0.0,0.0,0.0,671450576.0,671450576.0,0.0,0.0,0.0,0.0,101910.0,1835120.0,4198304.0,0.0,0.0,4194304.0,0.0
683,0,1,698,698,33554432,512,0,0,28,4,32,64,bias_kernel,11603439965116,11603441127596,684,202,1136.0,15365555.0,0.0,8388608.0,0.0,0.0,0.0,12210147496.0,12210147496.0,0.0,0.0,2097152.0,0.0,38225870704.0,33423508.0,50592628.0,0.0,0.0,75497472.0,167772160.0
684,0,1,698,698,4194304,256,0,0,12,4,32,64,"void at::native::vectorized_elementwise_kernel<4, at::native::FillFunctor<int>, std::array<char*, 1ul> >(int, at::native::FillFunctor<int>, std::array<char*, 1ul>)",11603441519326,11603441562865,685,101,1136.0,838320.0,65536.0,0.0,0.0,0.0,0.0,674156948.0,674156948.0,0.0,0.0,0.0,0.0,100234.0,1835120.0,4198304.0,0.0,0.0,4194304.0,0.0
685,0,1,698,698,33554432,512,0,0,28,4,32,64,bias_kernel,11603441949824,11603443120202,686,202,1136.0,15891311.0,0.0,8388608.0,0.0,0.0,0.0,12294624896.0,12294624896.0,0.0,0.0,2097152.0,0.0,39252468424.0,33423506.0,50592428.0,0.0,0.0,75497472.0,167772160.0
686,0,1,698,698,4194304,256,0,0,12,4,32,64,"void at::native::vectorized_elementwise_kernel<4, at::native::FillFunctor<int>, std::array<char*, 1ul> >(int, at::native::FillFunctor<int>, std::array<char*, 1ul>)",11603443508604,11603443551742,687,101,1136.0,838458.0,65536.0,0.0,0.0,0.0,0.0,669722628.0,669722628.0,0.0,0.0,0.0,0.0,98832.0,1835120.0,4198304.0,0.0,0.0,4194304.0,0.0
687,0,1,698,698,33554432,512,0,0,28,4,32,64,bias_kernel,11603443943299,11603445105698,688,202,1136.0,15580448.0,0.0,8388608.0,0.0,0.0,0.0,11459107372.0,11459107372.0,0.0,0.0,2097152.0,0.0,38907686073.0,33423510.0,50591410.0,0.0,0.0,75497472.0,167772160.0
688,0,1,698,698,4194304,256,0,0,12,4,32,64,"void at::native::vectorized_elementwise_kernel<4, at::native::FillFunctor<int>, std::array<char*, 1ul> >(int, at::native::FillFunctor<int>, std::array<char*, 1ul>)",11603445502598,11603445545376,689,101,1088.0,826118.0,65536.0,0.0,0.0,0.0,0.0,674490320.0,674490320.0,0.0,0.0,0.0,0.0,99860.0,1835120.0,4198304.0,0.0,0.0,4194304.0,0.0
689,0,1,698,698,33554432,512,0,0,28,4,32,64,bias_kernel,11603445931613,11603447094373,690,202,1136.0,15467809.0,0.0,8388608.0,0.0,0.0,0.0,12205337720.0,12205337720.0,0.0,0.0,2097152.0,0.0,38453287543.0,33423515.0,50592398.0,0.0,0.0,75497472.0,167772160.0
690,0,1,698,698,4194304,256,0,0,12,4,32,64,"void at::native::vectorized_elementwise_kernel<4, at::native::FillFunctor<int>, std::array<char*, 1ul> >(int, at::native::FillFunctor<int>, std::array<char*, 1ul>)",11603447476400,11603447519217,691,101,1136.0,846327.0,65536.0,0.0,0.0,0.0,0.0,682809940.0,682809940.0,0.0,0.0,0.0,0.0,109173.0,1835120.0,4198304.0,0.0,0.0,4194304.0,0.0
691,0,1,698,698,33554432,512,0,0,28,4,32,64,bias_kernel,11603447897116,11603449058874,692,202,1136.0,14932670.0,0.0,8388608.0,0.0,0.0,0.0,11807480788.0,11807480788.0,0.0,0.0,2097152.0,0.0,37630082693.0,33423510.0,50591732.0,0.0,0.0,75497472.0,167772160.0
692,0,1,698,698,4194304,256,0,0,12,4,32,64,"void at::native::vectorized_elementwise_kernel<4, at::native::FillFunctor<int>, std::array<char*, 1ul> >(int, at::native::FillFunctor<int>, std::array<char*, 1ul>)",11603449443988,11603449486845,693,101,1136.0,835902.0,65536.0,0.0,0.0,0.0,0.0,676802560.0,676802560.0,0.0,0.0,0.0,0.0,97617.0,1835120.0,4198304.0,0.0,0.0,4194304.0,0.0
693,0,1,698,698,33554432,512,0,0,28,4,32,64,bias_kernel,11603449871158,11603451030911,694,202,1136.0,14492159.0,0.0,8388608.0,0.0,0.0,0.0,11609401204.0,11609401204.0,0.0,0.0,2097152.0,0.0,36558011603.0,33423514.0,50591612.0,0.0,0.0,75497472.0,167772160.0
694,0,1,698,698,4194304,256,0,0,12,4,32,64,"void at::native::vectorized_elementwise_kernel<4, at::native::FillFunctor<int>, std::array<char*, 1ul> >(int, at::native::FillFunctor<int>, std::array<char*, 1ul>)",11603451415344,11603451458442,695,101,1136.0,835885.0,65536.0,0.0,0.0,0.0,0.0,678320992.0,678320992.0,0.0,0.0,0.0,0.0,95186.0,1835120.0,4198304.0,0.0,0.0,4194304.0,0.0
695,0,1,698,698,33554432,512,0,0,28,4,32,64,bias_kernel,11603451833374,11603453002308,696,202,1136.0,14502686.0,0.0,8388608.0,0.0,0.0,0.0,11726286440.0,11726286440.0,0.0,0.0,2097152.0,0.0,35819360552.0,33423510.0,50591798.0,0.0,0.0,75497472.0,167772160.0
696,0,1,698,698,4194304,256,0,0,12,4,32,64,"void at::native::vectorized_elementwise_kernel<4, at::native::FillFunctor<int>, std::array<char*, 1ul> >(int, at::native::FillFunctor<int>, std::array<char*, 1ul>)",11603453374994,11603453418132,697,101,1136.0,833572.0,65536.0,0.0,0.0,0.0,0.0,666024632.0,666024632.0,0.0,0.0,0.0,0.0,100080.0,1835120.0,4198304.0,0.0,0.0,4194304.0,0.0
697,0,1,698,698,33554432,512,0,0,28,4,32,64,bias_kernel,11603453799839,11603454961557,698,202,1136.0,14481967.0,0.0,8388608.0,0.0,0.0,0.0,10936060756.0,10936060756.0,0.0,0.0,2097152.0,0.0,36465575880.0,33423506.0,50590558.0,0.0,0.0,75497472.0,167772160.0
698,0,1,698,698,4194304,256,0,0,12,4,32,64,"void at::native::vectorized_elementwise_kernel<4, at::native::FillFunctor<int>, std::array<char*, 1ul> >(int, at::native::FillFunctor<int>, std::array<char*, 1ul>)",11603455352484,11603455395502,699,101,1136.0,839132.0,65536.0,0.0,0.0,0.0,0.0,674948700.0,674948700.0,0.0,0.0,0.0,0.0,95914.0,1835120.0,4198304.0,0.0,0.0,4194304.0,0.0
699,0,1,698,698,33554432,512,0,0,28,4,32,64,bias_kernel,11603455767948,11603456935519,700,202,1136.0,14691802.0,0.0,8388608.0,0.0,0.0,0.0,11518477076.0,11518477076.0,0.0,0.0,2097152.0,0.0,36650511438.0,33423508.0,50591244.0,0.0,0.0,75497472.0,167772160.0
700,0,1,698,698,4194304,256,0,0,12,4,32,64,"void at::native::vectorized_elementwise_kernel<4, at::native::FillFunctor<int>, std::array<char*, 1ul> >(int, at::native::FillFunctor<int>, std::array<char*, 1ul>)",11603457317667,11603457361085,701,101,1136.0,847922.0,65536.0,0.0,0.0,0.0,0.0,678081756.0,678081756.0,0.0,0.0,0.0,0.0,109832.0,1835120.0,4198320.0,0.0,0.0,4194304.0,0.0
701,0,1,698,698,33554432,512,0,0,28,4,32,64,bias_kernel,11603457735215,11603458909080,702,202,1136.0,14905926.0,0.0,8388608.0,0.0,0.0,0.0,11415789932.0,11415789932.0,0.0,0.0,2097152.0,0.0,37106783213.0,33423511.0,50590798.0,0.0,0.0,75497472.0,167772160.0
702,0,1,698,698,4194304,256,0,0,12,4,32,64,"void at::native::vectorized_elementwise_kernel<4, at::native::FillFunctor<int>, std::array<char*, 1ul> >(int, at::native::FillFunctor<int>, std::array<char*, 1ul>)",11603459293152,11603459336210,703,101,1136.0,835489.0,65536.0,0.0,0.0,0.0,0.0,670910220.0,670910220.0,0.0,0.0,0.0,0.0,95400.0,1835120.0,4198304.0,0.0,0.0,4194304.0,0.0
703,0,1,698,698,33554432,512,0,0,28,4,32,64,bias_kernel,11603459719200,11603460896713,704,202,1136.0,14935767.0,0.0,8388608.0,0.0,0.0,0.0,10974717968.0,10974717968.0,0.0,0.0,2097152.0,0.0,36881656291.0,33423508.0,50590266.0,0.0,0.0,75497472.0,167772160.0
704,0,1,698,698,4194304,256,0,0,12,4,32,64,"void at::native::vectorized_elementwise_kernel<4, at::native::FillFunctor<int>, std::array<char*, 1ul> >(int, at::native::FillFunctor<int>, std::array<char*, 1ul>)",11603461274852,11603461317790,705,101,1136.0,829304.0,65536.0,0.0,0.0,0.0,0.0,669483560.0,669483560.0,0.0,0.0,0.0,0.0,95870.0,1835120.0,4198304.0,0.0,0.0,4194304.0,0.0
705,0,1,698,698,33554432,512,0,0,28,4,32,64,bias_kernel,11603461691438,11603462845458,706,202,1136.0,14158978.0,0.0,8388608.0,0.0,0.0,0.0,10903058924.0,10903058924.0,0.0,0.0,2097152.0,0.0,36422981063.0,33423510.0,50590864.0,0.0,0.0,75497472.0,167772160.0
706,0,1,698,698,4194304,256,0,0,12,4,32,64,"void at::native::vectorized_elementwise_kernel<4, at::native::FillFunctor<int>, std::array<char*, 1ul> >(int, at::native::FillFunctor<int>, std::array<char*, 1ul>)",11603463230573,11603463273270,707,101,1136.0,803273.0,65536.0,0.0,0.0,0.0,0.0,651302536.0,651302536.0,0.0,0.0,0.0,0.0,92218.0,1835120.0,4198304.0,0.0,0.0,4194304.0,0.0
707,0,1,698,698,33554432,512,0,0,28,4,32,64,bias_kernel,11603463647840,11603464809839,708,202,1136.0,14347964.0,0.0,8388608.0,0.0,0.0,0.0,10971185772.0,10971185772.0,0.0,0.0,2097152.0,0.0,36302549296.0,33423510.0,50590640.0,0.0,0.0,75497472.0,167772160.0
708,0,1,698,698,4194304,256,0,0,12,4,32,64,"void at::native::vectorized_elementwise_kernel<4, at::native::FillFunctor<int>, std::array<char*, 1ul> >(int, at::native::FillFunctor<int>, std::array<char*, 1ul>)",11603465185772,11603465228630,709,101,1136.0,806393.0,65536.0,0.0,0.0,0.0,0.0,651507992.0,651507992.0,0.0,0.0,0.0,0.0,99255.0,1835120.0,4198304.0,0.0,0.0,4194304.0,0.0
709,0,1,698,698,33554432,512,0,0,28,4,32,64,bias_kernel,11603465609895,11603466780955,710,202,1136.0,14797692.0,0.0,8388608.0,0.0,0.0,0.0,11449925676.0,11449925676.0,0.0,0.0,2097152.0,0.0,36527994626.0,33423511.0,50590902.0,0.0,0.0,75497472.0,167772160.0
710,0,1,698,698,4194304,256,0,0,12,4,32,64,"void at::native::vectorized_elementwise_kernel<4, at::native::FillFunctor<int>, std::array<char*, 1ul> >(int, at::native::FillFunctor<int>, std::array<char*, 1ul>)",11603467168154,11603467210971,711,101,1136.0,786514.0,65536.0,0.0,0.0,0.0,0.0,640978888.0,640978888.0,0.0,0.0,0.0,0.0,91248.0,1835120.0,4198304.0,0.0,0.0,4194304.0,0.0
711,0,1,698,698,33554432,512,0,0,28,4,32,64,bias_kernel,11603467606269,11603468770753,712,202,1136.0,14463580.0,0.0,8388608.0,0.0,0.0,0.0,11648939984.0,11648939984.0,0.0,0.0,2097152.0,0.0,36246967435.0,33423507.0,50591944.0,0.0,0.0,75497472.0,167772160.0
712,0,1,698,698,4194304,256,0,0,12,4,32,64,"void at::native::vectorized_elementwise_kernel<4, at::native::FillFunctor<int>, std::array<char*, 1ul> >(int, at::native::FillFunctor<int>, std::array<char*, 1ul>)",11603469161440,11603469204498,713,101,1136.0,801776.0,65536.0,0.0,0.0,0.0,0.0,637139296.0,637139296.0,0.0,0.0,0.0,0.0,95444.0,1835120.0,4198320.0,0.0,0.0,4194304.0,0.0
713,0,1,698,698,33554432,512,0,0,28,4,32,64,bias_kernel,11603469592178,11603470760110,714,202,1136.0,14662180.0,0.0,8388608.0,0.0,0.0,0.0,11539999052.0,11539999052.0,0.0,0.0,2097152.0,0.0,36222914988.0,33423504.0,50591130.0,0.0,0.0,75497472.0,167772160.0
714,0,1,698,698,4194304,256,0,0,12,4,32,64,"void at::native::vectorized_elementwise_kernel<4, at::native::FillFunctor<int>, std::array<char*, 1ul> >(int, at::native::FillFunctor<int>, std::array<char*, 1ul>)",11603471154245,11603471197944,715,101,1136.0,782751.0,65536.0,0.0,0.0,0.0,0.0,622162736.0,622162736.0,0.0,0.0,0.0,0.0,90739.0,1835120.0,4198304.0,0.0,0.0,4194304.0,0.0
715,0,1,698,698,33554432,512,0,0,28,4,32,64,bias_kernel,11603471589152,11603472756283,716,202,1136.0,14661723.0,0.0,8388608.0,0.0,0.0,0.0,11617979420.0,11617979420.0,0.0,0.0,2097152.0,0.0,36590549509.0,33423507.0,50591912.0,0.0,0.0,75497472.0,167772160.0
716,0,1,698,698,4194304,256,0,0,12,4,32,64,"void at::native::vectorized_elementwise_kernel<4, at::native::FillFunctor<int>, std::array<char*, 1ul> >(int, at::native::FillFunctor<int>, std::array<char*, 1ul>)",11603473140074,11603473183453,717,101,1136.0,775536.0,65536.0,0.0,0.0,0.0,0.0,629927300.0,629927300.0,0.0,0.0,0.0,0.0,107882.0,1835120.0,4198320.0,0.0,0.0,4194304.0,0.0
717,0,1,698,698,33554432,512,0,0,28,4,32,64,bias_kernel,11603473574220,11603474737501,718,202,1136.0,14665333.0,0.0,8388608.0,0.0,0.0,0.0,10952039700.0,10952039700.0,0.0,0.0,2097152.0,0.0,36389641106.0,33423504.0,50590508.0,0.0,0.0,75497472.0,167772160.0
718,0,1,698,698,4194304,256,0,0,12,4,32,64,"void at::native::vectorized_elementwise_kernel<4, at::native::FillFunctor<int>, std::array<char*, 1ul> >(int, at::native::FillFunctor<int>, std::array<char*, 1ul>)",11603475125101,11603475168720,719,101,1134.0,763678.0,65536.0,0.0,0.0,0.0,0.0,610772216.0,610772216.0,0.0,0.0,0.0,0.0,94153.0,1835120.0,4198320.0,0.0,0.0,4194304.0,0.0
719,0,1,698,698,33554432,512,0,0,28,4,32,64,bias_kernel,11603475557042,11603476717197,720,202,1136.0,14503762.0,0.0,8388608.0,0.0,0.0,0.0,11383796464.0,11383796464.0,0.0,0.0,2097152.0,0.0,36507416050.0,33423504.0,50591612.0,0.0,0.0,75497472.0,167772160.0
720,0,1,698,698,4194304,256,0,0,12,4,32,64,"void at::native::vectorized_elementwise_kernel<4, at::native::FillFunctor<int>, std::array<char*, 1ul> >(int, at::native::FillFunctor<int>, std::array<char*, 1ul>)",11603477104115,11603477147614,721,101,1136.0,775853.0,65536.0,0.0,0.0,0.0,0.0,632572952.0,632572952.0,0.0,0.0,0.0,0.0,113561.0,1835120.0,4198320.0,0.0,0.0,4194304.0,0.0
721,0,1,698,698,33554432,512,0,0,28,4,32,64,bias_kernel,11603477535014,11603478703988,722,202,1136.0,14896948.0,0.0,8388608.0,0.0,0.0,0.0,11688466668.0,11688466668.0,0.0,0.0,2097152.0,0.0,37147955977.0,33423508.0,50591206.0,0.0,0.0,75497472.0,167772160.0
722,0,1,698,698,4194304,256,0,0,12,4,32,64,"void at::native::vectorized_elementwise_kernel<4, at::native::FillFunctor<int>, std::array<char*, 1ul> >(int, at::native::FillFunctor<int>, std::array<char*, 1ul>)",11603479100809,11603479144508,723,101,1136.0,772897.0,65536.0,0.0,0.0,0.0,0.0,617699444.0,617699444.0,0.0,0.0,0.0,0.0,94477.0,1835120.0,4198304.0,0.0,0.0,4194304.0,0.0
723,0,1,698,698,33554432,512,0,0,28,4,32,64,bias_kernel,11603479528781,11603480698276,724,202,1136.0,14925950.0,0.0,8388608.0,0.0,0.0,0.0,11662577584.0,11662577584.0,0.0,0.0,2097152.0,0.0,36994502975.0,33423509.0,50591202.0,0.0,0.0,75497472.0,167772160.0
724,0,1,698,698,4194304,256,0,0,12,4,32,64,"void at::native::vectorized_elementwise_kernel<4, at::native::FillFunctor<int>, std::array<char*, 1ul> >(int, at::native::FillFunctor<int>, std::array<char*, 1ul>)",11603481088362,11603481131700,725,101,1136.0,772190.0,65536.0,0.0,0.0,0.0,0.0,615963880.0,615963880.0,0.0,0.0,0.0,0.0,84523.0,1835120.0,4198304.0,0.0,0.0,4194304.0,0.0
725,0,1,698,698,33554432,512,0,0,28,4,32,64,bias_kernel,11603481522708,11603482698298,726,202,1136.0,15170626.0,0.0,8388608.0,0.0,0.0,0.0,11396729100.0,11396729100.0,0.0,0.0,2097152.0,0.0,37171989787.0,33423506.0,50590668.0,0.0,0.0,75497472.0,167772160.0
726,0,1,698,698,4194304,256,0,0,12,4,32,64,"void at::native::vectorized_elementwise_kernel<4, at::native::FillFunctor<int>, std::array<char*, 1ul> >(int, at::native::FillFunctor<int>, std::array<char*, 1ul>)",11603483085938,11603483128795,727,101,1136.0,771399.0,65536.0,0.0,0.0,0.0,0.0,618787028.0,618787028.0,0.0,0.0,0.0,0.0,89831.0,1835120.0,4198320.0,0.0,0.0,4194304.0,0.0
727,0,1,698,698,33554432,512,0,0,28,4,32,64,bias_kernel,11603483523171,11603484682724,728,202,1136.0,14706323.0,0.0,8388608.0,0.0,0.0,0.0,11460418472.0,11460418472.0,0.0,0.0,2097152.0,0.0,36782235332.0,33423504.0,50591436.0,0.0,0.0,75497472.0,167772160.0
728,0,1,698,698,4194304,256,0,0,12,4,32,64,"void at::native::vectorized_elementwise_kernel<4, at::native::FillFunctor<int>, std::array<char*, 1ul> >(int, at::native::FillFunctor<int>, std::array<char*, 1ul>)",11603485070765,11603485114264,729,101,1136.0,754346.0,65536.0,0.0,0.0,0.0,0.0,610139324.0,610139324.0,0.0,0.0,0.0,0.0,93476.0,1835120.0,4198320.0,0.0,0.0,4194304.0,0.0
729,0,1,698,698,33554432,512,0,0,28,4,32,64,bias_kernel,11603485498696,11603486666909,730,202,1136.0,14955789.0,0.0,8388608.0,0.0,0.0,0.0,12121378692.0,12121378692.0,0.0,0.0,2097152.0,0.0,36608766852.0,33423511.0,50592232.0,0.0,0.0,75497472.0,167772160.0
730,0,1,698,698,4194304,256,0,0,12,4,32,64,"void at::native::vectorized_elementwise_kernel<4, at::native::FillFunctor<int>, std::array<char*, 1ul> >(int, at::native::FillFunctor<int>, std::array<char*, 1ul>)",11603487059681,11603487103260,731,101,1136.0,752752.0,65536.0,0.0,0.0,0.0,0.0,604383104.0,604383104.0,0.0,0.0,0.0,0.0,85150.0,1835120.0,4198304.0,0.0,0.0,4194304.0,0.0
731,0,1,698,698,33554432,512,0,0,28,4,32,64,bias_kernel,11603487485408,11603488647366,732,202,1136.0,14827252.0,0.0,8388608.0,0.0,0.0,0.0,12033514596.0,12033514596.0,0.0,0.0,2097152.0,0.0,37021185935.0,33423508.0,50592344.0,0.0,0.0,75497472.0,167772160.0
732,0,1,698,698,4194304,256,0,0,12,4,32,64,"void at::native::vectorized_elementwise_kernel<4, at::native::FillFunctor<int>, std::array<char*, 1ul> >(int, at::native::FillFunctor<int>, std::array<char*, 1ul>)",11603489025505,11603489069164,733,101,1136.0,762158.0,65536.0,0.0,0.0,0.0,0.0,609659736.0,609659736.0,0.0,0.0,0.0,0.0,90928.0,1835120.0,4198320.0,0.0,0.0,4194304.0,0.0
733,0,1,698,698,33554432,512,0,0,28,4,32,64,bias_kernel,11603489459129,11603490623293,734,202,1136.0,14982501.0,0.0,8388608.0,0.0,0.0,0.0,11408604156.0,11408604156.0,0.0,0.0,2097152.0,0.0,37216472738.0,33423504.0,50590992.0,0.0,0.0,75497472.0,167772160.0
734,0,1,698,698,4194304,256,0,0,12,4,32,64,"void at::native::vectorized_elementwise_kernel<4, at::native::FillFunctor<int>, std::array<char*, 1ul> >(int, at::native::FillFunctor<int>, std::array<char*, 1ul>)",11603490999828,11603491043487,735,101,1136.0,738630.0,65536.0,0.0,0.0,0.0,0.0,591493964.0,591493964.0,0.0,0.0,0.0,0.0,85802.0,1835120.0,4198320.0,0.0,0.0,4194304.0,0.0
735,0,1,698,698,33554432,512,0,0,28,4,32,64,bias_kernel,11603491437061,11603492593446,736,202,1136.0,14788760.0,0.0,8388608.0,0.0,0.0,0.0,11475864888.0,11475864888.0,0.0,0.0,2097152.0,0.0,37045173213.0,33423506.0,50591252.0,0.0,0.0,75497472.0,167772160.0
736,0,1,698,698,4194304,256,0,0,12,4,32,64,"void at::native::vectorized_elementwise_kernel<4, at::native::FillFunctor<int>, std::array<char*, 1ul> >(int, at::native::FillFunctor<int>, std::array<char*, 1ul>)",11603492967496,11603493010914,737,101,1136.0,749441.0,65536.0,0.0,0.0,0.0,0.0,602078280.0,602078280.0,0.0,0.0,0.0,0.0,84416.0,1835120.0,4198304.0,0.0,0.0,4194304.0,0.0
737,0,1,698,698,33554432,512,0,0,28,4,32,64,bias_kernel,11603493392861,11603494569092,738,202,1136.0,15498487.0,0.0,8388608.0,0.0,0.0,0.0,12023149068.0,12023149068.0,0.0,0.0,2097152.0,0.0,37847110050.0,33423508.0,50591816.0,0.0,0.0,75497472.0,167772160.0
738,0,1,698,698,4194304,256,0,0,12,4,32,64,"void at::native::vectorized_elementwise_kernel<4, at::native::FillFunctor<int>, std::array<char*, 1ul> >(int, at::native::FillFunctor<int>, std::array<char*, 1ul>)",11603494940375,11603494983473,739,101,1136.0,751352.0,65536.0,0.0,0.0,0.0,0.0,607454852.0,607454852.0,0.0,0.0,0.0,0.0,86173.0,1835120.0,4198304.0,0.0,0.0,4194304.0,0.0
739,0,1,698,698,33554432,512,0,0,28,4,32,64,bias_kernel,11603495369790,11603496530065,740,202,1136.0,15230540.0,0.0,8388608.0,0.0,0.0,0.0,11732052280.0,11732052280.0,0.0,0.0,2097152.0,0.0,38034896802.0,33423511.0,50591492.0,0.0,0.0,75497472.0,167772160.0
740,0,1,698,698,4194304,256,0,0,12,4,32,64,"void at::native::vectorized_elementwise_kernel<4, at::native::FillFunctor<int>, std::array<char*, 1ul> >(int, at::native::FillFunctor<int>, std::array<char*, 1ul>)",11603496906640,11603496950019,741,101,1136.0,742834.0,65536.0,0.0,0.0,0.0,0.0,600481864.0,600481864.0,0.0,0.0,0.0,0.0,98414.0,1835120.0,4198320.0,0.0,0.0,4194304.0,0.0
741,0,1,698,698,33554432,512,0,0,28,4,32,64,bias_kernel,11603497339303,11603498494405,742,202,1136.0,15155140.0,0.0,8388608.0,0.0,0.0,0.0,11515421916.0,11515421916.0,0.0,0.0,2097152.0,0.0,37863378703.0,33423510.0,50591684.0,0.0,0.0,75497472.0,167772160.0
742,0,1,698,698,4194304,256,0,0,12,4,32,64,"void at::native::vectorized_elementwise_kernel<4, at::native::FillFunctor<int>, std::array<char*, 1ul> >(int, at::native::FillFunctor<int>, std::array<char*, 1ul>)",11603498864045,11603498907263,743,101,1136.0,751080.0,65536.0,0.0,0.0,0.0,0.0,598586332.0,598586332.0,0.0,0.0,0.0,0.0,97839.0,1835120.0,4198304.0,0.0,0.0,4194304.0,0.0
743,0,1,698,698,33554432,512,0,0,28,4,32,64,bias_kernel,11603499296427,11603500467967,744,202,1136.0,15612082.0,0.0,8388608.0,0.0,0.0,0.0,12637097520.0,12637097520.0,0.0,0.0,2097152.0,0.0,38125307379.0,33423508.0,50592944.0,0.0,0.0,75497472.0,167772160.0
744,0,1,698,698,4194304,256,0,0,12,4,32,64,"void at::native::vectorized_elementwise_kernel<4, at::native::FillFunctor<int>, std::array<char*, 1ul> >(int, at::native::FillFunctor<int>, std::array<char*, 1ul>)",11603500834359,11603500877577,745,101,1136.0,821853.0,65536.0,0.0,0.0,0.0,0.0,668587468.0,668587468.0,0.0,0.0,0.0,0.0,97228.0,1835120.0,4198320.0,0.0,0.0,4194304.0,0.0
745,0,1,698,698,33554432,512,0,0,28,4,32,64,bias_kernel,11603501264455,11603502429421,746,202,1136.0,15637208.0,0.0,8388608.0,0.0,0.0,0.0,12379296100.0,12379296100.0,0.0,0.0,2097152.0,0.0,38347683332.0,33423508.0,50592820.0,0.0,0.0,75497472.0,167772160.0
746,0,1,698,698,4194304,256,0,0,12,4,32,64,"void at::native::vectorized_elementwise_kernel<4, at::native::FillFunctor<int>, std::array<char*, 1ul> >(int, at::native::FillFunctor<int>, std::array<char*, 1ul>)",11603502793808,11603502837026,747,101,1136.0,847287.0,65536.0,0.0,0.0,0.0,0.0,677021696.0,677021696.0,0.0,0.0,0.0,0.0,113210.0,1835120.0,4198320.0,0.0,0.0,4194304.0,0.0
747,0,1,698,698,33554432,512,0,0,28,4,32,64,bias_kernel,11603503219695,11603504383899,748,202,1136.0,15872774.0,0.0,8388608.0,0.0,0.0,0.0,12344426508.0,12344426508.0,0.0,0.0,2097152.0,0.0,39047406814.0,33423510.0,50592694.0,0.0,0.0,75497472.0,167772160.0
748,0,1,698,698,4194304,256,0,0,12,4,32,64,"void at::native::vectorized_elementwise_kernel<4, at::native::FillFunctor<int>, std::array<char*, 1ul> >(int, at::native::FillFunctor<int>, std::array<char*, 1ul>)",11603504751373,11603504794070,749,101,1136.0,830423.0,65536.0,0.0,0.0,0.0,0.0,675470816.0,675470816.0,0.0,0.0,0.0,0.0,95716.0,1835120.0,4198320.0,0.0,0.0,4194304.0,0.0
749,0,1,698,698,33554432,512,0,0,28,4,32,64,bias_kernel,11603505175255,11603506340541,750,202,1136.0,15958765.0,0.0,8388608.0,0.0,0.0,0.0,12543925224.0,12543925224.0,0.0,0.0,2097152.0,0.0,39721115698.0,33423504.0,50592700.0,0.0,0.0,75497472.0,167772160.0
750,0,1,698,698,4194304,256,0,0,12,4,32,64,"void at::native::vectorized_elementwise_kernel<4, at::native::FillFunctor<int>, std::array<char*, 1ul> >(int, at::native::FillFunctor<int>, std::array<char*, 1ul>)",11603506709339,11603506752357,751,101,1136.0,843983.0,65536.0,0.0,0.0,0.0,0.0,674268996.0,674268996.0,0.0,0.0,0.0,0.0,98434.0,1835120.0,4198320.0,0.0,0.0,4194304.0,0.0
751,0,1,698,698,33554432,512,0,0,28,4,32,64,bias_kernel,11603507129144,11603508298519,752,202,1136.0,16101499.0,0.0,8388608.0,0.0,0.0,0.0,12120119984.0,12120119984.0,0.0,0.0,2097152.0,0.0,39801482689.0,33423508.0,50591738.0,0.0,0.0,75497472.0,167772160.0
752,0,1,698,698,4194304,256,0,0,12,4,32,64,"void at::native::vectorized_elementwise_kernel<4, at::native::FillFunctor<int>, std::array<char*, 1ul> >(int, at::native::FillFunctor<int>, std::array<char*, 1ul>)",11603508688804,11603508732023,753,101,1088.0,843963.0,65536.0,0.0,0.0,0.0,0.0,673614212.0,673614212.0,0.0,0.0,0.0,0.0,96231.0,1835120.0,4198320.0,0.0,0.0,4194304.0,0.0
753,0,1,698,698,33554432,512,0,0,28,4,32,64,bias_kernel,11603509100579,11603510259050,754,202,1136.0,15885709.0,0.0,8388608.0,0.0,0.0,0.0,12203672392.0,12203672392.0,0.0,0.0,2097152.0,0.0,39670208304.0,33423506.0,50592550.0,0.0,0.0,75497472.0,167772160.0
754,0,1,698,698,4194304,256,0,0,12,4,32,64,"void at::native::vectorized_elementwise_kernel<4, at::native::FillFunctor<int>, std::array<char*, 1ul> >(int, at::native::FillFunctor<int>, std::array<char*, 1ul>)",11603510624520,11603510667177,755,101,1136.0,825722.0,65536.0,0.0,0.0,0.0,0.0,674386084.0,674386084.0,0.0,0.0,0.0,0.0,102347.0,1835120.0,4198320.0,0.0,0.0,4194304.0,0.0
755,0,1,698,698,33554432,512,0,0,28,4,32,64,bias_kernel,11603511034771,11603512188671,756,202,1136.0,15190017.0,0.0,8388608.0,0.0,0.0,0.0,11939502944.0,11939502944.0,0.0,0.0,2097152.0,0.0,38357309802.0,33423507.0,50591962.0,0.0,0.0,75497472.0,167772160.0
756,0,1,698,698,4194304,256,0,0,12,4,32,64,"void at::native::vectorized_elementwise_kernel<4, at::native::FillFunctor<int>, std::array<char*, 1ul> >(int, at::native::FillFunctor<int>, std::array<char*, 1ul>)",11603512553339,11603512595876,757,101,1136.0,838625.0,65536.0,0.0,0.0,0.0,0.0,672560556.0,672560556.0,0.0,0.0,0.0,0.0,100828.0,1835120.0,4198320.0,0.0,0.0,4194304.0,0.0
757,0,1,698,698,33554432,512,0,0,28,4,32,64,bias_kernel,11603512959422,11603514122663,758,202,1136.0,14500131.0,0.0,8388608.0,0.0,0.0,0.0,11172492092.0,11172492092.0,0.0,0.0,2097152.0,0.0,36529400325.0,33423506.0,50590770.0,0.0,0.0,75497472.0,167772160.0
758,0,1,698,698,4194304,256,0,0,12,4,32,64,"void at::native::vectorized_elementwise_kernel<4, at::native::FillFunctor<int>, std::array<char*, 1ul> >(int, at::native::FillFunctor<int>, std::array<char*, 1ul>)",11603514484966,11603514527903,759,101,1136.0,826463.0,65536.0,0.0,0.0,0.0,0.0,673536152.0,673536152.0,0.0,0.0,0.0,0.0,94475.0,1835120.0,4198304.0,0.0,0.0,4194304.0,0.0
759,0,1,698,698,33554432,512,0,0,28,4,32,64,bias_kernel,11603514895297,11603516061465,760,202,1136.0,14605779.0,0.0,8388608.0,0.0,0.0,0.0,11985825532.0,11985825532.0,0.0,0.0,2097152.0,0.0,36672121174.0,33423514.0,50592324.0,0.0,0.0,75497472.0,167772160.0
760,0,1,698,698,4194304,256,0,0,12,4,32,64,"void at::native::vectorized_elementwise_kernel<4, at::native::FillFunctor<int>, std::array<char*, 1ul> >(int, at::native::FillFunctor<int>, std::array<char*, 1ul>)",11603516423728,11603516466545,761,101,1136.0,835425.0,65536.0,0.0,0.0,0.0,0.0,674079492.0,674079492.0,0.0,0.0,0.0,0.0,111154.0,1835120.0,4198320.0,0.0,0.0,4194304.0,0.0
761,0,1,698,698,33554432,512,0,0,28,4,32,64,bias_kernel,11603516836866,11603518011253,762,202,1136.0,14970504.0,0.0,8388608.0,0.0,0.0,0.0,11537815132.0,11537815132.0,0.0,0.0,2097152.0,0.0,36799895190.0,33423504.0,50591448.0,0.0,0.0,75497472.0,167772160.0
762,0,1,698,698,4194304,256,0,0,12,4,32,64,"void at::native::vectorized_elementwise_kernel<4, at::native::FillFunctor<int>, std::array<char*, 1ul> >(int, at::native::FillFunctor<int>, std::array<char*, 1ul>)",11603518376362,11603518419219,763,101,1136.0,820865.0,65536.0,0.0,0.0,0.0,0.0,668976460.0,668976460.0,0.0,0.0,0.0,0.0,99805.0,1835120.0,4198320.0,0.0,0.0,4194304.0,0.0
763,0,1,698,698,33554432,512,0,0,28,4,32,64,bias_kernel,11603518785451,11603519957913,764,202,1136.0,14728308.0,0.0,8388608.0,0.0,0.0,0.0,11335443088.0,11335443088.0,0.0,0.0,2097152.0,0.0,36724000283.0,33423510.0,50591068.0,0.0,0.0,75497472.0,167772160.0
764,0,1,698,698,4194304,256,0,0,12,4,32,64,"void at::native::vectorized_elementwise_kernel<4, at::native::FillFunctor<int>, std::array<char*, 1ul> >(int, at::native::FillFunctor<int>, std::array<char*, 1ul>)",11603520327793,11603520370610,765,101,1136.0,798319.0,65536.0,0.0,0.0,0.0,0.0,641975056.0,641975056.0,0.0,0.0,0.0,0.0,91279.0,1835120.0,4198304.0,0.0,0.0,4194304.0,0.0
765,0,1,698,698,33554432,512,0,0,28,4,32,64,bias_kernel,11603520745100,11603521900925,766,202,1136.0,14121062.0,0.0,8388608.0,0.0,0.0,0.0,10889848220.0,10889848220.0,0.0,0.0,2097152.0,0.0,35474378391.0,33423509.0,50590922.0,0.0,0.0,75497472.0,167772160.0
766,0,1,698,698,4194304,256,0,0,12,4,32,64,"void at::native::vectorized_elementwise_kernel<4, at::native::FillFunctor<int>, std::array<char*, 1ul> >(int, at::native::FillFunctor<int>, std::array<char*, 1ul>)",11603522268119,11603522311216,767,101,1136.0,781523.0,65536.0,0.0,0.0,0.0,0.0,643571744.0,643571744.0,0.0,0.0,0.0,0.0,89217.0,1835120.0,4198304.0,0.0,0.0,4194304.0,0.0
767,0,1,698,698,33554432,512,0,0,28,4,32,64,bias_kernel,11603522662654,11603523826457,768,202,1136.0,14750013.0,0.0,8388608.0,0.0,0.0,0.0,11448493388.0,11448493388.0,0.0,0.0,2097152.0,0.0,37024096450.0,33423508.0,50591412.0,0.0,0.0,75497472.0,167772160.0
768,0,1,698,698,4194304,256,0,0,12,4,32,64,"void at::native::vectorized_elementwise_kernel<4, at::native::FillFunctor<int>, std::array<char*, 1ul> >(int, at::native::FillFunctor<int>, std::array<char*, 1ul>)",11603524199464,11603524242442,769,101,1136.0,765151.0,65536.0,0.0,0.0,0.0,0.0,613283416.0,613283416.0,0.0,0.0,0.0,0.0,91631.0,1835120.0,4198304.0,0.0,0.0,4194304.0,0.0
769,0,1,698,698,33554432,512,0,0,28,4,32,64,bias_kernel,11603524619097,11603525790156,770,202,1136.0,14995484.0,0.0,8388608.0,0.0,0.0,0.0,11497734832.0,11497734832.0,0.0,0.0,2097152.0,0.0,36864801895.0,33423506.0,50591312.0,0.0,0.0,75497472.0,167772160.0
770,0,1,698,698,4194304,256,0,0,12,4,32,64,"void at::native::vectorized_elementwise_kernel<4, at::native::FillFunctor<int>, std::array<char*, 1ul> >(int, at::native::FillFunctor<int>, std::array<char*, 1ul>)",11603526158713,11603526201971,771,101,1136.0,754799.0,65536.0,0.0,0.0,0.0,0.0,605292760.0,605292760.0,0.0,0.0,0.0,0.0,100051.0,1835120.0,4198304.0,0.0,0.0,4194304.0,0.0
771,0,1,698,698,33554432,512,0,0,28,4,32,64,bias_kernel,11603526569886,11603527736014,772,202,1136.0,15062405.0,0.0,8388608.0,0.0,0.0,0.0,11870536532.0,11870536532.0,0.0,0.0,2097152.0,0.0,37126102007.0,33423506.0,50591802.0,0.0,0.0,75497472.0,167772160.0
772,0,1,698,698,4194304,256,0,0,12,4,32,64,"void at::native::vectorized_elementwise_kernel<4, at::native::FillFunctor<int>, std::array<char*, 1ul> >(int, at::native::FillFunctor<int>, std::array<char*, 1ul>)",11603528105493,11603528149112,773,101,1136.0,769622.0,65536.0,0.0,0.0,0.0,0.0,614802040.0,614802040.0,0.0,0.0,0.0,0.0,93270.0,1835120.0,4198304.0,0.0,0.0,4194304.0,0.0
773,0,1,698,698,33554432,512,0,0,28,4,32,64,bias_kernel,11603528520957,11603529692898,774,202,1136.0,15359233.0,0.0,8388608.0,0.0,0.0,0.0,11494211020.0,11494211020.0,0.0,0.0,2097152.0,0.0,37921324913.0,33423506.0,50591178.0,0.0,0.0,75497472.0,167772160.0
774,0,1,698,698,4194304,256,0,0,12,4,32,64,"void at::native::vectorized_elementwise_kernel<4, at::native::FillFunctor<int>, std::array<char*, 1ul> >(int, at::native::FillFunctor<int>, std::array<char*, 1ul>)",11603530054880,11603530098138,775,101,1136.0,739969.0,65536.0,0.0,0.0,0.0,0.0,598135452.0,598135452.0,0.0,0.0,0.0,0.0,90411.0,1835120.0,4198304.0,0.0,0.0,4194304.0,0.0
775,0,1,698,698,33554432,512,0,0,28,4,32,64,bias_kernel,11603530476116,11603531636391,776,202,1136.0,15029866.0,0.0,8388608.0,0.0,0.0,0.0,11566821532.0,11566821532.0,0.0,0.0,2097152.0,0.0,37417921856.0,33423507.0,50591516.0,0.0,0.0,75497472.0,167772160.0
776,0,1,698,698,4194304,256,0,0,12,4,32,64,"void at::native::vectorized_elementwise_kernel<4, at::native::FillFunctor<int>, std::array<char*, 1ul> >(int, at::native::FillFunctor<int>, std::array<char*, 1ul>)",11603532000899,11603532044397,777,101,1136.0,751570.0,65536.0,0.0,0.0,0.0,0.0,610368880.0,610368880.0,0.0,0.0,0.0,0.0,87141.0,1835120.0,4198304.0,0.0,0.0,4194304.0,0.0
777,0,1,698,698,33554432,512,0,0,28,4,32,64,bias_kernel,11603532421734,11603533585096,778,202,1136.0,15313927.0,0.0,8388608.0,0.0,0.0,0.0,11537041348.0,11537041348.0,0.0,0.0,2097152.0,0.0,37869723256.0,33423508.0,50591570.0,0.0,0.0,75497472.0,167772160.0
778,0,1,698,698,4194304,256,0,0,12,4,32,64,"void at::native::vectorized_elementwise_kernel<4, at::native::FillFunctor<int>, std::array<char*, 1ul> >(int, at::native::FillFunctor<int>, std::array<char*, 1ul>)",11603533943510,11603533987169,779,101,1136.0,763545.0,65536.0,0.0,0.0,0.0,0.0,611598500.0,611598500.0,0.0,0.0,0.0,0.0,96177.0,1835120.0,4198304.0,0.0,0.0,4194304.0,0.0
779,0,1,698,698,33554432,512,0,0,28,4,32,64,bias_kernel,11603534364546,11603535538291,780,202,1136.0,15662051.0,0.0,8388608.0,0.0,0.0,0.0,12732598364.0,12732598364.0,0.0,0.0,2097152.0,0.0,38307002071.0,33423509.0,50593056.0,0.0,0.0,75497472.0,167772160.0
780,0,1,698,698,8388608,256,0,0,96,0,32,64,bias_kernel,11603537658976,11603538771663,781,203,8384.0,14405563.0,0.0,8388608.0,0.0,0.0,0.0,8944326504.0,8944326504.0,0.0,0.0,2097152.0,0.0,42170771253.0,33420322.0,50474896.0,0.0,0.0,67633152.0,136314880.0
781,0,1,698,698,4194304,256,0,0,12,4,32,64,"void at::native::vectorized_elementwise_kernel<4, at::native::FillFunctor<int>, std::array<char*, 1ul> >(int, at::native::FillFunctor<int>, std::array<char*, 1ul>)",11603539225573,11603539269072,782,101,1136.0,757789.0,65536.0,0.0,0.0,0.0,0.0,595107912.0,595107912.0,0.0,0.0,0.0,0.0,89488.0,1835120.0,4198304.0,0.0,0.0,4194304.0,0.0
782,0,1,698,698,8388608,256,0,0,96,0,32,64,bias_kernel,11603539648734,11603540785355,783,203,1136.0,14996227.0,0.0,8388608.0,0.0,0.0,0.0,9538717508.0,9538717508.0,0.0,0.0,2097152.0,0.0,44323660706.0,33420299.0,50474880.0,0.0,0.0,67633152.0,136314880.0
783,0,1,698,698,4194304,256,0,0,12,4,32,64,"void at::native::vectorized_elementwise_kernel<4, at::native::FillFunctor<int>, std::array<char*, 1ul> >(int, at::native::FillFunctor<int>, std::array<char*, 1ul>)",11603541158563,11603541202262,784,101,1136.0,749045.0,65536.0,0.0,0.0,0.0,0.0,590020232.0,590020232.0,0.0,0.0,0.0,0.0,101609.0,1835120.0,4198304.0,0.0,0.0,4194304.0,0.0
784,0,1,698,698,8388608,256,0,0,96,0,32,64,bias_kernel,11603541584209,11603542719066,785,203,1136.0,15022847.0,0.0,8388608.0,0.0,0.0,0.0,9516494084.0,9516494084.0,0.0,0.0,2097152.0,0.0,44399661470.0,33420488.0,50474880.0,0.0,0.0,67633152.0,136314880.0
785,0,1,698,698,4194304,256,0,0,12,4,32,64,"void at::native::vectorized_elementwise_kernel<4, at::native::FillFunctor<int>, std::array<char*, 1ul> >(int, at::native::FillFunctor<int>, std::array<char*, 1ul>)",11603543085217,11603543128436,786,101,1136.0,735101.0,65536.0,0.0,0.0,0.0,0.0,582406260.0,582406260.0,0.0,0.0,0.0,0.0,87590.0,1835120.0,4198304.0,0.0,0.0,4194304.0,0.0
786,0,1,698,698,8388608,256,0,0,96,0,32,64,bias_kernel,11603543508779,11603544647565,787,203,1136.0,15269376.0,0.0,8388608.0,0.0,0.0,0.0,9437921640.0,9437921640.0,0.0,0.0,2097152.0,0.0,45214072102.0,33420594.0,50474880.0,0.0,0.0,67633152.0,136314880.0
787,0,1,698,698,4194304,256,0,0,12,4,32,64,"void at::native::vectorized_elementwise_kernel<4, at::native::FillFunctor<int>, std::array<char*, 1ul> >(int, at::native::FillFunctor<int>, std::array<char*, 1ul>)",11603545006821,11603545050640,788,101,1136.0,744285.0,65536.0,0.0,0.0,0.0,0.0,595448624.0,595448624.0,0.0,0.0,0.0,0.0,85292.0,1835120.0,4198304.0,0.0,0.0,4194304.0,0.0
788,0,1,698,698,8388608,256,0,0,96,0,32,64,bias_kernel,11603545436116,11603546571534,789,203,1136.0,15336514.0,0.0,8388608.0,0.0,0.0,0.0,9493407944.0,9493407944.0,0.0,0.0,2097152.0,0.0,45371036213.0,33420621.0,50474880.0,0.0,0.0,67633152.0,136314880.0
789,0,1,698,698,4194304,256,0,0,12,4,32,64,"void at::native::vectorized_elementwise_kernel<4, at::native::FillFunctor<int>, std::array<char*, 1ul> >(int, at::native::FillFunctor<int>, std::array<char*, 1ul>)",11603546932634,11603546975331,790,101,1136.0,812295.0,65536.0,0.0,0.0,0.0,0.0,665769800.0,665769800.0,0.0,0.0,0.0,0.0,101690.0,1835120.0,4198304.0,0.0,0.0,4194304.0,0.0
790,0,1,698,698,8388608,256,0,0,96,0,32,64,bias_kernel,11603547352427,11603548489609,791,203,1136.0,15781237.0,0.0,8388608.0,0.0,0.0,0.0,9879164304.0,9879164304.0,0.0,0.0,2097152.0,0.0,46696082564.0,33420992.0,50474880.0,0.0,0.0,67633152.0,136314880.0
791,0,1,698,698,8388608,256,0,0,96,0,32,64,bias_kernel,11603548991789,11603550108565,792,203,1136.0,16999232.0,0.0,8388608.0,0.0,0.0,0.0,10384849656.0,10384849656.0,0.0,0.0,2097152.0,0.0,50658533054.0,33420622.0,50474880.0,0.0,0.0,67633152.0,136314880.0
792,0,1,698,698,8388608,256,0,0,96,0,32,64,bias_kernel,11603550485982,11603551600994,793,203,1136.0,16947869.0,0.0,8388608.0,0.0,0.0,0.0,10436542576.0,10436542576.0,0.0,0.0,2097152.0,0.0,50497877726.0,33420338.0,50474880.0,0.0,0.0,67633152.0,136314880.0
793,0,1,698,698,8388608,256,0,0,96,0,32,64,bias_kernel,11603551981698,11603553094265,794,203,1136.0,15239828.0,0.0,8388608.0,0.0,0.0,0.0,9555429696.0,9555429696.0,0.0,0.0,2097152.0,0.0,45363288833.0,33420480.0,50474880.0,0.0,0.0,67633152.0,136314880.0
794,0,1,698,698,8388608,256,0,0,96,0,32,64,bias_kernel,11603553490565,11603554603331,795,203,1136.0,16433297.0,0.0,8388608.0,0.0,0.0,0.0,9941939700.0,9941939700.0,0.0,0.0,2097152.0,0.0,49020178759.0,33420401.0,50474880.0,0.0,0.0,67633152.0,136314880.0
795,0,1,698,698,8388608,256,0,0,96,0,32,64,bias_kernel,11603554999671,11603556114162,796,203,1136.0,15218819.0,0.0,8388608.0,0.0,0.0,0.0,9424336400.0,9424336400.0,0.0,0.0,2097152.0,0.0,45261990201.0,33420227.0,50474880.0,0.0,0.0,67633152.0,136314880.0
796,0,1,698,698,8388608,256,0,0,96,0,32,64,bias_kernel,11603556523331,11603557640187,797,203,1136.0,16587107.0,0.0,8388608.0,0.0,0.0,0.0,10345595420.0,10345595420.0,0.0,0.0,2097152.0,0.0,48911744267.0,33420305.0,50474880.0,0.0,0.0,67633152.0,136314880.0
797,0,1,698,698,8388608,256,0,0,96,0,32,64,bias_kernel,11603558049316,11603559160920,798,203,1136.0,15244887.0,0.0,8388608.0,0.0,0.0,0.0,9402701896.0,9402701896.0,0.0,0.0,2097152.0,0.0,45462945826.0,33420551.0,50474880.0,0.0,0.0,67633152.0,136314880.0
798,0,1,698,698,8388608,256,0,0,96,0,32,64,bias_kernel,11603559577426,11603560693480,799,203,1136.0,16659998.0,0.0,8388608.0,0.0,0.0,0.0,10247708312.0,10247708312.0,0.0,0.0,2097152.0,0.0,49053699418.0,33420345.0,50474880.0,0.0,0.0,67633152.0,136314880.0
799,0,1,698,698,8388608,256,0,0,96,0,32,64,bias_kernel,11603561085731,11603562201103,800,203,1136.0,15498316.0,0.0,8388608.0,0.0,0.0,0.0,9721819912.0,9721819912.0,0.0,0.0,2097152.0,0.0,46027729498.0,33420237.0,50474880.0,0.0,0.0,67633152.0,136314880.0
800,0,1,698,698,8388608,256,0,0,96,0,32,64,bias_kernel,11603562612477,11603563725886,801,203,1136.0,16646947.0,0.0,8388608.0,0.0,0.0,0.0,10480479592.0,10480479592.0,0.0,0.0,2097152.0,0.0,49546650402.0,33420660.0,50474880.0,0.0,0.0,67633152.0,136314880.0
801,0,1,698,698,8388608,256,0,0,96,0,32,64,bias_kernel,11603564118698,11603565235874,802,203,1136.0,15582322.0,0.0,8388608.0,0.0,0.0,0.0,9634650748.0,9634650748.0,0.0,0.0,2097152.0,0.0,46254023040.0,33420094.0,50474880.0,0.0,0.0,67633152.0,136314880.0
802,0,1,698,698,8388608,256,0,0,96,0,32,64,bias_kernel,11603565634459,11603566751516,803,203,1136.0,16547351.0,0.0,8388608.0,0.0,0.0,0.0,10177627552.0,10177627552.0,0.0,0.0,2097152.0,0.0,49196205781.0,33419906.0,50474880.0,0.0,0.0,67633152.0,136314880.0
803,0,1,698,698,4194304,256,0,0,12,4,32,64,"void at::native::vectorized_elementwise_kernel<4, at::native::FillFunctor<int>, std::array<char*, 1ul> >(int, at::native::FillFunctor<int>, std::array<char*, 1ul>)",11603567149179,11603567192998,804,101,1816.0,675589.0,65536.0,0.0,0.0,0.0,0.0,534002668.0,534002668.0,0.0,0.0,0.0,0.0,82793.0,1835120.0,4198304.0,0.0,0.0,4194304.0,0.0
804,0,1,698,698,8388608,256,0,0,96,0,32,64,bias_kernel,11603567617723,11603568745323,805,203,1136.0,15226803.0,0.0,8388608.0,0.0,0.0,0.0,9599471568.0,9599471568.0,0.0,0.0,2097152.0,0.0,45545064268.0,33421120.0,50474880.0,0.0,0.0,67633152.0,136314880.0
805,0,1,698,698,4194304,256,0,0,12,4,32,64,"void at::native::vectorized_elementwise_kernel<4, at::native::FillFunctor<int>, std::array<char*, 1ul> >(int, at::native::FillFunctor<int>, std::array<char*, 1ul>)",11603569118651,11603569161989,806,101,1136.0,734636.0,65536.0,0.0,0.0,0.0,0.0,586793536.0,586793536.0,0.0,0.0,0.0,0.0,89643.0,1835120.0,4198304.0,0.0,0.0,4194304.0,0.0
806,0,1,698,698,8388608,256,0,0,96,0,32,64,bias_kernel,11603569561697,11603570696674,807,203,1136.0,15189302.0,0.0,8388608.0,0.0,0.0,0.0,9449266500.0,9449266500.0,0.0,0.0,2097152.0,0.0,45056589682.0,33420455.0,50474880.0,0.0,0.0,67633152.0,136314880.0
807,0,1,698,698,4194304,256,0,0,12,4,32,64,"void at::native::vectorized_elementwise_kernel<4, at::native::FillFunctor<int>, std::array<char*, 1ul> >(int, at::native::FillFunctor<int>, std::array<char*, 1ul>)",11603571089967,11603571133185,808,101,1136.0,741767.0,65536.0,0.0,0.0,0.0,0.0,596796504.0,596796504.0,0.0,0.0,0.0,0.0,92751.0,1835120.0,4198304.0,0.0,0.0,4194304.0,0.0
808,0,1,698,698,8388608,256,0,0,96,0,32,64,bias_kernel,11603571545066,11603572678721,809,203,1136.0,15174854.0,0.0,8388608.0,0.0,0.0,0.0,9410672984.0,9410672984.0,0.0,0.0,2097152.0,0.0,45332487470.0,33420571.0,50474880.0,0.0,0.0,67633152.0,136314880.0
809,0,1,698,698,4194304,256,0,0,12,4,32,64,"void at::native::vectorized_elementwise_kernel<4, at::native::FillFunctor<int>, std::array<char*, 1ul> >(int, at::native::FillFunctor<int>, std::array<char*, 1ul>)",11603573088651,11603573132190,810,101,1088.0,757796.0,65536.0,0.0,0.0,0.0,0.0,606109368.0,606109368.0,0.0,0.0,0.0,0.0,84612.0,1835120.0,4198304.0,0.0,0.0,4194304.0,0.0
810,0,1,698,698,8388608,256,0,0,96,0,32,64,bias_kernel,11603573533942,11603574671405,811,203,1221.0,15457313.0,0.0,8388608.0,0.0,0.0,0.0,9537418632.0,9537418632.0,0.0,0.0,2097152.0,0.0,45816876339.0,33420953.0,50474880.0,0.0,0.0,67633152.0,136314880.0
811,0,1,698,698,4194304,256,0,0,12,4,32,64,"void at::native::vectorized_elementwise_kernel<4, at::native::FillFunctor<int>, std::array<char*, 1ul> >(int, at::native::FillFunctor<int>, std::array<char*, 1ul>)",11603575066182,11603575110082,812,101,1136.0,756381.0,65536.0,0.0,0.0,0.0,0.0,596221592.0,596221592.0,0.0,0.0,0.0,0.0,93280.0,1835120.0,4198304.0,0.0,0.0,4194304.0,0.0
812,0,1,698,698,8388608,256,0,0,96,0,32,64,bias_kernel,11603575509669,11603576648375,813,203,1136.0,15490833.0,0.0,8388608.0,0.0,0.0,0.0,9692368844.0,9692368844.0,0.0,0.0,2097152.0,0.0,45131585014.0,33420384.0,50474880.0,0.0,0.0,67633152.0,136314880.0
813,0,1,698,698,4194304,256,0,0,12,4,32,64,"void at::native::vectorized_elementwise_kernel<4, at::native::FillFunctor<int>, std::array<char*, 1ul> >(int, at::native::FillFunctor<int>, std::array<char*, 1ul>)",11603577032367,11603577075425,814,101,1136.0,778261.0,65536.0,0.0,0.0,0.0,0.0,632517840.0,632517840.0,0.0,0.0,0.0,0.0,108998.0,1835120.0,4198304.0,0.0,0.0,4194304.0,0.0
814,0,1,698,698,8388608,256,0,0,96,0,32,64,bias_kernel,11603577478741,11603578619051,815,203,1136.0,15731363.0,0.0,8388608.0,0.0,0.0,0.0,9868413752.0,9868413752.0,0.0,0.0,2097152.0,0.0,46057221199.0,33420463.0,50474880.0,0.0,0.0,67633152.0,136314880.0
815,0,1,698,698,4194304,256,0,0,12,4,32,64,"void at::native::vectorized_elementwise_kernel<4, at::native::FillFunctor<int>, std::array<char*, 1ul> >(int, at::native::FillFunctor<int>, std::array<char*, 1ul>)",11603578998552,11603579041410,816,101,1136.0,835450.0,65536.0,0.0,0.0,0.0,0.0,666905992.0,666905992.0,0.0,0.0,0.0,0.0,118756.0,1835120.0,4198304.0,0.0,0.0,4194304.0,0.0
816,0,1,698,698,8388608,256,0,0,96,0,32,64,bias_kernel,11603579438552,11603580580064,817,203,1136.0,15774749.0,0.0,8388608.0,0.0,0.0,0.0,9883431208.0,9883431208.0,0.0,0.0,2097152.0,0.0,46188112993.0,33420479.0,50474879.0,0.0,0.0,67633152.0,136314880.0
817,0,1,698,698,4194304,256,0,0,12,4,32,64,"void at::native::vectorized_elementwise_kernel<4, at::native::FillFunctor<int>, std::array<char*, 1ul> >(int, at::native::FillFunctor<int>, std::array<char*, 1ul>)",11603580967785,11603581010883,818,101,1136.0,827616.0,65536.0,0.0,0.0,0.0,0.0,667245388.0,667245388.0,0.0,0.0,0.0,0.0,97277.0,1835120.0,4198304.0,0.0,0.0,4194304.0,0.0
818,0,1,698,698,8388608,256,0,0,96,0,32,64,bias_kernel,11603581412354,11603582550098,819,203,1221.0,16139885.0,0.0,8388608.0,0.0,0.0,0.0,9992364204.0,9992364204.0,0.0,0.0,2097152.0,0.0,47769636400.0,33421036.0,50474879.0,0.0,0.0,67633152.0,136314880.0
819,0,1,698,698,4194304,256,0,0,12,4,32,64,"void at::native::vectorized_elementwise_kernel<4, at::native::FillFunctor<int>, std::array<char*, 1ul> >(int, at::native::FillFunctor<int>, std::array<char*, 1ul>)",11603582936816,11603582979874,820,101,1136.0,866713.0,65536.0,0.0,0.0,0.0,0.0,673160460.0,673160460.0,0.0,0.0,0.0,0.0,107660.0,1835120.0,4198304.0,0.0,0.0,4194304.0,0.0
820,0,1,698,698,8388608,256,0,0,96,0,32,64,bias_kernel,11603583387199,11603584522337,821,203,1136.0,16130163.0,0.0,8388608.0,0.0,0.0,0.0,9963183636.0,9963183636.0,0.0,0.0,2097152.0,0.0,48165181056.0,33420232.0,50474879.0,0.0,0.0,67633152.0,136314880.0
821,0,1,698,698,4194304,256,0,0,12,4,32,64,"void at::native::vectorized_elementwise_kernel<4, at::native::FillFunctor<int>, std::array<char*, 1ul> >(int, at::native::FillFunctor<int>, std::array<char*, 1ul>)",11603584911862,11603584954880,822,101,1136.0,830836.0,65536.0,0.0,0.0,0.0,0.0,673853320.0,673853320.0,0.0,0.0,0.0,0.0,96257.0,1835120.0,4198304.0,0.0,0.0,4194304.0,0.0
822,0,1,698,698,8388608,256,0,0,96,0,32,64,bias_kernel,11603585352583,11603586492612,823,203,1136.0,16353805.0,0.0,8388608.0,0.0,0.0,0.0,10334193760.0,10334193760.0,0.0,0.0,2097152.0,0.0,47958974789.0,33420293.0,50474880.0,0.0,0.0,67633152.0,136314880.0
823,0,1,698,698,4194304,256,0,0,12,4,32,64,"void at::native::vectorized_elementwise_kernel<4, at::native::FillFunctor<int>, std::array<char*, 1ul> >(int, at::native::FillFunctor<int>, std::array<char*, 1ul>)",11603586876083,11603586918740,824,101,1136.0,861185.0,65536.0,0.0,0.0,0.0,0.0,668292800.0,668292800.0,0.0,0.0,0.0,0.0,88132.0,1835120.0,4198304.0,0.0,0.0,4194304.0,0.0
824,0,1,698,698,8388608,256,0,0,96,0,32,64,bias_kernel,11603587306981,11603588439353,825,203,1136.0,16101238.0,0.0,8388608.0,0.0,0.0,0.0,10142433772.0,10142433772.0,0.0,0.0,2097152.0,0.0,47926851005.0,33420516.0,50474880.0,0.0,0.0,67633152.0,136314880.0
825,0,1,698,698,4194304,256,0,0,12,4,32,64,"void at::native::vectorized_elementwise_kernel<4, at::native::FillFunctor<int>, std::array<char*, 1ul> >(int, at::native::FillFunctor<int>, std::array<char*, 1ul>)",11603588823666,11603588866563,826,101,1136.0,833734.0,65536.0,0.0,0.0,0.0,0.0,676133112.0,676133112.0,0.0,0.0,0.0,0.0,111120.0,1835120.0,4198304.0,0.0,0.0,4194304.0,0.0
826,0,1,698,698,8388608,256,0,0,96,0,32,64,bias_kernel,11603589245664,11603590381043,827,203,1221.0,16326448.0,0.0,8388608.0,0.0,0.0,0.0,10312659540.0,10312659540.0,0.0,0.0,2097152.0,0.0,48430665527.0,33420240.0,50474879.0,0.0,0.0,67633152.0,136314880.0
827,0,1,698,698,4194304,256,0,0,12,4,32,64,"void at::native::vectorized_elementwise_kernel<4, at::native::FillFunctor<int>, std::array<char*, 1ul> >(int, at::native::FillFunctor<int>, std::array<char*, 1ul>)",11603590765676,11603590808413,828,101,1136.0,829384.0,65536.0,0.0,0.0,0.0,0.0,672950744.0,672950744.0,0.0,0.0,0.0,0.0,95064.0,1835120.0,4198304.0,0.0,0.0,4194304.0,0.0
828,0,1,698,698,8388608,256,0,0,96,0,32,64,bias_kernel,11603591182102,11603592320688,829,203,1136.0,15414560.0,0.0,8388608.0,0.0,0.0,0.0,9699624128.0,9699624128.0,0.0,0.0,2097152.0,0.0,45012031229.0,33420659.0,50474896.0,0.0,0.0,67633152.0,136314880.0
829,0,1,698,698,4194304,256,0,0,12,4,32,64,"void at::native::vectorized_elementwise_kernel<4, at::native::FillFunctor<int>, std::array<char*, 1ul> >(int, at::native::FillFunctor<int>, std::array<char*, 1ul>)",11603592702475,11603592745813,830,101,1136.0,844534.0,65536.0,0.0,0.0,0.0,0.0,676573236.0,676573236.0,0.0,0.0,0.0,0.0,97854.0,1835120.0,4198304.0,0.0,0.0,4194304.0,0.0
830,0,1,698,698,8388608,256,0,0,96,0,32,64,bias_kernel,11603593118379,11603594254118,831,203,1136.0,14716173.0,0.0,8388608.0,0.0,0.0,0.0,9233977816.0,9233977816.0,0.0,0.0,2097152.0,0.0,43622283044.0,33420608.0,50474880.0,0.0,0.0,67633152.0,136314880.0
831,0,1,698,698,4194304,256,0,0,12,4,32,64,"void at::native::vectorized_elementwise_kernel<4, at::native::FillFunctor<int>, std::array<char*, 1ul> >(int, at::native::FillFunctor<int>, std::array<char*, 1ul>)",11603594630654,11603594673631,832,101,1136.0,835084.0,65536.0,0.0,0.0,0.0,0.0,673358092.0,673358092.0,0.0,0.0,0.0,0.0,97986.0,1835120.0,4198304.0,0.0,0.0,4194304.0,0.0
832,0,1,698,698,8388608,256,0,0,96,0,32,64,bias_kernel,11603595052893,11603596188431,833,203,1136.0,14777590.0,0.0,8388608.0,0.0,0.0,0.0,9161975540.0,9161975540.0,0.0,0.0,2097152.0,0.0,43865967301.0,33420727.0,50474896.0,0.0,0.0,67633152.0,136314880.0
833,0,1,698,698,4194304,256,0,0,12,4,32,64,"void at::native::vectorized_elementwise_kernel<4, at::native::FillFunctor<int>, std::array<char*, 1ul> >(int, at::native::FillFunctor<int>, std::array<char*, 1ul>)",11603596567973,11603596610751,834,101,1136.0,810011.0,65536.0,0.0,0.0,0.0,0.0,656695220.0,656695220.0,0.0,0.0,0.0,0.0,94876.0,1835120.0,4198304.0,0.0,0.0,4194304.0,0.0
834,0,1,698,698,8388608,256,0,0,96,0,32,64,bias_kernel,11603596986724,11603598123907,835,203,1221.0,14593756.0,0.0,8388608.0,0.0,0.0,0.0,9111088748.0,9111088748.0,0.0,0.0,2097152.0,0.0,43628607915.0,33420972.0,50474895.0,0.0,0.0,67633152.0,136314880.0
835,0,1,698,698,4194304,256,0,0,12,4,32,64,"void at::native::vectorized_elementwise_kernel<4, at::native::FillFunctor<int>, std::array<char*, 1ul> >(int, at::native::FillFunctor<int>, std::array<char*, 1ul>)",11603598499320,11603598542217,836,101,1136.0,802853.0,65536.0,0.0,0.0,0.0,0.0,646887952.0,646887952.0,0.0,0.0,0.0,0.0,94163.0,1835120.0,4198304.0,0.0,0.0,4194304.0,0.0
836,0,1,698,698,8388608,256,0,0,96,0,32,64,bias_kernel,11603598924285,11603600057578,837,203,1136.0,14643669.0,0.0,8388608.0,0.0,0.0,0.0,9056311608.0,9056311608.0,0.0,0.0,2097152.0,0.0,43253089384.0,33420592.0,50474880.0,0.0,0.0,67633152.0,136314880.0
837,0,1,698,698,4194304,256,0,0,12,4,32,64,"void at::native::vectorized_elementwise_kernel<4, at::native::FillFunctor<int>, std::array<char*, 1ul> >(int, at::native::FillFunctor<int>, std::array<char*, 1ul>)",11603600444337,11603600487274,838,101,1136.0,803453.0,65536.0,0.0,0.0,0.0,0.0,642640356.0,642640356.0,0.0,0.0,0.0,0.0,91842.0,1835120.0,4198304.0,0.0,0.0,4194304.0,0.0
838,0,1,698,698,8388608,256,0,0,96,0,32,64,bias_kernel,11603600864130,11603602001192,839,203,1136.0,15001544.0,0.0,8388608.0,0.0,0.0,0.0,9411022252.0,9411022252.0,0.0,0.0,2097152.0,0.0,44093929077.0,33420520.0,50474896.0,0.0,0.0,67633152.0,136314880.0
839,0,1,698,698,4194304,256,0,0,12,4,32,64,"void at::native::vectorized_elementwise_kernel<4, at::native::FillFunctor<int>, std::array<char*, 1ul> >(int, at::native::FillFunctor<int>, std::array<char*, 1ul>)",11603602386507,11603602429806,840,101,1136.0,788778.0,65536.0,0.0,0.0,0.0,0.0,623164276.0,623164276.0,0.0,0.0,0.0,0.0,105190.0,1835120.0,4198320.0,0.0,0.0,4194304.0,0.0
840,0,1,698,698,8388608,256,0,0,96,0,32,64,bias_kernel,11603602819130,11603603952825,841,203,1136.0,15163226.0,0.0,8388608.0,0.0,0.0,0.0,9278483580.0,9278483580.0,0.0,0.0,2097152.0,0.0,44989273455.0,33420485.0,50474896.0,0.0,0.0,67633152.0,136314880.0
841,0,1,698,698,4194304,256,0,0,12,4,32,64,"void at::native::vectorized_elementwise_kernel<4, at::native::FillFunctor<int>, std::array<char*, 1ul> >(int, at::native::FillFunctor<int>, std::array<char*, 1ul>)",11603604336696,11603604380155,842,101,1136.0,765926.0,65536.0,0.0,0.0,0.0,0.0,610041536.0,610041536.0,0.0,0.0,0.0,0.0,89324.0,1835120.0,4198304.0,0.0,0.0,4194304.0,0.0
842,0,1,698,698,8388608,256,0,0,96,0,32,64,bias_kernel,11603604770241,11603605903615,843,203,1221.0,15107443.0,0.0,8388608.0,0.0,0.0,0.0,9518243768.0,9518243768.0,0.0,0.0,2097152.0,0.0,44995251367.0,33420259.0,50474880.0,0.0,0.0,67633152.0,136314880.0
843,0,1,698,698,4194304,256,0,0,12,4,32,64,"void at::native::vectorized_elementwise_kernel<4, at::native::FillFunctor<int>, std::array<char*, 1ul> >(int, at::native::FillFunctor<int>, std::array<char*, 1ul>)",11603606284961,11603606328420,844,101,1136.0,747572.0,65536.0,0.0,0.0,0.0,0.0,592405512.0,592405512.0,0.0,0.0,0.0,0.0,91421.0,1835120.0,4198320.0,0.0,0.0,4194304.0,0.0
844,0,1,698,698,8388608,256,0,0,96,0,32,64,bias_kernel,11603606716060,11603607857613,845,203,1136.0,15265386.0,0.0,8388608.0,0.0,0.0,0.0,9456620424.0,9456620424.0,0.0,0.0,2097152.0,0.0,44862661665.0,33420195.0,50474896.0,0.0,0.0,67633152.0,136314880.0
845,0,1,698,698,4194304,256,0,0,12,4,32,64,"void at::native::vectorized_elementwise_kernel<4, at::native::FillFunctor<int>, std::array<char*, 1ul> >(int, at::native::FillFunctor<int>, std::array<char*, 1ul>)",11603608230900,11603608274399,846,101,1136.0,750507.0,65536.0,0.0,0.0,0.0,0.0,598950100.0,598950100.0,0.0,0.0,0.0,0.0,87873.0,1835120.0,4198304.0,0.0,0.0,4194304.0,0.0
846,0,1,698,698,8388608,256,0,0,96,0,32,64,bias_kernel,11603608670579,11603609806679,847,203,1136.0,15288868.0,0.0,8388608.0,0.0,0.0,0.0,9452800996.0,9452800996.0,0.0,0.0,2097152.0,0.0,45125833516.0,33421231.0,50474896.0,0.0,0.0,67633152.0,136314880.0
847,0,1,698,698,4194304,256,0,0,12,4,32,64,"void at::native::vectorized_elementwise_kernel<4, at::native::FillFunctor<int>, std::array<char*, 1ul> >(int, at::native::FillFunctor<int>, std::array<char*, 1ul>)",11603610184297,11603610227795,848,101,1136.0,750908.0,65536.0,0.0,0.0,0.0,0.0,602098380.0,602098380.0,0.0,0.0,0.0,0.0,85853.0,1835120.0,4198320.0,0.0,0.0,4194304.0,0.0
848,0,1,698,698,8388608,256,0,0,96,0,32,64,bias_kernel,11603610622211,11603611755986,849,203,1136.0,15254463.0,0.0,8388608.0,0.0,0.0,0.0,9683262260.0,9683262260.0,0.0,0.0,2097152.0,0.0,45849847509.0,33420194.0,50474880.0,0.0,0.0,67633152.0,136314880.0
849,0,1,698,698,4194304,256,0,0,12,4,32,64,"void at::native::vectorized_elementwise_kernel<4, at::native::FillFunctor<int>, std::array<char*, 1ul> >(int, at::native::FillFunctor<int>, std::array<char*, 1ul>)",11603612129955,11603612173254,850,101,1136.0,756712.0,65536.0,0.0,0.0,0.0,0.0,606941296.0,606941296.0,0.0,0.0,0.0,0.0,96119.0,1835120.0,4198304.0,0.0,0.0,4194304.0,0.0
850,0,1,698,698,8388608,256,0,0,96,0,32,64,bias_kernel,11603612564141,11603613702406,851,203,1221.0,15623725.0,0.0,8388608.0,0.0,0.0,0.0,9751371184.0,9751371184.0,0.0,0.0,2097152.0,0.0,45656391590.0,33420612.0,50474879.0,0.0,0.0,67633152.0,136314880.0
851,0,1,698,698,4194304,256,0,0,12,4,32,64,"void at::native::vectorized_elementwise_kernel<4, at::native::FillFunctor<int>, std::array<char*, 1ul> >(int, at::native::FillFunctor<int>, std::array<char*, 1ul>)",11603614076656,11603614119273,852,101,1136.0,830356.0,65536.0,0.0,0.0,0.0,0.0,667965612.0,667965612.0,0.0,0.0,0.0,0.0,95490.0,1835120.0,4198320.0,0.0,0.0,4194304.0,0.0
852,0,1,698,698,8388608,256,0,0,96,0,32,64,bias_kernel,11603614507274,11603615641209,853,203,1136.0,15853772.0,0.0,8388608.0,0.0,0.0,0.0,9915381512.0,9915381512.0,0.0,0.0,2097152.0,0.0,47664494254.0,33420424.0,50474896.0,0.0,0.0,67633152.0,136314880.0
853,0,1,698,698,4194304,256,0,0,12,4,32,64,"void at::native::vectorized_elementwise_kernel<4, at::native::FillFunctor<int>, std::array<char*, 1ul> >(int, at::native::FillFunctor<int>, std::array<char*, 1ul>)",11603616011250,11603616054027,854,101,1136.0,841570.0,65536.0,0.0,0.0,0.0,0.0,672298160.0,672298160.0,0.0,0.0,0.0,0.0,95767.0,1835120.0,4198320.0,0.0,0.0,4194304.0,0.0
854,0,1,698,698,8388608,256,0,0,96,0,32,64,bias_kernel,11603616443191,11603617573117,855,203,1136.0,16010527.0,0.0,8388608.0,0.0,0.0,0.0,9962886048.0,9962886048.0,0.0,0.0,2097152.0,0.0,48258821120.0,33420725.0,50474880.0,0.0,0.0,67633152.0,136314880.0
855,0,1,698,698,4194304,256,0,0,12,4,32,64,"void at::native::vectorized_elementwise_kernel<4, at::native::FillFunctor<int>, std::array<char*, 1ul> >(int, at::native::FillFunctor<int>, std::array<char*, 1ul>)",11603617947567,11603617990705,856,101,1136.0,881597.0,65536.0,0.0,0.0,0.0,0.0,677292440.0,677292440.0,0.0,0.0,0.0,0.0,86584.0,1835120.0,4198304.0,0.0,0.0,4194304.0,0.0
856,0,1,698,698,8388608,256,0,0,96,0,32,64,bias_kernel,11603618365035,11603619496966,857,203,1136.0,16292561.0,0.0,8388608.0,0.0,0.0,0.0,10432907244.0,10432907244.0,0.0,0.0,2097152.0,0.0,48306021677.0,33420627.0,50474880.0,0.0,0.0,67633152.0,136314880.0
857,0,1,698,698,4194304,256,0,0,12,4,32,64,"void at::native::vectorized_elementwise_kernel<4, at::native::FillFunctor<int>, std::array<char*, 1ul> >(int, at::native::FillFunctor<int>, std::array<char*, 1ul>)",11603619869452,11603619912029,858,101,1136.0,829834.0,65536.0,0.0,0.0,0.0,0.0,671996732.0,671996732.0,0.0,0.0,0.0,0.0,112136.0,1835120.0,4198320.0,0.0,0.0,4194304.0,0.0
858,0,1,698,698,8388608,256,0,0,96,0,32,64,bias_kernel,11603620283272,11603621419612,859,203,1221.0,16064104.0,0.0,8388608.0,0.0,0.0,0.0,9953288320.0,9953288320.0,0.0,0.0,2097152.0,0.0,46975778771.0,33420288.0,50474896.0,0.0,0.0,67633152.0,136314880.0
859,0,1,698,698,4194304,256,0,0,12,4,32,64,"void at::native::vectorized_elementwise_kernel<4, at::native::FillFunctor<int>, std::array<char*, 1ul> >(int, at::native::FillFunctor<int>, std::array<char*, 1ul>)",11603621795226,11603621838243,860,101,1136.0,826197.0,65536.0,0.0,0.0,0.0,0.0,673417800.0,673417800.0,0.0,0.0,0.0,0.0,92138.0,1835120.0,4198304.0,0.0,0.0,4194304.0,0.0
860,0,1,698,698,8388608,256,0,0,96,0,32,64,bias_kernel,11603622209967,11603623344785,861,203,1136.0,15186762.0,0.0,8388608.0,0.0,0.0,0.0,9250952356.0,9250952356.0,0.0,0.0,2097152.0,0.0,44792769709.0,33420681.0,50474880.0,0.0,0.0,67633152.0,136314880.0
861,0,1,698,698,4194304,256,0,0,12,4,32,64,"void at::native::vectorized_elementwise_kernel<4, at::native::FillFunctor<int>, std::array<char*, 1ul> >(int, at::native::FillFunctor<int>, std::array<char*, 1ul>)",11603623717391,11603623760168,862,101,1136.0,834795.0,65536.0,0.0,0.0,0.0,0.0,673695676.0,673695676.0,0.0,0.0,0.0,0.0,98841.0,1835120.0,4198320.0,0.0,0.0,4194304.0,0.0
862,0,1,698,698,8388608,256,0,0,96,0,32,64,bias_kernel,11603624131652,11603625263983,863,203,1136.0,14617350.0,0.0,8388608.0,0.0,0.0,0.0,9189543752.0,9189543752.0,0.0,0.0,2097152.0,0.0,43448366289.0,33420892.0,50474896.0,0.0,0.0,67633152.0,136314880.0
863,0,1,698,698,4194304,256,0,0,12,4,32,64,"void at::native::vectorized_elementwise_kernel<4, at::native::FillFunctor<int>, std::array<char*, 1ul> >(int, at::native::FillFunctor<int>, std::array<char*, 1ul>)",11603625632661,11603625675678,864,101,1136.0,818666.0,65536.0,0.0,0.0,0.0,0.0,661157944.0,661157944.0,0.0,0.0,0.0,0.0,109819.0,1835120.0,4198304.0,0.0,0.0,4194304.0,0.0
864,0,1,698,698,8388608,256,0,0,96,0,32,64,bias_kernel,11603626048725,11603627182340,865,203,1136.0,14639594.0,0.0,8388608.0,0.0,0.0,0.0,9073013060.0,9073013060.0,0.0,0.0,2097152.0,0.0,43756638106.0,33420689.0,50474880.0,0.0,0.0,67633152.0,136314880.0
865,0,1,698,698,4194304,256,0,0,12,4,32,64,"void at::native::vectorized_elementwise_kernel<4, at::native::FillFunctor<int>, std::array<char*, 1ul> >(int, at::native::FillFunctor<int>, std::array<char*, 1ul>)",11603627556550,11603627599487,866,101,1136.0,797328.0,65536.0,0.0,0.0,0.0,0.0,648743496.0,648743496.0,0.0,0.0,0.0,0.0,99111.0,1835120.0,4198304.0,0.0,0.0,4194304.0,0.0
866,0,1,698,698,8388608,256,0,0,96,0,32,64,bias_kernel,11603627972975,11603629112082,867,203,1221.0,14947873.0,0.0,8388608.0,0.0,0.0,0.0,9216654328.0,9216654328.0,0.0,0.0,2097152.0,0.0,43874286268.0,33420751.0,50474895.0,0.0,0.0,67633152.0,136314880.0
867,0,1,698,698,4194304,256,0,0,12,4,32,64,"void at::native::vectorized_elementwise_kernel<4, at::native::FillFunctor<int>, std::array<char*, 1ul> >(int, at::native::FillFunctor<int>, std::array<char*, 1ul>)",11603629486533,11603629529591,868,101,1136.0,777355.0,65536.0,0.0,0.0,0.0,0.0,632668484.0,632668484.0,0.0,0.0,0.0,0.0,86761.0,1835120.0,4198304.0,0.0,0.0,4194304.0,0.0
868,0,1,698,698,8388608,256,0,0,96,0,32,64,bias_kernel,11603629897506,11603631034208,869,203,1136.0,15053002.0,0.0,8388608.0,0.0,0.0,0.0,9325547964.0,9325547964.0,0.0,0.0,2097152.0,0.0,44197803685.0,33420356.0,50474896.0,0.0,0.0,67633152.0,136314880.0
869,0,1,698,698,4194304,256,0,0,12,4,32,64,"void at::native::vectorized_elementwise_kernel<4, at::native::FillFunctor<int>, std::array<char*, 1ul> >(int, at::native::FillFunctor<int>, std::array<char*, 1ul>)",11603631411785,11603631455083,870,101,1136.0,755015.0,65536.0,0.0,0.0,0.0,0.0,606184260.0,606184260.0,0.0,0.0,0.0,0.0,88427.0,1835120.0,4198304.0,0.0,0.0,4194304.0,0.0
870,0,1,698,698,8388608,256,0,0,96,0,32,64,bias_kernel,11603631835908,11603632976138,871,203,1136.0,15159930.0,0.0,8388608.0,0.0,0.0,0.0,9654688088.0,9654688088.0,0.0,0.0,2097152.0,0.0,44615992320.0,33420417.0,50474880.0,0.0,0.0,67633152.0,136314880.0
871,0,1,698,698,4194304,256,0,0,12,4,32,64,"void at::native::vectorized_elementwise_kernel<4, at::native::FillFunctor<int>, std::array<char*, 1ul> >(int, at::native::FillFunctor<int>, std::array<char*, 1ul>)",11603633350588,11603633394007,872,101,1136.0,758622.0,65536.0,0.0,0.0,0.0,0.0,604761496.0,604761496.0,0.0,0.0,0.0,0.0,99255.0,1835120.0,4198304.0,0.0,0.0,4194304.0,0.0
872,0,1,698,698,8388608,256,0,0,96,0,32,64,bias_kernel,11603633776516,11603634912295,873,203,1136.0,15261362.0,0.0,8388608.0,0.0,0.0,0.0,9613526612.0,9613526612.0,0.0,0.0,2097152.0,0.0,45350937568.0,33420279.0,50474880.0,0.0,0.0,67633152.0,136314880.0
873,0,1,698,698,4194304,256,0,0,12,4,32,64,"void at::native::vectorized_elementwise_kernel<4, at::native::FillFunctor<int>, std::array<char*, 1ul> >(int, at::native::FillFunctor<int>, std::array<char*, 1ul>)",11603635278767,11603635322306,874,101,1136.0,750302.0,65536.0,0.0,0.0,0.0,0.0,600454036.0,600454036.0,0.0,0.0,0.0,0.0,85683.0,1835120.0,4198304.0,0.0,0.0,4194304.0,0.0
874,0,1,698,698,8388608,256,0,0,96,0,32,64,bias_kernel,11603635703823,11603636840604,875,203,1221.0,15333157.0,0.0,8388608.0,0.0,0.0,0.0,9568654896.0,9568654896.0,0.0,0.0,2097152.0,0.0,45167181235.0,33420232.0,50474896.0,0.0,0.0,67633152.0,136314880.0
875,0,1,698,698,4194304,256,0,0,12,4,32,64,"void at::native::vectorized_elementwise_kernel<4, at::native::FillFunctor<int>, std::array<char*, 1ul> >(int, at::native::FillFunctor<int>, std::array<char*, 1ul>)",11603637221789,11603637265328,876,101,1088.0,743993.0,65536.0,0.0,0.0,0.0,0.0,599795048.0,599795048.0,0.0,0.0,0.0,0.0,84190.0,1835120.0,4198304.0,0.0,0.0,4194304.0,0.0
876,0,1,698,698,8388608,256,0,0,96,0,32,64,bias_kernel,11603637646233,11603638786623,877,203,1136.0,15524157.0,0.0,8388608.0,0.0,0.0,0.0,9781778172.0,9781778172.0,0.0,0.0,2097152.0,0.0,45612054077.0,33420927.0,50474896.0,0.0,0.0,67633152.0,136314880.0
877,0,1,698,698,4194304,256,0,0,12,4,32,64,"void at::native::vectorized_elementwise_kernel<4, at::native::FillFunctor<int>, std::array<char*, 1ul> >(int, at::native::FillFunctor<int>, std::array<char*, 1ul>)",11603639143193,11603639186130,878,101,1136.0,839356.0,65536.0,0.0,0.0,0.0,0.0,667944904.0,667944904.0,0.0,0.0,0.0,0.0,106004.0,1835120.0,4198320.0,0.0,0.0,4194304.0,0.0
878,0,1,698,698,8388608,256,0,0,96,0,32,64,bias_kernel,11603639568799,11603640703817,879,203,1136.0,15750896.0,0.0,8388608.0,0.0,0.0,0.0,9910554464.0,9910554464.0,0.0,0.0,2097152.0,0.0,46437196643.0,33420814.0,50474896.0,0.0,0.0,67633152.0,136314880.0
879,0,1,698,698,4194304,256,0,0,12,4,32,64,"void at::native::vectorized_elementwise_kernel<4, at::native::FillFunctor<int>, std::array<char*, 1ul> >(int, at::native::FillFunctor<int>, std::array<char*, 1ul>)",11603641070209,11603641112946,880,101,1136.0,829704.0,65536.0,0.0,0.0,0.0,0.0,674184132.0,674184132.0,0.0,0.0,0.0,0.0,104092.0,1835120.0,4198320.0,0.0,0.0,4194304.0,0.0
880,0,1,698,698,8388608,256,0,0,96,0,32,64,bias_kernel,11603641488880,11603642628829,881,203,1136.0,16367059.0,0.0,8388608.0,0.0,0.0,0.0,10130514416.0,10130514416.0,0.0,0.0,2097152.0,0.0,48281537959.0,33420440.0,50474896.0,0.0,0.0,67633152.0,136314880.0
881,0,1,698,698,4194304,256,0,0,12,4,32,64,"void at::native::vectorized_elementwise_kernel<4, at::native::FillFunctor<int>, std::array<char*, 1ul> >(int, at::native::FillFunctor<int>, std::array<char*, 1ul>)",11603642988004,11603643031383,882,101,1136.0,842351.0,65536.0,0.0,0.0,0.0,0.0,668494248.0,668494248.0,0.0,0.0,0.0,0.0,117105.0,1835120.0,4198320.0,0.0,0.0,4194304.0,0.0
882,0,1,698,698,8388608,256,0,0,96,0,32,64,bias_kernel,11603643400341,11603644534917,883,203,1221.0,16254288.0,0.0,8388608.0,0.0,0.0,0.0,10208511368.0,10208511368.0,0.0,0.0,2097152.0,0.0,47843178313.0,33420570.0,50474880.0,0.0,0.0,67633152.0,136314880.0
883,0,1,698,698,4194304,256,0,0,12,4,32,64,"void at::native::vectorized_elementwise_kernel<4, at::native::FillFunctor<int>, std::array<char*, 1ul> >(int, at::native::FillFunctor<int>, std::array<char*, 1ul>)",11603644897380,11603644940599,884,101,1136.0,834877.0,65536.0,0.0,0.0,0.0,0.0,674107140.0,674107140.0,0.0,0.0,0.0,0.0,102857.0,1835120.0,4198320.0,0.0,0.0,4194304.0,0.0
884,0,1,698,698,8388608,256,0,0,96,0,32,64,bias_kernel,11603645305668,11603646441728,885,203,1136.0,15880240.0,0.0,8388608.0,0.0,0.0,0.0,9817067624.0,9817067624.0,0.0,0.0,2097152.0,0.0,46668896202.0,33420351.0,50474896.0,0.0,0.0,67633152.0,136314880.0
885,0,1,698,698,4194304,256,0,0,12,4,32,64,"void at::native::vectorized_elementwise_kernel<4, at::native::FillFunctor<int>, std::array<char*, 1ul> >(int, at::native::FillFunctor<int>, std::array<char*, 1ul>)",11603646804231,11603646846768,886,101,1136.0,832181.0,65536.0,0.0,0.0,0.0,0.0,667887280.0,667887280.0,0.0,0.0,0.0,0.0,101235.0,1835120.0,4198320.0,0.0,0.0,4194304.0,0.0
886,0,1,698,698,8388608,256,0,0,96,0,32,64,bias_kernel,11603647212238,11603648352587,887,203,1136.0,15652374.0,0.0,8388608.0,0.0,0.0,0.0,9664735280.0,9664735280.0,0.0,0.0,2097152.0,0.0,46280568460.0,33420671.0,50474880.0,0.0,0.0,67633152.0,136314880.0
887,0,1,698,698,4194304,256,0,0,12,4,32,64,"void at::native::vectorized_elementwise_kernel<4, at::native::FillFunctor<int>, std::array<char*, 1ul> >(int, at::native::FillFunctor<int>, std::array<char*, 1ul>)",11603648710480,11603648753257,888,101,1136.0,820594.0,65536.0,0.0,0.0,0.0,0.0,665828236.0,665828236.0,0.0,0.0,0.0,0.0,104043.0,1835120.0,4198304.0,0.0,0.0,4194304.0,0.0
888,0,1,698,698,8388608,256,0,0,96,0,32,64,bias_kernel,11603649121814,11603650254867,889,203,1136.0,14601467.0,0.0,8388608.0,0.0,0.0,0.0,8904346512.0,8904346512.0,0.0,0.0,2097152.0,0.0,43249227526.0,33420195.0,50474880.0,0.0,0.0,67633152.0,136314880.0
889,0,1,698,698,4194304,256,0,0,12,4,32,64,"void at::native::vectorized_elementwise_kernel<4, at::native::FillFunctor<int>, std::array<char*, 1ul> >(int, at::native::FillFunctor<int>, std::array<char*, 1ul>)",11603650614765,11603650657542,890,101,1136.0,806973.0,65536.0,0.0,0.0,0.0,0.0,664497228.0,664497228.0,0.0,0.0,0.0,0.0,102790.0,1835120.0,4198320.0,0.0,0.0,4194304.0,0.0
890,0,1,698,698,8388608,256,0,0,96,0,32,64,bias_kernel,11603651024375,11603652166368,891,203,1221.0,14983596.0,0.0,8388608.0,0.0,0.0,0.0,9363223300.0,9363223300.0,0.0,0.0,2097152.0,0.0,43940901996.0,33420115.0,50474896.0,0.0,0.0,67633152.0,136314880.0
891,0,1,698,698,4194304,256,0,0,12,4,32,64,"void at::native::vectorized_elementwise_kernel<4, at::native::FillFunctor<int>, std::array<char*, 1ul> >(int, at::native::FillFunctor<int>, std::array<char*, 1ul>)",11603652541741,11603652585079,892,101,1136.0,804083.0,65536.0,0.0,0.0,0.0,0.0,647342292.0,647342292.0,0.0,0.0,0.0,0.0,95345.0,1835120.0,4198320.0,0.0,0.0,4194304.0,0.0
892,0,1,698,698,8388608,256,0,0,96,0,32,64,bias_kernel,11603652954759,11603654098677,893,203,1136.0,15224539.0,0.0,8388608.0,0.0,0.0,0.0,9431110928.0,9431110928.0,0.0,0.0,2097152.0,0.0,44154374627.0,33420264.0,50474880.0,0.0,0.0,67633152.0,136314880.0
893,0,1,698,698,4194304,256,0,0,12,4,32,64,"void at::native::vectorized_elementwise_kernel<4, at::native::FillFunctor<int>, std::array<char*, 1ul> >(int, at::native::FillFunctor<int>, std::array<char*, 1ul>)",11603654472766,11603654515704,894,101,1136.0,765836.0,65536.0,0.0,0.0,0.0,0.0,615458228.0,615458228.0,0.0,0.0,0.0,0.0,96592.0,1835120.0,4198320.0,0.0,0.0,4194304.0,0.0
894,0,1,698,698,8388608,256,0,0,96,0,32,64,bias_kernel,11603654890595,11603656023528,895,203,1136.0,15110160.0,0.0,8388608.0,0.0,0.0,0.0,9115569748.0,9115569748.0,0.0,0.0,2097152.0,0.0,44696034824.0,33420165.0,50474880.0,0.0,0.0,67633152.0,136314880.0
895,0,1,698,698,4194304,256,0,0,12,4,32,64,"void at::native::vectorized_elementwise_kernel<4, at::native::FillFunctor<int>, std::array<char*, 1ul> >(int, at::native::FillFunctor<int>, std::array<char*, 1ul>)",11603656396535,11603656440555,896,101,1136.0,759829.0,65536.0,0.0,0.0,0.0,0.0,594675784.0,594675784.0,0.0,0.0,0.0,0.0,89773.0,1835120.0,4198320.0,0.0,0.0,4194304.0,0.0
896,0,1,698,698,8388608,256,0,0,96,0,32,64,bias_kernel,11603656822102,11603657957560,897,203,1136.0,15163667.0,0.0,8388608.0,0.0,0.0,0.0,9287461464.0,9287461464.0,0.0,0.0,2097152.0,0.0,44916266517.0,33420528.0,50474880.0,0.0,0.0,67633152.0,136314880.0
897,0,1,698,698,4194304,256,0,0,12,4,32,64,"void at::native::vectorized_elementwise_kernel<4, at::native::FillFunctor<int>, std::array<char*, 1ul> >(int, at::native::FillFunctor<int>, std::array<char*, 1ul>)",11603658318019,11603658361317,898,101,1136.0,744624.0,65536.0,0.0,0.0,0.0,0.0,598838136.0,598838136.0,0.0,0.0,0.0,0.0,87196.0,1835120.0,4198304.0,0.0,0.0,4194304.0,0.0
898,0,1,698,698,8388608,256,0,0,96,0,32,64,bias_kernel,11603658736249,11603659877480,899,203,1221.0,15437237.0,0.0,8388608.0,0.0,0.0,0.0,9632192956.0,9632192956.0,0.0,0.0,2097152.0,0.0,45273629655.0,33420376.0,50474896.0,0.0,0.0,67633152.0,136314880.0
899,0,1,698,698,4194304,256,0,0,12,4,32,64,"void at::native::vectorized_elementwise_kernel<4, at::native::FillFunctor<int>, std::array<char*, 1ul> >(int, at::native::FillFunctor<int>, std::array<char*, 1ul>)",11603660240345,11603660283442,900,101,1136.0,774832.0,65536.0,0.0,0.0,0.0,0.0,600513668.0,600513668.0,0.0,0.0,0.0,0.0,102589.0,1835120.0,4198320.0,0.0,0.0,4194304.0,0.0
900,0,1,698,698,8388608,256,0,0,96,0,32,64,bias_kernel,11603660660860,11603661798844,901,203,1136.0,15775062.0,0.0,8388608.0,0.0,0.0,0.0,9864978344.0,9864978344.0,0.0,0.0,2097152.0,0.0,46456744201.0,33420465.0,50474880.0,0.0,0.0,67633152.0,136314880.0
901,0,1,698,698,4194304,256,0,0,12,4,32,64,"void at::native::vectorized_elementwise_kernel<4, at::native::FillFunctor<int>, std::array<char*, 1ul> >(int, at::native::FillFunctor<int>, std::array<char*, 1ul>)",11603662160706,11603662203804,902,101,1136.0,849199.0,65536.0,0.0,0.0,0.0,0.0,671127588.0,671127588.0,0.0,0.0,0.0,0.0,102759.0,1835120.0,4198320.0,0.0,0.0,4194304.0,0.0
902,0,1,698,698,8388608,256,0,0,96,0,32,64,bias_kernel,11603662582945,11603663722011,903,203,1136.0,15995037.0,0.0,8388608.0,0.0,0.0,0.0,9914037128.0,9914037128.0,0.0,0.0,2097152.0,0.0,47041902812.0,33420435.0,50474880.0,0.0,0.0,67633152.0,136314880.0
903,0,1,698,698,4194304,256,0,0,12,4,32,64,"void at::native::vectorized_elementwise_kernel<4, at::native::FillFunctor<int>, std::array<char*, 1ul> >(int, at::native::FillFunctor<int>, std::array<char*, 1ul>)",11603664081388,11603664124285,904,101,1136.0,829343.0,65536.0,0.0,0.0,0.0,0.0,673147504.0,673147504.0,0.0,0.0,0.0,0.0,98676.0,1835120.0,4198304.0,0.0,0.0,4194304.0,0.0
904,0,1,698,698,8388608,256,0,0,96,0,32,64,bias_kernel,11603664490316,11603665625254,905,203,1136.0,16396735.0,0.0,8388608.0,0.0,0.0,0.0,10132243196.0,10132243196.0,0.0,0.0,2097152.0,0.0,48858711315.0,33420577.0,50474880.0,0.0,0.0,67633152.0,136314880.0
905,0,1,698,698,16777216,512,0,0,56,0,32,64,bias_kernel,11603667703584,11603668899019,906,204,8488.0,16883280.0,0.0,8388608.0,0.0,0.0,0.0,15362768696.0,15362768696.0,0.0,0.0,2097152.0,0.0,42658820587.0,33430139.0,50580496.0,0.0,0.0,71303168.0,150994944.0
906,0,1,698,698,4194304,256,0,0,12,4,32,64,"void at::native::vectorized_elementwise_kernel<4, at::native::FillFunctor<int>, std::array<char*, 1ul> >(int, at::native::FillFunctor<int>, std::array<char*, 1ul>)",11603669342706,11603669386405,907,101,1136.0,754181.0,65536.0,0.0,0.0,0.0,0.0,592156784.0,592156784.0,0.0,0.0,0.0,0.0,88971.0,1835120.0,4198304.0,0.0,0.0,4194304.0,0.0
907,0,1,698,698,16777216,512,0,0,56,0,32,64,bias_kernel,11603669764584,11603670989646,908,204,1136.0,17135466.0,0.0,8388608.0,0.0,0.0,0.0,15185809824.0,15185809824.0,0.0,0.0,2097152.0,0.0,43191927734.0,33429747.0,50579476.0,0.0,0.0,71303168.0,150994944.0
908,0,1,698,698,4194304,256,0,0,12,4,32,64,"void at::native::vectorized_elementwise_kernel<4, at::native::FillFunctor<int>, std::array<char*, 1ul> >(int, at::native::FillFunctor<int>, std::array<char*, 1ul>)",11603671354034,11603671397773,909,101,1136.0,759066.0,65536.0,0.0,0.0,0.0,0.0,601612048.0,601612048.0,0.0,0.0,0.0,0.0,91818.0,1835120.0,4198304.0,0.0,0.0,4194304.0,0.0
909,0,1,698,698,16777216,512,0,0,56,0,32,64,bias_kernel,11603671779159,11603672982452,910,204,1136.0,16996308.0,0.0,8388608.0,0.0,0.0,0.0,14779595236.0,14779595236.0,0.0,0.0,2097152.0,0.0,43488826216.0,33429552.0,50579716.0,0.0,0.0,71303168.0,150994944.0
910,0,1,698,698,4194304,256,0,0,12,4,32,64,"void at::native::vectorized_elementwise_kernel<4, at::native::FillFunctor<int>, std::array<char*, 1ul> >(int, at::native::FillFunctor<int>, std::array<char*, 1ul>)",11603673349526,11603673393025,911,101,1136.0,736364.0,65536.0,0.0,0.0,0.0,0.0,596724568.0,596724568.0,0.0,0.0,0.0,0.0,91218.0,1835120.0,4198304.0,0.0,0.0,4194304.0,0.0
911,0,1,698,698,16777216,512,0,0,56,0,32,64,bias_kernel,11603673777979,11603675034312,912,204,1136.0,17885078.0,0.0,8388608.0,0.0,0.0,0.0,15754313980.0,15754313980.0,0.0,0.0,2097152.0,0.0,43745481756.0,33429646.0,50579540.0,0.0,0.0,71303168.0,150994944.0
912,0,1,698,698,4194304,256,0,0,12,4,32,64,"void at::native::vectorized_elementwise_kernel<4, at::native::FillFunctor<int>, std::array<char*, 1ul> >(int, at::native::FillFunctor<int>, std::array<char*, 1ul>)",11603675398980,11603675442399,913,101,1136.0,762618.0,65536.0,0.0,0.0,0.0,0.0,611541908.0,611541908.0,0.0,0.0,0.0,0.0,102877.0,1835120.0,4198304.0,0.0,0.0,4194304.0,0.0
913,0,1,698,698,16777216,512,0,0,56,0,32,64,bias_kernel,11603675818092,11603677014770,914,204,1136.0,16653381.0,0.0,8388608.0,0.0,0.0,0.0,15235754892.0,15235754892.0,0.0,0.0,2097152.0,0.0,43398508002.0,33430436.0,50579872.0,0.0,0.0,71303168.0,150994944.0
914,0,1,698,698,4194304,256,0,0,12,4,32,64,"void at::native::vectorized_elementwise_kernel<4, at::native::FillFunctor<int>, std::array<char*, 1ul> >(int, at::native::FillFunctor<int>, std::array<char*, 1ul>)",11603677374627,11603677417885,915,101,1136.0,742296.0,65536.0,0.0,0.0,0.0,0.0,600520456.0,600520456.0,0.0,0.0,0.0,0.0,91767.0,1835120.0,4198304.0,0.0,0.0,4194304.0,0.0
915,0,1,698,698,16777216,512,0,0,56,0,32,64,bias_kernel,11603677797547,11603679030387,916,204,1136.0,17582337.0,0.0,8388608.0,0.0,0.0,0.0,15615154600.0,15615154600.0,0.0,0.0,2097152.0,0.0,43764660859.0,33429762.0,50579448.0,0.0,0.0,71303168.0,150994944.0
916,0,1,698,698,16777216,512,0,0,56,0,32,64,bias_kernel,11603679537699,11603680723713,917,204,1136.0,17654810.0,0.0,8388608.0,0.0,0.0,0.0,15635957564.0,15635957564.0,0.0,0.0,2097152.0,0.0,45126835783.0,33429823.0,50580756.0,0.0,0.0,71303168.0,150994944.0
917,0,1,698,698,16777216,512,0,0,56,0,32,64,bias_kernel,11603681107063,11603682299251,918,204,1136.0,17798772.0,0.0,8388608.0,0.0,0.0,0.0,15578010784.0,15578010784.0,0.0,0.0,2097152.0,0.0,45308057717.0,33429808.0,50580796.0,0.0,0.0,71303168.0,150994944.0
918,0,1,698,698,16777216,512,0,0,56,0,32,64,bias_kernel,11603682689858,11603683917646,919,204,1136.0,17878918.0,0.0,8388608.0,0.0,0.0,0.0,16602661860.0,16602661860.0,0.0,0.0,2097152.0,0.0,43953247399.0,33430784.0,50581428.0,0.0,0.0,71303168.0,150994944.0
919,0,1,698,698,16777216,512,0,0,56,0,32,64,bias_kernel,11603684313385,11603685551918,920,204,1136.0,17394039.0,0.0,8388608.0,0.0,0.0,0.0,14805676520.0,14805676520.0,0.0,0.0,2097152.0,0.0,42239225689.0,33429658.0,50581124.0,0.0,0.0,71303168.0,150994944.0
920,0,1,698,698,16777216,512,0,0,56,0,32,64,bias_kernel,11603685957679,11603687177369,921,204,1136.0,18435048.0,0.0,8388608.0,0.0,0.0,0.0,16337067320.0,16337067320.0,0.0,0.0,2097152.0,0.0,45673160728.0,33429793.0,50579828.0,0.0,0.0,71303168.0,150994944.0
921,0,1,698,698,16777216,512,0,0,56,0,32,64,bias_kernel,11603687591670,11603688818055,922,204,1136.0,17673182.0,0.0,8388608.0,0.0,0.0,0.0,15107958100.0,15107958100.0,0.0,0.0,2097152.0,0.0,43242245646.0,33429782.0,50580728.0,0.0,0.0,71303168.0,150994944.0
922,0,1,698,698,16777216,512,0,0,56,0,32,64,bias_kernel,11603689222694,11603690397081,923,204,1136.0,16805932.0,0.0,8388608.0,0.0,0.0,0.0,14792085900.0,14792085900.0,0.0,0.0,2097152.0,0.0,43421657271.0,33429859.0,50579464.0,0.0,0.0,71303168.0,150994944.0
923,0,1,698,698,16777216,512,0,0,56,0,32,64,bias_kernel,11603690816273,11603692003489,924,204,1136.0,17637130.0,0.0,8388608.0,0.0,0.0,0.0,15581945156.0,15581945156.0,0.0,0.0,2097152.0,0.0,45050608374.0,33429991.0,50580108.0,0.0,0.0,71303168.0,150994944.0
924,0,1,698,698,16777216,512,0,0,56,0,32,64,bias_kernel,11603692411656,11603693622927,925,204,1136.0,17087781.0,0.0,8388608.0,0.0,0.0,0.0,15014390180.0,15014390180.0,0.0,0.0,2097152.0,0.0,42326443817.0,33430035.0,50581084.0,0.0,0.0,71303168.0,150994944.0
925,0,1,698,698,16777216,512,0,0,56,0,32,64,bias_kernel,11603694029931,11603695225887,926,204,1136.0,18022653.0,0.0,8388608.0,0.0,0.0,0.0,15859260096.0,15859260096.0,0.0,0.0,2097152.0,0.0,45895481934.0,33430130.0,50580184.0,0.0,0.0,71303168.0,150994944.0
926,0,1,698,698,16777216,512,0,0,56,0,32,64,bias_kernel,11603695638825,11603696834982,927,204,1136.0,17461922.0,0.0,8388608.0,0.0,0.0,0.0,15551917792.0,15551917792.0,0.0,0.0,2097152.0,0.0,44638469040.0,33430452.0,50580880.0,0.0,0.0,71303168.0,150994944.0
927,0,1,698,698,16777216,512,0,0,56,0,32,64,bias_kernel,11603697238979,11603698459751,928,204,1136.0,17709754.0,0.0,8388608.0,0.0,0.0,0.0,16105145876.0,16105145876.0,0.0,0.0,2097152.0,0.0,43202560462.0,33431046.0,50581140.0,0.0,0.0,71303168.0,150994944.0
928,0,1,698,698,4194304,256,0,0,12,4,32,64,"void at::native::vectorized_elementwise_kernel<4, at::native::FillFunctor<int>, std::array<char*, 1ul> >(int, at::native::FillFunctor<int>, std::array<char*, 1ul>)",11603698862546,11603698905965,929,101,1816.0,735946.0,65536.0,0.0,0.0,0.0,0.0,594297464.0,594297464.0,0.0,0.0,0.0,0.0,87350.0,1835120.0,4198304.0,0.0,0.0,4194304.0,0.0
929,0,1,698,698,16777216,512,0,0,56,0,32,64,bias_kernel,11603699304521,11603700527177,930,204,1136.0,18612468.0,0.0,8388608.0,0.0,0.0,0.0,16248337280.0,16248337280.0,0.0,0.0,2097152.0,0.0,47140687740.0,33429820.0,50581048.0,0.0,0.0,71303168.0,150994944.0
930,0,1,698,698,4194304,256,0,0,12,4,32,64,"void at::native::vectorized_elementwise_kernel<4, at::native::FillFunctor<int>, std::array<char*, 1ul> >(int, at::native::FillFunctor<int>, std::array<char*, 1ul>)",11603700949215,11603700992313,931,101,1088.0,791876.0,65536.0,0.0,0.0,0.0,0.0,643934212.0,643934212.0,0.0,0.0,0.0,0.0,99472.0,1835120.0,4198304.0,0.0,0.0,4194304.0,0.0
931,0,1,698,698,16777216,512,0,0,56,0,32,64,bias_kernel,11603701376144,11603702611029,932,204,1136.0,17791244.0,0.0,8388608.0,0.0,0.0,0.0,16039419784.0,16039419784.0,0.0,0.0,2097152.0,0.0,43613176784.0,33429845.0,50579804.0,0.0,0.0,71303168.0,150994944.0
932,0,1,698,698,4194304,256,0,0,12,4,32,64,"void at::native::vectorized_elementwise_kernel<4, at::native::FillFunctor<int>, std::array<char*, 1ul> >(int, at::native::FillFunctor<int>, std::array<char*, 1ul>)",11603702989408,11603703032386,933,101,1136.0,827114.0,65536.0,0.0,0.0,0.0,0.0,677024784.0,677024784.0,0.0,0.0,0.0,0.0,106503.0,1835120.0,4198304.0,0.0,0.0,4194304.0,0.0
933,0,1,698,698,16777216,512,0,0,56,0,32,64,bias_kernel,11603703412008,11603704609127,934,204,1136.0,16483085.0,0.0,8388608.0,0.0,0.0,0.0,15285725056.0,15285725056.0,0.0,0.0,2097152.0,0.0,42426268248.0,33430542.0,50580280.0,0.0,0.0,71303168.0,150994944.0
934,0,1,698,698,4194304,256,0,0,12,4,32,64,"void at::native::vectorized_elementwise_kernel<4, at::native::FillFunctor<int>, std::array<char*, 1ul> >(int, at::native::FillFunctor<int>, std::array<char*, 1ul>)",11603704994763,11603705037740,935,101,1136.0,838923.0,65536.0,0.0,0.0,0.0,0.0,671455080.0,671455080.0,0.0,0.0,0.0,0.0,100601.0,1835120.0,4198304.0,0.0,0.0,4194304.0,0.0
935,0,1,698,698,16777216,512,0,0,56,0,32,64,bias_kernel,11603705409665,11603706673014,936,204,1136.0,18590670.0,0.0,8388608.0,0.0,0.0,0.0,16411064172.0,16411064172.0,0.0,0.0,2097152.0,0.0,45236738473.0,33429943.0,50579900.0,0.0,0.0,71303168.0,150994944.0
936,0,1,698,698,4194304,256,0,0,12,4,32,64,"void at::native::vectorized_elementwise_kernel<4, at::native::FillFunctor<int>, std::array<char*, 1ul> >(int, at::native::FillFunctor<int>, std::array<char*, 1ul>)",11603707051193,11603707093930,937,101,1136.0,838168.0,65536.0,0.0,0.0,0.0,0.0,673386416.0,673386416.0,0.0,0.0,0.0,0.0,99294.0,1835120.0,4198304.0,0.0,0.0,4194304.0,0.0
937,0,1,698,698,16777216,512,0,0,56,0,32,64,bias_kernel,11603707476118,11603708719021,938,204,1136.0,18101712.0,0.0,8388608.0,0.0,0.0,0.0,16042795792.0,16042795792.0,0.0,0.0,2097152.0,0.0,44790111292.0,33429456.0,50579856.0,0.0,0.0,71303168.0,150994944.0
938,0,1,698,698,4194304,256,0,0,12,4,32,64,"void at::native::vectorized_elementwise_kernel<4, at::native::FillFunctor<int>, std::array<char*, 1ul> >(int, at::native::FillFunctor<int>, std::array<char*, 1ul>)",11603709098483,11603709141380,939,101,1136.0,834956.0,65536.0,0.0,0.0,0.0,0.0,670813248.0,670813248.0,0.0,0.0,0.0,0.0,95598.0,1835120.0,4198304.0,0.0,0.0,4194304.0,0.0
939,0,1,698,698,16777216,512,0,0,56,0,32,64,bias_kernel,11603709523889,11603710745423,940,204,1136.0,17767008.0,0.0,8388608.0,0.0,0.0,0.0,15676491628.0,15676491628.0,0.0,0.0,2097152.0,0.0,45141478093.0,33429515.0,50579976.0,0.0,0.0,71303168.0,150994944.0
940,0,1,698,698,4194304,256,0,0,12,4,32,64,"void at::native::vectorized_elementwise_kernel<4, at::native::FillFunctor<int>, std::array<char*, 1ul> >(int, at::native::FillFunctor<int>, std::array<char*, 1ul>)",11603711133344,11603711176201,941,101,1136.0,830016.0,65536.0,0.0,0.0,0.0,0.0,673392916.0,673392916.0,0.0,0.0,0.0,0.0,115663.0,1835120.0,4198304.0,0.0,0.0,4194304.0,0.0
941,0,1,698,698,16777216,512,0,0,56,0,32,64,bias_kernel,11603711563521,11603712805381,942,204,1136.0,18479293.0,0.0,8388608.0,0.0,0.0,0.0,16562673292.0,16562673292.0,0.0,0.0,2097152.0,0.0,45335866225.0,33430387.0,50580516.0,0.0,0.0,71303168.0,150994944.0
942,0,1,698,698,4194304,256,0,0,12,4,32,64,"void at::native::vectorized_elementwise_kernel<4, at::native::FillFunctor<int>, std::array<char*, 1ul> >(int, at::native::FillFunctor<int>, std::array<char*, 1ul>)",11603713182678,11603713226257,943,101,1136.0,851772.0,65536.0,0.0,0.0,0.0,0.0,677501152.0,677501152.0,0.0,0.0,0.0,0.0,99296.0,1835120.0,4198304.0,0.0,0.0,4194304.0,0.0
943,0,1,698,698,16777216,512,0,0,56,0,32,64,bias_kernel,11603713618949,11603714863375,944,204,1136.0,18345160.0,0.0,8388608.0,0.0,0.0,0.0,16360594000.0,16360594000.0,0.0,0.0,2097152.0,0.0,44695125680.0,33429921.0,50580056.0,0.0,0.0,71303168.0,150994944.0
944,0,1,698,698,4194304,256,0,0,12,4,32,64,"void at::native::vectorized_elementwise_kernel<4, at::native::FillFunctor<int>, std::array<char*, 1ul> >(int, at::native::FillFunctor<int>, std::array<char*, 1ul>)",11603715245563,11603715288220,945,101,1136.0,831086.0,65536.0,0.0,0.0,0.0,0.0,673145688.0,673145688.0,0.0,0.0,0.0,0.0,94370.0,1835120.0,4198304.0,0.0,0.0,4194304.0,0.0
945,0,1,698,698,16777216,512,0,0,56,0,32,64,bias_kernel,11603715676783,11603716911026,946,204,1136.0,18069976.0,0.0,8388608.0,0.0,0.0,0.0,15804989772.0,15804989772.0,0.0,0.0,2097152.0,0.0,44934048213.0,33429943.0,50579772.0,0.0,0.0,71303168.0,150994944.0
946,0,1,698,698,4194304,256,0,0,12,4,32,64,"void at::native::vectorized_elementwise_kernel<4, at::native::FillFunctor<int>, std::array<char*, 1ul> >(int, at::native::FillFunctor<int>, std::array<char*, 1ul>)",11603717288764,11603717331661,947,101,1136.0,829229.0,65536.0,0.0,0.0,0.0,0.0,673519028.0,673519028.0,0.0,0.0,0.0,0.0,99496.0,1835120.0,4198320.0,0.0,0.0,4194304.0,0.0
947,0,1,698,698,16777216,512,0,0,56,0,32,64,bias_kernel,11603717725916,11603718949094,948,204,1136.0,17468775.0,0.0,8388608.0,0.0,0.0,0.0,15344301292.0,15344301292.0,0.0,0.0,2097152.0,0.0,43874251079.0,33429761.0,50579608.0,0.0,0.0,71303168.0,150994944.0
948,0,1,698,698,4194304,256,0,0,12,4,32,64,"void at::native::vectorized_elementwise_kernel<4, at::native::FillFunctor<int>, std::array<char*, 1ul> >(int, at::native::FillFunctor<int>, std::array<char*, 1ul>)",11603719323625,11603719366883,949,101,1136.0,836827.0,65536.0,0.0,0.0,0.0,0.0,675425004.0,675425004.0,0.0,0.0,0.0,0.0,97185.0,1835120.0,4198304.0,0.0,0.0,4194304.0,0.0
949,0,1,698,698,16777216,512,0,0,56,0,32,64,bias_kernel,11603719763023,11603720996304,950,204,1136.0,17587916.0,0.0,8388608.0,0.0,0.0,0.0,15531160376.0,15531160376.0,0.0,0.0,2097152.0,0.0,43334995550.0,33429580.0,50579876.0,0.0,0.0,71303168.0,150994944.0
950,0,1,698,698,4194304,256,0,0,12,4,32,64,"void at::native::vectorized_elementwise_kernel<4, at::native::FillFunctor<int>, std::array<char*, 1ul> >(int, at::native::FillFunctor<int>, std::array<char*, 1ul>)",11603721369111,11603721412329,951,101,1136.0,776440.0,65536.0,0.0,0.0,0.0,0.0,629578224.0,629578224.0,0.0,0.0,0.0,0.0,101145.0,1835120.0,4198304.0,0.0,0.0,4194304.0,0.0
951,0,1,698,698,16777216,512,0,0,56,0,32,64,bias_kernel,11603721801292,11603723042391,952,204,1136.0,17818218.0,0.0,8388608.0,0.0,0.0,0.0,15891955448.0,15891955448.0,0.0,0.0,2097152.0,0.0,43309534514.0,33430165.0,50580400.0,0.0,0.0,71303168.0,150994944.0
952,0,1,698,698,4194304,256,0,0,12,4,32,64,"void at::native::vectorized_elementwise_kernel<4, at::native::FillFunctor<int>, std::array<char*, 1ul> >(int, at::native::FillFunctor<int>, std::array<char*, 1ul>)",11603723419247,11603723462986,953,101,1136.0,758292.0,65536.0,0.0,0.0,0.0,0.0,603464156.0,603464156.0,0.0,0.0,0.0,0.0,87170.0,1835120.0,4198304.0,0.0,0.0,4194304.0,0.0
953,0,1,698,698,16777216,512,0,0,56,0,32,64,bias_kernel,11603723865300,11603725087716,954,204,1136.0,16921927.0,0.0,8388608.0,0.0,0.0,0.0,15228241948.0,15228241948.0,0.0,0.0,2097152.0,0.0,42854682108.0,33430039.0,50580112.0,0.0,0.0,71303168.0,150994944.0
954,0,1,698,698,4194304,256,0,0,12,4,32,64,"void at::native::vectorized_elementwise_kernel<4, at::native::FillFunctor<int>, std::array<char*, 1ul> >(int, at::native::FillFunctor<int>, std::array<char*, 1ul>)",11603725460362,11603725503941,955,101,1136.0,749514.0,65536.0,0.0,0.0,0.0,0.0,600905040.0,600905040.0,0.0,0.0,0.0,0.0,84510.0,1835120.0,4198304.0,0.0,0.0,4194304.0,0.0
955,0,1,698,698,16777216,512,0,0,56,0,32,64,bias_kernel,11603725895350,11603727132560,956,204,1136.0,17694392.0,0.0,8388608.0,0.0,0.0,0.0,15587159468.0,15587159468.0,0.0,0.0,2097152.0,0.0,43939541325.0,33429672.0,50579720.0,0.0,0.0,71303168.0,150994944.0
956,0,1,698,698,4194304,256,0,0,12,4,32,64,"void at::native::vectorized_elementwise_kernel<4, at::native::FillFunctor<int>, std::array<char*, 1ul> >(int, at::native::FillFunctor<int>, std::array<char*, 1ul>)",11603727511901,11603727555039,957,101,1136.0,741195.0,65536.0,0.0,0.0,0.0,0.0,596934628.0,596934628.0,0.0,0.0,0.0,0.0,88715.0,1835120.0,4198304.0,0.0,0.0,4194304.0,0.0
957,0,1,698,698,16777216,512,0,0,56,0,32,64,bias_kernel,11603727948734,11603729167582,958,204,1136.0,17173635.0,0.0,8388608.0,0.0,0.0,0.0,15164305648.0,15164305648.0,0.0,0.0,2097152.0,0.0,43485117725.0,33429634.0,50579844.0,0.0,0.0,71303168.0,150994944.0
958,0,1,698,698,4194304,256,0,0,12,4,32,64,"void at::native::vectorized_elementwise_kernel<4, at::native::FillFunctor<int>, std::array<char*, 1ul> >(int, at::native::FillFunctor<int>, std::array<char*, 1ul>)",11603729548928,11603729592346,959,101,1136.0,744667.0,65536.0,0.0,0.0,0.0,0.0,599436004.0,599436004.0,0.0,0.0,0.0,0.0,84312.0,1835120.0,4198304.0,0.0,0.0,4194304.0,0.0
959,0,1,698,698,16777216,512,0,0,56,0,32,64,bias_kernel,11603729981149,11603731220885,960,204,1136.0,17554565.0,0.0,8388608.0,0.0,0.0,0.0,15668540564.0,15668540564.0,0.0,0.0,2097152.0,0.0,43049346262.0,33430029.0,50580132.0,0.0,0.0,71303168.0,150994944.0
960,0,1,698,698,4194304,256,0,0,12,4,32,64,"void at::native::vectorized_elementwise_kernel<4, at::native::FillFunctor<int>, std::array<char*, 1ul> >(int, at::native::FillFunctor<int>, std::array<char*, 1ul>)",11603731605839,11603731649178,961,101,1136.0,746295.0,65536.0,0.0,0.0,0.0,0.0,601805688.0,601805688.0,0.0,0.0,0.0,0.0,91713.0,1835120.0,4198320.0,0.0,0.0,4194304.0,0.0
961,0,1,698,698,16777216,512,0,0,56,0,32,64,bias_kernel,11603732045157,11603733271382,962,204,1136.0,17220845.0,0.0,8388608.0,0.0,0.0,0.0,14602419104.0,14602419104.0,0.0,0.0,2097152.0,0.0,43278744330.0,33429391.0,50579868.0,0.0,0.0,71303168.0,150994944.0
962,0,1,698,698,4194304,256,0,0,12,4,32,64,"void at::native::vectorized_elementwise_kernel<4, at::native::FillFunctor<int>, std::array<char*, 1ul> >(int, at::native::FillFunctor<int>, std::array<char*, 1ul>)",11603733659543,11603733702601,963,101,1136.0,745124.0,65536.0,0.0,0.0,0.0,0.0,597728364.0,597728364.0,0.0,0.0,0.0,0.0,94442.0,1835120.0,4198304.0,0.0,0.0,4194304.0,0.0
963,0,1,698,698,16777216,512,0,0,56,0,32,64,bias_kernel,11603734095493,11603735344290,964,204,1136.0,17618685.0,0.0,8388608.0,0.0,0.0,0.0,15243210692.0,15243210692.0,0.0,0.0,2097152.0,0.0,42667395287.0,33429243.0,50580168.0,0.0,0.0,71303168.0,150994944.0
964,0,1,698,698,4194304,256,0,0,12,4,32,64,"void at::native::vectorized_elementwise_kernel<4, at::native::FillFunctor<int>, std::array<char*, 1ul> >(int, at::native::FillFunctor<int>, std::array<char*, 1ul>)",11603735740109,11603735783246,965,101,1136.0,745768.0,65536.0,0.0,0.0,0.0,0.0,596660756.0,596660756.0,0.0,0.0,0.0,0.0,95039.0,1835120.0,4198304.0,0.0,0.0,4194304.0,0.0
965,0,1,698,698,16777216,512,0,0,56,0,32,64,bias_kernel,11603736167840,11603737389414,966,204,1136.0,16967906.0,0.0,8388608.0,0.0,0.0,0.0,14977721584.0,14977721584.0,0.0,0.0,2097152.0,0.0,42613480318.0,33429665.0,50579308.0,0.0,0.0,71303168.0,150994944.0
966,0,1,698,698,4194304,256,0,0,12,4,32,64,"void at::native::vectorized_elementwise_kernel<4, at::native::FillFunctor<int>, std::array<char*, 1ul> >(int, at::native::FillFunctor<int>, std::array<char*, 1ul>)",11603737772043,11603737815061,967,101,1136.0,768534.0,65536.0,0.0,0.0,0.0,0.0,614359484.0,614359484.0,0.0,0.0,0.0,0.0,89879.0,1835120.0,4198304.0,0.0,0.0,4194304.0,0.0
967,0,1,698,698,16777216,512,0,0,56,0,32,64,bias_kernel,11603738202300,11603739446045,968,204,1136.0,17551647.0,0.0,8388608.0,0.0,0.0,0.0,15869529892.0,15869529892.0,0.0,0.0,2097152.0,0.0,43014766603.0,33430077.0,50579344.0,0.0,0.0,71303168.0,150994944.0
968,0,1,698,698,4194304,256,0,0,12,4,32,64,"void at::native::vectorized_elementwise_kernel<4, at::native::FillFunctor<int>, std::array<char*, 1ul> >(int, at::native::FillFunctor<int>, std::array<char*, 1ul>)",11603739827832,11603739871211,969,101,1136.0,803880.0,65536.0,0.0,0.0,0.0,0.0,647614320.0,647614320.0,0.0,0.0,0.0,0.0,85229.0,1835120.0,4198304.0,0.0,0.0,4194304.0,0.0
969,0,1,698,698,16777216,512,0,0,56,0,32,64,bias_kernel,11603740257207,11603741482310,970,204,1136.0,17221169.0,0.0,8388608.0,0.0,0.0,0.0,15363953972.0,15363953972.0,0.0,0.0,2097152.0,0.0,42817268809.0,33429613.0,50579948.0,0.0,0.0,71303168.0,150994944.0
970,0,1,698,698,4194304,256,0,0,12,4,32,64,"void at::native::vectorized_elementwise_kernel<4, at::native::FillFunctor<int>, std::array<char*, 1ul> >(int, at::native::FillFunctor<int>, std::array<char*, 1ul>)",11603741861651,11603741904669,971,101,1136.0,815555.0,65536.0,0.0,0.0,0.0,0.0,647381652.0,647381652.0,0.0,0.0,0.0,0.0,99418.0,1835120.0,4198320.0,0.0,0.0,4194304.0,0.0
971,0,1,698,698,16777216,512,0,0,56,0,32,64,bias_kernel,11603742289383,11603743532686,972,204,1136.0,17932153.0,0.0,8388608.0,0.0,0.0,0.0,15710704096.0,15710704096.0,0.0,0.0,2097152.0,0.0,43860178266.0,33429426.0,50579788.0,0.0,0.0,71303168.0,150994944.0
972,0,1,698,698,4194304,256,0,0,12,4,32,64,"void at::native::vectorized_elementwise_kernel<4, at::native::FillFunctor<int>, std::array<char*, 1ul> >(int, at::native::FillFunctor<int>, std::array<char*, 1ul>)",11603743911507,11603743955045,973,101,1136.0,825500.0,65536.0,0.0,0.0,0.0,0.0,660099820.0,660099820.0,0.0,0.0,0.0,0.0,89502.0,1835120.0,4198304.0,0.0,0.0,4194304.0,0.0
973,0,1,698,698,16777216,512,0,0,56,0,32,64,bias_kernel,11603744330218,11603745561494,974,204,1136.0,17415943.0,0.0,8388608.0,0.0,0.0,0.0,15811534948.0,15811534948.0,0.0,0.0,2097152.0,0.0,42973295100.0,33430042.0,50580388.0,0.0,0.0,71303168.0,150994944.0
974,0,1,698,698,4194304,256,0,0,12,4,32,64,"void at::native::vectorized_elementwise_kernel<4, at::native::FillFunctor<int>, std::array<char*, 1ul> >(int, at::native::FillFunctor<int>, std::array<char*, 1ul>)",11603745934661,11603745977519,975,101,1136.0,816035.0,65536.0,0.0,0.0,0.0,0.0,659632380.0,659632380.0,0.0,0.0,0.0,0.0,88540.0,1835120.0,4198304.0,0.0,0.0,4194304.0,0.0
975,0,1,698,698,16777216,512,0,0,56,0,32,64,bias_kernel,11603746354334,11603747610868,976,204,1136.0,18314682.0,0.0,8388608.0,0.0,0.0,0.0,16325682932.0,16325682932.0,0.0,0.0,2097152.0,0.0,44540541893.0,33429904.0,50579504.0,0.0,0.0,71303168.0,150994944.0
976,0,1,698,698,4194304,256,0,0,12,4,32,64,"void at::native::vectorized_elementwise_kernel<4, at::native::FillFunctor<int>, std::array<char*, 1ul> >(int, at::native::FillFunctor<int>, std::array<char*, 1ul>)",11603747981470,11603748024488,977,101,1136.0,820101.0,65536.0,0.0,0.0,0.0,0.0,664095068.0,664095068.0,0.0,0.0,0.0,0.0,102486.0,1835120.0,4198320.0,0.0,0.0,4194304.0,0.0
977,0,1,698,698,16777216,512,0,0,56,0,32,64,bias_kernel,11603748401023,11603749611732,978,204,1136.0,16766189.0,0.0,8388608.0,0.0,0.0,0.0,14878109756.0,14878109756.0,0.0,0.0,2097152.0,0.0,42863851439.0,33429721.0,50579048.0,0.0,0.0,71303168.0,150994944.0
978,0,1,698,698,4194304,256,0,0,12,4,32,64,"void at::native::vectorized_elementwise_kernel<4, at::native::FillFunctor<int>, std::array<char*, 1ul> >(int, at::native::FillFunctor<int>, std::array<char*, 1ul>)",11603749983697,11603750026554,979,101,1136.0,819319.0,65536.0,0.0,0.0,0.0,0.0,679961172.0,679961172.0,0.0,0.0,0.0,0.0,114148.0,1835120.0,4198320.0,0.0,0.0,4194304.0,0.0
979,0,1,698,698,16777216,512,0,0,56,0,32,64,bias_kernel,11603750399562,11603751641743,980,204,1136.0,17791590.0,0.0,8388608.0,0.0,0.0,0.0,15772124468.0,15772124468.0,0.0,0.0,2097152.0,0.0,44051665882.0,33429755.0,50579708.0,0.0,0.0,71303168.0,150994944.0
980,0,1,698,698,4194304,256,0,0,12,4,32,64,"void at::native::vectorized_elementwise_kernel<4, at::native::FillFunctor<int>, std::array<char*, 1ul> >(int, at::native::FillFunctor<int>, std::array<char*, 1ul>)",11603752013868,11603752056805,981,101,1136.0,838377.0,65536.0,0.0,0.0,0.0,0.0,675323064.0,675323064.0,0.0,0.0,0.0,0.0,95010.0,1835120.0,4198304.0,0.0,0.0,4194304.0,0.0
981,0,1,698,698,16777216,512,0,0,56,0,32,64,bias_kernel,11603752428329,11603753645894,982,204,1136.0,17158638.0,0.0,8388608.0,0.0,0.0,0.0,15604497648.0,15604497648.0,0.0,0.0,2097152.0,0.0,43179744931.0,33430067.0,50580008.0,0.0,0.0,71303168.0,150994944.0
982,0,1,698,698,4194304,256,0,0,12,4,32,64,"void at::native::vectorized_elementwise_kernel<4, at::native::FillFunctor<int>, std::array<char*, 1ul> >(int, at::native::FillFunctor<int>, std::array<char*, 1ul>)",11603754010683,11603754053500,983,101,1136.0,838822.0,65536.0,0.0,0.0,0.0,0.0,673058020.0,673058020.0,0.0,0.0,0.0,0.0,110409.0,1835120.0,4198320.0,0.0,0.0,4194304.0,0.0
983,0,1,698,698,16777216,512,0,0,56,0,32,64,bias_kernel,11603754422699,11603755629319,984,204,1136.0,16751354.0,0.0,8388608.0,0.0,0.0,0.0,14505168716.0,14505168716.0,0.0,0.0,2097152.0,0.0,43200330568.0,33429510.0,50579792.0,0.0,0.0,71303168.0,150994944.0
984,0,1,698,698,4194304,256,0,0,12,4,32,64,"void at::native::vectorized_elementwise_kernel<4, at::native::FillFunctor<int>, std::array<char*, 1ul> >(int, at::native::FillFunctor<int>, std::array<char*, 1ul>)",11603756001244,11603756044061,985,101,1136.0,836427.0,65536.0,0.0,0.0,0.0,0.0,673583640.0,673583640.0,0.0,0.0,0.0,0.0,100072.0,1835120.0,4198320.0,0.0,0.0,4194304.0,0.0
985,0,1,698,698,16777216,512,0,0,56,0,32,64,bias_kernel,11603756415986,11603757668550,986,204,1136.0,18194057.0,0.0,8388608.0,0.0,0.0,0.0,16075695512.0,16075695512.0,0.0,0.0,2097152.0,0.0,44523409426.0,33429720.0,50580140.0,0.0,0.0,71303168.0,150994944.0
986,0,1,698,698,4194304,256,0,0,12,4,32,64,"void at::native::vectorized_elementwise_kernel<4, at::native::FillFunctor<int>, std::array<char*, 1ul> >(int, at::native::FillFunctor<int>, std::array<char*, 1ul>)",11603758041076,11603758084254,987,101,1136.0,821658.0,65536.0,0.0,0.0,0.0,0.0,668838016.0,668838016.0,0.0,0.0,0.0,0.0,100010.0,1835120.0,4198304.0,0.0,0.0,4194304.0,0.0
987,0,1,698,698,16777216,512,0,0,56,0,32,64,bias_kernel,11603758455898,11603759719047,988,204,1136.0,18355338.0,0.0,8388608.0,0.0,0.0,0.0,16565597588.0,16565597588.0,0.0,0.0,2097152.0,0.0,44113006568.0,33429839.0,50580312.0,0.0,0.0,71303168.0,150994944.0
988,0,1,698,698,4194304,256,0,0,12,4,32,64,"void at::native::vectorized_elementwise_kernel<4, at::native::FillFunctor<int>, std::array<char*, 1ul> >(int, at::native::FillFunctor<int>, std::array<char*, 1ul>)",11603760089128,11603760131945,989,101,1136.0,830643.0,65536.0,0.0,0.0,0.0,0.0,678250992.0,678250992.0,0.0,0.0,0.0,0.0,92241.0,1835120.0,4198304.0,0.0,0.0,4194304.0,0.0
989,0,1,698,698,16777216,512,0,0,56,0,32,64,bias_kernel,11603760501304,11603761741841,990,204,1136.0,17709482.0,0.0,8388608.0,0.0,0.0,0.0,16196641596.0,16196641596.0,0.0,0.0,2097152.0,0.0,43422580153.0,33430344.0,50579756.0,0.0,0.0,71303168.0,150994944.0
990,0,1,698,698,4194304,256,0,0,12,4,32,64,"void at::native::vectorized_elementwise_kernel<4, at::native::FillFunctor<int>, std::array<char*, 1ul> >(int, at::native::FillFunctor<int>, std::array<char*, 1ul>)",11603762112443,11603762155501,991,101,1136.0,827904.0,65536.0,0.0,0.0,0.0,0.0,681469528.0,681469528.0,0.0,0.0,0.0,0.0,101534.0,1835120.0,4198304.0,0.0,0.0,4194304.0,0.0
991,0,1,698,698,16777216,512,0,0,56,0,32,64,bias_kernel,11603762518415,11603763730648,992,204,1136.0,17105264.0,0.0,8388608.0,0.0,0.0,0.0,15412223776.0,15412223776.0,0.0,0.0,2097152.0,0.0,42872639830.0,33429998.0,50580668.0,0.0,0.0,71303168.0,150994944.0
992,0,1,698,698,4194304,256,0,0,12,4,32,64,"void at::native::vectorized_elementwise_kernel<4, at::native::FillFunctor<int>, std::array<char*, 1ul> >(int, at::native::FillFunctor<int>, std::array<char*, 1ul>)",11603764124421,11603764167038,993,101,1088.0,831765.0,65536.0,0.0,0.0,0.0,0.0,670467364.0,670467364.0,0.0,0.0,0.0,0.0,98020.0,1835120.0,4198320.0,0.0,0.0,4194304.0,0.0
993,0,1,698,698,16777216,512,0,0,56,0,32,64,bias_kernel,11603764532468,11603765781183,994,204,1136.0,17866779.0,0.0,8388608.0,0.0,0.0,0.0,16189490064.0,16189490064.0,0.0,0.0,2097152.0,0.0,43741599859.0,33430197.0,50579728.0,0.0,0.0,71303168.0,150994944.0
994,0,1,698,698,4194304,256,0,0,12,4,32,64,"void at::native::vectorized_elementwise_kernel<4, at::native::FillFunctor<int>, std::array<char*, 1ul> >(int, at::native::FillFunctor<int>, std::array<char*, 1ul>)",11603766148096,11603766190633,995,101,1136.0,828447.0,65536.0,0.0,0.0,0.0,0.0,671599864.0,671599864.0,0.0,0.0,0.0,0.0,95235.0,1835120.0,4198304.0,0.0,0.0,4194304.0,0.0
995,0,1,698,698,16777216,512,0,0,56,0,32,64,bias_kernel,11603766556063,11603767807865,996,204,1136.0,18384554.0,0.0,8388608.0,0.0,0.0,0.0,16565379552.0,16565379552.0,0.0,0.0,2097152.0,0.0,44107226307.0,33430243.0,50580952.0,0.0,0.0,71303168.0,150994944.0
996,0,1,698,698,4194304,256,0,0,12,4,32,64,"void at::native::vectorized_elementwise_kernel<4, at::native::FillFunctor<int>, std::array<char*, 1ul> >(int, at::native::FillFunctor<int>, std::array<char*, 1ul>)",11603768173094,11603768216072,997,101,1136.0,833331.0,65536.0,0.0,0.0,0.0,0.0,678294824.0,678294824.0,0.0,0.0,0.0,0.0,102474.0,1835120.0,4198320.0,0.0,0.0,4194304.0,0.0
997,0,1,698,698,16777216,512,0,0,56,0,32,64,bias_kernel,11603768581301,11603769830177,998,204,1136.0,18180782.0,0.0,8388608.0,0.0,0.0,0.0,16608975712.0,16608975712.0,0.0,0.0,2097152.0,0.0,44152640262.0,33430456.0,50580784.0,0.0,0.0,71303168.0,150994944.0
998,0,1,698,698,4194304,256,0,0,12,4,32,64,"void at::native::vectorized_elementwise_kernel<4, at::native::FillFunctor<int>, std::array<char*, 1ul> >(int, at::native::FillFunctor<int>, std::array<char*, 1ul>)",11603770196008,11603770238745,999,101,1136.0,834346.0,65536.0,0.0,0.0,0.0,0.0,673533800.0,673533800.0,0.0,0.0,0.0,0.0,99289.0,1835120.0,4198320.0,0.0,0.0,4194304.0,0.0
999,0,1,698,698,16777216,512,0,0,56,0,32,64,bias_kernel,11603770604856,11603771869127,1000,204,1136.0,18759364.0,0.0,8388608.0,0.0,0.0,0.0,16671763320.0,16671763320.0,0.0,0.0,2097152.0,0.0,45102493665.0,33430182.0,50579836.0,0.0,0.0,71303168.0,150994944.0
1000,0,1,698,698,4194304,256,0,0,12,4,32,64,"void at::native::vectorized_elementwise_kernel<4, at::native::FillFunctor<int>, std::array<char*, 1ul> >(int, at::native::FillFunctor<int>, std::array<char*, 1ul>)",11603772233875,11603772276973,1001,101,1136.0,834474.0,65536.0,0.0,0.0,0.0,0.0,678256088.0,678256088.0,0.0,0.0,0.0,0.0,92840.0,1835120.0,4198304.0,0.0,0.0,4194304.0,0.0
1001,0,1,698,698,16777216,512,0,0,56,0,32,64,bias_kernel,11603772644207,11603773884784,1002,204,1136.0,18228014.0,0.0,8388608.0,0.0,0.0,0.0,16420659052.0,16420659052.0,0.0,0.0,2097152.0,0.0,44763452750.0,33430209.0,50580468.0,0.0,0.0,71303168.0,150994944.0
1002,0,1,698,698,4194304,256,0,0,12,4,32,64,"void at::native::vectorized_elementwise_kernel<4, at::native::FillFunctor<int>, std::array<char*, 1ul> >(int, at::native::FillFunctor<int>, std::array<char*, 1ul>)",11603774256308,11603774298924,1003,101,1136.0,828190.0,65536.0,0.0,0.0,0.0,0.0,675402088.0,675402088.0,0.0,0.0,0.0,0.0,115070.0,1835120.0,4198304.0,0.0,0.0,4194304.0,0.0
1003,0,1,698,698,16777216,512,0,0,56,0,32,64,bias_kernel,11603774665797,11603775866724,1004,204,1136.0,16980307.0,0.0,8388608.0,0.0,0.0,0.0,15296605924.0,15296605924.0,0.0,0.0,2097152.0,0.0,44017201887.0,33429877.0,50579456.0,0.0,0.0,71303168.0,150994944.0
1004,0,1,698,698,4194304,256,0,0,12,4,32,64,"void at::native::vectorized_elementwise_kernel<4, at::native::FillFunctor<int>, std::array<char*, 1ul> >(int, at::native::FillFunctor<int>, std::array<char*, 1ul>)",11603776230951,11603776274049,1005,101,1136.0,840558.0,65536.0,0.0,0.0,0.0,0.0,677073440.0,677073440.0,0.0,0.0,0.0,0.0,105332.0,1835120.0,4198320.0,0.0,0.0,4194304.0,0.0
1005,0,1,698,698,16777216,512,0,0,56,0,32,64,bias_kernel,11603776641363,11603777853796,1006,204,1136.0,17304950.0,0.0,8388608.0,0.0,0.0,0.0,15325834684.0,15325834684.0,0.0,0.0,2097152.0,0.0,44267744735.0,33429819.0,50579092.0,0.0,0.0,71303168.0,150994944.0
1006,0,1,698,698,4194304,256,0,0,12,4,32,64,"void at::native::vectorized_elementwise_kernel<4, at::native::FillFunctor<int>, std::array<char*, 1ul> >(int, at::native::FillFunctor<int>, std::array<char*, 1ul>)",11603778218945,11603778261362,1007,101,1136.0,830411.0,65536.0,0.0,0.0,0.0,0.0,669813584.0,669813584.0,0.0,0.0,0.0,0.0,97742.0,1835120.0,4198320.0,0.0,0.0,4194304.0,0.0
1007,0,1,698,698,16777216,512,0,0,56,0,32,64,bias_kernel,11603778623464,11603779875828,1008,204,1136.0,18425112.0,0.0,8388608.0,0.0,0.0,0.0,16554740404.0,16554740404.0,0.0,0.0,2097152.0,0.0,45072808954.0,33430018.0,50580144.0,0.0,0.0,71303168.0,150994944.0
1008,0,1,698,698,4194304,256,0,0,12,4,32,64,"void at::native::vectorized_elementwise_kernel<4, at::native::FillFunctor<int>, std::array<char*, 1ul> >(int, at::native::FillFunctor<int>, std::array<char*, 1ul>)",11603780243503,11603780286520,1009,101,1136.0,843931.0,65536.0,0.0,0.0,0.0,0.0,676388980.0,676388980.0,0.0,0.0,0.0,0.0,99936.0,1835120.0,4198320.0,0.0,0.0,4194304.0,0.0
1009,0,1,698,698,16777216,512,0,0,56,0,32,64,bias_kernel,11603780650186,11603781882584,1010,204,1136.0,18078336.0,0.0,8388608.0,0.0,0.0,0.0,16384401860.0,16384401860.0,0.0,0.0,2097152.0,0.0,45071975967.0,33430467.0,50580816.0,0.0,0.0,71303168.0,150994944.0
1010,0,1,698,698,4194304,256,0,0,12,4,32,64,"void at::native::vectorized_elementwise_kernel<4, at::native::FillFunctor<int>, std::array<char*, 1ul> >(int, at::native::FillFunctor<int>, std::array<char*, 1ul>)",11603782248295,11603782290912,1011,101,1136.0,833585.0,65536.0,0.0,0.0,0.0,0.0,671268588.0,671268588.0,0.0,0.0,0.0,0.0,101743.0,1835120.0,4198320.0,0.0,0.0,4194304.0,0.0
1011,0,1,698,698,16777216,512,0,0,56,0,32,64,bias_kernel,11603782656662,11603783868574,1012,204,1136.0,17626406.0,0.0,8388608.0,0.0,0.0,0.0,15646547924.0,15646547924.0,0.0,0.0,2097152.0,0.0,44960833481.0,33429917.0,50580368.0,0.0,0.0,71303168.0,150994944.0
1012,0,1,698,698,4194304,256,0,0,12,4,32,64,"void at::native::vectorized_elementwise_kernel<4, at::native::FillFunctor<int>, std::array<char*, 1ul> >(int, at::native::FillFunctor<int>, std::array<char*, 1ul>)",11603784228832,11603784271569,1013,101,1136.0,824725.0,65536.0,0.0,0.0,0.0,0.0,675184648.0,675184648.0,0.0,0.0,0.0,0.0,95102.0,1835120.0,4198304.0,0.0,0.0,4194304.0,0.0
1013,0,1,698,698,16777216,512,0,0,56,0,32,64,bias_kernel,11603784634633,11603785879580,1014,204,1136.0,18556599.0,0.0,8388608.0,0.0,0.0,0.0,16569471040.0,16569471040.0,0.0,0.0,2097152.0,0.0,45190313194.0,33429993.0,50581060.0,0.0,0.0,71303168.0,150994944.0
1014,0,1,698,698,4194304,256,0,0,12,4,32,64,"void at::native::vectorized_elementwise_kernel<4, at::native::FillFunctor<int>, std::array<char*, 1ul> >(int, at::native::FillFunctor<int>, std::array<char*, 1ul>)",11603786240680,11603786283377,1015,101,1136.0,826010.0,65536.0,0.0,0.0,0.0,0.0,671639280.0,671639280.0,0.0,0.0,0.0,0.0,101982.0,1835120.0,4198320.0,0.0,0.0,4194304.0,0.0
1015,0,1,698,698,16777216,512,0,0,56,0,32,64,bias_kernel,11603786647965,11603787882128,1016,204,1136.0,17921983.0,0.0,8388608.0,0.0,0.0,0.0,15833318600.0,15833318600.0,0.0,0.0,2097152.0,0.0,44167649609.0,33429538.0,50580612.0,0.0,0.0,71303168.0,150994944.0
1016,0,1,698,698,4194304,256,0,0,12,4,32,64,"void at::native::vectorized_elementwise_kernel<4, at::native::FillFunctor<int>, std::array<char*, 1ul> >(int, at::native::FillFunctor<int>, std::array<char*, 1ul>)",11603788247758,11603788290375,1017,101,1136.0,837348.0,65536.0,0.0,0.0,0.0,0.0,673612624.0,673612624.0,0.0,0.0,0.0,0.0,101422.0,1835120.0,4198320.0,0.0,0.0,4194304.0,0.0
1017,0,1,698,698,16777216,512,0,0,56,0,32,64,bias_kernel,11603788653760,11603789882831,1018,204,1136.0,17935002.0,0.0,8388608.0,0.0,0.0,0.0,15869311528.0,15869311528.0,0.0,0.0,2097152.0,0.0,45122713619.0,33429850.0,50579828.0,0.0,0.0,71303168.0,150994944.0
1018,0,1,698,698,4194304,256,0,0,12,4,32,64,"void at::native::vectorized_elementwise_kernel<4, at::native::FillFunctor<int>, std::array<char*, 1ul> >(int, at::native::FillFunctor<int>, std::array<char*, 1ul>)",11603790246576,11603790289554,1019,101,1136.0,849981.0,65536.0,0.0,0.0,0.0,0.0,676529380.0,676529380.0,0.0,0.0,0.0,0.0,109093.0,1835120.0,4198320.0,0.0,0.0,4194304.0,0.0
1019,0,1,698,698,16777216,512,0,0,56,0,32,64,bias_kernel,11603790654382,11603791889026,1020,204,1136.0,18006392.0,0.0,8388608.0,0.0,0.0,0.0,16223394612.0,16223394612.0,0.0,0.0,2097152.0,0.0,45253028853.0,33430474.0,50579788.0,0.0,0.0,71303168.0,150994944.0
1020,0,1,698,698,4194304,256,0,0,12,4,32,64,"void at::native::vectorized_elementwise_kernel<4, at::native::FillFunctor<int>, std::array<char*, 1ul> >(int, at::native::FillFunctor<int>, std::array<char*, 1ul>)",11603792250567,11603792293384,1021,101,1136.0,838592.0,65536.0,0.0,0.0,0.0,0.0,675071764.0,675071764.0,0.0,0.0,0.0,0.0,103719.0,1835120.0,4198320.0,0.0,0.0,4194304.0,0.0
1021,0,1,698,698,16777216,512,0,0,56,0,32,64,bias_kernel,11603792656449,11603793932907,1022,204,1136.0,19251019.0,0.0,8388608.0,0.0,0.0,0.0,17048541280.0,17048541280.0,0.0,0.0,2097152.0,0.0,45868906755.0,33429877.0,50580436.0,0.0,0.0,71303168.0,150994944.0
1022,0,1,698,698,4194304,256,0,0,12,4,32,64,"void at::native::vectorized_elementwise_kernel<4, at::native::FillFunctor<int>, std::array<char*, 1ul> >(int, at::native::FillFunctor<int>, std::array<char*, 1ul>)",11603794286510,11603794329447,1023,101,1136.0,834818.0,65536.0,0.0,0.0,0.0,0.0,671203400.0,671203400.0,0.0,0.0,0.0,0.0,100672.0,1835120.0,4198304.0,0.0,0.0,4194304.0,0.0
1023,0,1,698,698,16777216,512,0,0,56,0,32,64,bias_kernel,11603794693755,11603795914046,1024,204,1136.0,17637338.0,0.0,8388608.0,0.0,0.0,0.0,15853601028.0,15853601028.0,0.0,0.0,2097152.0,0.0,44482362512.0,33429911.0,50580048.0,0.0,0.0,71303168.0,150994944.0
1024,0,1,698,698,4194304,256,0,0,12,4,32,64,"void at::native::vectorized_elementwise_kernel<4, at::native::FillFunctor<int>, std::array<char*, 1ul> >(int, at::native::FillFunctor<int>, std::array<char*, 1ul>)",11603796274223,11603796317001,1025,101,1136.0,821859.0,65536.0,0.0,0.0,0.0,0.0,670432360.0,670432360.0,0.0,0.0,0.0,0.0,98307.0,1835120.0,4198304.0,0.0,0.0,4194304.0,0.0
1025,0,1,698,698,16777216,512,0,0,56,0,32,64,bias_kernel,11603796677299,11603797910659,1026,204,1136.0,17870185.0,0.0,8388608.0,0.0,0.0,0.0,15969411704.0,15969411704.0,0.0,0.0,2097152.0,0.0,44490618057.0,33429725.0,50579476.0,0.0,0.0,71303168.0,150994944.0
1026,0,1,698,698,8388608,256,0,0,96,0,32,64,bias_kernel,11603800080737,11603801191619,1027,205,8550.0,14321908.0,0.0,8388608.0,0.0,0.0,0.0,8887193408.0,8887193408.0,0.0,0.0,2097152.0,0.0,42651851363.0,33420178.0,50474896.0,0.0,0.0,67633152.0,136314880.0
1027,0,1,698,698,4194304,256,0,0,12,4,32,64,"void at::native::vectorized_elementwise_kernel<4, at::native::FillFunctor<int>, std::array<char*, 1ul> >(int, at::native::FillFunctor<int>, std::array<char*, 1ul>)",11603801634906,11603801678445,1028,101,1136.0,740275.0,65536.0,0.0,0.0,0.0,0.0,586980008.0,586980008.0,0.0,0.0,0.0,0.0,84958.0,1835120.0,4198304.0,0.0,0.0,4194304.0,0.0
1028,0,1,698,698,8388608,256,0,0,96,0,32,64,bias_kernel,11603802062918,11603803196772,1029,205,1221.0,15084407.0,0.0,8388608.0,0.0,0.0,0.0,9666580380.0,9666580380.0,0.0,0.0,2097152.0,0.0,44618618546.0,33420995.0,50474880.0,0.0,0.0,67633152.0,136314880.0
1029,0,1,698,698,4194304,256,0,0,12,4,32,64,"void at::native::vectorized_elementwise_kernel<4, at::native::FillFunctor<int>, std::array<char*, 1ul> >(int, at::native::FillFunctor<int>, std::array<char*, 1ul>)",11603803559476,11603803602935,1030,101,1136.0,769816.0,65536.0,0.0,0.0,0.0,0.0,614567576.0,614567576.0,0.0,0.0,0.0,0.0,111931.0,1835120.0,4198304.0,0.0,0.0,4194304.0,0.0
1030,0,1,698,698,8388608,256,0,0,96,0,32,64,bias_kernel,11603803987327,11603805125953,1031,205,1136.0,15503072.0,0.0,8388608.0,0.0,0.0,0.0,9874782616.0,9874782616.0,0.0,0.0,2097152.0,0.0,46033883732.0,33420739.0,50474880.0,0.0,0.0,67633152.0,136314880.0
1031,0,1,698,698,4194304,256,0,0,12,4,32,64,"void at::native::vectorized_elementwise_kernel<4, at::native::FillFunctor<int>, std::array<char*, 1ul> >(int, at::native::FillFunctor<int>, std::array<char*, 1ul>)",11603805481641,11603805524738,1032,101,1136.0,831160.0,65536.0,0.0,0.0,0.0,0.0,676037136.0,676037136.0,0.0,0.0,0.0,0.0,100784.0,1835120.0,4198304.0,0.0,0.0,4194304.0,0.0
1032,0,1,698,698,8388608,256,0,0,96,0,32,64,bias_kernel,11603805903037,11603807041583,1033,205,1136.0,15949443.0,0.0,8388608.0,0.0,0.0,0.0,9965459864.0,9965459864.0,0.0,0.0,2097152.0,0.0,46653386957.0,33420541.0,50474880.0,0.0,0.0,67633152.0,136314880.0
1033,0,1,698,698,4194304,256,0,0,12,4,32,64,"void at::native::vectorized_elementwise_kernel<4, at::native::FillFunctor<int>, std::array<char*, 1ul> >(int, at::native::FillFunctor<int>, std::array<char*, 1ul>)",11603807409338,11603807452275,1034,101,1136.0,829727.0,65536.0,0.0,0.0,0.0,0.0,675918988.0,675918988.0,0.0,0.0,0.0,0.0,100056.0,1835120.0,4198304.0,0.0,0.0,4194304.0,0.0
1034,0,1,698,698,8388608,256,0,0,96,0,32,64,bias_kernel,11603807824160,11603808962304,1035,205,1136.0,16389728.0,0.0,8388608.0,0.0,0.0,0.0,10128635912.0,10128635912.0,0.0,0.0,2097152.0,0.0,48248982847.0,33420343.0,50474880.0,0.0,0.0,67633152.0,136314880.0
1035,0,1,698,698,4194304,256,0,0,12,4,32,64,"void at::native::vectorized_elementwise_kernel<4, at::native::FillFunctor<int>, std::array<char*, 1ul> >(int, at::native::FillFunctor<int>, std::array<char*, 1ul>)",11603809327413,11603809370431,1036,101,1136.0,833086.0,65536.0,0.0,0.0,0.0,0.0,668249996.0,668249996.0,0.0,0.0,0.0,0.0,98059.0,1835120.0,4198304.0,0.0,0.0,4194304.0,0.0
1036,0,1,698,698,8388608,256,0,0,96,0,32,64,bias_kernel,11603809737224,11603810872000,1037,205,1136.0,16408883.0,0.0,8388608.0,0.0,0.0,0.0,10257192136.0,10257192136.0,0.0,0.0,2097152.0,0.0,48425822539.0,33420605.0,50474880.0,0.0,0.0,67633152.0,136314880.0
1037,0,1,698,698,8388608,256,0,0,96,0,32,64,bias_kernel,11603811382439,11603812496569,1038,205,1221.0,15311144.0,0.0,8388608.0,0.0,0.0,0.0,9354012200.0,9354012200.0,0.0,0.0,2097152.0,0.0,45186970529.0,33420484.0,50474880.0,0.0,0.0,67633152.0,136314880.0
1038,0,1,698,698,8388608,256,0,0,96,0,32,64,bias_kernel,11603812879759,11603813996896,1039,205,1136.0,16906603.0,0.0,8388608.0,0.0,0.0,0.0,10470519844.0,10470519844.0,0.0,0.0,2097152.0,0.0,49947134544.0,33419925.0,50474879.0,0.0,0.0,67633152.0,136314880.0
1039,0,1,698,698,8388608,256,0,0,96,0,32,64,bias_kernel,11603814384977,11603815500390,1040,205,1136.0,16260673.0,0.0,8388608.0,0.0,0.0,0.0,10146178228.0,10146178228.0,0.0,0.0,2097152.0,0.0,48236996043.0,33420402.0,50474880.0,0.0,0.0,67633152.0,136314880.0
1040,0,1,698,698,8388608,256,0,0,96,0,32,64,bias_kernel,11603815913929,11603817026816,1041,205,1136.0,15876209.0,0.0,8388608.0,0.0,0.0,0.0,9466572944.0,9466572944.0,0.0,0.0,2097152.0,0.0,47224217333.0,33420216.0,50474880.0,0.0,0.0,67633152.0,136314880.0
1041,0,1,698,698,8388608,256,0,0,96,0,32,64,bias_kernel,11603817426002,11603818544021,1042,205,1136.0,16439955.0,0.0,8388608.0,0.0,0.0,0.0,10164663884.0,10164663884.0,0.0,0.0,2097152.0,0.0,48752693205.0,33420146.0,50474880.0,0.0,0.0,67633152.0,136314880.0
1042,0,1,698,698,8388608,256,0,0,96,0,32,64,bias_kernel,11603818954714,11603820066157,1043,205,1136.0,15896366.0,0.0,8388608.0,0.0,0.0,0.0,10013410588.0,10013410588.0,0.0,0.0,2097152.0,0.0,46979406705.0,33420416.0,50474880.0,0.0,0.0,67633152.0,136314880.0
1043,0,1,698,698,8388608,256,0,0,96,0,32,64,bias_kernel,11603820480458,11603821592704,1044,205,1136.0,15761745.0,0.0,8388608.0,0.0,0.0,0.0,9977632168.0,9977632168.0,0.0,0.0,2097152.0,0.0,46562457112.0,33420385.0,50474880.0,0.0,0.0,67633152.0,136314880.0
1044,0,1,698,698,8388608,256,0,0,96,0,32,64,bias_kernel,11603822004799,11603823110189,1045,205,1124.0,15551935.0,0.0,8388608.0,0.0,0.0,0.0,9617840396.0,9617840396.0,0.0,0.0,2097152.0,0.0,47003770120.0,33420195.0,50474896.0,0.0,0.0,67633152.0,136314880.0
1045,0,1,698,698,8388608,256,0,0,96,0,32,64,bias_kernel,11603823518156,11603824627034,1046,205,1136.0,15371314.0,0.0,8388608.0,0.0,0.0,0.0,9568234684.0,9568234684.0,0.0,0.0,2097152.0,0.0,46242822638.0,33420330.0,50474880.0,0.0,0.0,67633152.0,136314880.0
1046,0,1,698,698,8388608,256,0,0,96,0,32,64,bias_kernel,11603825036002,11603826153019,1047,205,1221.0,16268412.0,0.0,8388608.0,0.0,0.0,0.0,9813931592.0,9813931592.0,0.0,0.0,2097152.0,0.0,48080830266.0,33420342.0,50474879.0,0.0,0.0,67633152.0,136314880.0
1047,0,1,698,698,8388608,256,0,0,96,0,32,64,bias_kernel,11603826552275,11603827668491,1048,205,1136.0,15660134.0,0.0,8388608.0,0.0,0.0,0.0,9661380144.0,9661380144.0,0.0,0.0,2097152.0,0.0,46376767311.0,33420869.0,50474880.0,0.0,0.0,67633152.0,136314880.0
1048,0,1,698,698,8388608,256,0,0,96,0,32,64,bias_kernel,11603828112218,11603829221778,1049,205,1088.0,16218324.0,0.0,8388608.0,0.0,0.0,0.0,10106251612.0,10106251612.0,0.0,0.0,2097152.0,0.0,48038395483.0,33420220.0,50474880.0,0.0,0.0,67633152.0,136314880.0
1049,0,1,698,698,4194304,256,0,0,12,4,32,64,"void at::native::vectorized_elementwise_kernel<4, at::native::FillFunctor<int>, std::array<char*, 1ul> >(int, at::native::FillFunctor<int>, std::array<char*, 1ul>)",11603829617998,11603829661858,1050,101,1816.0,732466.0,65536.0,0.0,0.0,0.0,0.0,574555772.0,574555772.0,0.0,0.0,0.0,0.0,93848.0,1835120.0,4198304.0,0.0,0.0,4194304.0,0.0
1050,0,1,698,698,8388608,256,0,0,96,0,32,64,bias_kernel,11603830071227,11603831203760,1051,205,1136.0,14786735.0,0.0,8388608.0,0.0,0.0,0.0,9321491688.0,9321491688.0,0.0,0.0,2097152.0,0.0,44161225678.0,33420870.0,50474880.0,0.0,0.0,67633152.0,136314880.0
1051,0,1,698,698,4194304,256,0,0,12,4,32,64,"void at::native::vectorized_elementwise_kernel<4, at::native::FillFunctor<int>, std::array<char*, 1ul> >(int, at::native::FillFunctor<int>, std::array<char*, 1ul>)",11603831593525,11603831636423,1052,101,1136.0,842100.0,65536.0,0.0,0.0,0.0,0.0,666591784.0,666591784.0,0.0,0.0,0.0,0.0,99925.0,1835120.0,4198304.0,0.0,0.0,4194304.0,0.0
1052,0,1,698,698,8388608,256,0,0,96,0,32,64,bias_kernel,11603832044389,11603833178285,1053,205,1136.0,15733969.0,0.0,8388608.0,0.0,0.0,0.0,9848928564.0,9848928564.0,0.0,0.0,2097152.0,0.0,46625299653.0,33420195.0,50474880.0,0.0,0.0,67633152.0,136314880.0
1053,0,1,698,698,4194304,256,0,0,12,4,32,64,"void at::native::vectorized_elementwise_kernel<4, at::native::FillFunctor<int>, std::array<char*, 1ul> >(int, at::native::FillFunctor<int>, std::array<char*, 1ul>)",11603833565003,11603833608101,1054,101,1136.0,831802.0,65536.0,0.0,0.0,0.0,0.0,669113828.0,669113828.0,0.0,0.0,0.0,0.0,96697.0,1835120.0,4198304.0,0.0,0.0,4194304.0,0.0
1054,0,1,698,698,8388608,256,0,0,96,0,32,64,bias_kernel,11603834000232,11603835140381,1055,205,1136.0,15969939.0,0.0,8388608.0,0.0,0.0,0.0,9765600156.0,9765600156.0,0.0,0.0,2097152.0,0.0,46742055801.0,33420373.0,50474880.0,0.0,0.0,67633152.0,136314880.0
1055,0,1,698,698,4194304,256,0,0,12,4,32,64,"void at::native::vectorized_elementwise_kernel<4, at::native::FillFunctor<int>, std::array<char*, 1ul> >(int, at::native::FillFunctor<int>, std::array<char*, 1ul>)",11603835534958,11603835577655,1056,101,1136.0,820965.0,65536.0,0.0,0.0,0.0,0.0,671121360.0,671121360.0,0.0,0.0,0.0,0.0,105491.0,1835120.0,4198304.0,0.0,0.0,4194304.0,0.0
1056,0,1,698,698,8388608,256,0,0,96,0,32,64,bias_kernel,11603835981813,11603837113744,1057,205,1136.0,16063390.0,0.0,8388608.0,0.0,0.0,0.0,9902117116.0,9902117116.0,0.0,0.0,2097152.0,0.0,48114571441.0,33420515.0,50474880.0,0.0,0.0,67633152.0,136314880.0
1057,0,1,698,698,4194304,256,0,0,12,4,32,64,"void at::native::vectorized_elementwise_kernel<4, at::native::FillFunctor<int>, std::array<char*, 1ul> >(int, at::native::FillFunctor<int>, std::array<char*, 1ul>)",11603837501504,11603837544282,1058,101,1136.0,834793.0,65536.0,0.0,0.0,0.0,0.0,670372112.0,670372112.0,0.0,0.0,0.0,0.0,98974.0,1835120.0,4198304.0,0.0,0.0,4194304.0,0.0
1058,0,1,698,698,8388608,256,0,0,96,0,32,64,bias_kernel,11603837939259,11603839073716,1059,205,1136.0,16247330.0,0.0,8388608.0,0.0,0.0,0.0,10069102908.0,10069102908.0,0.0,0.0,2097152.0,0.0,48751990778.0,33420250.0,50474880.0,0.0,0.0,67633152.0,136314880.0
1059,0,1,698,698,4194304,256,0,0,12,4,32,64,"void at::native::vectorized_elementwise_kernel<4, at::native::FillFunctor<int>, std::array<char*, 1ul> >(int, at::native::FillFunctor<int>, std::array<char*, 1ul>)",11603839462679,11603839505697,1060,101,1136.0,843852.0,65536.0,0.0,0.0,0.0,0.0,672509840.0,672509840.0,0.0,0.0,0.0,0.0,104695.0,1835120.0,4198304.0,0.0,0.0,4194304.0,0.0
1060,0,1,698,698,8388608,256,0,0,96,0,32,64,bias_kernel,11603839886482,11603841022783,1061,205,1136.0,15914943.0,0.0,8388608.0,0.0,0.0,0.0,9961473228.0,9961473228.0,0.0,0.0,2097152.0,0.0,47580862466.0,33420533.0,50474880.0,0.0,0.0,67633152.0,136314880.0
1061,0,1,698,698,4194304,256,0,0,12,4,32,64,"void at::native::vectorized_elementwise_kernel<4, at::native::FillFunctor<int>, std::array<char*, 1ul> >(int, at::native::FillFunctor<int>, std::array<char*, 1ul>)",11603841416156,11603841459013,1062,101,1136.0,832284.0,65536.0,0.0,0.0,0.0,0.0,673415608.0,673415608.0,0.0,0.0,0.0,0.0,106362.0,1835120.0,4198304.0,0.0,0.0,4194304.0,0.0
1062,0,1,698,698,8388608,256,0,0,96,0,32,64,bias_kernel,11603841850022,11603842988888,1063,205,1136.0,15843439.0,0.0,8388608.0,0.0,0.0,0.0,9864801224.0,9864801224.0,0.0,0.0,2097152.0,0.0,46681121014.0,33420990.0,50474880.0,0.0,0.0,67633152.0,136314880.0
1063,0,1,698,698,4194304,256,0,0,12,4,32,64,"void at::native::vectorized_elementwise_kernel<4, at::native::FillFunctor<int>, std::array<char*, 1ul> >(int, at::native::FillFunctor<int>, std::array<char*, 1ul>)",11603843374845,11603843417983,1064,101,1136.0,844582.0,65536.0,0.0,0.0,0.0,0.0,672773836.0,672773836.0,0.0,0.0,0.0,0.0,122919.0,1835120.0,4198320.0,0.0,0.0,4194304.0,0.0
1064,0,1,698,698,8388608,256,0,0,96,0,32,64,bias_kernel,11603843799530,11603844936111,1065,205,1136.0,15699655.0,0.0,8388608.0,0.0,0.0,0.0,9640614544.0,9640614544.0,0.0,0.0,2097152.0,0.0,46317392850.0,33420055.0,50474879.0,0.0,0.0,67633152.0,136314880.0
1065,0,1,698,698,4194304,256,0,0,12,4,32,64,"void at::native::vectorized_elementwise_kernel<4, at::native::FillFunctor<int>, std::array<char*, 1ul> >(int, at::native::FillFunctor<int>, std::array<char*, 1ul>)",11603845322790,11603845366128,1066,101,1136.0,840575.0,65536.0,0.0,0.0,0.0,0.0,679441132.0,679441132.0,0.0,0.0,0.0,0.0,95282.0,1835120.0,4198304.0,0.0,0.0,4194304.0,0.0
1066,0,1,698,698,8388608,256,0,0,96,0,32,64,bias_kernel,11603845756294,11603846893517,1067,205,1136.0,15042404.0,0.0,8388608.0,0.0,0.0,0.0,9435542368.0,9435542368.0,0.0,0.0,2097152.0,0.0,44273527153.0,33420593.0,50474880.0,0.0,0.0,67633152.0,136314880.0
1067,0,1,698,698,4194304,256,0,0,12,4,32,64,"void at::native::vectorized_elementwise_kernel<4, at::native::FillFunctor<int>, std::array<char*, 1ul> >(int, at::native::FillFunctor<int>, std::array<char*, 1ul>)",11603847278632,11603847321449,1068,101,1136.0,832689.0,65536.0,0.0,0.0,0.0,0.0,667723444.0,667723444.0,0.0,0.0,0.0,0.0,99291.0,1835120.0,4198320.0,0.0,0.0,4194304.0,0.0
1068,0,1,698,698,8388608,256,0,0,96,0,32,64,bias_kernel,11603847702595,11603848839658,1069,205,1136.0,14834823.0,0.0,8388608.0,0.0,0.0,0.0,9262463708.0,9262463708.0,0.0,0.0,2097152.0,0.0,43512172163.0,33420242.0,50474896.0,0.0,0.0,67633152.0,136314880.0
1069,0,1,698,698,4194304,256,0,0,12,4,32,64,"void at::native::vectorized_elementwise_kernel<4, at::native::FillFunctor<int>, std::array<char*, 1ul> >(int, at::native::FillFunctor<int>, std::array<char*, 1ul>)",11603849221445,11603849264222,1070,101,1136.0,829276.0,65536.0,0.0,0.0,0.0,0.0,678268788.0,678268788.0,0.0,0.0,0.0,0.0,94506.0,1835120.0,4198304.0,0.0,0.0,4194304.0,0.0
1070,0,1,698,698,8388608,256,0,0,96,0,32,64,bias_kernel,11603849652103,11603850789246,1071,205,1136.0,14743536.0,0.0,8388608.0,0.0,0.0,0.0,9061670704.0,9061670704.0,0.0,0.0,2097152.0,0.0,43323645268.0,33420601.0,50474880.0,0.0,0.0,67633152.0,136314880.0
1071,0,1,698,698,4194304,256,0,0,12,4,32,64,"void at::native::vectorized_elementwise_kernel<4, at::native::FillFunctor<int>, std::array<char*, 1ul> >(int, at::native::FillFunctor<int>, std::array<char*, 1ul>)",11603851166703,11603851209481,1072,101,1136.0,829683.0,65536.0,0.0,0.0,0.0,0.0,672187380.0,672187380.0,0.0,0.0,0.0,0.0,123815.0,1835120.0,4198304.0,0.0,0.0,4194304.0,0.0
1072,0,1,698,698,8388608,256,0,0,96,0,32,64,bias_kernel,11603851587219,11603852724562,1073,205,1136.0,14778017.0,0.0,8388608.0,0.0,0.0,0.0,8929580176.0,8929580176.0,0.0,0.0,2097152.0,0.0,43595816021.0,33419999.0,50474896.0,0.0,0.0,67633152.0,136314880.0
1073,0,1,698,698,4194304,256,0,0,12,4,32,64,"void at::native::vectorized_elementwise_kernel<4, at::native::FillFunctor<int>, std::array<char*, 1ul> >(int, at::native::FillFunctor<int>, std::array<char*, 1ul>)",11603853108113,11603853150850,1074,101,1136.0,802791.0,65536.0,0.0,0.0,0.0,0.0,653390080.0,653390080.0,0.0,0.0,0.0,0.0,93404.0,1835120.0,4198304.0,0.0,0.0,4194304.0,0.0
1074,0,1,698,698,8388608,256,0,0,96,0,32,64,bias_kernel,11603853534802,11603854674110,1075,205,1136.0,14799659.0,0.0,8388608.0,0.0,0.0,0.0,9412129080.0,9412129080.0,0.0,0.0,2097152.0,0.0,43887155664.0,33421240.0,50474896.0,0.0,0.0,67633152.0,136314880.0
1075,0,1,698,698,4194304,256,0,0,12,4,32,64,"void at::native::vectorized_elementwise_kernel<4, at::native::FillFunctor<int>, std::array<char*, 1ul> >(int, at::native::FillFunctor<int>, std::array<char*, 1ul>)",11603855060187,11603855103044,1076,101,1136.0,799579.0,65536.0,0.0,0.0,0.0,0.0,650081296.0,650081296.0,0.0,0.0,0.0,0.0,101742.0,1835120.0,4198304.0,0.0,0.0,4194304.0,0.0
1076,0,1,698,698,8388608,256,0,0,96,0,32,64,bias_kernel,11603855479820,11603856610468,1077,205,1136.0,14547613.0,0.0,8388608.0,0.0,0.0,0.0,9109102888.0,9109102888.0,0.0,0.0,2097152.0,0.0,43946681972.0,33420443.0,50474880.0,0.0,0.0,67633152.0,136314880.0
1077,0,1,698,698,4194304,256,0,0,12,4,32,64,"void at::native::vectorized_elementwise_kernel<4, at::native::FillFunctor<int>, std::array<char*, 1ul> >(int, at::native::FillFunctor<int>, std::array<char*, 1ul>)",11603856994020,11603857037238,1078,101,1136.0,780847.0,65536.0,0.0,0.0,0.0,0.0,623799000.0,623799000.0,0.0,0.0,0.0,0.0,90349.0,1835120.0,4198304.0,0.0,0.0,4194304.0,0.0
1078,0,1,698,698,8388608,256,0,0,96,0,32,64,bias_kernel,11603857429328,11603858563665,1079,205,1136.0,14911822.0,0.0,8388608.0,0.0,0.0,0.0,9258200912.0,9258200912.0,0.0,0.0,2097152.0,0.0,44462002661.0,33420571.0,50474896.0,0.0,0.0,67633152.0,136314880.0
1079,0,1,698,698,4194304,256,0,0,12,4,32,64,"void at::native::vectorized_elementwise_kernel<4, at::native::FillFunctor<int>, std::array<char*, 1ul> >(int, at::native::FillFunctor<int>, std::array<char*, 1ul>)",11603858959925,11603859003704,1080,101,1136.0,777124.0,65536.0,0.0,0.0,0.0,0.0,605904716.0,605904716.0,0.0,0.0,0.0,0.0,106713.0,1835120.0,4198320.0,0.0,0.0,4194304.0,0.0
1080,0,1,698,698,8388608,256,0,0,96,0,32,64,bias_kernel,11603859400726,11603860538230,1081,205,1136.0,15080932.0,0.0,8388608.0,0.0,0.0,0.0,9413133016.0,9413133016.0,0.0,0.0,2097152.0,0.0,44475164671.0,33421023.0,50474896.0,0.0,0.0,67633152.0,136314880.0
1081,0,1,698,698,4194304,256,0,0,12,4,32,64,"void at::native::vectorized_elementwise_kernel<4, at::native::FillFunctor<int>, std::array<char*, 1ul> >(int, at::native::FillFunctor<int>, std::array<char*, 1ul>)",11603860927594,11603860971133,1082,101,1136.0,756738.0,65536.0,0.0,0.0,0.0,0.0,598997996.0,598997996.0,0.0,0.0,0.0,0.0,93117.0,1835120.0,4198320.0,0.0,0.0,4194304.0,0.0
1082,0,1,698,698,8388608,256,0,0,96,0,32,64,bias_kernel,11603861362342,11603862496558,1083,205,1136.0,15017532.0,0.0,8388608.0,0.0,0.0,0.0,9485329844.0,9485329844.0,0.0,0.0,2097152.0,0.0,44696277427.0,33420456.0,50474880.0,0.0,0.0,67633152.0,136314880.0
1083,0,1,698,698,4194304,256,0,0,12,4,32,64,"void at::native::vectorized_elementwise_kernel<4, at::native::FillFunctor<int>, std::array<char*, 1ul> >(int, at::native::FillFunctor<int>, std::array<char*, 1ul>)",11603862876621,11603862920040,1084,101,1136.0,748365.0,65536.0,0.0,0.0,0.0,0.0,603797340.0,603797340.0,0.0,0.0,0.0,0.0,90122.0,1835120.0,4198304.0,0.0,0.0,4194304.0,0.0
1084,0,1,698,698,8388608,256,0,0,96,0,32,64,bias_kernel,11603863312090,11603864446427,1085,205,1136.0,15216457.0,0.0,8388608.0,0.0,0.0,0.0,9428968548.0,9428968548.0,0.0,0.0,2097152.0,0.0,44988693646.0,33420837.0,50474880.0,0.0,0.0,67633152.0,136314880.0
1085,0,1,698,698,4194304,256,0,0,12,4,32,64,"void at::native::vectorized_elementwise_kernel<4, at::native::FillFunctor<int>, std::array<char*, 1ul> >(int, at::native::FillFunctor<int>, std::array<char*, 1ul>)",11603864818993,11603864862773,1086,101,1136.0,755274.0,65536.0,0.0,0.0,0.0,0.0,603105384.0,603105384.0,0.0,0.0,0.0,0.0,93021.0,1835120.0,4198320.0,0.0,0.0,4194304.0,0.0
1086,0,1,698,698,8388608,256,0,0,96,0,32,64,bias_kernel,11603865252097,11603866385471,1087,205,1136.0,15266600.0,0.0,8388608.0,0.0,0.0,0.0,9641932504.0,9641932504.0,0.0,0.0,2097152.0,0.0,45851026150.0,33420407.0,50474896.0,0.0,0.0,67633152.0,136314880.0
1087,0,1,698,698,4194304,256,0,0,12,4,32,64,"void at::native::vectorized_elementwise_kernel<4, at::native::FillFunctor<int>, std::array<char*, 1ul> >(int, at::native::FillFunctor<int>, std::array<char*, 1ul>)",11603866755752,11603866799251,1088,101,1136.0,734113.0,65536.0,0.0,0.0,0.0,0.0,588516608.0,588516608.0,0.0,0.0,0.0,0.0,87154.0,1835120.0,4198304.0,0.0,0.0,4194304.0,0.0
1088,0,1,698,698,8388608,256,0,0,96,0,32,64,bias_kernel,11603867192665,11603868325798,1089,205,1136.0,15268234.0,0.0,8388608.0,0.0,0.0,0.0,9648860000.0,9648860000.0,0.0,0.0,2097152.0,0.0,45012100585.0,33420630.0,50474896.0,0.0,0.0,67633152.0,136314880.0
1089,0,1,698,698,4194304,256,0,0,12,4,32,64,"void at::native::vectorized_elementwise_kernel<4, at::native::FillFunctor<int>, std::array<char*, 1ul> >(int, at::native::FillFunctor<int>, std::array<char*, 1ul>)",11603868703897,11603868746995,1090,101,1136.0,806967.0,65536.0,0.0,0.0,0.0,0.0,640483880.0,640483880.0,0.0,0.0,0.0,0.0,103129.0,1835120.0,4198320.0,0.0,0.0,4194304.0,0.0
1090,0,1,698,698,8388608,256,0,0,96,0,32,64,bias_kernel,11603869143897,11603870277471,1091,205,1136.0,15642780.0,0.0,8388608.0,0.0,0.0,0.0,9674959232.0,9674959232.0,0.0,0.0,2097152.0,0.0,46425030215.0,33420551.0,50474879.0,0.0,0.0,67633152.0,136314880.0
1091,0,1,698,698,4194304,256,0,0,12,4,32,64,"void at::native::vectorized_elementwise_kernel<4, at::native::FillFunctor<int>, std::array<char*, 1ul> >(int, at::native::FillFunctor<int>, std::array<char*, 1ul>)",11603870647071,11603870689848,1092,101,1136.0,830203.0,65536.0,0.0,0.0,0.0,0.0,671119688.0,671119688.0,0.0,0.0,0.0,0.0,94353.0,1835120.0,4198304.0,0.0,0.0,4194304.0,0.0
1092,0,1,698,698,8388608,256,0,0,96,0,32,64,bias_kernel,11603871071635,11603872208658,1093,205,1136.0,16054737.0,0.0,8388608.0,0.0,0.0,0.0,10093434212.0,10093434212.0,0.0,0.0,2097152.0,0.0,47461810555.0,33420802.0,50474878.0,0.0,0.0,67633152.0,136314880.0
1093,0,1,698,698,4194304,256,0,0,12,4,32,64,"void at::native::vectorized_elementwise_kernel<4, at::native::FillFunctor<int>, std::array<char*, 1ul> >(int, at::native::FillFunctor<int>, std::array<char*, 1ul>)",11603872588000,11603872630897,1094,101,1136.0,836239.0,65536.0,0.0,0.0,0.0,0.0,673669652.0,673669652.0,0.0,0.0,0.0,0.0,99066.0,1835120.0,4198320.0,0.0,0.0,4194304.0,0.0
1094,0,1,698,698,8388608,256,0,0,96,0,32,64,bias_kernel,11603873014087,11603874149546,1095,205,1136.0,16333453.0,0.0,8388608.0,0.0,0.0,0.0,9987556976.0,9987556976.0,0.0,0.0,2097152.0,0.0,48453891775.0,33420299.0,50474896.0,0.0,0.0,67633152.0,136314880.0
1095,0,1,698,698,4194304,256,0,0,12,4,32,64,"void at::native::vectorized_elementwise_kernel<4, at::native::FillFunctor<int>, std::array<char*, 1ul> >(int, at::native::FillFunctor<int>, std::array<char*, 1ul>)",11603874520629,11603874563286,1096,101,1136.0,842415.0,65536.0,0.0,0.0,0.0,0.0,671885036.0,671885036.0,0.0,0.0,0.0,0.0,99585.0,1835120.0,4198320.0,0.0,0.0,4194304.0,0.0
1096,0,1,698,698,8388608,256,0,0,96,0,32,64,bias_kernel,11603874942588,11603876084421,1097,205,1136.0,16182221.0,0.0,8388608.0,0.0,0.0,0.0,10163060672.0,10163060672.0,0.0,0.0,2097152.0,0.0,46933746446.0,33420551.0,50474880.0,0.0,0.0,67633152.0,136314880.0
1097,0,1,698,698,4194304,256,0,0,12,4,32,64,"void at::native::vectorized_elementwise_kernel<4, at::native::FillFunctor<int>, std::array<char*, 1ul> >(int, at::native::FillFunctor<int>, std::array<char*, 1ul>)",11603876456787,11603876500166,1098,101,1136.0,841426.0,65536.0,0.0,0.0,0.0,0.0,675936824.0,675936824.0,0.0,0.0,0.0,0.0,93818.0,1835120.0,4198304.0,0.0,0.0,4194304.0,0.0
1098,0,1,698,698,8388608,256,0,0,96,0,32,64,bias_kernel,11603876865636,11603878001055,1099,205,1136.0,15573070.0,0.0,8388608.0,0.0,0.0,0.0,9875905136.0,9875905136.0,0.0,0.0,2097152.0,0.0,45708707727.0,33420616.0,50474880.0,0.0,0.0,67633152.0,136314880.0
1099,0,1,698,698,4194304,256,0,0,12,4,32,64,"void at::native::vectorized_elementwise_kernel<4, at::native::FillFunctor<int>, std::array<char*, 1ul> >(int, at::native::FillFunctor<int>, std::array<char*, 1ul>)",11603878367126,11603878410104,1100,101,1136.0,835165.0,65536.0,0.0,0.0,0.0,0.0,673494948.0,673494948.0,0.0,0.0,0.0,0.0,97743.0,1835120.0,4198320.0,0.0,0.0,4194304.0,0.0
1100,0,1,698,698,8388608,256,0,0,96,0,32,64,bias_kernel,11603878780706,11603879914160,1101,205,1136.0,14744863.0,0.0,8388608.0,0.0,0.0,0.0,9336267804.0,9336267804.0,0.0,0.0,2097152.0,0.0,44037928053.0,33420677.0,50474880.0,0.0,0.0,67633152.0,136314880.0
1101,0,1,698,698,4194304,256,0,0,12,4,32,64,"void at::native::vectorized_elementwise_kernel<4, at::native::FillFunctor<int>, std::array<char*, 1ul> >(int, at::native::FillFunctor<int>, std::array<char*, 1ul>)",11603880285363,11603880328541,1102,101,1136.0,831144.0,65536.0,0.0,0.0,0.0,0.0,677746100.0,677746100.0,0.0,0.0,0.0,0.0,103932.0,1835120.0,4198304.0,0.0,0.0,4194304.0,0.0
1102,0,1,698,698,8388608,256,0,0,96,0,32,64,bias_kernel,11603880694412,11603881824459,1103,205,1136.0,14621649.0,0.0,8388608.0,0.0,0.0,0.0,9257751580.0,9257751580.0,0.0,0.0,2097152.0,0.0,43873051172.0,33420830.0,50474896.0,0.0,0.0,67633152.0,136314880.0
1103,0,1,698,698,4194304,256,0,0,12,4,32,64,"void at::native::vectorized_elementwise_kernel<4, at::native::FillFunctor<int>, std::array<char*, 1ul> >(int, at::native::FillFunctor<int>, std::array<char*, 1ul>)",11603882196464,11603882239201,1104,101,1136.0,818289.0,65536.0,0.0,0.0,0.0,0.0,668235672.0,668235672.0,0.0,0.0,0.0,0.0,91149.0,1835120.0,4198304.0,0.0,0.0,4194304.0,0.0
1104,0,1,698,698,8388608,256,0,0,96,0,32,64,bias_kernel,11603882611968,11603883749071,1105,205,1136.0,14795496.0,0.0,8388608.0,0.0,0.0,0.0,9107305844.0,9107305844.0,0.0,0.0,2097152.0,0.0,43375342921.0,33420721.0,50474880.0,0.0,0.0,67633152.0,136314880.0
1105,0,1,698,698,4194304,256,0,0,12,4,32,64,"void at::native::vectorized_elementwise_kernel<4, at::native::FillFunctor<int>, std::array<char*, 1ul> >(int, at::native::FillFunctor<int>, std::array<char*, 1ul>)",11603884122880,11603884165457,1106,101,1136.0,797359.0,65536.0,0.0,0.0,0.0,0.0,642261744.0,642261744.0,0.0,0.0,0.0,0.0,93337.0,1835120.0,4198320.0,0.0,0.0,4194304.0,0.0
1106,0,1,698,698,8388608,256,0,0,96,0,32,64,bias_kernel,11603884537221,11603885672880,1107,205,1136.0,14847523.0,0.0,8388608.0,0.0,0.0,0.0,9315003444.0,9315003444.0,0.0,0.0,2097152.0,0.0,43759422259.0,33420605.0,50474896.0,0.0,0.0,67633152.0,136314880.0
1107,0,1,698,698,4194304,256,0,0,12,4,32,64,"void at::native::vectorized_elementwise_kernel<4, at::native::FillFunctor<int>, std::array<char*, 1ul> >(int, at::native::FillFunctor<int>, std::array<char*, 1ul>)",11603886049616,11603886092915,1108,101,1136.0,772178.0,65536.0,0.0,0.0,0.0,0.0,623673332.0,623673332.0,0.0,0.0,0.0,0.0,86189.0,1835120.0,4198304.0,0.0,0.0,4194304.0,0.0
1108,0,1,698,698,8388608,256,0,0,96,0,32,64,bias_kernel,11603886473659,11603887607314,1109,205,1136.0,15075212.0,0.0,8388608.0,0.0,0.0,0.0,9271104216.0,9271104216.0,0.0,0.0,2097152.0,0.0,44571612137.0,33421364.0,50474880.0,0.0,0.0,67633152.0,136314880.0
1109,0,1,698,698,4194304,256,0,0,12,4,32,64,"void at::native::vectorized_elementwise_kernel<4, at::native::FillFunctor<int>, std::array<char*, 1ul> >(int, at::native::FillFunctor<int>, std::array<char*, 1ul>)",11603887982647,11603888025985,1110,101,1136.0,761827.0,65536.0,0.0,0.0,0.0,0.0,616249092.0,616249092.0,0.0,0.0,0.0,0.0,84658.0,1835120.0,4198304.0,0.0,0.0,4194304.0,0.0
1110,0,1,698,698,8388608,256,0,0,96,0,32,64,bias_kernel,11603888404766,11603889538140,1111,205,1136.0,15204758.0,0.0,8388608.0,0.0,0.0,0.0,9500210376.0,9500210376.0,0.0,0.0,2097152.0,0.0,45496883106.0,33420409.0,50474896.0,0.0,0.0,67633152.0,136314880.0
1111,0,1,698,698,4194304,256,0,0,12,4,32,64,"void at::native::vectorized_elementwise_kernel<4, at::native::FillFunctor<int>, std::array<char*, 1ul> >(int, at::native::FillFunctor<int>, std::array<char*, 1ul>)",11603889909824,11603889953042,1112,101,1136.0,722094.0,65536.0,0.0,0.0,0.0,0.0,584670400.0,584670400.0,0.0,0.0,0.0,0.0,79019.0,1835120.0,4198304.0,0.0,0.0,4194304.0,0.0
1112,0,1,698,698,8388608,256,0,0,96,0,32,64,bias_kernel,11603890337168,11603891472467,1113,205,1136.0,15093153.0,0.0,8388608.0,0.0,0.0,0.0,9459604660.0,9459604660.0,0.0,0.0,2097152.0,0.0,44411199425.0,33421085.0,50474896.0,0.0,0.0,67633152.0,136314880.0
1113,0,1,698,698,4194304,256,0,0,12,4,32,64,"void at::native::vectorized_elementwise_kernel<4, at::native::FillFunctor<int>, std::array<char*, 1ul> >(int, at::native::FillFunctor<int>, std::array<char*, 1ul>)",11603891862712,11603891905609,1114,101,1088.0,744913.0,65536.0,0.0,0.0,0.0,0.0,601144764.0,601144764.0,0.0,0.0,0.0,0.0,85606.0,1835120.0,4198304.0,0.0,0.0,4194304.0,0.0
1114,0,1,698,698,8388608,256,0,0,96,0,32,64,bias_kernel,11603892294132,11603893427907,1115,205,1136.0,15323663.0,0.0,8388608.0,0.0,0.0,0.0,9563266304.0,9563266304.0,0.0,0.0,2097152.0,0.0,45249274082.0,33420728.0,50474880.0,0.0,0.0,67633152.0,136314880.0
1115,0,1,698,698,4194304,256,0,0,12,4,32,64,"void at::native::vectorized_elementwise_kernel<4, at::native::FillFunctor<int>, std::array<char*, 1ul> >(int, at::native::FillFunctor<int>, std::array<char*, 1ul>)",11603893795020,11603893838359,1116,101,1136.0,737320.0,65536.0,0.0,0.0,0.0,0.0,596168604.0,596168604.0,0.0,0.0,0.0,0.0,88917.0,1835120.0,4198304.0,0.0,0.0,4194304.0,0.0
1116,0,1,698,698,8388608,256,0,0,96,0,32,64,bias_kernel,11603894226159,11603895356045,1117,205,1136.0,15323353.0,0.0,8388608.0,0.0,0.0,0.0,9526643972.0,9526643972.0,0.0,0.0,2097152.0,0.0,46346221636.0,33420413.0,50474880.0,0.0,0.0,67633152.0,136314880.0
1117,0,1,698,698,4194304,256,0,0,12,4,32,64,"void at::native::vectorized_elementwise_kernel<4, at::native::FillFunctor<int>, std::array<char*, 1ul> >(int, at::native::FillFunctor<int>, std::array<char*, 1ul>)",11603895716905,11603895760284,1118,101,1136.0,840303.0,65536.0,0.0,0.0,0.0,0.0,674682408.0,674682408.0,0.0,0.0,0.0,0.0,91791.0,1835120.0,4198304.0,0.0,0.0,4194304.0,0.0
1118,0,1,698,698,8388608,256,0,0,96,0,32,64,bias_kernel,11603896143835,11603897277449,1119,205,1136.0,15672367.0,0.0,8388608.0,0.0,0.0,0.0,9723314232.0,9723314232.0,0.0,0.0,2097152.0,0.0,46579072529.0,33420494.0,50474880.0,0.0,0.0,67633152.0,136314880.0
1119,0,1,698,698,4194304,256,0,0,12,4,32,64,"void at::native::vectorized_elementwise_kernel<4, at::native::FillFunctor<int>, std::array<char*, 1ul> >(int, at::native::FillFunctor<int>, std::array<char*, 1ul>)",11603897644042,11603897686979,1120,101,1136.0,823192.0,65536.0,0.0,0.0,0.0,0.0,672925952.0,672925952.0,0.0,0.0,0.0,0.0,88821.0,1835120.0,4198304.0,0.0,0.0,4194304.0,0.0
1120,0,1,698,698,8388608,256,0,0,96,0,32,64,bias_kernel,11603898062191,11603899198291,1121,205,1136.0,16242488.0,0.0,8388608.0,0.0,0.0,0.0,10161147392.0,10161147392.0,0.0,0.0,2097152.0,0.0,48195643369.0,33420519.0,50474896.0,0.0,0.0,67633152.0,136314880.0
1121,0,1,698,698,4194304,256,0,0,12,4,32,64,"void at::native::vectorized_elementwise_kernel<4, at::native::FillFunctor<int>, std::array<char*, 1ul> >(int, at::native::FillFunctor<int>, std::array<char*, 1ul>)",11603899559993,11603899603131,1122,101,1136.0,835425.0,65536.0,0.0,0.0,0.0,0.0,678657848.0,678657848.0,0.0,0.0,0.0,0.0,93463.0,1835120.0,4198304.0,0.0,0.0,4194304.0,0.0
1122,0,1,698,698,8388608,256,0,0,96,0,32,64,bias_kernel,11603899969202,11603901097204,1123,205,1136.0,15916853.0,0.0,8388608.0,0.0,0.0,0.0,9980922924.0,9980922924.0,0.0,0.0,2097152.0,0.0,48347393657.0,33420328.0,50474896.0,0.0,0.0,67633152.0,136314880.0
1123,0,1,698,698,4194304,256,0,0,12,4,32,64,"void at::native::vectorized_elementwise_kernel<4, at::native::FillFunctor<int>, std::array<char*, 1ul> >(int, at::native::FillFunctor<int>, std::array<char*, 1ul>)",11603901456740,11603901499958,1124,101,1136.0,845489.0,65536.0,0.0,0.0,0.0,0.0,676917512.0,676917512.0,0.0,0.0,0.0,0.0,105475.0,1835120.0,4198320.0,0.0,0.0,4194304.0,0.0
1124,0,1,698,698,8388608,256,0,0,96,0,32,64,bias_kernel,11603901864907,11603902997319,1125,205,1136.0,15971347.0,0.0,8388608.0,0.0,0.0,0.0,10083099652.0,10083099652.0,0.0,0.0,2097152.0,0.0,47099685151.0,33420780.0,50474896.0,0.0,0.0,67633152.0,136314880.0
1125,0,1,698,698,4194304,256,0,0,12,4,32,64,"void at::native::vectorized_elementwise_kernel<4, at::native::FillFunctor<int>, std::array<char*, 1ul> >(int, at::native::FillFunctor<int>, std::array<char*, 1ul>)",11603903363511,11603903406328,1126,101,1136.0,829669.0,65536.0,0.0,0.0,0.0,0.0,675044200.0,675044200.0,0.0,0.0,0.0,0.0,109596.0,1835120.0,4198320.0,0.0,0.0,4194304.0,0.0
1126,0,1,698,698,8388608,256,0,0,96,0,32,64,bias_kernel,11603903763619,11603904904370,1127,205,1136.0,14994486.0,0.0,8388608.0,0.0,0.0,0.0,9352331644.0,9352331644.0,0.0,0.0,2097152.0,0.0,43512476650.0,33420798.0,50474896.0,0.0,0.0,67633152.0,136314880.0
1127,0,1,698,698,4194304,256,0,0,12,4,32,64,"void at::native::vectorized_elementwise_kernel<4, at::native::FillFunctor<int>, std::array<char*, 1ul> >(int, at::native::FillFunctor<int>, std::array<char*, 1ul>)",11603905264989,11603905307926,1128,101,1136.0,832478.0,65536.0,0.0,0.0,0.0,0.0,672997316.0,672997316.0,0.0,0.0,0.0,0.0,104687.0,1835120.0,4198320.0,0.0,0.0,4194304.0,0.0
1128,0,1,698,698,8388608,256,0,0,96,0,32,64,bias_kernel,11603905672354,11603906805929,1129,205,1136.0,14595826.0,0.0,8388608.0,0.0,0.0,0.0,9026485700.0,9026485700.0,0.0,0.0,2097152.0,0.0,43401815365.0,33420454.0,50474880.0,0.0,0.0,67633152.0,136314880.0
1129,0,1,698,698,4194304,256,0,0,12,4,32,64,"void at::native::vectorized_elementwise_kernel<4, at::native::FillFunctor<int>, std::array<char*, 1ul> >(int, at::native::FillFunctor<int>, std::array<char*, 1ul>)",11603907179657,11603907222635,1130,101,1136.0,797133.0,65536.0,0.0,0.0,0.0,0.0,635739512.0,635739512.0,0.0,0.0,0.0,0.0,96811.0,1835120.0,4198320.0,0.0,0.0,4194304.0,0.0
1130,0,1,698,698,8388608,256,0,0,96,0,32,64,bias_kernel,11603907602097,11603908737435,1131,205,1136.0,14877909.0,0.0,8388608.0,0.0,0.0,0.0,9456257284.0,9456257284.0,0.0,0.0,2097152.0,0.0,43827883206.0,33421095.0,50474896.0,0.0,0.0,67633152.0,136314880.0
1131,0,1,698,698,4194304,256,0,0,12,4,32,64,"void at::native::vectorized_elementwise_kernel<4, at::native::FillFunctor<int>, std::array<char*, 1ul> >(int, at::native::FillFunctor<int>, std::array<char*, 1ul>)",11603909111404,11603909154582,1132,101,1136.0,781961.0,65536.0,0.0,0.0,0.0,0.0,628809804.0,628809804.0,0.0,0.0,0.0,0.0,95576.0,1835120.0,4198320.0,0.0,0.0,4194304.0,0.0
1132,0,1,698,698,8388608,256,0,0,96,0,32,64,bias_kernel,11603909527429,11603910664772,1133,205,1136.0,15141807.0,0.0,8388608.0,0.0,0.0,0.0,9484813200.0,9484813200.0,0.0,0.0,2097152.0,0.0,44914475208.0,33420793.0,50474896.0,0.0,0.0,67633152.0,136314880.0
1133,0,1,698,698,4194304,256,0,0,12,4,32,64,"void at::native::vectorized_elementwise_kernel<4, at::native::FillFunctor<int>, std::array<char*, 1ul> >(int, at::native::FillFunctor<int>, std::array<char*, 1ul>)",11603911042510,11603911085608,1134,101,1136.0,764140.0,65536.0,0.0,0.0,0.0,0.0,613111412.0,613111412.0,0.0,0.0,0.0,0.0,88775.0,1835120.0,4198304.0,0.0,0.0,4194304.0,0.0
1134,0,1,698,698,8388608,256,0,0,96,0,32,64,bias_kernel,11603911457813,11603912591508,1135,205,1136.0,15254398.0,0.0,8388608.0,0.0,0.0,0.0,9442954428.0,9442954428.0,0.0,0.0,2097152.0,0.0,44754293249.0,33420593.0,50474880.0,0.0,0.0,67633152.0,136314880.0
1135,0,1,698,698,4194304,256,0,0,12,4,32,64,"void at::native::vectorized_elementwise_kernel<4, at::native::FillFunctor<int>, std::array<char*, 1ul> >(int, at::native::FillFunctor<int>, std::array<char*, 1ul>)",11603912955414,11603912998672,1136,101,1136.0,752658.0,65536.0,0.0,0.0,0.0,0.0,610447216.0,610447216.0,0.0,0.0,0.0,0.0,90384.0,1835120.0,4198304.0,0.0,0.0,4194304.0,0.0
1136,0,1,698,698,8388608,256,0,0,96,0,32,64,bias_kernel,11603913375889,11603914511508,1137,205,1136.0,15404332.0,0.0,8388608.0,0.0,0.0,0.0,9651806484.0,9651806484.0,0.0,0.0,2097152.0,0.0,45647190232.0,33420424.0,50474896.0,0.0,0.0,67633152.0,136314880.0
1137,0,1,698,698,4194304,256,0,0,12,4,32,64,"void at::native::vectorized_elementwise_kernel<4, at::native::FillFunctor<int>, std::array<char*, 1ul> >(int, at::native::FillFunctor<int>, std::array<char*, 1ul>)",11603914874412,11603914918312,1138,101,1136.0,764066.0,65536.0,0.0,0.0,0.0,0.0,609411344.0,609411344.0,0.0,0.0,0.0,0.0,87243.0,1835120.0,4198320.0,0.0,0.0,4194304.0,0.0
1138,0,1,698,698,8388608,256,0,0,96,0,32,64,bias_kernel,11603915304910,11603916442213,1139,205,1136.0,15533722.0,0.0,8388608.0,0.0,0.0,0.0,9758358576.0,9758358576.0,0.0,0.0,2097152.0,0.0,45659825989.0,33420134.0,50474896.0,0.0,0.0,67633152.0,136314880.0
1139,0,1,698,698,4194304,256,0,0,12,4,32,64,"void at::native::vectorized_elementwise_kernel<4, at::native::FillFunctor<int>, std::array<char*, 1ul> >(int, at::native::FillFunctor<int>, std::array<char*, 1ul>)",11603916807883,11603916850981,1140,101,1136.0,800296.0,65536.0,0.0,0.0,0.0,0.0,654170428.0,654170428.0,0.0,0.0,0.0,0.0,110142.0,1835120.0,4198304.0,0.0,0.0,4194304.0,0.0
1140,0,1,698,698,8388608,256,0,0,96,0,32,64,bias_kernel,11603917230764,11603918365060,1141,205,1136.0,15604860.0,0.0,8388608.0,0.0,0.0,0.0,9795581420.0,9795581420.0,0.0,0.0,2097152.0,0.0,45780424375.0,33420701.0,50474896.0,0.0,0.0,67633152.0,136314880.0
1141,0,1,698,698,4194304,256,0,0,12,4,32,64,"void at::native::vectorized_elementwise_kernel<4, at::native::FillFunctor<int>, std::array<char*, 1ul> >(int, at::native::FillFunctor<int>, std::array<char*, 1ul>)",11603918730129,11603918773146,1142,101,1136.0,835128.0,65536.0,0.0,0.0,0.0,0.0,666545712.0,666545712.0,0.0,0.0,0.0,0.0,96253.0,1835120.0,4198304.0,0.0,0.0,4194304.0,0.0
1142,0,1,698,698,8388608,256,0,0,96,0,32,64,bias_kernel,11603919149160,11603920284218,1143,205,1136.0,16191461.0,0.0,8388608.0,0.0,0.0,0.0,10023883200.0,10023883200.0,0.0,0.0,2097152.0,0.0,48217065066.0,33420365.0,50474880.0,0.0,0.0,67633152.0,136314880.0
1143,0,1,698,698,4194304,256,0,0,12,4,32,64,"void at::native::vectorized_elementwise_kernel<4, at::native::FillFunctor<int>, std::array<char*, 1ul> >(int, at::native::FillFunctor<int>, std::array<char*, 1ul>)",11603920647523,11603920690300,1144,101,1136.0,868603.0,65536.0,0.0,0.0,0.0,0.0,668063956.0,668063956.0,0.0,0.0,0.0,0.0,99129.0,1835120.0,4198304.0,0.0,0.0,4194304.0,0.0
1144,0,1,698,698,8388608,256,0,0,96,0,32,64,bias_kernel,11603921056091,11603922189786,1145,205,1136.0,15889058.0,0.0,8388608.0,0.0,0.0,0.0,9773640588.0,9773640588.0,0.0,0.0,2097152.0,0.0,47108946816.0,33420177.0,50474896.0,0.0,0.0,67633152.0,136314880.0
1145,0,1,698,698,4194304,256,0,0,12,4,32,64,"void at::native::vectorized_elementwise_kernel<4, at::native::FillFunctor<int>, std::array<char*, 1ul> >(int, at::native::FillFunctor<int>, std::array<char*, 1ul>)",11603922555296,11603922598033,1146,101,1136.0,825004.0,65536.0,0.0,0.0,0.0,0.0,667756544.0,667756544.0,0.0,0.0,0.0,0.0,97258.0,1835120.0,4198304.0,0.0,0.0,4194304.0,0.0
1146,0,1,698,698,8388608,256,0,0,96,0,32,64,bias_kernel,11603922959213,11603924091064,1147,205,1136.0,15830957.0,0.0,8388608.0,0.0,0.0,0.0,9919332920.0,9919332920.0,0.0,0.0,2097152.0,0.0,46988453939.0,33420699.0,50474896.0,0.0,0.0,67633152.0,136314880.0
1147,0,1,698,698,4194304,256,0,0,12,4,32,64,"void at::native::vectorized_elementwise_kernel<4, at::native::FillFunctor<int>, std::array<char*, 1ul> >(int, at::native::FillFunctor<int>, std::array<char*, 1ul>)",11603924452845,11603924495783,1148,101,1136.0,828353.0,65536.0,0.0,0.0,0.0,0.0,672072836.0,672072836.0,0.0,0.0,0.0,0.0,94017.0,1835120.0,4198304.0,0.0,0.0,4194304.0,0.0
1148,0,1,698,698,8388608,256,0,0,96,0,32,64,bias_kernel,11603924857925,11603926001282,1149,205,1136.0,15138883.0,0.0,8388608.0,0.0,0.0,0.0,9466343532.0,9466343532.0,0.0,0.0,2097152.0,0.0,44565492754.0,33420883.0,50474880.0,0.0,0.0,67633152.0,136314880.0
1149,0,1,698,698,4194304,256,0,0,12,4,32,64,"void at::native::vectorized_elementwise_kernel<4, at::native::FillFunctor<int>, std::array<char*, 1ul> >(int, at::native::FillFunctor<int>, std::array<char*, 1ul>)",11603926365789,11603926408446,1150,101,1136.0,833736.0,65536.0,0.0,0.0,0.0,0.0,672354020.0,672354020.0,0.0,0.0,0.0,0.0,113689.0,1835120.0,4198320.0,0.0,0.0,4194304.0,0.0
1150,0,1,698,698,8388608,256,0,0,96,0,32,64,bias_kernel,11603926768584,11603927902680,1151,205,1136.0,14671788.0,0.0,8388608.0,0.0,0.0,0.0,9216269412.0,9216269412.0,0.0,0.0,2097152.0,0.0,43479153784.0,33420476.0,50474880.0,0.0,0.0,67633152.0,136314880.0
1151,0,1,698,698,16777216,512,0,0,56,0,32,64,bias_kernel,11603929972721,11603931174210,1152,206,8560.0,16947914.0,0.0,8388608.0,0.0,0.0,0.0,15286461484.0,15286461484.0,0.0,0.0,2097152.0,0.0,42756701205.0,33430067.0,50579656.0,0.0,0.0,71303168.0,150994944.0
1152,0,1,698,698,4194304,256,0,0,12,4,32,64,"void at::native::vectorized_elementwise_kernel<4, at::native::FillFunctor<int>, std::array<char*, 1ul> >(int, at::native::FillFunctor<int>, std::array<char*, 1ul>)",11603931621626,11603931664683,1153,101,1136.0,834936.0,65536.0,0.0,0.0,0.0,0.0,674743256.0,674743256.0,0.0,0.0,0.0,0.0,116400.0,1835120.0,4198304.0,0.0,0.0,4194304.0,0.0
1153,0,1,698,698,16777216,512,0,0,56,0,32,64,bias_kernel,11603932029231,11603933269769,1154,206,1136.0,18151046.0,0.0,8388608.0,0.0,0.0,0.0,16588168508.0,16588168508.0,0.0,0.0,2097152.0,0.0,44593623766.0,33430373.0,50580640.0,0.0,0.0,71303168.0,150994944.0
1154,0,1,698,698,4194304,256,0,0,12,4,32,64,"void at::native::vectorized_elementwise_kernel<4, at::native::FillFunctor<int>, std::array<char*, 1ul> >(int, at::native::FillFunctor<int>, std::array<char*, 1ul>)",11603933632152,11603933674849,1155,101,1136.0,833969.0,65536.0,0.0,0.0,0.0,0.0,670515952.0,670515952.0,0.0,0.0,0.0,0.0,99852.0,1835120.0,4198304.0,0.0,0.0,4194304.0,0.0
1155,0,1,698,698,16777216,512,0,0,56,0,32,64,bias_kernel,11603934038835,11603935269510,1156,206,1136.0,18263654.0,0.0,8388608.0,0.0,0.0,0.0,16078836400.0,16078836400.0,0.0,0.0,2097152.0,0.0,45463190052.0,33429987.0,50579972.0,0.0,0.0,71303168.0,150994944.0
1156,0,1,698,698,4194304,256,0,0,12,4,32,64,"void at::native::vectorized_elementwise_kernel<4, at::native::FillFunctor<int>, std::array<char*, 1ul> >(int, at::native::FillFunctor<int>, std::array<char*, 1ul>)",11603935634940,11603935677597,1157,101,1136.0,829747.0,65536.0,0.0,0.0,0.0,0.0,669870552.0,669870552.0,0.0,0.0,0.0,0.0,99869.0,1835120.0,4198304.0,0.0,0.0,4194304.0,0.0
1157,0,1,698,698,16777216,512,0,0,56,0,32,64,bias_kernel,11603936051967,11603937256262,1158,206,1136.0,17498027.0,0.0,8388608.0,0.0,0.0,0.0,15531111940.0,15531111940.0,0.0,0.0,2097152.0,0.0,45449463493.0,33429723.0,50579344.0,0.0,0.0,71303168.0,150994944.0
1158,0,1,698,698,4194304,256,0,0,12,4,32,64,"void at::native::vectorized_elementwise_kernel<4, at::native::FillFunctor<int>, std::array<char*, 1ul> >(int, at::native::FillFunctor<int>, std::array<char*, 1ul>)",11603937618284,11603937661903,1159,101,1136.0,846246.0,65536.0,0.0,0.0,0.0,0.0,677190552.0,677190552.0,0.0,0.0,0.0,0.0,99251.0,1835120.0,4198304.0,0.0,0.0,4194304.0,0.0
1159,0,1,698,698,16777216,512,0,0,56,0,32,64,bias_kernel,11603938025489,11603939247344,1160,206,1221.0,17956591.0,0.0,8388608.0,0.0,0.0,0.0,16127777720.0,16127777720.0,0.0,0.0,2097152.0,0.0,45048904675.0,33430099.0,50580316.0,0.0,0.0,71303168.0,150994944.0
1160,0,1,698,698,4194304,256,0,0,12,4,32,64,"void at::native::vectorized_elementwise_kernel<4, at::native::FillFunctor<int>, std::array<char*, 1ul> >(int, at::native::FillFunctor<int>, std::array<char*, 1ul>)",11603939613736,11603939657275,1161,101,1136.0,846056.0,65536.0,0.0,0.0,0.0,0.0,673608668.0,673608668.0,0.0,0.0,0.0,0.0,97252.0,1835120.0,4198304.0,0.0,0.0,4194304.0,0.0
1161,0,1,698,698,16777216,512,0,0,56,0,32,64,bias_kernel,11603940015528,11603941290063,1162,206,1136.0,19259505.0,0.0,8388608.0,0.0,0.0,0.0,17163917492.0,17163917492.0,0.0,0.0,2097152.0,0.0,46120409157.0,33430454.0,50580648.0,0.0,0.0,71303168.0,150994944.0
1162,0,1,698,698,16777216,512,0,0,56,0,32,64,bias_kernel,11603941796734,11603943012976,1163,206,1136.0,18436179.0,0.0,8388608.0,0.0,0.0,0.0,16068147568.0,16068147568.0,0.0,0.0,2097152.0,0.0,45256822781.0,33429744.0,50579832.0,0.0,0.0,71303168.0,150994944.0
1163,0,1,698,698,16777216,512,0,0,56,0,32,64,bias_kernel,11603943390794,11603944605512,1164,206,1136.0,17997131.0,0.0,8388608.0,0.0,0.0,0.0,15661163428.0,15661163428.0,0.0,0.0,2097152.0,0.0,44450864170.0,33429961.0,50580376.0,0.0,0.0,71303168.0,150994944.0
1164,0,1,698,698,16777216,512,0,0,56,0,32,64,bias_kernel,11603944980083,11603946193840,1165,206,1136.0,17899741.0,0.0,8388608.0,0.0,0.0,0.0,15503165400.0,15503165400.0,0.0,0.0,2097152.0,0.0,44613875676.0,33429808.0,50579976.0,0.0,0.0,71303168.0,150994944.0
1165,0,1,698,698,16777216,512,0,0,56,0,32,64,bias_kernel,11603946579355,11603947776514,1166,206,1136.0,18097182.0,0.0,8388608.0,0.0,0.0,0.0,15712207804.0,15712207804.0,0.0,0.0,2097152.0,0.0,45635993892.0,33429837.0,50580080.0,0.0,0.0,71303168.0,150994944.0
1166,0,1,698,698,16777216,512,0,0,56,0,32,64,bias_kernel,11603948181233,11603949405373,1167,206,1136.0,17899658.0,0.0,8388608.0,0.0,0.0,0.0,15659437624.0,15659437624.0,0.0,0.0,2097152.0,0.0,43916938005.0,33430027.0,50580304.0,0.0,0.0,71303168.0,150994944.0
1167,0,1,698,698,16777216,512,0,0,56,0,32,64,bias_kernel,11603949794617,11603950981112,1168,206,1136.0,17528540.0,0.0,8388608.0,0.0,0.0,0.0,15122350384.0,15122350384.0,0.0,0.0,2097152.0,0.0,44728781698.0,33429677.0,50580140.0,0.0,0.0,71303168.0,150994944.0
1168,0,1,698,698,16777216,512,0,0,56,0,32,64,bias_kernel,11603951397257,11603952647376,1169,206,1221.0,18873096.0,0.0,8388608.0,0.0,0.0,0.0,17048019496.0,17048019496.0,0.0,0.0,2097152.0,0.0,44714561684.0,33430765.0,50581388.0,0.0,0.0,71303168.0,150994944.0
1169,0,1,698,698,16777216,512,0,0,56,0,32,64,bias_kernel,11603953056104,11603954256831,1170,206,1136.0,17366178.0,0.0,8388608.0,0.0,0.0,0.0,15303336024.0,15303336024.0,0.0,0.0,2097152.0,0.0,43838549534.0,33429991.0,50580936.0,0.0,0.0,71303168.0,150994944.0
1170,0,1,698,698,16777216,512,0,0,56,0,32,64,bias_kernel,11603954660919,11603955862528,1171,206,1136.0,18363948.0,0.0,8388608.0,0.0,0.0,0.0,16217309912.0,16217309912.0,0.0,0.0,2097152.0,0.0,45922406870.0,33430039.0,50580404.0,0.0,0.0,71303168.0,150994944.0
1171,0,1,698,698,16777216,512,0,0,56,0,32,64,bias_kernel,11603956306415,11603957491948,1172,206,1088.0,17470598.0,0.0,8388608.0,0.0,0.0,0.0,15327300868.0,15327300868.0,0.0,0.0,2097152.0,0.0,44826967500.0,33429766.0,50580284.0,0.0,0.0,71303168.0,150994944.0
1172,0,1,698,698,16777216,512,0,0,56,0,32,64,bias_kernel,11603957884079,11603959151878,1173,206,1136.0,18289769.0,0.0,8388608.0,0.0,0.0,0.0,16459078700.0,16459078700.0,0.0,0.0,2097152.0,0.0,42887500729.0,33430523.0,50581388.0,0.0,0.0,71303168.0,150994944.0
1173,0,1,698,698,16777216,512,0,0,56,0,32,64,bias_kernel,11603959557800,11603960762417,1174,206,1136.0,18237303.0,0.0,8388608.0,0.0,0.0,0.0,15810031260.0,15810031260.0,0.0,0.0,2097152.0,0.0,45657421913.0,33429584.0,50581092.0,0.0,0.0,71303168.0,150994944.0
1174,0,1,698,698,4194304,256,0,0,12,4,32,64,"void at::native::vectorized_elementwise_kernel<4, at::native::FillFunctor<int>, std::array<char*, 1ul> >(int, at::native::FillFunctor<int>, std::array<char*, 1ul>)",11603961176477,11603961220377,1175,101,1816.0,715150.0,65536.0,0.0,0.0,0.0,0.0,562593252.0,562593252.0,0.0,0.0,0.0,0.0,93621.0,1835120.0,4198320.0,0.0,0.0,4194304.0,0.0
1175,0,1,698,698,16777216,512,0,0,56,0,32,64,bias_kernel,11603961628985,11603962865032,1176,206,1136.0,17097567.0,0.0,8388608.0,0.0,0.0,0.0,15268979980.0,15268979980.0,0.0,0.0,2097152.0,0.0,42434545703.0,33429813.0,50578816.0,0.0,0.0,71303168.0,150994944.0
1176,0,1,698,698,4194304,256,0,0,12,4,32,64,"void at::native::vectorized_elementwise_kernel<4, at::native::FillFunctor<int>, std::array<char*, 1ul> >(int, at::native::FillFunctor<int>, std::array<char*, 1ul>)",11603963269591,11603963313130,1177,101,1136.0,774789.0,65536.0,0.0,0.0,0.0,0.0,613198220.0,613198220.0,0.0,0.0,0.0,0.0,93192.0,1835120.0,4198304.0,0.0,0.0,4194304.0,0.0
1177,0,1,698,698,16777216,512,0,0,56,0,32,64,bias_kernel,11603963715083,11603964939625,1178,206,1136.0,17085227.0,0.0,8388608.0,0.0,0.0,0.0,15496443936.0,15496443936.0,0.0,0.0,2097152.0,0.0,42969858216.0,33430033.0,50580380.0,0.0,0.0,71303168.0,150994944.0
1178,0,1,698,698,4194304,256,0,0,12,4,32,64,"void at::native::vectorized_elementwise_kernel<4, at::native::FillFunctor<int>, std::array<char*, 1ul> >(int, at::native::FillFunctor<int>, std::array<char*, 1ul>)",11603965322414,11603965365552,1179,101,1136.0,794628.0,65536.0,0.0,0.0,0.0,0.0,634506088.0,634506088.0,0.0,0.0,0.0,0.0,95472.0,1835120.0,4198304.0,0.0,0.0,4194304.0,0.0
1179,0,1,698,698,16777216,512,0,0,56,0,32,64,bias_kernel,11603965761050,11603967044967,1180,206,1136.0,19156979.0,0.0,8388608.0,0.0,0.0,0.0,17251882968.0,17251882968.0,0.0,0.0,2097152.0,0.0,44772672448.0,33430057.0,50580740.0,0.0,0.0,71303168.0,150994944.0
1180,0,1,698,698,4194304,256,0,0,12,4,32,64,"void at::native::vectorized_elementwise_kernel<4, at::native::FillFunctor<int>, std::array<char*, 1ul> >(int, at::native::FillFunctor<int>, std::array<char*, 1ul>)",11603967434451,11603967477509,1181,101,1136.0,811468.0,65536.0,0.0,0.0,0.0,0.0,648952608.0,648952608.0,0.0,0.0,0.0,0.0,97062.0,1835120.0,4198304.0,0.0,0.0,4194304.0,0.0
1181,0,1,698,698,16777216,512,0,0,56,0,32,64,bias_kernel,11603967863025,11603969109135,1182,206,1136.0,17818671.0,0.0,8388608.0,0.0,0.0,0.0,15970266860.0,15970266860.0,0.0,0.0,2097152.0,0.0,43581994038.0,33429940.0,50579664.0,0.0,0.0,71303168.0,150994944.0
1182,0,1,698,698,4194304,256,0,0,12,4,32,64,"void at::native::vectorized_elementwise_kernel<4, at::native::FillFunctor<int>, std::array<char*, 1ul> >(int, at::native::FillFunctor<int>, std::array<char*, 1ul>)",11603969491123,11603969533700,1183,101,1136.0,830378.0,65536.0,0.0,0.0,0.0,0.0,674300036.0,674300036.0,0.0,0.0,0.0,0.0,97712.0,1835120.0,4198304.0,0.0,0.0,4194304.0,0.0
1183,0,1,698,698,16777216,512,0,0,56,0,32,64,bias_kernel,11603969910435,11603971136019,1184,206,1136.0,17205639.0,0.0,8388608.0,0.0,0.0,0.0,15580588316.0,15580588316.0,0.0,0.0,2097152.0,0.0,43115845229.0,33429863.0,50580256.0,0.0,0.0,71303168.0,150994944.0
1184,0,1,698,698,4194304,256,0,0,12,4,32,64,"void at::native::vectorized_elementwise_kernel<4, at::native::FillFunctor<int>, std::array<char*, 1ul> >(int, at::native::FillFunctor<int>, std::array<char*, 1ul>)",11603971523259,11603971566196,1185,101,1136.0,820675.0,65536.0,0.0,0.0,0.0,0.0,668923928.0,668923928.0,0.0,0.0,0.0,0.0,94895.0,1835120.0,4198304.0,0.0,0.0,4194304.0,0.0
1185,0,1,698,698,16777216,512,0,0,56,0,32,64,bias_kernel,11603971953556,11603973195216,1186,206,1136.0,17702630.0,0.0,8388608.0,0.0,0.0,0.0,15834245448.0,15834245448.0,0.0,0.0,2097152.0,0.0,43481842370.0,33429928.0,50579396.0,0.0,0.0,71303168.0,150994944.0
1186,0,1,698,698,4194304,256,0,0,12,4,32,64,"void at::native::vectorized_elementwise_kernel<4, at::native::FillFunctor<int>, std::array<char*, 1ul> >(int, at::native::FillFunctor<int>, std::array<char*, 1ul>)",11603973582416,11603973625193,1187,101,1136.0,835199.0,65536.0,0.0,0.0,0.0,0.0,669456844.0,669456844.0,0.0,0.0,0.0,0.0,98857.0,1835120.0,4198304.0,0.0,0.0,4194304.0,0.0
1187,0,1,698,698,16777216,512,0,0,56,0,32,64,bias_kernel,11603974001608,11603975259305,1188,206,1136.0,18396144.0,0.0,8388608.0,0.0,0.0,0.0,16120916900.0,16120916900.0,0.0,0.0,2097152.0,0.0,44458991863.0,33429946.0,50579464.0,0.0,0.0,71303168.0,150994944.0
1188,0,1,698,698,4194304,256,0,0,12,4,32,64,"void at::native::vectorized_elementwise_kernel<4, at::native::FillFunctor<int>, std::array<char*, 1ul> >(int, at::native::FillFunctor<int>, std::array<char*, 1ul>)",11603975644259,11603975686996,1189,101,1136.0,832513.0,65536.0,0.0,0.0,0.0,0.0,673134460.0,673134460.0,0.0,0.0,0.0,0.0,96932.0,1835120.0,4198304.0,0.0,0.0,4194304.0,0.0
1189,0,1,698,698,16777216,512,0,0,56,0,32,64,bias_kernel,11603976077042,11603977294046,1190,206,1136.0,17297656.0,0.0,8388608.0,0.0,0.0,0.0,15615281172.0,15615281172.0,0.0,0.0,2097152.0,0.0,43705865586.0,33429938.0,50579428.0,0.0,0.0,71303168.0,150994944.0
1190,0,1,698,698,4194304,256,0,0,12,4,32,64,"void at::native::vectorized_elementwise_kernel<4, at::native::FillFunctor<int>, std::array<char*, 1ul> >(int, at::native::FillFunctor<int>, std::array<char*, 1ul>)",11603977681005,11603977723983,1191,101,1136.0,828978.0,65536.0,0.0,0.0,0.0,0.0,674695908.0,674695908.0,0.0,0.0,0.0,0.0,95372.0,1835120.0,4198304.0,0.0,0.0,4194304.0,0.0
1191,0,1,698,698,16777216,512,0,0,56,0,32,64,bias_kernel,11603978098995,11603979368398,1192,206,1136.0,18678883.0,0.0,8388608.0,0.0,0.0,0.0,16704525496.0,16704525496.0,0.0,0.0,2097152.0,0.0,44698073533.0,33430138.0,50580364.0,0.0,0.0,71303168.0,150994944.0
1192,0,1,698,698,4194304,256,0,0,12,4,32,64,"void at::native::vectorized_elementwise_kernel<4, at::native::FillFunctor<int>, std::array<char*, 1ul> >(int, at::native::FillFunctor<int>, std::array<char*, 1ul>)",11603979741806,11603979785225,1193,101,1136.0,847971.0,65536.0,0.0,0.0,0.0,0.0,673722404.0,673722404.0,0.0,0.0,0.0,0.0,98328.0,1835120.0,4198320.0,0.0,0.0,4194304.0,0.0
1193,0,1,698,698,16777216,512,0,0,56,0,32,64,bias_kernel,11603980169939,11603981412682,1194,206,1136.0,18191239.0,0.0,8388608.0,0.0,0.0,0.0,15856893748.0,15856893748.0,0.0,0.0,2097152.0,0.0,44855023119.0,33429811.0,50580368.0,0.0,0.0,71303168.0,150994944.0
1194,0,1,698,698,4194304,256,0,0,12,4,32,64,"void at::native::vectorized_elementwise_kernel<4, at::native::FillFunctor<int>, std::array<char*, 1ul> >(int, at::native::FillFunctor<int>, std::array<char*, 1ul>)",11603981797716,11603981840373,1195,101,1136.0,853710.0,65536.0,0.0,0.0,0.0,0.0,675220892.0,675220892.0,0.0,0.0,0.0,0.0,88148.0,1835120.0,4198304.0,0.0,0.0,4194304.0,0.0
1195,0,1,698,698,16777216,512,0,0,56,0,32,64,bias_kernel,11603982221759,11603983439164,1196,206,1136.0,17704362.0,0.0,8388608.0,0.0,0.0,0.0,15496491836.0,15496491836.0,0.0,0.0,2097152.0,0.0,44924835558.0,33429657.0,50579380.0,0.0,0.0,71303168.0,150994944.0
1196,0,1,698,698,4194304,256,0,0,12,4,32,64,"void at::native::vectorized_elementwise_kernel<4, at::native::FillFunctor<int>, std::array<char*, 1ul> >(int, at::native::FillFunctor<int>, std::array<char*, 1ul>)",11603983814818,11603983857515,1197,101,1136.0,833108.0,65536.0,0.0,0.0,0.0,0.0,671483148.0,671483148.0,0.0,0.0,0.0,0.0,94132.0,1835120.0,4198304.0,0.0,0.0,4194304.0,0.0
1197,0,1,698,698,16777216,512,0,0,56,0,32,64,bias_kernel,11603984251931,11603985507623,1198,206,1136.0,18468377.0,0.0,8388608.0,0.0,0.0,0.0,16493504932.0,16493504932.0,0.0,0.0,2097152.0,0.0,44921334290.0,33430061.0,50580404.0,0.0,0.0,71303168.0,150994944.0
1198,0,1,698,698,4194304,256,0,0,12,4,32,64,"void at::native::vectorized_elementwise_kernel<4, at::native::FillFunctor<int>, std::array<char*, 1ul> >(int, at::native::FillFunctor<int>, std::array<char*, 1ul>)",11603985878024,11603985920962,1199,101,1136.0,830650.0,65536.0,0.0,0.0,0.0,0.0,675518312.0,675518312.0,0.0,0.0,0.0,0.0,100089.0,1835120.0,4198304.0,0.0,0.0,4194304.0,0.0
1199,0,1,698,698,16777216,512,0,0,56,0,32,64,bias_kernel,11603986311689,11603987552949,1200,206,1136.0,18112393.0,0.0,8388608.0,0.0,0.0,0.0,16210903368.0,16210903368.0,0.0,0.0,2097152.0,0.0,44562390304.0,33430066.0,50580936.0,0.0,0.0,71303168.0,150994944.0
1200,0,1,698,698,4194304,256,0,0,12,4,32,64,"void at::native::vectorized_elementwise_kernel<4, at::native::FillFunctor<int>, std::array<char*, 1ul> >(int, at::native::FillFunctor<int>, std::array<char*, 1ul>)",11603987934054,11603987976911,1201,101,1136.0,830375.0,65536.0,0.0,0.0,0.0,0.0,674108352.0,674108352.0,0.0,0.0,0.0,0.0,95867.0,1835120.0,4198304.0,0.0,0.0,4194304.0,0.0
1201,0,1,698,698,16777216,512,0,0,56,0,32,64,bias_kernel,11603988363029,11603989641893,1202,206,1136.0,18846482.0,0.0,8388608.0,0.0,0.0,0.0,16666470056.0,16666470056.0,0.0,0.0,2097152.0,0.0,44853610723.0,33430014.0,50580116.0,0.0,0.0,71303168.0,150994944.0
1202,0,1,698,698,4194304,256,0,0,12,4,32,64,"void at::native::vectorized_elementwise_kernel<4, at::native::FillFunctor<int>, std::array<char*, 1ul> >(int, at::native::FillFunctor<int>, std::array<char*, 1ul>)",11603990012976,11603990056275,1203,101,1136.0,747660.0,65536.0,0.0,0.0,0.0,0.0,603737784.0,603737784.0,0.0,0.0,0.0,0.0,88365.0,1835120.0,4198304.0,0.0,0.0,4194304.0,0.0
1203,0,1,698,698,16777216,512,0,0,56,0,32,64,bias_kernel,11603990448004,11603991683491,1204,206,1136.0,17448172.0,0.0,8388608.0,0.0,0.0,0.0,15344814764.0,15344814764.0,0.0,0.0,2097152.0,0.0,43598064793.0,33429189.0,50579306.0,0.0,0.0,71303168.0,150994944.0
1204,0,1,698,698,4194304,256,0,0,12,4,32,64,"void at::native::vectorized_elementwise_kernel<4, at::native::FillFunctor<int>, std::array<char*, 1ul> >(int, at::native::FillFunctor<int>, std::array<char*, 1ul>)",11603992070530,11603992113828,1205,101,1136.0,762481.0,65536.0,0.0,0.0,0.0,0.0,610003740.0,610003740.0,0.0,0.0,0.0,0.0,98077.0,1835120.0,4198304.0,0.0,0.0,4194304.0,0.0
1205,0,1,698,698,16777216,512,0,0,56,0,32,64,bias_kernel,11603992503353,11603993761651,1206,206,1136.0,18010907.0,0.0,8388608.0,0.0,0.0,0.0,15412952364.0,15412952364.0,0.0,0.0,2097152.0,0.0,43396472219.0,33429674.0,50580004.0,0.0,0.0,71303168.0,150994944.0
1206,0,1,698,698,4194304,256,0,0,12,4,32,64,"void at::native::vectorized_elementwise_kernel<4, at::native::FillFunctor<int>, std::array<char*, 1ul> >(int, at::native::FillFunctor<int>, std::array<char*, 1ul>)",11603994136182,11603994179480,1207,101,1136.0,735443.0,65536.0,0.0,0.0,0.0,0.0,591634668.0,591634668.0,0.0,0.0,0.0,0.0,83895.0,1835120.0,4198304.0,0.0,0.0,4194304.0,0.0
1207,0,1,698,698,16777216,512,0,0,56,0,32,64,bias_kernel,11603994571210,11603995819926,1208,206,1136.0,17642882.0,0.0,8388608.0,0.0,0.0,0.0,15735460432.0,15735460432.0,0.0,0.0,2097152.0,0.0,43044681224.0,33430120.0,50579828.0,0.0,0.0,71303168.0,150994944.0
1208,0,1,698,698,4194304,256,0,0,12,4,32,64,"void at::native::vectorized_elementwise_kernel<4, at::native::FillFunctor<int>, std::array<char*, 1ul> >(int, at::native::FillFunctor<int>, std::array<char*, 1ul>)",11603996208729,11603996252469,1209,101,1136.0,760818.0,65536.0,0.0,0.0,0.0,0.0,606074888.0,606074888.0,0.0,0.0,0.0,0.0,93915.0,1835120.0,4198320.0,0.0,0.0,4194304.0,0.0
1209,0,1,698,698,16777216,512,0,0,56,0,32,64,bias_kernel,11603996641512,11603997880286,1210,206,1136.0,16987034.0,0.0,8388608.0,0.0,0.0,0.0,15288570636.0,15288570636.0,0.0,0.0,2097152.0,0.0,42161961092.0,33429729.0,50579784.0,0.0,0.0,71303168.0,150994944.0
1210,0,1,698,698,4194304,256,0,0,12,4,32,64,"void at::native::vectorized_elementwise_kernel<4, at::native::FillFunctor<int>, std::array<char*, 1ul> >(int, at::native::FillFunctor<int>, std::array<char*, 1ul>)",11603998276426,11603998320245,1211,101,1136.0,767554.0,65536.0,0.0,0.0,0.0,0.0,609476112.0,609476112.0,0.0,0.0,0.0,0.0,90010.0,1835120.0,4198304.0,0.0,0.0,4194304.0,0.0
1211,0,1,698,698,16777216,512,0,0,56,0,32,64,bias_kernel,11603998709570,11603999929300,1212,206,1136.0,16860725.0,0.0,8388608.0,0.0,0.0,0.0,15211019336.0,15211019336.0,0.0,0.0,2097152.0,0.0,42798172491.0,33430021.0,50579752.0,0.0,0.0,71303168.0,150994944.0
1212,0,1,698,698,4194304,256,0,0,12,4,32,64,"void at::native::vectorized_elementwise_kernel<4, at::native::FillFunctor<int>, std::array<char*, 1ul> >(int, at::native::FillFunctor<int>, std::array<char*, 1ul>)",11604000326282,11604000370182,1213,101,1136.0,784595.0,65536.0,0.0,0.0,0.0,0.0,615211980.0,615211980.0,0.0,0.0,0.0,0.0,93399.0,1835120.0,4198320.0,0.0,0.0,4194304.0,0.0
1213,0,1,698,698,16777216,512,0,0,56,0,32,64,bias_kernel,11604000755096,11604001994952,1214,206,1136.0,17623865.0,0.0,8388608.0,0.0,0.0,0.0,16013413516.0,16013413516.0,0.0,0.0,2097152.0,0.0,43326736761.0,33430370.0,50580012.0,0.0,0.0,71303168.0,150994944.0
1214,0,1,698,698,4194304,256,0,0,12,4,32,64,"void at::native::vectorized_elementwise_kernel<4, at::native::FillFunctor<int>, std::array<char*, 1ul> >(int, at::native::FillFunctor<int>, std::array<char*, 1ul>)",11604002375376,11604002418394,1215,101,1136.0,775709.0,65536.0,0.0,0.0,0.0,0.0,627315296.0,627315296.0,0.0,0.0,0.0,0.0,89452.0,1835120.0,4198304.0,0.0,0.0,4194304.0,0.0
1215,0,1,698,698,16777216,512,0,0,56,0,32,64,bias_kernel,11604002800301,11604004018749,1216,206,1136.0,16815570.0,0.0,8388608.0,0.0,0.0,0.0,15092790076.0,15092790076.0,0.0,0.0,2097152.0,0.0,42726004035.0,33429747.0,50579708.0,0.0,0.0,71303168.0,150994944.0
1216,0,1,698,698,4194304,256,0,0,12,4,32,64,"void at::native::vectorized_elementwise_kernel<4, at::native::FillFunctor<int>, std::array<char*, 1ul> >(int, at::native::FillFunctor<int>, std::array<char*, 1ul>)",11604004406710,11604004449848,1217,101,1136.0,773439.0,65536.0,0.0,0.0,0.0,0.0,618480920.0,618480920.0,0.0,0.0,0.0,0.0,90016.0,1835120.0,4198304.0,0.0,0.0,4194304.0,0.0
1217,0,1,698,698,16777216,512,0,0,56,0,32,64,bias_kernel,11604004830793,11604006074819,1218,206,1136.0,17622062.0,0.0,8388608.0,0.0,0.0,0.0,15790016656.0,15790016656.0,0.0,0.0,2097152.0,0.0,43526768977.0,33430373.0,50580344.0,0.0,0.0,71303168.0,150994944.0
1218,0,1,698,698,4194304,256,0,0,12,4,32,64,"void at::native::vectorized_elementwise_kernel<4, at::native::FillFunctor<int>, std::array<char*, 1ul> >(int, at::native::FillFunctor<int>, std::array<char*, 1ul>)",11604006456205,11604006499664,1219,101,1136.0,786174.0,65536.0,0.0,0.0,0.0,0.0,634433620.0,634433620.0,0.0,0.0,0.0,0.0,86465.0,1835120.0,4198304.0,0.0,0.0,4194304.0,0.0
1219,0,1,698,698,16777216,512,0,0,56,0,32,64,bias_kernel,11604006875879,11604008095248,1220,206,1136.0,17165491.0,0.0,8388608.0,0.0,0.0,0.0,15228193548.0,15228193548.0,0.0,0.0,2097152.0,0.0,43213164134.0,33429673.0,50579992.0,0.0,0.0,71303168.0,150994944.0
1220,0,1,698,698,4194304,256,0,0,12,4,32,64,"void at::native::vectorized_elementwise_kernel<4, at::native::FillFunctor<int>, std::array<char*, 1ul> >(int, at::native::FillFunctor<int>, std::array<char*, 1ul>)",11604008471984,11604008515523,1221,101,1136.0,814826.0,65536.0,0.0,0.0,0.0,0.0,656683084.0,656683084.0,0.0,0.0,0.0,0.0,98831.0,1835120.0,4198304.0,0.0,0.0,4194304.0,0.0
1221,0,1,698,698,16777216,512,0,0,56,0,32,64,bias_kernel,11604008888129,11604010124097,1222,206,1136.0,17448053.0,0.0,8388608.0,0.0,0.0,0.0,16080797988.0,16080797988.0,0.0,0.0,2097152.0,0.0,43301154037.0,33430393.0,50580248.0,0.0,0.0,71303168.0,150994944.0
1222,0,1,698,698,4194304,256,0,0,12,4,32,64,"void at::native::vectorized_elementwise_kernel<4, at::native::FillFunctor<int>, std::array<char*, 1ul> >(int, at::native::FillFunctor<int>, std::array<char*, 1ul>)",11604010502917,11604010546095,1223,101,1136.0,799066.0,65536.0,0.0,0.0,0.0,0.0,653647880.0,653647880.0,0.0,0.0,0.0,0.0,85717.0,1835120.0,4198304.0,0.0,0.0,4194304.0,0.0
1223,0,1,698,698,16777216,512,0,0,56,0,32,64,bias_kernel,11604010925156,11604012159881,1224,206,1136.0,17543155.0,0.0,8388608.0,0.0,0.0,0.0,15572251372.0,15572251372.0,0.0,0.0,2097152.0,0.0,43687099456.0,33430164.0,50579820.0,0.0,0.0,71303168.0,150994944.0
1224,0,1,698,698,4194304,256,0,0,12,4,32,64,"void at::native::vectorized_elementwise_kernel<4, at::native::FillFunctor<int>, std::array<char*, 1ul> >(int, at::native::FillFunctor<int>, std::array<char*, 1ul>)",11604012530643,11604012573540,1225,101,1136.0,796746.0,65536.0,0.0,0.0,0.0,0.0,659007080.0,659007080.0,0.0,0.0,0.0,0.0,100545.0,1835120.0,4198304.0,0.0,0.0,4194304.0,0.0
1225,0,1,698,698,16777216,512,0,0,56,0,32,64,bias_kernel,11604012946106,11604014155173,1226,206,1136.0,16312797.0,0.0,8388608.0,0.0,0.0,0.0,14627132568.0,14627132568.0,0.0,0.0,2097152.0,0.0,42036790208.0,33429919.0,50579652.0,0.0,0.0,71303168.0,150994944.0
1226,0,1,698,698,4194304,256,0,0,12,4,32,64,"void at::native::vectorized_elementwise_kernel<4, at::native::FillFunctor<int>, std::array<char*, 1ul> >(int, at::native::FillFunctor<int>, std::array<char*, 1ul>)",11604014529744,11604014573082,1227,101,1136.0,822204.0,65536.0,0.0,0.0,0.0,0.0,657060572.0,657060572.0,0.0,0.0,0.0,0.0,95695.0,1835120.0,4198320.0,0.0,0.0,4194304.0,0.0
1227,0,1,698,698,16777216,512,0,0,56,0,32,64,bias_kernel,11604014946650,11604016188832,1228,206,1136.0,17718265.0,0.0,8388608.0,0.0,0.0,0.0,15939161920.0,15939161920.0,0.0,0.0,2097152.0,0.0,43208167593.0,33429827.0,50579856.0,0.0,0.0,71303168.0,150994944.0
1228,0,1,698,698,4194304,256,0,0,12,4,32,64,"void at::native::vectorized_elementwise_kernel<4, at::native::FillFunctor<int>, std::array<char*, 1ul> >(int, at::native::FillFunctor<int>, std::array<char*, 1ul>)",11604016565728,11604016609107,1229,101,1136.0,835373.0,65536.0,0.0,0.0,0.0,0.0,662805496.0,662805496.0,0.0,0.0,0.0,0.0,99982.0,1835120.0,4198320.0,0.0,0.0,4194304.0,0.0
1229,0,1,698,698,16777216,512,0,0,56,0,32,64,bias_kernel,11604016983878,11604018215195,1230,206,1136.0,17331494.0,0.0,8388608.0,0.0,0.0,0.0,15744754276.0,15744754276.0,0.0,0.0,2097152.0,0.0,43479567888.0,33430083.0,50579692.0,0.0,0.0,71303168.0,150994944.0
1230,0,1,698,698,4194304,256,0,0,12,4,32,64,"void at::native::vectorized_elementwise_kernel<4, at::native::FillFunctor<int>, std::array<char*, 1ul> >(int, at::native::FillFunctor<int>, std::array<char*, 1ul>)",11604018592452,11604018635750,1231,101,1136.0,835374.0,65536.0,0.0,0.0,0.0,0.0,667044104.0,667044104.0,0.0,0.0,0.0,0.0,96834.0,1835120.0,4198320.0,0.0,0.0,4194304.0,0.0
1231,0,1,698,698,16777216,512,0,0,56,0,32,64,bias_kernel,11604019006630,11604020232895,1232,206,1136.0,17155335.0,0.0,8388608.0,0.0,0.0,0.0,15638236224.0,15638236224.0,0.0,0.0,2097152.0,0.0,42376876086.0,33430330.0,50579860.0,0.0,0.0,71303168.0,150994944.0
1232,0,1,698,698,4194304,256,0,0,12,4,32,64,"void at::native::vectorized_elementwise_kernel<4, at::native::FillFunctor<int>, std::array<char*, 1ul> >(int, at::native::FillFunctor<int>, std::array<char*, 1ul>)",11604020622017,11604020664674,1233,101,1088.0,837434.0,65536.0,0.0,0.0,0.0,0.0,664913096.0,664913096.0,0.0,0.0,0.0,0.0,100371.0,1835120.0,4198320.0,0.0,0.0,4194304.0,0.0
1233,0,1,698,698,16777216,512,0,0,56,0,32,64,bias_kernel,11604021037401,11604022299186,1234,206,1136.0,18455984.0,0.0,8388608.0,0.0,0.0,0.0,16392014896.0,16392014896.0,0.0,0.0,2097152.0,0.0,44176752134.0,33430044.0,50580200.0,0.0,0.0,71303168.0,150994944.0
1234,0,1,698,698,4194304,256,0,0,12,4,32,64,"void at::native::vectorized_elementwise_kernel<4, at::native::FillFunctor<int>, std::array<char*, 1ul> >(int, at::native::FillFunctor<int>, std::array<char*, 1ul>)",11604022666581,11604022709358,1235,101,1136.0,827437.0,65536.0,0.0,0.0,0.0,0.0,668785152.0,668785152.0,0.0,0.0,0.0,0.0,98135.0,1835120.0,4198320.0,0.0,0.0,4194304.0,0.0
1235,0,1,698,698,16777216,512,0,0,56,0,32,64,bias_kernel,11604023081322,11604024288905,1236,206,1136.0,16954937.0,0.0,8388608.0,0.0,0.0,0.0,15243242024.0,15243242024.0,0.0,0.0,2097152.0,0.0,43460058099.0,33430006.0,50580180.0,0.0,0.0,71303168.0,150994944.0
1236,0,1,698,698,4194304,256,0,0,12,4,32,64,"void at::native::vectorized_elementwise_kernel<4, at::native::FillFunctor<int>, std::array<char*, 1ul> >(int, at::native::FillFunctor<int>, std::array<char*, 1ul>)",11604024659787,11604024702163,1237,101,1136.0,828530.0,65536.0,0.0,0.0,0.0,0.0,664600376.0,664600376.0,0.0,0.0,0.0,0.0,109907.0,1835120.0,4198320.0,0.0,0.0,4194304.0,0.0
1237,0,1,698,698,16777216,512,0,0,56,0,32,64,bias_kernel,11604025073286,11604026331383,1238,206,1136.0,18198076.0,0.0,8388608.0,0.0,0.0,0.0,16286243788.0,16286243788.0,0.0,0.0,2097152.0,0.0,44224571151.0,33430130.0,50580100.0,0.0,0.0,71303168.0,150994944.0
1238,0,1,698,698,4194304,256,0,0,12,4,32,64,"void at::native::vectorized_elementwise_kernel<4, at::native::FillFunctor<int>, std::array<char*, 1ul> >(int, at::native::FillFunctor<int>, std::array<char*, 1ul>)",11604026699579,11604026742437,1239,101,1136.0,829474.0,65536.0,0.0,0.0,0.0,0.0,674647404.0,674647404.0,0.0,0.0,0.0,0.0,100622.0,1835120.0,4198304.0,0.0,0.0,4194304.0,0.0
1239,0,1,698,698,16777216,512,0,0,56,0,32,64,bias_kernel,11604027132442,11604028373220,1240,206,1136.0,17713366.0,0.0,8388608.0,0.0,0.0,0.0,16313979348.0,16313979348.0,0.0,0.0,2097152.0,0.0,43250074816.0,33430383.0,50580744.0,0.0,0.0,71303168.0,150994944.0
1240,0,1,698,698,4194304,256,0,0,12,4,32,64,"void at::native::vectorized_elementwise_kernel<4, at::native::FillFunctor<int>, std::array<char*, 1ul> >(int, at::native::FillFunctor<int>, std::array<char*, 1ul>)",11604028743661,11604028786398,1241,101,1136.0,830341.0,65536.0,0.0,0.0,0.0,0.0,673347232.0,673347232.0,0.0,0.0,0.0,0.0,93254.0,1835120.0,4198304.0,0.0,0.0,4194304.0,0.0
1241,0,1,698,698,16777216,512,0,0,56,0,32,64,bias_kernel,11604029154715,11604030387875,1242,206,1136.0,17349771.0,0.0,8388608.0,0.0,0.0,0.0,15677290644.0,15677290644.0,0.0,0.0,2097152.0,0.0,43238839706.0,33430222.0,50580092.0,0.0,0.0,71303168.0,150994944.0
1242,0,1,698,698,4194304,256,0,0,12,4,32,64,"void at::native::vectorized_elementwise_kernel<4, at::native::FillFunctor<int>, std::array<char*, 1ul> >(int, at::native::FillFunctor<int>, std::array<char*, 1ul>)",11604030753265,11604030795721,1243,101,1136.0,823809.0,65536.0,0.0,0.0,0.0,0.0,674273764.0,674273764.0,0.0,0.0,0.0,0.0,91357.0,1835120.0,4198304.0,0.0,0.0,4194304.0,0.0
1243,0,1,698,698,16777216,512,0,0,56,0,32,64,bias_kernel,11604031163036,11604032426786,1244,206,1136.0,18693241.0,0.0,8388608.0,0.0,0.0,0.0,16571675524.0,16571675524.0,0.0,0.0,2097152.0,0.0,44728005909.0,33430069.0,50580272.0,0.0,0.0,71303168.0,150994944.0
1244,0,1,698,698,4194304,256,0,0,12,4,32,64,"void at::native::vectorized_elementwise_kernel<4, at::native::FillFunctor<int>, std::array<char*, 1ul> >(int, at::native::FillFunctor<int>, std::array<char*, 1ul>)",11604032792536,11604032835073,1245,101,1136.0,826111.0,65536.0,0.0,0.0,0.0,0.0,671709504.0,671709504.0,0.0,0.0,0.0,0.0,90642.0,1835120.0,4198304.0,0.0,0.0,4194304.0,0.0
1245,0,1,698,698,16777216,512,0,0,56,0,32,64,bias_kernel,11604033198538,11604034415702,1246,206,1136.0,16908940.0,0.0,8388608.0,0.0,0.0,0.0,15209573184.0,15209573184.0,0.0,0.0,2097152.0,0.0,42795684037.0,33430244.0,50579336.0,0.0,0.0,71303168.0,150994944.0
1246,0,1,698,698,4194304,256,0,0,12,4,32,64,"void at::native::vectorized_elementwise_kernel<4, at::native::FillFunctor<int>, std::array<char*, 1ul> >(int, at::native::FillFunctor<int>, std::array<char*, 1ul>)",11604034787386,11604034830725,1247,101,1136.0,847835.0,65536.0,0.0,0.0,0.0,0.0,673510664.0,673510664.0,0.0,0.0,0.0,0.0,95850.0,1835120.0,4198320.0,0.0,0.0,4194304.0,0.0
1247,0,1,698,698,16777216,512,0,0,56,0,32,64,bias_kernel,11604035195874,11604036447156,1248,206,1136.0,18069865.0,0.0,8388608.0,0.0,0.0,0.0,16091797120.0,16091797120.0,0.0,0.0,2097152.0,0.0,43845128172.0,33429897.0,50579472.0,0.0,0.0,71303168.0,150994944.0
1248,0,1,698,698,4194304,256,0,0,12,4,32,64,"void at::native::vectorized_elementwise_kernel<4, at::native::FillFunctor<int>, std::array<char*, 1ul> >(int, at::native::FillFunctor<int>, std::array<char*, 1ul>)",11604036812706,11604036855683,1249,101,1136.0,834251.0,65536.0,0.0,0.0,0.0,0.0,674797848.0,674797848.0,0.0,0.0,0.0,0.0,103940.0,1835120.0,4198320.0,0.0,0.0,4194304.0,0.0
1249,0,1,698,698,16777216,512,0,0,56,0,32,64,bias_kernel,11604037219309,11604038442928,1250,206,1136.0,17186005.0,0.0,8388608.0,0.0,0.0,0.0,15252685620.0,15252685620.0,0.0,0.0,2097152.0,0.0,43011553212.0,33429929.0,50579756.0,0.0,0.0,71303168.0,150994944.0
1250,0,1,698,698,4194304,256,0,0,12,4,32,64,"void at::native::vectorized_elementwise_kernel<4, at::native::FillFunctor<int>, std::array<char*, 1ul> >(int, at::native::FillFunctor<int>, std::array<char*, 1ul>)",11604038808558,11604038851335,1251,101,1136.0,838813.0,65536.0,0.0,0.0,0.0,0.0,669689324.0,669689324.0,0.0,0.0,0.0,0.0,104505.0,1835120.0,4198320.0,0.0,0.0,4194304.0,0.0
1251,0,1,698,698,16777216,512,0,0,56,0,32,64,bias_kernel,11604039216565,11604040444995,1252,206,1136.0,18007303.0,0.0,8388608.0,0.0,0.0,0.0,16122359988.0,16122359988.0,0.0,0.0,2097152.0,0.0,45042951053.0,33429846.0,50580168.0,0.0,0.0,71303168.0,150994944.0
1252,0,1,698,698,4194304,256,0,0,12,4,32,64,"void at::native::vectorized_elementwise_kernel<4, at::native::FillFunctor<int>, std::array<char*, 1ul> >(int, at::native::FillFunctor<int>, std::array<char*, 1ul>)",11604040810705,11604040853683,1253,101,1136.0,834037.0,65536.0,0.0,0.0,0.0,0.0,677437648.0,677437648.0,0.0,0.0,0.0,0.0,104208.0,1835120.0,4198320.0,0.0,0.0,4194304.0,0.0
1253,0,1,698,698,16777216,512,0,0,56,0,32,64,bias_kernel,11604041217830,11604042437479,1254,206,1136.0,17530015.0,0.0,8388608.0,0.0,0.0,0.0,15510663796.0,15510663796.0,0.0,0.0,2097152.0,0.0,44642214479.0,33429753.0,50579276.0,0.0,0.0,71303168.0,150994944.0
1254,0,1,698,698,4194304,256,0,0,12,4,32,64,"void at::native::vectorized_elementwise_kernel<4, at::native::FillFunctor<int>, std::array<char*, 1ul> >(int, at::native::FillFunctor<int>, std::array<char*, 1ul>)",11604042801145,11604042844243,1255,101,1136.0,838464.0,65536.0,0.0,0.0,0.0,0.0,679243632.0,679243632.0,0.0,0.0,0.0,0.0,96437.0,1835120.0,4198304.0,0.0,0.0,4194304.0,0.0
1255,0,1,698,698,16777216,512,0,0,56,0,32,64,bias_kernel,11604043207709,11604044427399,1256,206,1136.0,17173277.0,0.0,8388608.0,0.0,0.0,0.0,15294035372.0,15294035372.0,0.0,0.0,2097152.0,0.0,43588286524.0,33429719.0,50579764.0,0.0,0.0,71303168.0,150994944.0
1256,0,1,698,698,4194304,256,0,0,12,4,32,64,"void at::native::vectorized_elementwise_kernel<4, at::native::FillFunctor<int>, std::array<char*, 1ul> >(int, at::native::FillFunctor<int>, std::array<char*, 1ul>)",11604044793069,11604044835646,1257,101,1136.0,818657.0,65536.0,0.0,0.0,0.0,0.0,670457896.0,670457896.0,0.0,0.0,0.0,0.0,96914.0,1835120.0,4198304.0,0.0,0.0,4194304.0,0.0
1257,0,1,698,698,16777216,512,0,0,56,0,32,64,bias_kernel,11604045196144,11604046447586,1258,206,1136.0,18206227.0,0.0,8388608.0,0.0,0.0,0.0,16662967360.0,16662967360.0,0.0,0.0,2097152.0,0.0,44187471508.0,33430549.0,50580296.0,0.0,0.0,71303168.0,150994944.0
1258,0,1,698,698,4194304,256,0,0,12,4,32,64,"void at::native::vectorized_elementwise_kernel<4, at::native::FillFunctor<int>, std::array<char*, 1ul> >(int, at::native::FillFunctor<int>, std::array<char*, 1ul>)",11604046810571,11604046853709,1259,101,1136.0,846576.0,65536.0,0.0,0.0,0.0,0.0,684228160.0,684228160.0,0.0,0.0,0.0,0.0,103292.0,1835120.0,4198320.0,0.0,0.0,4194304.0,0.0
1259,0,1,698,698,16777216,512,0,0,56,0,32,64,bias_kernel,11604047217735,11604048424596,1260,206,1136.0,16443967.0,0.0,8388608.0,0.0,0.0,0.0,14663005272.0,14663005272.0,0.0,0.0,2097152.0,0.0,41972620601.0,33429606.0,50579316.0,0.0,0.0,71303168.0,150994944.0
1260,0,1,698,698,4194304,256,0,0,12,4,32,64,"void at::native::vectorized_elementwise_kernel<4, at::native::FillFunctor<int>, std::array<char*, 1ul> >(int, at::native::FillFunctor<int>, std::array<char*, 1ul>)",11604048786899,11604048830077,1261,101,1136.0,841535.0,65536.0,0.0,0.0,0.0,0.0,677401960.0,677401960.0,0.0,0.0,0.0,0.0,98576.0,1835120.0,4198320.0,0.0,0.0,4194304.0,0.0
1261,0,1,698,698,16777216,512,0,0,56,0,32,64,bias_kernel,11604049193582,11604050404131,1262,206,1136.0,16988118.0,0.0,8388608.0,0.0,0.0,0.0,15083872028.0,15083872028.0,0.0,0.0,2097152.0,0.0,43774557654.0,33429578.0,50580056.0,0.0,0.0,71303168.0,150994944.0
1262,0,1,698,698,4194304,256,0,0,12,4,32,64,"void at::native::vectorized_elementwise_kernel<4, at::native::FillFunctor<int>, std::array<char*, 1ul> >(int, at::native::FillFunctor<int>, std::array<char*, 1ul>)",11604050769000,11604050811817,1263,101,1136.0,821728.0,65536.0,0.0,0.0,0.0,0.0,668030048.0,668030048.0,0.0,0.0,0.0,0.0,96262.0,1835120.0,4198304.0,0.0,0.0,4194304.0,0.0
1263,0,1,698,698,16777216,512,0,0,56,0,32,64,bias_kernel,11604051176245,11604052405998,1264,206,1136.0,17966715.0,0.0,8388608.0,0.0,0.0,0.0,16112271252.0,16112271252.0,0.0,0.0,2097152.0,0.0,44656194760.0,33429937.0,50579832.0,0.0,0.0,71303168.0,150994944.0
1264,0,1,698,698,4194304,256,0,0,12,4,32,64,"void at::native::vectorized_elementwise_kernel<4, at::native::FillFunctor<int>, std::array<char*, 1ul> >(int, at::native::FillFunctor<int>, std::array<char*, 1ul>)",11604052772630,11604052815528,1265,101,1136.0,822452.0,65536.0,0.0,0.0,0.0,0.0,665321732.0,665321732.0,0.0,0.0,0.0,0.0,96256.0,1835120.0,4198320.0,0.0,0.0,4194304.0,0.0
1265,0,1,698,698,16777216,512,0,0,56,0,32,64,bias_kernel,11604053181158,11604054375390,1266,206,1136.0,16382540.0,0.0,8388608.0,0.0,0.0,0.0,14838502456.0,14838502456.0,0.0,0.0,2097152.0,0.0,42335567774.0,33429728.0,50579752.0,0.0,0.0,71303168.0,150994944.0
1266,0,1,698,698,4194304,256,0,0,12,4,32,64,"void at::native::vectorized_elementwise_kernel<4, at::native::FillFunctor<int>, std::array<char*, 1ul> >(int, at::native::FillFunctor<int>, std::array<char*, 1ul>)",11604054737212,11604054779909,1267,101,1136.0,829714.0,65536.0,0.0,0.0,0.0,0.0,672310528.0,672310528.0,0.0,0.0,0.0,0.0,97429.0,1835120.0,4198304.0,0.0,0.0,4194304.0,0.0
1267,0,1,698,698,16777216,512,0,0,56,0,32,64,bias_kernel,11604055141329,11604056387519,1268,206,1136.0,17948685.0,0.0,8388608.0,0.0,0.0,0.0,16142224284.0,16142224284.0,0.0,0.0,2097152.0,0.0,43915651332.0,33429963.0,50580312.0,0.0,0.0,71303168.0,150994944.0
1268,0,1,698,698,4194304,256,0,0,12,4,32,64,"void at::native::vectorized_elementwise_kernel<4, at::native::FillFunctor<int>, std::array<char*, 1ul> >(int, at::native::FillFunctor<int>, std::array<char*, 1ul>)",11604056747738,11604056790675,1269,101,1136.0,817513.0,65536.0,0.0,0.0,0.0,0.0,672991800.0,672991800.0,0.0,0.0,0.0,0.0,108215.0,1835120.0,4198320.0,0.0,0.0,4194304.0,0.0
1269,0,1,698,698,16777216,512,0,0,56,0,32,64,bias_kernel,11604057151935,11604058384735,1270,206,1136.0,17484521.0,0.0,8388608.0,0.0,0.0,0.0,15880713804.0,15880713804.0,0.0,0.0,2097152.0,0.0,43932260473.0,33430365.0,50580240.0,0.0,0.0,71303168.0,150994944.0
1270,0,1,698,698,4194304,256,0,0,12,4,32,64,"void at::native::vectorized_elementwise_kernel<4, at::native::FillFunctor<int>, std::array<char*, 1ul> >(int, at::native::FillFunctor<int>, std::array<char*, 1ul>)",11604058748682,11604058791258,1271,101,1136.0,841046.0,65536.0,0.0,0.0,0.0,0.0,669727968.0,669727968.0,0.0,0.0,0.0,0.0,100927.0,1835120.0,4198320.0,0.0,0.0,4194304.0,0.0
1271,0,1,698,698,16777216,512,0,0,56,0,32,64,bias_kernel,11604059153240,11604060367879,1272,206,1136.0,16792316.0,0.0,8388608.0,0.0,0.0,0.0,15188809980.0,15188809980.0,0.0,0.0,2097152.0,0.0,42729701673.0,33429837.0,50579656.0,0.0,0.0,71303168.0,150994944.0
1272,0,1,698,698,8388608,256,0,0,96,0,32,64,bias_kernel,11604062550044,11604063661729,1273,207,8826.0,14317162.0,0.0,8388608.0,0.0,0.0,0.0,8796415764.0,8796415764.0,0.0,0.0,2097152.0,0.0,42203800805.0,33420103.0,50474895.0,0.0,0.0,67633152.0,136314880.0
1273,0,1,698,698,4194304,256,0,0,12,4,32,64,"void at::native::vectorized_elementwise_kernel<4, at::native::FillFunctor<int>, std::array<char*, 1ul> >(int, at::native::FillFunctor<int>, std::array<char*, 1ul>)",11604064123979,11604064166756,1274,101,1136.0,826925.0,65536.0,0.0,0.0,0.0,0.0,664951972.0,664951972.0,0.0,0.0,0.0,0.0,104060.0,1835120.0,4198304.0,0.0,0.0,4194304.0,0.0
1274,0,1,698,698,8388608,256,0,0,96,0,32,64,bias_kernel,11604064549986,11604065681957,1275,207,1136.0,15683659.0,0.0,8388608.0,0.0,0.0,0.0,9853885252.0,9853885252.0,0.0,0.0,2097152.0,0.0,47113166351.0,33420468.0,50474880.0,0.0,0.0,67633152.0,136314880.0
1275,0,1,698,698,4194304,256,0,0,12,4,32,64,"void at::native::vectorized_elementwise_kernel<4, at::native::FillFunctor<int>, std::array<char*, 1ul> >(int, at::native::FillFunctor<int>, std::array<char*, 1ul>)",11604066048469,11604066091808,1276,101,1136.0,864688.0,65536.0,0.0,0.0,0.0,0.0,671963128.0,671963128.0,0.0,0.0,0.0,0.0,99236.0,1835120.0,4198304.0,0.0,0.0,4194304.0,0.0
1276,0,1,698,698,8388608,256,0,0,96,0,32,64,bias_kernel,11604066468142,11604067612020,1277,207,1136.0,16391577.0,0.0,8388608.0,0.0,0.0,0.0,10219685296.0,10219685296.0,0.0,0.0,2097152.0,0.0,47601853151.0,33420173.0,50474880.0,0.0,0.0,67633152.0,136314880.0
1277,0,1,698,698,4194304,256,0,0,12,4,32,64,"void at::native::vectorized_elementwise_kernel<4, at::native::FillFunctor<int>, std::array<char*, 1ul> >(int, at::native::FillFunctor<int>, std::array<char*, 1ul>)",11604067976127,11604068018583,1278,101,1136.0,821804.0,65536.0,0.0,0.0,0.0,0.0,669380584.0,669380584.0,0.0,0.0,0.0,0.0,100348.0,1835120.0,4198304.0,0.0,0.0,4194304.0,0.0
1278,0,1,698,698,8388608,256,0,0,96,0,32,64,bias_kernel,11604068388102,11604069524523,1279,207,1136.0,16435968.0,0.0,8388608.0,0.0,0.0,0.0,9987084072.0,9987084072.0,0.0,0.0,2097152.0,0.0,48284973057.0,33420477.0,50474880.0,0.0,0.0,67633152.0,136314880.0
1279,0,1,698,698,4194304,256,0,0,12,4,32,64,"void at::native::vectorized_elementwise_kernel<4, at::native::FillFunctor<int>, std::array<char*, 1ul> >(int, at::native::FillFunctor<int>, std::array<char*, 1ul>)",11604069887748,11604069930405,1280,101,1136.0,828270.0,65536.0,0.0,0.0,0.0,0.0,674033516.0,674033516.0,0.0,0.0,0.0,0.0,98151.0,1835120.0,4198304.0,0.0,0.0,4194304.0,0.0
1280,0,1,698,698,8388608,256,0,0,96,0,32,64,bias_kernel,11604070294552,11604071426843,1281,207,1136.0,15239358.0,0.0,8388608.0,0.0,0.0,0.0,9499087768.0,9499087768.0,0.0,0.0,2097152.0,0.0,45077582268.0,33420130.0,50474880.0,0.0,0.0,67633152.0,136314880.0
1281,0,1,698,698,4194304,256,0,0,12,4,32,64,"void at::native::vectorized_elementwise_kernel<4, at::native::FillFunctor<int>, std::array<char*, 1ul> >(int, at::native::FillFunctor<int>, std::array<char*, 1ul>)",11604071789547,11604071832805,1282,101,1136.0,848545.0,65536.0,0.0,0.0,0.0,0.0,680127588.0,680127588.0,0.0,0.0,0.0,0.0,118705.0,1835120.0,4198304.0,0.0,0.0,4194304.0,0.0
1282,0,1,698,698,8388608,256,0,0,96,0,32,64,bias_kernel,11604072193544,11604073334856,1283,207,1136.0,15522212.0,0.0,8388608.0,0.0,0.0,0.0,9804303920.0,9804303920.0,0.0,0.0,2097152.0,0.0,45226894417.0,33420794.0,50474880.0,0.0,0.0,67633152.0,136314880.0
1283,0,1,698,698,8388608,256,0,0,96,0,32,64,bias_kernel,11604073843732,11604074958784,1284,207,1136.0,14288141.0,0.0,8388608.0,0.0,0.0,0.0,8536756364.0,8536756364.0,0.0,0.0,2097152.0,0.0,42371444261.0,33419931.0,50474880.0,0.0,0.0,67633152.0,136314880.0
1284,0,1,698,698,8388608,256,0,0,96,0,32,64,bias_kernel,11604075330348,11604076444518,1285,207,1136.0,16634506.0,0.0,8388608.0,0.0,0.0,0.0,10239907616.0,10239907616.0,0.0,0.0,2097152.0,0.0,49631577697.0,33420501.0,50474880.0,0.0,0.0,67633152.0,136314880.0
1285,0,1,698,698,8388608,256,0,0,96,0,32,64,bias_kernel,11604076827468,11604077943162,1286,207,1136.0,17028103.0,0.0,8388608.0,0.0,0.0,0.0,10521993584.0,10521993584.0,0.0,0.0,2097152.0,0.0,49855633091.0,33420237.0,50474880.0,0.0,0.0,67633152.0,136314880.0
1286,0,1,698,698,8388608,256,0,0,96,0,32,64,bias_kernel,11604078336775,11604079449903,1287,207,1136.0,15381042.0,0.0,8388608.0,0.0,0.0,0.0,9341677668.0,9341677668.0,0.0,0.0,2097152.0,0.0,45227815843.0,33419978.0,50474880.0,0.0,0.0,67633152.0,136314880.0
1287,0,1,698,698,8388608,256,0,0,96,0,32,64,bias_kernel,11604079858110,11604080973724,1288,207,1136.0,16121979.0,0.0,8388608.0,0.0,0.0,0.0,9949892380.0,9949892380.0,0.0,0.0,2097152.0,0.0,47604201222.0,33420047.0,50474880.0,0.0,0.0,67633152.0,136314880.0
1288,0,1,698,698,8388608,256,0,0,96,0,32,64,bias_kernel,11604081384096,11604082500912,1289,207,1136.0,15154056.0,0.0,8388608.0,0.0,0.0,0.0,9400438144.0,9400438144.0,0.0,0.0,2097152.0,0.0,44679143449.0,33420194.0,50474880.0,0.0,0.0,67633152.0,136314880.0
1289,0,1,698,698,8388608,256,0,0,96,0,32,64,bias_kernel,11604082904285,11604084018095,1290,207,1326.0,16456022.0,0.0,8388608.0,0.0,0.0,0.0,10341280092.0,10341280092.0,0.0,0.0,2097152.0,0.0,49184970660.0,33419754.0,50474880.0,0.0,0.0,67633152.0,136314880.0
1290,0,1,698,698,8388608,256,0,0,96,0,32,64,bias_kernel,11604084448030,11604085567773,1291,207,1136.0,15740044.0,0.0,8388608.0,0.0,0.0,0.0,9727551632.0,9727551632.0,0.0,0.0,2097152.0,0.0,46093774692.0,33420246.0,50474880.0,0.0,0.0,67633152.0,136314880.0
1291,0,1,698,698,8388608,256,0,0,96,0,32,64,bias_kernel,11604085976502,11604087089269,1292,207,1136.0,16463441.0,0.0,8388608.0,0.0,0.0,0.0,10362593356.0,10362593356.0,0.0,0.0,2097152.0,0.0,48854434931.0,33420320.0,50474880.0,0.0,0.0,67633152.0,136314880.0
1292,0,1,698,698,8388608,256,0,0,96,0,32,64,bias_kernel,11604087513232,11604088625719,1293,207,1136.0,15814576.0,0.0,8388608.0,0.0,0.0,0.0,9964299200.0,9964299200.0,0.0,0.0,2097152.0,0.0,47373061719.0,33420648.0,50474880.0,0.0,0.0,67633152.0,136314880.0
1293,0,1,698,698,8388608,256,0,0,96,0,32,64,bias_kernel,11604089024264,11604090135147,1294,207,1136.0,16234667.0,0.0,8388608.0,0.0,0.0,0.0,9984595588.0,9984595588.0,0.0,0.0,2097152.0,0.0,48427012198.0,33419863.0,50474880.0,0.0,0.0,67633152.0,136314880.0
1294,0,1,698,698,8388608,256,0,0,96,0,32,64,bias_kernel,11604090564603,11604091681419,1295,207,1136.0,15644039.0,0.0,8388608.0,0.0,0.0,0.0,9717110248.0,9717110248.0,0.0,0.0,2097152.0,0.0,46386711505.0,33420751.0,50474880.0,0.0,0.0,67633152.0,136314880.0
1295,0,1,698,698,8388608,256,0,0,96,0,32,64,bias_kernel,11604092103097,11604093218109,1296,207,1136.0,15681271.0,0.0,8388608.0,0.0,0.0,0.0,9790904276.0,9790904276.0,0.0,0.0,2097152.0,0.0,46350380452.0,33419883.0,50474880.0,0.0,0.0,67633152.0,136314880.0
1296,0,1,698,698,4194304,256,0,0,12,4,32,64,"void at::native::vectorized_elementwise_kernel<4, at::native::FillFunctor<int>, std::array<char*, 1ul> >(int, at::native::FillFunctor<int>, std::array<char*, 1ul>)",11604093633613,11604093677112,1297,101,1816.0,700255.0,65536.0,0.0,0.0,0.0,0.0,559876456.0,559876456.0,0.0,0.0,0.0,0.0,84346.0,1835120.0,4198304.0,0.0,0.0,4194304.0,0.0
1297,0,1,698,698,8388608,256,0,0,96,0,32,64,bias_kernel,11604094092455,11604095228636,1298,207,1136.0,17128760.0,0.0,8388608.0,0.0,0.0,0.0,10702555724.0,10702555724.0,0.0,0.0,2097152.0,0.0,50855037981.0,33420561.0,50474880.0,0.0,0.0,67633152.0,136314880.0
1298,0,1,698,698,4194304,256,0,0,12,4,32,64,"void at::native::vectorized_elementwise_kernel<4, at::native::FillFunctor<int>, std::array<char*, 1ul> >(int, at::native::FillFunctor<int>, std::array<char*, 1ul>)",11604095641133,11604095685113,1299,101,1136.0,766235.0,65536.0,0.0,0.0,0.0,0.0,600494608.0,600494608.0,0.0,0.0,0.0,0.0,90244.0,1835120.0,4198304.0,0.0,0.0,4194304.0,0.0
1299,0,1,698,698,8388608,256,0,0,96,0,32,64,bias_kernel,11604096080090,11604097212141,1300,207,1221.0,14570835.0,0.0,8388608.0,0.0,0.0,0.0,9104299324.0,9104299324.0,0.0,0.0,2097152.0,0.0,42993989053.0,33421152.0,50474880.0,0.0,0.0,67633152.0,136314880.0
1300,0,1,698,698,4194304,256,0,0,12,4,32,64,"void at::native::vectorized_elementwise_kernel<4, at::native::FillFunctor<int>, std::array<char*, 1ul> >(int, at::native::FillFunctor<int>, std::array<char*, 1ul>)",11604097608361,11604097651459,1301,101,1136.0,780887.0,65536.0,0.0,0.0,0.0,0.0,635411968.0,635411968.0,0.0,0.0,0.0,0.0,94053.0,1835120.0,4198304.0,0.0,0.0,4194304.0,0.0
1301,0,1,698,698,8388608,256,0,0,96,0,32,64,bias_kernel,11604098050726,11604099184461,1302,207,1136.0,14806647.0,0.0,8388608.0,0.0,0.0,0.0,9231239996.0,9231239996.0,0.0,0.0,2097152.0,0.0,43735050491.0,33420518.0,50474880.0,0.0,0.0,67633152.0,136314880.0
1302,0,1,698,698,4194304,256,0,0,12,4,32,64,"void at::native::vectorized_elementwise_kernel<4, at::native::FillFunctor<int>, std::array<char*, 1ul> >(int, at::native::FillFunctor<int>, std::array<char*, 1ul>)",11604099576351,11604099619168,1303,101,1136.0,783203.0,65536.0,0.0,0.0,0.0,0.0,625078600.0,625078600.0,0.0,0.0,0.0,0.0,93616.0,1835120.0,4198304.0,0.0,0.0,4194304.0,0.0
1303,0,1,698,698,8388608,256,0,0,96,0,32,64,bias_kernel,11604100010377,11604101146196,1304,207,1136.0,14922537.0,0.0,8388608.0,0.0,0.0,0.0,9033169672.0,9033169672.0,0.0,0.0,2097152.0,0.0,44419655709.0,33420636.0,50474880.0,0.0,0.0,67633152.0,136314880.0
1304,0,1,698,698,4194304,256,0,0,12,4,32,64,"void at::native::vectorized_elementwise_kernel<4, at::native::FillFunctor<int>, std::array<char*, 1ul> >(int, at::native::FillFunctor<int>, std::array<char*, 1ul>)",11604101545583,11604101589162,1305,101,1136.0,757779.0,65536.0,0.0,0.0,0.0,0.0,611209828.0,611209828.0,0.0,0.0,0.0,0.0,87985.0,1835120.0,4198304.0,0.0,0.0,4194304.0,0.0
1305,0,1,698,698,8388608,256,0,0,96,0,32,64,bias_kernel,11604101993240,11604103131225,1306,207,1136.0,14995268.0,0.0,8388608.0,0.0,0.0,0.0,9435330620.0,9435330620.0,0.0,0.0,2097152.0,0.0,43981192992.0,33420429.0,50474896.0,0.0,0.0,67633152.0,136314880.0
1306,0,1,698,698,4194304,256,0,0,12,4,32,64,"void at::native::vectorized_elementwise_kernel<4, at::native::FillFunctor<int>, std::array<char*, 1ul> >(int, at::native::FillFunctor<int>, std::array<char*, 1ul>)",11604103533138,11604103576356,1307,101,1136.0,767620.0,65536.0,0.0,0.0,0.0,0.0,611451484.0,611451484.0,0.0,0.0,0.0,0.0,88805.0,1835120.0,4198304.0,0.0,0.0,4194304.0,0.0
1307,0,1,698,698,8388608,256,0,0,96,0,32,64,bias_kernel,11604103969769,11604105101340,1308,207,1221.0,14953048.0,0.0,8388608.0,0.0,0.0,0.0,9409533728.0,9409533728.0,0.0,0.0,2097152.0,0.0,44486620522.0,33420532.0,50474880.0,0.0,0.0,67633152.0,136314880.0
1308,0,1,698,698,4194304,256,0,0,12,4,32,64,"void at::native::vectorized_elementwise_kernel<4, at::native::FillFunctor<int>, std::array<char*, 1ul> >(int, at::native::FillFunctor<int>, std::array<char*, 1ul>)",11604105495996,11604105539655,1309,101,1136.0,767378.0,65536.0,0.0,0.0,0.0,0.0,608063688.0,608063688.0,0.0,0.0,0.0,0.0,87727.0,1835120.0,4198304.0,0.0,0.0,4194304.0,0.0
1309,0,1,698,698,8388608,256,0,0,96,0,32,64,bias_kernel,11604105940766,11604107078029,1310,207,1136.0,15171619.0,0.0,8388608.0,0.0,0.0,0.0,9474879580.0,9474879580.0,0.0,0.0,2097152.0,0.0,44438956707.0,33420858.0,50474880.0,0.0,0.0,67633152.0,136314880.0
1310,0,1,698,698,4194304,256,0,0,12,4,32,64,"void at::native::vectorized_elementwise_kernel<4, at::native::FillFunctor<int>, std::array<char*, 1ul> >(int, at::native::FillFunctor<int>, std::array<char*, 1ul>)",11604107468556,11604107511654,1311,101,1136.0,740104.0,65536.0,0.0,0.0,0.0,0.0,592909736.0,592909736.0,0.0,0.0,0.0,0.0,89568.0,1835120.0,4198304.0,0.0,0.0,4194304.0,0.0
1311,0,1,698,698,8388608,256,0,0,96,0,32,64,bias_kernel,11604107920222,11604109055120,1312,207,1136.0,15059838.0,0.0,8388608.0,0.0,0.0,0.0,9177392784.0,9177392784.0,0.0,0.0,2097152.0,0.0,44705016839.0,33420622.0,50474896.0,0.0,0.0,67633152.0,136314880.0
1312,0,1,698,698,4194304,256,0,0,12,4,32,64,"void at::native::vectorized_elementwise_kernel<4, at::native::FillFunctor<int>, std::array<char*, 1ul> >(int, at::native::FillFunctor<int>, std::array<char*, 1ul>)",11604109453184,11604109496362,1313,101,1136.0,740226.0,65536.0,0.0,0.0,0.0,0.0,592016088.0,592016088.0,0.0,0.0,0.0,0.0,95094.0,1835120.0,4198304.0,0.0,0.0,4194304.0,0.0
1313,0,1,698,698,8388608,256,0,0,96,0,32,64,bias_kernel,11604109896230,11604111030727,1314,207,1136.0,15051268.0,0.0,8388608.0,0.0,0.0,0.0,9314019140.0,9314019140.0,0.0,0.0,2097152.0,0.0,44384119668.0,33420444.0,50474879.0,0.0,0.0,67633152.0,136314880.0
1314,0,1,698,698,4194304,256,0,0,12,4,32,64,"void at::native::vectorized_elementwise_kernel<4, at::native::FillFunctor<int>, std::array<char*, 1ul> >(int, at::native::FillFunctor<int>, std::array<char*, 1ul>)",11604111411151,11604111454730,1315,101,1136.0,739818.0,65536.0,0.0,0.0,0.0,0.0,587296572.0,587296572.0,0.0,0.0,0.0,0.0,94705.0,1835120.0,4198320.0,0.0,0.0,4194304.0,0.0
1315,0,1,698,698,8388608,256,0,0,96,0,32,64,bias_kernel,11604111861694,11604112998196,1316,207,1221.0,15108981.0,0.0,8388608.0,0.0,0.0,0.0,9421144912.0,9421144912.0,0.0,0.0,2097152.0,0.0,44728348957.0,33420705.0,50474880.0,0.0,0.0,67633152.0,136314880.0
1316,0,1,698,698,4194304,256,0,0,12,4,32,64,"void at::native::vectorized_elementwise_kernel<4, at::native::FillFunctor<int>, std::array<char*, 1ul> >(int, at::native::FillFunctor<int>, std::array<char*, 1ul>)",11604113387199,11604113430738,1317,101,1136.0,758168.0,65536.0,0.0,0.0,0.0,0.0,606210532.0,606210532.0,0.0,0.0,0.0,0.0,89540.0,1835120.0,4198304.0,0.0,0.0,4194304.0,0.0
1317,0,1,698,698,8388608,256,0,0,96,0,32,64,bias_kernel,11604113826597,11604114964221,1318,207,1136.0,15385101.0,0.0,8388608.0,0.0,0.0,0.0,9664893408.0,9664893408.0,0.0,0.0,2097152.0,0.0,45316802134.0,33420126.0,50474879.0,0.0,0.0,67633152.0,136314880.0
1318,0,1,698,698,4194304,256,0,0,12,4,32,64,"void at::native::vectorized_elementwise_kernel<4, at::native::FillFunctor<int>, std::array<char*, 1ul> >(int, at::native::FillFunctor<int>, std::array<char*, 1ul>)",11604115350378,11604115394117,1319,101,1136.0,741667.0,65536.0,0.0,0.0,0.0,0.0,592555092.0,592555092.0,0.0,0.0,0.0,0.0,90653.0,1835120.0,4198320.0,0.0,0.0,4194304.0,0.0
1319,0,1,698,698,8388608,256,0,0,96,0,32,64,bias_kernel,11604115796832,11604116934215,1320,207,1136.0,15067682.0,0.0,8388608.0,0.0,0.0,0.0,9492972528.0,9492972528.0,0.0,0.0,2097152.0,0.0,44380897493.0,33420647.0,50474896.0,0.0,0.0,67633152.0,136314880.0
1320,0,1,698,698,4194304,256,0,0,12,4,32,64,"void at::native::vectorized_elementwise_kernel<4, at::native::FillFunctor<int>, std::array<char*, 1ul> >(int, at::native::FillFunctor<int>, std::array<char*, 1ul>)",11604117316323,11604117360143,1321,101,1136.0,770953.0,65536.0,0.0,0.0,0.0,0.0,600378260.0,600378260.0,0.0,0.0,0.0,0.0,92322.0,1835120.0,4198320.0,0.0,0.0,4194304.0,0.0
1321,0,1,698,698,8388608,256,0,0,96,0,32,64,bias_kernel,11604117765022,11604118901003,1322,207,1136.0,15561891.0,0.0,8388608.0,0.0,0.0,0.0,9536238916.0,9536238916.0,0.0,0.0,2097152.0,0.0,46456018718.0,33420329.0,50474896.0,0.0,0.0,67633152.0,136314880.0
1322,0,1,698,698,4194304,256,0,0,12,4,32,64,"void at::native::vectorized_elementwise_kernel<4, at::native::FillFunctor<int>, std::array<char*, 1ul> >(int, at::native::FillFunctor<int>, std::array<char*, 1ul>)",11604119277939,11604119321117,1323,101,1136.0,796793.0,65536.0,0.0,0.0,0.0,0.0,649933208.0,649933208.0,0.0,0.0,0.0,0.0,98934.0,1835120.0,4198304.0,0.0,0.0,4194304.0,0.0
1323,0,1,698,698,8388608,256,0,0,96,0,32,64,bias_kernel,11604119716976,11604120847945,1324,207,1221.0,15524440.0,0.0,8388608.0,0.0,0.0,0.0,9704558704.0,9704558704.0,0.0,0.0,2097152.0,0.0,46728748903.0,33421230.0,50474880.0,0.0,0.0,67633152.0,136314880.0
1324,0,1,698,698,4194304,256,0,0,12,4,32,64,"void at::native::vectorized_elementwise_kernel<4, at::native::FillFunctor<int>, std::array<char*, 1ul> >(int, at::native::FillFunctor<int>, std::array<char*, 1ul>)",11604121233781,11604121276959,1325,101,1136.0,831143.0,65536.0,0.0,0.0,0.0,0.0,674379952.0,674379952.0,0.0,0.0,0.0,0.0,104278.0,1835120.0,4198304.0,0.0,0.0,4194304.0,0.0
1325,0,1,698,698,8388608,256,0,0,96,0,32,64,bias_kernel,11604121676266,11604122808237,1326,207,1136.0,15739198.0,0.0,8388608.0,0.0,0.0,0.0,9802074404.0,9802074404.0,0.0,0.0,2097152.0,0.0,46691434968.0,33420526.0,50474896.0,0.0,0.0,67633152.0,136314880.0
1326,0,1,698,698,4194304,256,0,0,12,4,32,64,"void at::native::vectorized_elementwise_kernel<4, at::native::FillFunctor<int>, std::array<char*, 1ul> >(int, at::native::FillFunctor<int>, std::array<char*, 1ul>)",11604123187098,11604123230195,1327,101,1136.0,844697.0,65536.0,0.0,0.0,0.0,0.0,669690632.0,669690632.0,0.0,0.0,0.0,0.0,102301.0,1835120.0,4198320.0,0.0,0.0,4194304.0,0.0
1327,0,1,698,698,8388608,256,0,0,96,0,32,64,bias_kernel,11604123618517,11604124751771,1328,207,1136.0,16106120.0,0.0,8388608.0,0.0,0.0,0.0,9829008056.0,9829008056.0,0.0,0.0,2097152.0,0.0,47936658815.0,33420007.0,50474882.0,0.0,0.0,67633152.0,136314880.0
1328,0,1,698,698,4194304,256,0,0,12,4,32,64,"void at::native::vectorized_elementwise_kernel<4, at::native::FillFunctor<int>, std::array<char*, 1ul> >(int, at::native::FillFunctor<int>, std::array<char*, 1ul>)",11604125127866,11604125170683,1329,101,1136.0,843014.0,65536.0,0.0,0.0,0.0,0.0,674585148.0,674585148.0,0.0,0.0,0.0,0.0,98275.0,1835120.0,4198304.0,0.0,0.0,4194304.0,0.0
1329,0,1,698,698,8388608,256,0,0,96,0,32,64,bias_kernel,11604125559927,11604126690374,1330,207,1136.0,16312895.0,0.0,8388608.0,0.0,0.0,0.0,10323040568.0,10323040568.0,0.0,0.0,2097152.0,0.0,48579491864.0,33420567.0,50474896.0,0.0,0.0,67633152.0,136314880.0
1330,0,1,698,698,4194304,256,0,0,12,4,32,64,"void at::native::vectorized_elementwise_kernel<4, at::native::FillFunctor<int>, std::array<char*, 1ul> >(int, at::native::FillFunctor<int>, std::array<char*, 1ul>)",11604127071961,11604127115059,1331,101,1136.0,850454.0,65536.0,0.0,0.0,0.0,0.0,679074256.0,679074256.0,0.0,0.0,0.0,0.0,101580.0,1835120.0,4198320.0,0.0,0.0,4194304.0,0.0
1331,0,1,698,698,8388608,256,0,0,96,0,32,64,bias_kernel,11604127499773,11604128629378,1332,207,1221.0,15965362.0,0.0,8388608.0,0.0,0.0,0.0,9959824256.0,9959824256.0,0.0,0.0,2097152.0,0.0,48193420423.0,33420142.0,50474896.0,0.0,0.0,67633152.0,136314880.0
1332,0,1,698,698,4194304,256,0,0,12,4,32,64,"void at::native::vectorized_elementwise_kernel<4, at::native::FillFunctor<int>, std::array<char*, 1ul> >(int, at::native::FillFunctor<int>, std::array<char*, 1ul>)",11604129005072,11604129048009,1333,101,1136.0,836698.0,65536.0,0.0,0.0,0.0,0.0,676853216.0,676853216.0,0.0,0.0,0.0,0.0,100948.0,1835120.0,4198304.0,0.0,0.0,4194304.0,0.0
1333,0,1,698,698,8388608,256,0,0,96,0,32,64,bias_kernel,11604129424665,11604130560645,1334,207,1136.0,15659751.0,0.0,8388608.0,0.0,0.0,0.0,9731022360.0,9731022360.0,0.0,0.0,2097152.0,0.0,45905021917.0,33420551.0,50474880.0,0.0,0.0,67633152.0,136314880.0
1334,0,1,698,698,4194304,256,0,0,12,4,32,64,"void at::native::vectorized_elementwise_kernel<4, at::native::FillFunctor<int>, std::array<char*, 1ul> >(int, at::native::FillFunctor<int>, std::array<char*, 1ul>)",11604130936699,11604130979476,1335,101,1136.0,827711.0,65536.0,0.0,0.0,0.0,0.0,676302476.0,676302476.0,0.0,0.0,0.0,0.0,108435.0,1835120.0,4198304.0,0.0,0.0,4194304.0,0.0
1335,0,1,698,698,8388608,256,0,0,96,0,32,64,bias_kernel,11604131353125,11604132483853,1336,207,1136.0,14601578.0,0.0,8388608.0,0.0,0.0,0.0,9078969496.0,9078969496.0,0.0,0.0,2097152.0,0.0,43132109239.0,33420505.0,50474896.0,0.0,0.0,67633152.0,136314880.0
1336,0,1,698,698,4194304,256,0,0,12,4,32,64,"void at::native::vectorized_elementwise_kernel<4, at::native::FillFunctor<int>, std::array<char*, 1ul> >(int, at::native::FillFunctor<int>, std::array<char*, 1ul>)",11604132862273,11604132905050,1337,101,1136.0,839786.0,65536.0,0.0,0.0,0.0,0.0,674758364.0,674758364.0,0.0,0.0,0.0,0.0,100859.0,1835120.0,4198320.0,0.0,0.0,4194304.0,0.0
1337,0,1,698,698,8388608,256,0,0,96,0,32,64,bias_kernel,11604133282267,11604134421895,1338,207,1136.0,14922249.0,0.0,8388608.0,0.0,0.0,0.0,9359814420.0,9359814420.0,0.0,0.0,2097152.0,0.0,43994559513.0,33420489.0,50474896.0,0.0,0.0,67633152.0,136314880.0
1338,0,1,698,698,4194304,256,0,0,12,4,32,64,"void at::native::vectorized_elementwise_kernel<4, at::native::FillFunctor<int>, std::array<char*, 1ul> >(int, at::native::FillFunctor<int>, std::array<char*, 1ul>)",11604134798190,11604134840847,1339,101,1136.0,823809.0,65536.0,0.0,0.0,0.0,0.0,673607012.0,673607012.0,0.0,0.0,0.0,0.0,90873.0,1835120.0,4198304.0,0.0,0.0,4194304.0,0.0
1339,0,1,698,698,8388608,256,0,0,96,0,32,64,bias_kernel,11604135213292,11604136345745,1340,207,1221.0,14646041.0,0.0,8388608.0,0.0,0.0,0.0,8984890460.0,8984890460.0,0.0,0.0,2097152.0,0.0,43569848895.0,33420304.0,50474880.0,0.0,0.0,67633152.0,136314880.0
1340,0,1,698,698,4194304,256,0,0,12,4,32,64,"void at::native::vectorized_elementwise_kernel<4, at::native::FillFunctor<int>, std::array<char*, 1ul> >(int, at::native::FillFunctor<int>, std::array<char*, 1ul>)",11604136722961,11604136766460,1341,101,1136.0,790155.0,65536.0,0.0,0.0,0.0,0.0,638502624.0,638502624.0,0.0,0.0,0.0,0.0,89221.0,1835120.0,4198304.0,0.0,0.0,4194304.0,0.0
1341,0,1,698,698,8388608,256,0,0,96,0,32,64,bias_kernel,11604137157388,11604138290682,1342,207,1136.0,14679431.0,0.0,8388608.0,0.0,0.0,0.0,9190623496.0,9190623496.0,0.0,0.0,2097152.0,0.0,43719876092.0,33420211.0,50474896.0,0.0,0.0,67633152.0,136314880.0
1342,0,1,698,698,4194304,256,0,0,12,4,32,64,"void at::native::vectorized_elementwise_kernel<4, at::native::FillFunctor<int>, std::array<char*, 1ul> >(int, at::native::FillFunctor<int>, std::array<char*, 1ul>)",11604138681730,11604138725430,1343,101,1136.0,803403.0,65536.0,0.0,0.0,0.0,0.0,641981792.0,641981792.0,0.0,0.0,0.0,0.0,87501.0,1835120.0,4198304.0,0.0,0.0,4194304.0,0.0
1343,0,1,698,698,8388608,256,0,0,96,0,32,64,bias_kernel,11604139111987,11604140243558,1344,207,1136.0,14753210.0,0.0,8388608.0,0.0,0.0,0.0,9119652788.0,9119652788.0,0.0,0.0,2097152.0,0.0,44392127638.0,33420659.0,50474880.0,0.0,0.0,67633152.0,136314880.0
1344,0,1,698,698,4194304,256,0,0,12,4,32,64,"void at::native::vectorized_elementwise_kernel<4, at::native::FillFunctor<int>, std::array<char*, 1ul> >(int, at::native::FillFunctor<int>, std::array<char*, 1ul>)",11604140629474,11604140672452,1345,101,1136.0,759012.0,65536.0,0.0,0.0,0.0,0.0,610744528.0,610744528.0,0.0,0.0,0.0,0.0,96377.0,1835120.0,4198320.0,0.0,0.0,4194304.0,0.0
1345,0,1,698,698,8388608,256,0,0,96,0,32,64,bias_kernel,11604141054399,11604142184847,1346,207,1136.0,15017330.0,0.0,8388608.0,0.0,0.0,0.0,9411120600.0,9411120600.0,0.0,0.0,2097152.0,0.0,44773715398.0,33420576.0,50474896.0,0.0,0.0,67633152.0,136314880.0
1346,0,1,698,698,4194304,256,0,0,12,4,32,64,"void at::native::vectorized_elementwise_kernel<4, at::native::FillFunctor<int>, std::array<char*, 1ul> >(int, at::native::FillFunctor<int>, std::array<char*, 1ul>)",11604142570924,11604142614543,1347,101,1136.0,773042.0,65536.0,0.0,0.0,0.0,0.0,612565648.0,612565648.0,0.0,0.0,0.0,0.0,93473.0,1835120.0,4198304.0,0.0,0.0,4194304.0,0.0
1347,0,1,698,698,8388608,256,0,0,96,0,32,64,bias_kernel,11604142997813,11604144137362,1348,207,1221.0,15310717.0,0.0,8388608.0,0.0,0.0,0.0,9231116468.0,9231116468.0,0.0,0.0,2097152.0,0.0,45549862661.0,33420665.0,50474880.0,0.0,0.0,67633152.0,136314880.0
1348,0,1,698,698,4194304,256,0,0,12,4,32,64,"void at::native::vectorized_elementwise_kernel<4, at::native::FillFunctor<int>, std::array<char*, 1ul> >(int, at::native::FillFunctor<int>, std::array<char*, 1ul>)",11604144513456,11604144556995,1349,101,1136.0,748214.0,65536.0,0.0,0.0,0.0,0.0,593570204.0,593570204.0,0.0,0.0,0.0,0.0,81645.0,1835120.0,4198304.0,0.0,0.0,4194304.0,0.0
1349,0,1,698,698,8388608,256,0,0,96,0,32,64,bias_kernel,11604144949566,11604146082860,1350,207,1136.0,15117136.0,0.0,8388608.0,0.0,0.0,0.0,9396406836.0,9396406836.0,0.0,0.0,2097152.0,0.0,44607797332.0,33420748.0,50474896.0,0.0,0.0,67633152.0,136314880.0
1350,0,1,698,698,4194304,256,0,0,12,4,32,64,"void at::native::vectorized_elementwise_kernel<4, at::native::FillFunctor<int>, std::array<char*, 1ul> >(int, at::native::FillFunctor<int>, std::array<char*, 1ul>)",11604146454104,11604146497683,1351,101,1136.0,765945.0,65536.0,0.0,0.0,0.0,0.0,607269292.0,607269292.0,0.0,0.0,0.0,0.0,100002.0,1835120.0,4198320.0,0.0,0.0,4194304.0,0.0
1351,0,1,698,698,8388608,256,0,0,96,0,32,64,bias_kernel,11604146883338,11604148017955,1352,207,1136.0,15351460.0,0.0,8388608.0,0.0,0.0,0.0,9629394240.0,9629394240.0,0.0,0.0,2097152.0,0.0,45594185317.0,33420659.0,50474880.0,0.0,0.0,67633152.0,136314880.0
1352,0,1,698,698,4194304,256,0,0,12,4,32,64,"void at::native::vectorized_elementwise_kernel<4, at::native::FillFunctor<int>, std::array<char*, 1ul> >(int, at::native::FillFunctor<int>, std::array<char*, 1ul>)",11604148412490,11604148456069,1353,101,1088.0,745888.0,65536.0,0.0,0.0,0.0,0.0,591674128.0,591674128.0,0.0,0.0,0.0,0.0,82543.0,1835120.0,4198304.0,0.0,0.0,4194304.0,0.0
1353,0,1,698,698,8388608,256,0,0,96,0,32,64,bias_kernel,11604148845754,11604149982777,1354,207,1136.0,15383660.0,0.0,8388608.0,0.0,0.0,0.0,9476975176.0,9476975176.0,0.0,0.0,2097152.0,0.0,45005820649.0,33420516.0,50474880.0,0.0,0.0,67633152.0,136314880.0
1354,0,1,698,698,4194304,256,0,0,12,4,32,64,"void at::native::vectorized_elementwise_kernel<4, at::native::FillFunctor<int>, std::array<char*, 1ul> >(int, at::native::FillFunctor<int>, std::array<char*, 1ul>)",11604150352016,11604150394953,1355,101,1136.0,808680.0,65536.0,0.0,0.0,0.0,0.0,645303244.0,645303244.0,0.0,0.0,0.0,0.0,100683.0,1835120.0,4198320.0,0.0,0.0,4194304.0,0.0
1355,0,1,698,698,8388608,256,0,0,96,0,32,64,bias_kernel,11604150777462,11604151911879,1356,207,1221.0,15814713.0,0.0,8388608.0,0.0,0.0,0.0,9719899392.0,9719899392.0,0.0,0.0,2097152.0,0.0,47081307281.0,33420829.0,50474880.0,0.0,0.0,67633152.0,136314880.0
1356,0,1,698,698,4194304,256,0,0,12,4,32,64,"void at::native::vectorized_elementwise_kernel<4, at::native::FillFunctor<int>, std::array<char*, 1ul> >(int, at::native::FillFunctor<int>, std::array<char*, 1ul>)",11604152279113,11604152321930,1357,101,1136.0,827379.0,65536.0,0.0,0.0,0.0,0.0,674499736.0,674499736.0,0.0,0.0,0.0,0.0,102513.0,1835120.0,4198320.0,0.0,0.0,4194304.0,0.0
1357,0,1,698,698,8388608,256,0,0,96,0,32,64,bias_kernel,11604152707846,11604153845510,1358,207,1136.0,16005067.0,0.0,8388608.0,0.0,0.0,0.0,10055362612.0,10055362612.0,0.0,0.0,2097152.0,0.0,46856054964.0,33420081.0,50474880.0,0.0,0.0,67633152.0,136314880.0
1358,0,1,698,698,4194304,256,0,0,12,4,32,64,"void at::native::vectorized_elementwise_kernel<4, at::native::FillFunctor<int>, std::array<char*, 1ul> >(int, at::native::FillFunctor<int>, std::array<char*, 1ul>)",11604154216754,11604154259651,1359,101,1136.0,827531.0,65536.0,0.0,0.0,0.0,0.0,671301248.0,671301248.0,0.0,0.0,0.0,0.0,94097.0,1835120.0,4198304.0,0.0,0.0,4194304.0,0.0
1359,0,1,698,698,8388608,256,0,0,96,0,32,64,bias_kernel,11604154639955,11604155775935,1360,207,1136.0,16376000.0,0.0,8388608.0,0.0,0.0,0.0,10294711572.0,10294711572.0,0.0,0.0,2097152.0,0.0,49053397798.0,33420448.0,50474880.0,0.0,0.0,67633152.0,136314880.0
1360,0,1,698,698,4194304,256,0,0,12,4,32,64,"void at::native::vectorized_elementwise_kernel<4, at::native::FillFunctor<int>, std::array<char*, 1ul> >(int, at::native::FillFunctor<int>, std::array<char*, 1ul>)",11604156143490,11604156186427,1361,101,1136.0,831259.0,65536.0,0.0,0.0,0.0,0.0,670232364.0,670232364.0,0.0,0.0,0.0,0.0,95110.0,1835120.0,4198304.0,0.0,0.0,4194304.0,0.0
1361,0,1,698,698,8388608,256,0,0,96,0,32,64,bias_kernel,11604156556107,11604157692688,1362,207,1136.0,16352472.0,0.0,8388608.0,0.0,0.0,0.0,10372054828.0,10372054828.0,0.0,0.0,2097152.0,0.0,48789662196.0,33420423.0,50474880.0,0.0,0.0,67633152.0,136314880.0
1362,0,1,698,698,4194304,256,0,0,12,4,32,64,"void at::native::vectorized_elementwise_kernel<4, at::native::FillFunctor<int>, std::array<char*, 1ul> >(int, at::native::FillFunctor<int>, std::array<char*, 1ul>)",11604158065615,11604158108272,1363,101,1136.0,826715.0,65536.0,0.0,0.0,0.0,0.0,673063152.0,673063152.0,0.0,0.0,0.0,0.0,120677.0,1835120.0,4198304.0,0.0,0.0,4194304.0,0.0
1363,0,1,698,698,8388608,256,0,0,96,0,32,64,bias_kernel,11604158475747,11604159610123,1364,207,1221.0,14637353.0,0.0,8388608.0,0.0,0.0,0.0,9130551152.0,9130551152.0,0.0,0.0,2097152.0,0.0,43038080391.0,33420400.0,50474880.0,0.0,0.0,67633152.0,136314880.0
1364,0,1,698,698,4194304,256,0,0,12,4,32,64,"void at::native::vectorized_elementwise_kernel<4, at::native::FillFunctor<int>, std::array<char*, 1ul> >(int, at::native::FillFunctor<int>, std::array<char*, 1ul>)",11604159977358,11604160019854,1365,101,1136.0,816140.0,65536.0,0.0,0.0,0.0,0.0,673475616.0,673475616.0,0.0,0.0,0.0,0.0,104258.0,1835120.0,4198304.0,0.0,0.0,4194304.0,0.0
1365,0,1,698,698,8388608,256,0,0,96,0,32,64,bias_kernel,11604160390937,11604161524191,1366,207,1136.0,14619105.0,0.0,8388608.0,0.0,0.0,0.0,9309209176.0,9309209176.0,0.0,0.0,2097152.0,0.0,43483250233.0,33420625.0,50474880.0,0.0,0.0,67633152.0,136314880.0
1366,0,1,698,698,4194304,256,0,0,12,4,32,64,"void at::native::vectorized_elementwise_kernel<4, at::native::FillFunctor<int>, std::array<char*, 1ul> >(int, at::native::FillFunctor<int>, std::array<char*, 1ul>)",11604161890743,11604161933400,1367,101,1136.0,820226.0,65536.0,0.0,0.0,0.0,0.0,673879132.0,673879132.0,0.0,0.0,0.0,0.0,100280.0,1835120.0,4198320.0,0.0,0.0,4194304.0,0.0
1367,0,1,698,698,8388608,256,0,0,96,0,32,64,bias_kernel,11604162297186,11604163432285,1368,207,1136.0,14723773.0,0.0,8388608.0,0.0,0.0,0.0,9041741612.0,9041741612.0,0.0,0.0,2097152.0,0.0,43451878101.0,33420482.0,50474880.0,0.0,0.0,67633152.0,136314880.0
1368,0,1,698,698,4194304,256,0,0,12,4,32,64,"void at::native::vectorized_elementwise_kernel<4, at::native::FillFunctor<int>, std::array<char*, 1ul> >(int, at::native::FillFunctor<int>, std::array<char*, 1ul>)",11604163804049,11604163847107,1369,101,1136.0,808945.0,65536.0,0.0,0.0,0.0,0.0,655442080.0,655442080.0,0.0,0.0,0.0,0.0,95428.0,1835120.0,4198320.0,0.0,0.0,4194304.0,0.0
1369,0,1,698,698,8388608,256,0,0,96,0,32,64,bias_kernel,11604164225767,11604165355212,1370,207,1136.0,14541731.0,0.0,8388608.0,0.0,0.0,0.0,9157954452.0,9157954452.0,0.0,0.0,2097152.0,0.0,43796820863.0,33420845.0,50474896.0,0.0,0.0,67633152.0,136314880.0
1370,0,1,698,698,4194304,256,0,0,12,4,32,64,"void at::native::vectorized_elementwise_kernel<4, at::native::FillFunctor<int>, std::array<char*, 1ul> >(int, at::native::FillFunctor<int>, std::array<char*, 1ul>)",11604165731988,11604165775326,1371,101,1136.0,798766.0,65536.0,0.0,0.0,0.0,0.0,636080392.0,636080392.0,0.0,0.0,0.0,0.0,95946.0,1835120.0,4198320.0,0.0,0.0,4194304.0,0.0
1371,0,1,698,698,8388608,256,0,0,96,0,32,64,bias_kernel,11604166150779,11604167287080,1372,207,1221.0,14996557.0,0.0,8388608.0,0.0,0.0,0.0,9333635364.0,9333635364.0,0.0,0.0,2097152.0,0.0,44456670621.0,33420251.0,50474896.0,0.0,0.0,67633152.0,136314880.0
1372,0,1,698,698,4194304,256,0,0,12,4,32,64,"void at::native::vectorized_elementwise_kernel<4, at::native::FillFunctor<int>, std::array<char*, 1ul> >(int, at::native::FillFunctor<int>, std::array<char*, 1ul>)",11604167668386,11604167711845,1373,101,1136.0,754941.0,65536.0,0.0,0.0,0.0,0.0,615710196.0,615710196.0,0.0,0.0,0.0,0.0,98954.0,1835120.0,4198320.0,0.0,0.0,4194304.0,0.0
1373,0,1,698,698,8388608,256,0,0,96,0,32,64,bias_kernel,11604168087097,11604169222636,1374,207,1136.0,15136706.0,0.0,8388608.0,0.0,0.0,0.0,9439988720.0,9439988720.0,0.0,0.0,2097152.0,0.0,44800076333.0,33420776.0,50474896.0,0.0,0.0,67633152.0,136314880.0
1374,0,1,698,698,4194304,256,0,0,12,4,32,64,"void at::native::vectorized_elementwise_kernel<4, at::native::FillFunctor<int>, std::array<char*, 1ul> >(int, at::native::FillFunctor<int>, std::array<char*, 1ul>)",11604169599612,11604169642831,1375,101,1136.0,742790.0,65536.0,0.0,0.0,0.0,0.0,597628268.0,597628268.0,0.0,0.0,0.0,0.0,95916.0,1835120.0,4198304.0,0.0,0.0,4194304.0,0.0
1375,0,1,698,698,8388608,256,0,0,96,0,32,64,bias_kernel,11604170023575,11604171160277,1376,207,1136.0,15139273.0,0.0,8388608.0,0.0,0.0,0.0,9408882716.0,9408882716.0,0.0,0.0,2097152.0,0.0,44776398565.0,33420048.0,50474896.0,0.0,0.0,67633152.0,136314880.0
1376,0,1,698,698,4194304,256,0,0,12,4,32,64,"void at::native::vectorized_elementwise_kernel<4, at::native::FillFunctor<int>, std::array<char*, 1ul> >(int, at::native::FillFunctor<int>, std::array<char*, 1ul>)",11604171532923,11604171576302,1377,101,1136.0,745399.0,65536.0,0.0,0.0,0.0,0.0,592620560.0,592620560.0,0.0,0.0,0.0,0.0,92050.0,1835120.0,4198320.0,0.0,0.0,4194304.0,0.0
1377,0,1,698,698,8388608,256,0,0,96,0,32,64,bias_kernel,11604171960896,11604173096555,1378,207,1136.0,15252562.0,0.0,8388608.0,0.0,0.0,0.0,9501468464.0,9501468464.0,0.0,0.0,2097152.0,0.0,45048100609.0,33420537.0,50474896.0,0.0,0.0,67633152.0,136314880.0
1378,0,1,698,698,4194304,256,0,0,12,4,32,64,"void at::native::vectorized_elementwise_kernel<4, at::native::FillFunctor<int>, std::array<char*, 1ul> >(int, at::native::FillFunctor<int>, std::array<char*, 1ul>)",11604173460943,11604173504522,1379,101,1136.0,753284.0,65536.0,0.0,0.0,0.0,0.0,593796016.0,593796016.0,0.0,0.0,0.0,0.0,97108.0,1835120.0,4198320.0,0.0,0.0,4194304.0,0.0
1379,0,1,698,698,8388608,256,0,0,96,0,32,64,bias_kernel,11604173889516,11604175023331,1380,207,1221.0,15407229.0,0.0,8388608.0,0.0,0.0,0.0,9620187596.0,9620187596.0,0.0,0.0,2097152.0,0.0,45760563104.0,33420429.0,50474880.0,0.0,0.0,67633152.0,136314880.0
1380,0,1,698,698,4194304,256,0,0,12,4,32,64,"void at::native::vectorized_elementwise_kernel<4, at::native::FillFunctor<int>, std::array<char*, 1ul> >(int, at::native::FillFunctor<int>, std::array<char*, 1ul>)",11604175392369,11604175435227,1381,101,1136.0,820690.0,65536.0,0.0,0.0,0.0,0.0,671190356.0,671190356.0,0.0,0.0,0.0,0.0,95120.0,1835120.0,4198304.0,0.0,0.0,4194304.0,0.0
1381,0,1,698,698,8388608,256,0,0,96,0,32,64,bias_kernel,11604175812484,11604176946339,1382,207,1136.0,15747268.0,0.0,8388608.0,0.0,0.0,0.0,9938217828.0,9938217828.0,0.0,0.0,2097152.0,0.0,46218737635.0,33420479.0,50474880.0,0.0,0.0,67633152.0,136314880.0
1382,0,1,698,698,4194304,256,0,0,12,4,32,64,"void at::native::vectorized_elementwise_kernel<4, at::native::FillFunctor<int>, std::array<char*, 1ul> >(int, at::native::FillFunctor<int>, std::array<char*, 1ul>)",11604177308762,11604177351700,1383,101,1136.0,845183.0,65536.0,0.0,0.0,0.0,0.0,672477088.0,672477088.0,0.0,0.0,0.0,0.0,98042.0,1835120.0,4198304.0,0.0,0.0,4194304.0,0.0
1383,0,1,698,698,8388608,256,0,0,96,0,32,64,bias_kernel,11604177729838,11604178859885,1384,207,1136.0,16192163.0,0.0,8388608.0,0.0,0.0,0.0,9998263884.0,9998263884.0,0.0,0.0,2097152.0,0.0,49150194839.0,33420277.0,50474896.0,0.0,0.0,67633152.0,136314880.0
1384,0,1,698,698,4194304,256,0,0,12,4,32,64,"void at::native::vectorized_elementwise_kernel<4, at::native::FillFunctor<int>, std::array<char*, 1ul> >(int, at::native::FillFunctor<int>, std::array<char*, 1ul>)",11604179227600,11604179270137,1385,101,1136.0,835173.0,65536.0,0.0,0.0,0.0,0.0,663125184.0,663125184.0,0.0,0.0,0.0,0.0,100486.0,1835120.0,4198320.0,0.0,0.0,4194304.0,0.0
1385,0,1,698,698,8388608,256,0,0,96,0,32,64,bias_kernel,11604179643224,11604180776639,1386,207,1136.0,16308225.0,0.0,8388608.0,0.0,0.0,0.0,10117691732.0,10117691732.0,0.0,0.0,2097152.0,0.0,48396791134.0,33420459.0,50474896.0,0.0,0.0,67633152.0,136314880.0
1386,0,1,698,698,4194304,256,0,0,12,4,32,64,"void at::native::vectorized_elementwise_kernel<4, at::native::FillFunctor<int>, std::array<char*, 1ul> >(int, at::native::FillFunctor<int>, std::array<char*, 1ul>)",11604181140224,11604181183042,1387,101,1136.0,834829.0,65536.0,0.0,0.0,0.0,0.0,673485872.0,673485872.0,0.0,0.0,0.0,0.0,93197.0,1835120.0,4198304.0,0.0,0.0,4194304.0,0.0
1387,0,1,698,698,8388608,256,0,0,96,0,32,64,bias_kernel,11604181549273,11604182677316,1388,207,1221.0,15506159.0,0.0,8388608.0,0.0,0.0,0.0,9712071120.0,9712071120.0,0.0,0.0,2097152.0,0.0,46552943262.0,33420519.0,50474896.0,0.0,0.0,67633152.0,136314880.0
1388,0,1,698,698,4194304,256,0,0,12,4,32,64,"void at::native::vectorized_elementwise_kernel<4, at::native::FillFunctor<int>, std::array<char*, 1ul> >(int, at::native::FillFunctor<int>, std::array<char*, 1ul>)",11604183043267,11604183085763,1389,101,1136.0,835713.0,65536.0,0.0,0.0,0.0,0.0,668734564.0,668734564.0,0.0,0.0,0.0,0.0,101222.0,1835120.0,4198320.0,0.0,0.0,4194304.0,0.0
1389,0,1,698,698,8388608,256,0,0,96,0,32,64,bias_kernel,11604183453559,11604184587494,1390,207,1136.0,14673595.0,0.0,8388608.0,0.0,0.0,0.0,9191991332.0,9191991332.0,0.0,0.0,2097152.0,0.0,43506391881.0,33421091.0,50474880.0,0.0,0.0,67633152.0,136314880.0
1390,0,1,698,698,4194304,256,0,0,12,4,32,64,"void at::native::vectorized_elementwise_kernel<4, at::native::FillFunctor<int>, std::array<char*, 1ul> >(int, at::native::FillFunctor<int>, std::array<char*, 1ul>)",11604184950799,11604184993897,1391,101,1136.0,832970.0,65536.0,0.0,0.0,0.0,0.0,673907676.0,673907676.0,0.0,0.0,0.0,0.0,97238.0,1835120.0,4198304.0,0.0,0.0,4194304.0,0.0
1391,0,1,698,698,8388608,256,0,0,96,0,32,64,bias_kernel,11604185355559,11604186490095,1392,207,1136.0,14596745.0,0.0,8388608.0,0.0,0.0,0.0,9222180800.0,9222180800.0,0.0,0.0,2097152.0,0.0,43174292679.0,33420865.0,50474896.0,0.0,0.0,67633152.0,136314880.0
1392,0,1,698,698,4194304,256,0,0,12,4,32,64,"void at::native::vectorized_elementwise_kernel<4, at::native::FillFunctor<int>, std::array<char*, 1ul> >(int, at::native::FillFunctor<int>, std::array<char*, 1ul>)",11604186859254,11604186902031,1393,101,1136.0,807494.0,65536.0,0.0,0.0,0.0,0.0,649133744.0,649133744.0,0.0,0.0,0.0,0.0,92064.0,1835120.0,4198304.0,0.0,0.0,4194304.0,0.0
1393,0,1,698,698,8388608,256,0,0,96,0,32,64,bias_kernel,11604187279047,11604188416310,1394,207,1136.0,14722963.0,0.0,8388608.0,0.0,0.0,0.0,9203812132.0,9203812132.0,0.0,0.0,2097152.0,0.0,43313826467.0,33421141.0,50474880.0,0.0,0.0,67633152.0,136314880.0
1394,0,1,698,698,4194304,256,0,0,12,4,32,64,"void at::native::vectorized_elementwise_kernel<4, at::native::FillFunctor<int>, std::array<char*, 1ul> >(int, at::native::FillFunctor<int>, std::array<char*, 1ul>)",11604188786190,11604188829088,1395,101,1136.0,793240.0,65536.0,0.0,0.0,0.0,0.0,641887684.0,641887684.0,0.0,0.0,0.0,0.0,94920.0,1835120.0,4198304.0,0.0,0.0,4194304.0,0.0
1395,0,1,698,698,8388608,256,0,0,96,0,32,64,bias_kernel,11604189200973,11604190341683,1396,207,1221.0,15029569.0,0.0,8388608.0,0.0,0.0,0.0,9461052228.0,9461052228.0,0.0,0.0,2097152.0,0.0,44167296934.0,33420353.0,50474880.0,0.0,0.0,67633152.0,136314880.0
1396,0,1,698,698,4194304,256,0,0,12,4,32,64,"void at::native::vectorized_elementwise_kernel<4, at::native::FillFunctor<int>, std::array<char*, 1ul> >(int, at::native::FillFunctor<int>, std::array<char*, 1ul>)",11604190720664,11604190764003,1397,101,1136.0,769033.0,65536.0,0.0,0.0,0.0,0.0,606752500.0,606752500.0,0.0,0.0,0.0,0.0,87498.0,1835120.0,4198304.0,0.0,0.0,4194304.0,0.0
1397,0,1,698,698,8388608,256,0,0,96,0,32,64,bias_kernel,11604191140618,11604192281650,1398,207,1136.0,15225851.0,0.0,8388608.0,0.0,0.0,0.0,9511186156.0,9511186156.0,0.0,0.0,2097152.0,0.0,44881794762.0,33420719.0,50474896.0,0.0,0.0,67633152.0,136314880.0
1398,0,1,698,698,4194304,256,0,0,12,4,32,64,"void at::native::vectorized_elementwise_kernel<4, at::native::FillFunctor<int>, std::array<char*, 1ul> >(int, at::native::FillFunctor<int>, std::array<char*, 1ul>)",11604192649164,11604192692463,1399,101,1136.0,743318.0,65536.0,0.0,0.0,0.0,0.0,600394248.0,600394248.0,0.0,0.0,0.0,0.0,89468.0,1835120.0,4198320.0,0.0,0.0,4194304.0,0.0
1399,0,1,698,698,8388608,256,0,0,96,0,32,64,bias_kernel,11604193059416,11604194194154,1400,207,1136.0,15111542.0,0.0,8388608.0,0.0,0.0,0.0,9384680244.0,9384680244.0,0.0,0.0,2097152.0,0.0,44865602498.0,33420170.0,50474896.0,0.0,0.0,67633152.0,136314880.0
1400,0,1,698,698,16777216,512,0,0,56,0,32,64,bias_kernel,11604196269627,11604197465784,1401,208,8790.0,16658879.0,0.0,8388608.0,0.0,0.0,0.0,15169306064.0,15169306064.0,0.0,0.0,2097152.0,0.0,42180372199.0,33430567.0,50580808.0,0.0,0.0,71303168.0,150994944.0
1401,0,1,698,698,4194304,256,0,0,12,4,32,64,"void at::native::vectorized_elementwise_kernel<4, at::native::FillFunctor<int>, std::array<char*, 1ul> >(int, at::native::FillFunctor<int>, std::array<char*, 1ul>)",11604197905222,11604197948721,1402,101,1136.0,775515.0,65536.0,0.0,0.0,0.0,0.0,622983560.0,622983560.0,0.0,0.0,0.0,0.0,98414.0,1835120.0,4198304.0,0.0,0.0,4194304.0,0.0
1402,0,1,698,698,16777216,512,0,0,56,0,32,64,bias_kernel,11604198318641,11604199577060,1403,208,1136.0,18629035.0,0.0,8388608.0,0.0,0.0,0.0,16341230684.0,16341230684.0,0.0,0.0,2097152.0,0.0,45026822280.0,33429592.0,50579480.0,0.0,0.0,71303168.0,150994944.0
1403,0,1,698,698,4194304,256,0,0,12,4,32,64,"void at::native::vectorized_elementwise_kernel<4, at::native::FillFunctor<int>, std::array<char*, 1ul> >(int, at::native::FillFunctor<int>, std::array<char*, 1ul>)",11604199942850,11604199986510,1404,101,1221.0,797153.0,65536.0,0.0,0.0,0.0,0.0,634783324.0,634783324.0,0.0,0.0,0.0,0.0,96164.0,1835120.0,4198304.0,0.0,0.0,4194304.0,0.0
1404,0,1,698,698,16777216,512,0,0,56,0,32,64,bias_kernel,11604200358194,11604201622185,1405,208,1136.0,18615684.0,0.0,8388608.0,0.0,0.0,0.0,16849526300.0,16849526300.0,0.0,0.0,2097152.0,0.0,44843678429.0,33430244.0,50580372.0,0.0,0.0,71303168.0,150994944.0
1405,0,1,698,698,4194304,256,0,0,12,4,32,64,"void at::native::vectorized_elementwise_kernel<4, at::native::FillFunctor<int>, std::array<char*, 1ul> >(int, at::native::FillFunctor<int>, std::array<char*, 1ul>)",11604201990261,11604202033439,1406,101,1136.0,809832.0,65536.0,0.0,0.0,0.0,0.0,650808752.0,650808752.0,0.0,0.0,0.0,0.0,103696.0,1835120.0,4198304.0,0.0,0.0,4194304.0,0.0
1406,0,1,698,698,16777216,512,0,0,56,0,32,64,bias_kernel,11604202399069,11604203632912,1407,208,1136.0,17390778.0,0.0,8388608.0,0.0,0.0,0.0,15591476376.0,15591476376.0,0.0,0.0,2097152.0,0.0,42728685939.0,33429879.0,50580360.0,0.0,0.0,71303168.0,150994944.0
1407,0,1,698,698,4194304,256,0,0,12,4,32,64,"void at::native::vectorized_elementwise_kernel<4, at::native::FillFunctor<int>, std::array<char*, 1ul> >(int, at::native::FillFunctor<int>, std::array<char*, 1ul>)",11604203979659,11604204022316,1408,101,1136.0,813615.0,65536.0,0.0,0.0,0.0,0.0,653319040.0,653319040.0,0.0,0.0,0.0,0.0,100273.0,1835120.0,4198304.0,0.0,0.0,4194304.0,0.0
1408,0,1,698,698,16777216,512,0,0,56,0,32,64,bias_kernel,11604204391074,11604205633295,1409,208,1136.0,17663702.0,0.0,8388608.0,0.0,0.0,0.0,15865554936.0,15865554936.0,0.0,0.0,2097152.0,0.0,43553642953.0,33430114.0,50579716.0,0.0,0.0,71303168.0,150994944.0
1409,0,1,698,698,4194304,256,0,0,12,4,32,64,"void at::native::vectorized_elementwise_kernel<4, at::native::FillFunctor<int>, std::array<char*, 1ul> >(int, at::native::FillFunctor<int>, std::array<char*, 1ul>)",11604206000609,11604206043827,1410,101,1136.0,830053.0,65536.0,0.0,0.0,0.0,0.0,656416172.0,656416172.0,0.0,0.0,0.0,0.0,96978.0,1835120.0,4198304.0,0.0,0.0,4194304.0,0.0
1410,0,1,698,698,16777216,512,0,0,56,0,32,64,bias_kernel,11604206411182,11604207650998,1411,208,1136.0,17553454.0,0.0,8388608.0,0.0,0.0,0.0,15734416024.0,15734416024.0,0.0,0.0,2097152.0,0.0,42842104816.0,33429857.0,50579548.0,0.0,0.0,71303168.0,150994944.0
1411,0,1,698,698,16777216,512,0,0,56,0,32,64,bias_kernel,11604208172703,11604209380446,1412,208,1136.0,17156136.0,0.0,8388608.0,0.0,0.0,0.0,14742294164.0,14742294164.0,0.0,0.0,2097152.0,0.0,42551971336.0,33429757.0,50579992.0,0.0,0.0,71303168.0,150994944.0
1412,0,1,698,698,16777216,512,0,0,56,0,32,64,bias_kernel,11604209769432,11604210967753,1413,208,1221.0,17893652.0,0.0,8388608.0,0.0,0.0,0.0,15122514408.0,15122514408.0,0.0,0.0,2097152.0,0.0,44909300733.0,33429401.0,50581276.0,0.0,0.0,71303168.0,150994944.0
1413,0,1,698,698,16777216,512,0,0,56,0,32,64,bias_kernel,11604211382214,11604212616416,1414,208,1088.0,18302926.0,0.0,8388608.0,0.0,0.0,0.0,16050016244.0,16050016244.0,0.0,0.0,2097152.0,0.0,44691288529.0,33430031.0,50580604.0,0.0,0.0,71303168.0,150994944.0
1414,0,1,698,698,16777216,512,0,0,56,0,32,64,bias_kernel,11604213012316,11604214221061,1415,208,1136.0,18222525.0,0.0,8388608.0,0.0,0.0,0.0,15941453532.0,15941453532.0,0.0,0.0,2097152.0,0.0,45083268451.0,33429670.0,50580488.0,0.0,0.0,71303168.0,150994944.0
1415,0,1,698,698,16777216,512,0,0,56,0,32,64,bias_kernel,11604214614554,11604215835808,1416,208,1136.0,17133880.0,0.0,8388608.0,0.0,0.0,0.0,15197291184.0,15197291184.0,0.0,0.0,2097152.0,0.0,42212718294.0,33430163.0,50581064.0,0.0,0.0,71303168.0,150994944.0
1416,0,1,698,698,16777216,512,0,0,56,0,32,64,bias_kernel,11604216233150,11604217437325,1417,208,1136.0,18325664.0,0.0,8388608.0,0.0,0.0,0.0,16428024844.0,16428024844.0,0.0,0.0,2097152.0,0.0,46379862415.0,33429958.0,50579800.0,0.0,0.0,71303168.0,150994944.0
1417,0,1,698,698,16777216,512,0,0,56,0,32,64,bias_kernel,11604217851105,11604219076127,1418,208,1136.0,18092598.0,0.0,8388608.0,0.0,0.0,0.0,15893145440.0,15893145440.0,0.0,0.0,2097152.0,0.0,44223162996.0,33430638.0,50580864.0,0.0,0.0,71303168.0,150994944.0
1418,0,1,698,698,16777216,512,0,0,56,0,32,64,bias_kernel,11604219480646,11604220687426,1419,208,1136.0,17491152.0,0.0,8388608.0,0.0,0.0,0.0,15392167240.0,15392167240.0,0.0,0.0,2097152.0,0.0,43699260438.0,33429960.0,50580196.0,0.0,0.0,71303168.0,150994944.0
1419,0,1,698,698,16777216,512,0,0,56,0,32,64,bias_kernel,11604221092627,11604222278400,1420,208,1136.0,17734611.0,0.0,8388608.0,0.0,0.0,0.0,16001216208.0,16001216208.0,0.0,0.0,2097152.0,0.0,44882079799.0,33430601.0,50580792.0,0.0,0.0,71303168.0,150994944.0
1420,0,1,698,698,16777216,512,0,0,56,0,32,64,bias_kernel,11604222671372,11604223900203,1421,208,1136.0,17773167.0,0.0,8388608.0,0.0,0.0,0.0,15730832112.0,15730832112.0,0.0,0.0,2097152.0,0.0,43173558458.0,33430184.0,50580880.0,0.0,0.0,71303168.0,150994944.0
1421,0,1,698,698,16777216,512,0,0,56,0,32,64,bias_kernel,11604224298507,11604225498032,1422,208,1221.0,17888456.0,0.0,8388608.0,0.0,0.0,0.0,15441697744.0,15441697744.0,0.0,0.0,2097152.0,0.0,45364048229.0,33429525.0,50579500.0,0.0,0.0,71303168.0,150994944.0
1422,0,1,698,698,16777216,512,0,0,56,0,32,64,bias_kernel,11604225909887,11604227118432,1423,208,1136.0,17511831.0,0.0,8388608.0,0.0,0.0,0.0,15543613996.0,15543613996.0,0.0,0.0,2097152.0,0.0,43468314596.0,33430120.0,50580852.0,0.0,0.0,71303168.0,150994944.0
1423,0,1,698,698,4194304,256,0,0,12,4,32,64,"void at::native::vectorized_elementwise_kernel<4, at::native::FillFunctor<int>, std::array<char*, 1ul> >(int, at::native::FillFunctor<int>, std::array<char*, 1ul>)",11604227525236,11604227568734,1424,101,1816.0,747519.0,65536.0,0.0,0.0,0.0,0.0,601766800.0,601766800.0,0.0,0.0,0.0,0.0,90107.0,1835120.0,4198304.0,0.0,0.0,4194304.0,0.0
1424,0,1,698,698,16777216,512,0,0,56,0,32,64,bias_kernel,11604227981592,11604229226860,1425,208,1136.0,17678974.0,0.0,8388608.0,0.0,0.0,0.0,15783791964.0,15783791964.0,0.0,0.0,2097152.0,0.0,43522483568.0,33430192.0,50579740.0,0.0,0.0,71303168.0,150994944.0
1425,0,1,698,698,4194304,256,0,0,12,4,32,64,"void at::native::vectorized_elementwise_kernel<4, at::native::FillFunctor<int>, std::array<char*, 1ul> >(int, at::native::FillFunctor<int>, std::array<char*, 1ul>)",11604229611494,11604229654551,1426,101,1136.0,761295.0,65536.0,0.0,0.0,0.0,0.0,619605072.0,619605072.0,0.0,0.0,0.0,0.0,95852.0,1835120.0,4198304.0,0.0,0.0,4194304.0,0.0
1426,0,1,698,698,16777216,512,0,0,56,0,32,64,bias_kernel,11604230058830,11604231259236,1427,208,1136.0,16623425.0,0.0,8388608.0,0.0,0.0,0.0,15003710808.0,15003710808.0,0.0,0.0,2097152.0,0.0,43038339427.0,33429814.0,50579908.0,0.0,0.0,71303168.0,150994944.0
1427,0,1,698,698,4194304,256,0,0,12,4,32,64,"void at::native::vectorized_elementwise_kernel<4, at::native::FillFunctor<int>, std::array<char*, 1ul> >(int, at::native::FillFunctor<int>, std::array<char*, 1ul>)",11604231640943,11604231684441,1428,101,1136.0,755314.0,65536.0,0.0,0.0,0.0,0.0,600866288.0,600866288.0,0.0,0.0,0.0,0.0,91113.0,1835120.0,4198304.0,0.0,0.0,4194304.0,0.0
1428,0,1,698,698,16777216,512,0,0,56,0,32,64,bias_kernel,11604232084710,11604233291652,1429,208,1136.0,16511601.0,0.0,8388608.0,0.0,0.0,0.0,14606796984.0,14606796984.0,0.0,0.0,2097152.0,0.0,42730907616.0,33429463.0,50579680.0,0.0,0.0,71303168.0,150994944.0
1429,0,1,698,698,4194304,256,0,0,12,4,32,64,"void at::native::vectorized_elementwise_kernel<4, at::native::FillFunctor<int>, std::array<char*, 1ul> >(int, at::native::FillFunctor<int>, std::array<char*, 1ul>)",11604233677849,11604233721267,1430,101,1136.0,753284.0,65536.0,0.0,0.0,0.0,0.0,600793624.0,600793624.0,0.0,0.0,0.0,0.0,91962.0,1835120.0,4198304.0,0.0,0.0,4194304.0,0.0
1430,0,1,698,698,16777216,512,0,0,56,0,32,64,bias_kernel,11604234123741,11604235346799,1431,208,1136.0,16849056.0,0.0,8388608.0,0.0,0.0,0.0,15046108540.0,15046108540.0,0.0,0.0,2097152.0,0.0,42567546219.0,33430045.0,50580288.0,0.0,0.0,71303168.0,150994944.0
1431,0,1,698,698,4194304,256,0,0,12,4,32,64,"void at::native::vectorized_elementwise_kernel<4, at::native::FillFunctor<int>, std::array<char*, 1ul> >(int, at::native::FillFunctor<int>, std::array<char*, 1ul>)",11604235743500,11604235786598,1432,101,1136.0,756923.0,65536.0,0.0,0.0,0.0,0.0,597535964.0,597535964.0,0.0,0.0,0.0,0.0,88709.0,1835120.0,4198304.0,0.0,0.0,4194304.0,0.0
1432,0,1,698,698,16777216,512,0,0,56,0,32,64,bias_kernel,11604236186827,11604237417542,1433,208,1136.0,17578933.0,0.0,8388608.0,0.0,0.0,0.0,15661055968.0,15661055968.0,0.0,0.0,2097152.0,0.0,43966880677.0,33429663.0,50579452.0,0.0,0.0,71303168.0,150994944.0
1433,0,1,698,698,4194304,256,0,0,12,4,32,64,"void at::native::vectorized_elementwise_kernel<4, at::native::FillFunctor<int>, std::array<char*, 1ul> >(int, at::native::FillFunctor<int>, std::array<char*, 1ul>)",11604237812559,11604237856098,1434,101,1136.0,761964.0,65536.0,0.0,0.0,0.0,0.0,610718304.0,610718304.0,0.0,0.0,0.0,0.0,89540.0,1835120.0,4198304.0,0.0,0.0,4194304.0,0.0
1434,0,1,698,698,16777216,512,0,0,56,0,32,64,bias_kernel,11604238256447,11604239474132,1435,208,1136.0,16979976.0,0.0,8388608.0,0.0,0.0,0.0,15342954960.0,15342954960.0,0.0,0.0,2097152.0,0.0,42807069273.0,33429915.0,50578388.0,0.0,0.0,71303168.0,150994944.0
1435,0,1,698,698,4194304,256,0,0,12,4,32,64,"void at::native::vectorized_elementwise_kernel<4, at::native::FillFunctor<int>, std::array<char*, 1ul> >(int, at::native::FillFunctor<int>, std::array<char*, 1ul>)",11604239876326,11604239919744,1436,101,1136.0,756744.0,65536.0,0.0,0.0,0.0,0.0,610192960.0,610192960.0,0.0,0.0,0.0,0.0,87395.0,1835120.0,4198304.0,0.0,0.0,4194304.0,0.0
1436,0,1,698,698,16777216,512,0,0,56,0,32,64,bias_kernel,11604240317367,11604241554497,1437,208,1136.0,17488581.0,0.0,8388608.0,0.0,0.0,0.0,15710657796.0,15710657796.0,0.0,0.0,2097152.0,0.0,43251016523.0,33430191.0,50579864.0,0.0,0.0,71303168.0,150994944.0
1437,0,1,698,698,4194304,256,0,0,12,4,32,64,"void at::native::vectorized_elementwise_kernel<4, at::native::FillFunctor<int>, std::array<char*, 1ul> >(int, at::native::FillFunctor<int>, std::array<char*, 1ul>)",11604241955528,11604241998546,1438,101,1136.0,779148.0,65536.0,0.0,0.0,0.0,0.0,630635196.0,630635196.0,0.0,0.0,0.0,0.0,90131.0,1835120.0,4198304.0,0.0,0.0,4194304.0,0.0
1438,0,1,698,698,16777216,512,0,0,56,0,32,64,bias_kernel,11604242398614,11604243625801,1439,208,1136.0,17217883.0,0.0,8388608.0,0.0,0.0,0.0,15374657996.0,15374657996.0,0.0,0.0,2097152.0,0.0,43142250915.0,33430012.0,50579120.0,0.0,0.0,71303168.0,150994944.0
1439,0,1,698,698,4194304,256,0,0,12,4,32,64,"void at::native::vectorized_elementwise_kernel<4, at::native::FillFunctor<int>, std::array<char*, 1ul> >(int, at::native::FillFunctor<int>, std::array<char*, 1ul>)",11604244005383,11604244049002,1440,101,1136.0,809591.0,65536.0,0.0,0.0,0.0,0.0,644362484.0,644362484.0,0.0,0.0,0.0,0.0,94866.0,1835120.0,4198304.0,0.0,0.0,4194304.0,0.0
1440,0,1,698,698,16777216,512,0,0,56,0,32,64,bias_kernel,11604244429867,11604245699992,1441,208,1136.0,18537574.0,0.0,8388608.0,0.0,0.0,0.0,16710145864.0,16710145864.0,0.0,0.0,2097152.0,0.0,43758770846.0,33430001.0,50580472.0,0.0,0.0,71303168.0,150994944.0
1441,0,1,698,698,4194304,256,0,0,12,4,32,64,"void at::native::vectorized_elementwise_kernel<4, at::native::FillFunctor<int>, std::array<char*, 1ul> >(int, at::native::FillFunctor<int>, std::array<char*, 1ul>)",11604246086029,11604246129287,1442,101,1136.0,807505.0,65536.0,0.0,0.0,0.0,0.0,648427392.0,648427392.0,0.0,0.0,0.0,0.0,100919.0,1835120.0,4198304.0,0.0,0.0,4194304.0,0.0
1442,0,1,698,698,16777216,512,0,0,56,0,32,64,bias_kernel,11604246508588,11604247768329,1443,208,1136.0,18376658.0,0.0,8388608.0,0.0,0.0,0.0,16047355288.0,16047355288.0,0.0,0.0,2097152.0,0.0,44229558663.0,33429506.0,50580332.0,0.0,0.0,71303168.0,150994944.0
1443,0,1,698,698,4194304,256,0,0,12,4,32,64,"void at::native::vectorized_elementwise_kernel<4, at::native::FillFunctor<int>, std::array<char*, 1ul> >(int, at::native::FillFunctor<int>, std::array<char*, 1ul>)",11604248158856,11604248201513,1444,101,1136.0,806343.0,65536.0,0.0,0.0,0.0,0.0,654468052.0,654468052.0,0.0,0.0,0.0,0.0,93941.0,1835120.0,4198304.0,0.0,0.0,4194304.0,0.0
1444,0,1,698,698,16777216,512,0,0,56,0,32,64,bias_kernel,11604248586147,11604249827365,1445,208,1136.0,17881475.0,0.0,8388608.0,0.0,0.0,0.0,15655740140.0,15655740140.0,0.0,0.0,2097152.0,0.0,44150515305.0,33429485.0,50580060.0,0.0,0.0,71303168.0,150994944.0
1445,0,1,698,698,4194304,256,0,0,12,4,32,64,"void at::native::vectorized_elementwise_kernel<4, at::native::FillFunctor<int>, std::array<char*, 1ul> >(int, at::native::FillFunctor<int>, std::array<char*, 1ul>)",11604250210957,11604250253934,1446,101,1136.0,841448.0,65536.0,0.0,0.0,0.0,0.0,668537292.0,668537292.0,0.0,0.0,0.0,0.0,98914.0,1835120.0,4198320.0,0.0,0.0,4194304.0,0.0
1446,0,1,698,698,16777216,512,0,0,56,0,32,64,bias_kernel,11604250629347,11604251849879,1447,208,1136.0,17163353.0,0.0,8388608.0,0.0,0.0,0.0,15379831156.0,15379831156.0,0.0,0.0,2097152.0,0.0,43468221328.0,33429807.0,50579740.0,0.0,0.0,71303168.0,150994944.0
1447,0,1,698,698,4194304,256,0,0,12,4,32,64,"void at::native::vectorized_elementwise_kernel<4, at::native::FillFunctor<int>, std::array<char*, 1ul> >(int, at::native::FillFunctor<int>, std::array<char*, 1ul>)",11604252235875,11604252278332,1448,101,1136.0,819411.0,65536.0,0.0,0.0,0.0,0.0,667643552.0,667643552.0,0.0,0.0,0.0,0.0,96064.0,1835120.0,4198304.0,0.0,0.0,4194304.0,0.0
1448,0,1,698,698,16777216,512,0,0,56,0,32,64,bias_kernel,11604252657032,11604253920181,1449,208,1136.0,18826551.0,0.0,8388608.0,0.0,0.0,0.0,16569824788.0,16569824788.0,0.0,0.0,2097152.0,0.0,45349779417.0,33429527.0,50579948.0,0.0,0.0,71303168.0,150994944.0
1449,0,1,698,698,4194304,256,0,0,12,4,32,64,"void at::native::vectorized_elementwise_kernel<4, at::native::FillFunctor<int>, std::array<char*, 1ul> >(int, at::native::FillFunctor<int>, std::array<char*, 1ul>)",11604254297838,11604254340896,1450,101,1136.0,839288.0,65536.0,0.0,0.0,0.0,0.0,672695724.0,672695724.0,0.0,0.0,0.0,0.0,108529.0,1835120.0,4198304.0,0.0,0.0,4194304.0,0.0
1450,0,1,698,698,16777216,512,0,0,56,0,32,64,bias_kernel,11604254722643,11604255947545,1451,208,1136.0,17347826.0,0.0,8388608.0,0.0,0.0,0.0,15574076528.0,15574076528.0,0.0,0.0,2097152.0,0.0,43637862275.0,33429572.0,50580064.0,0.0,0.0,71303168.0,150994944.0
1451,0,1,698,698,4194304,256,0,0,12,4,32,64,"void at::native::vectorized_elementwise_kernel<4, at::native::FillFunctor<int>, std::array<char*, 1ul> >(int, at::native::FillFunctor<int>, std::array<char*, 1ul>)",11604256330855,11604256373873,1452,101,1136.0,835947.0,65536.0,0.0,0.0,0.0,0.0,666851424.0,666851424.0,0.0,0.0,0.0,0.0,113698.0,1835120.0,4198304.0,0.0,0.0,4194304.0,0.0
1452,0,1,698,698,16777216,512,0,0,56,0,32,64,bias_kernel,11604256756662,11604257962802,1453,208,1136.0,17000646.0,0.0,8388608.0,0.0,0.0,0.0,15479340368.0,15479340368.0,0.0,0.0,2097152.0,0.0,43749162213.0,33430248.0,50579708.0,0.0,0.0,71303168.0,150994944.0
1453,0,1,698,698,4194304,256,0,0,12,4,32,64,"void at::native::vectorized_elementwise_kernel<4, at::native::FillFunctor<int>, std::array<char*, 1ul> >(int, at::native::FillFunctor<int>, std::array<char*, 1ul>)",11604258345270,11604258387887,1454,101,1136.0,835298.0,65536.0,0.0,0.0,0.0,0.0,669843768.0,669843768.0,0.0,0.0,0.0,0.0,99741.0,1835120.0,4198304.0,0.0,0.0,4194304.0,0.0
1454,0,1,698,698,16777216,512,0,0,56,0,32,64,bias_kernel,11604258770356,11604260000349,1455,208,1136.0,17761687.0,0.0,8388608.0,0.0,0.0,0.0,15774698056.0,15774698056.0,0.0,0.0,2097152.0,0.0,44501764004.0,33429621.0,50579776.0,0.0,0.0,71303168.0,150994944.0
1455,0,1,698,698,4194304,256,0,0,12,4,32,64,"void at::native::vectorized_elementwise_kernel<4, at::native::FillFunctor<int>, std::array<char*, 1ul> >(int, at::native::FillFunctor<int>, std::array<char*, 1ul>)",11604260376523,11604260419381,1456,101,1136.0,849642.0,65536.0,0.0,0.0,0.0,0.0,671476280.0,671476280.0,0.0,0.0,0.0,0.0,96892.0,1835120.0,4198304.0,0.0,0.0,4194304.0,0.0
1456,0,1,698,698,16777216,512,0,0,56,0,32,64,bias_kernel,11604260800807,11604262017490,1457,208,1136.0,17675512.0,0.0,8388608.0,0.0,0.0,0.0,15896370204.0,15896370204.0,0.0,0.0,2097152.0,0.0,44674534926.0,33430332.0,50579600.0,0.0,0.0,71303168.0,150994944.0
1457,0,1,698,698,4194304,256,0,0,12,4,32,64,"void at::native::vectorized_elementwise_kernel<4, at::native::FillFunctor<int>, std::array<char*, 1ul> >(int, at::native::FillFunctor<int>, std::array<char*, 1ul>)",11604262395950,11604262438847,1458,101,1136.0,830497.0,65536.0,0.0,0.0,0.0,0.0,672050200.0,672050200.0,0.0,0.0,0.0,0.0,96690.0,1835120.0,4198306.0,0.0,0.0,4194304.0,0.0
1458,0,1,698,698,16777216,512,0,0,56,0,32,64,bias_kernel,11604262821636,11604264039202,1459,208,1136.0,17711207.0,0.0,8388608.0,0.0,0.0,0.0,15735551684.0,15735551684.0,0.0,0.0,2097152.0,0.0,44750091083.0,33429916.0,50579836.0,0.0,0.0,71303168.0,150994944.0
1459,0,1,698,698,4194304,256,0,0,12,4,32,64,"void at::native::vectorized_elementwise_kernel<4, at::native::FillFunctor<int>, std::array<char*, 1ul> >(int, at::native::FillFunctor<int>, std::array<char*, 1ul>)",11604264421149,11604264463806,1460,101,1136.0,830237.0,65536.0,0.0,0.0,0.0,0.0,671070408.0,671070408.0,0.0,0.0,0.0,0.0,96390.0,1835120.0,4198304.0,0.0,0.0,4194304.0,0.0
1460,0,1,698,698,16777216,512,0,0,56,0,32,64,bias_kernel,11604264845312,11604266110305,1461,208,1136.0,18977584.0,0.0,8388608.0,0.0,0.0,0.0,17204045776.0,17204045776.0,0.0,0.0,2097152.0,0.0,45769567785.0,33430194.0,50580948.0,0.0,0.0,71303168.0,150994944.0
1461,0,1,698,698,4194304,256,0,0,12,4,32,64,"void at::native::vectorized_elementwise_kernel<4, at::native::FillFunctor<int>, std::array<char*, 1ul> >(int, at::native::FillFunctor<int>, std::array<char*, 1ul>)",11604266484074,11604266526931,1462,101,1136.0,822908.0,65536.0,0.0,0.0,0.0,0.0,673049208.0,673049208.0,0.0,0.0,0.0,0.0,104966.0,1835120.0,4198304.0,0.0,0.0,4194304.0,0.0
1462,0,1,698,698,16777216,512,0,0,56,0,32,64,bias_kernel,11604266918862,11604268144565,1463,208,1136.0,18083416.0,0.0,8388608.0,0.0,0.0,0.0,15823399280.0,15823399280.0,0.0,0.0,2097152.0,0.0,45236559050.0,33429708.0,50580244.0,0.0,0.0,71303168.0,150994944.0
1463,0,1,698,698,4194304,256,0,0,12,4,32,64,"void at::native::vectorized_elementwise_kernel<4, at::native::FillFunctor<int>, std::array<char*, 1ul> >(int, at::native::FillFunctor<int>, std::array<char*, 1ul>)",11604268519938,11604268562955,1464,101,1136.0,862079.0,65536.0,0.0,0.0,0.0,0.0,670433128.0,670433128.0,0.0,0.0,0.0,0.0,101022.0,1835120.0,4198320.0,0.0,0.0,4194304.0,0.0
1464,0,1,698,698,16777216,512,0,0,56,0,32,64,bias_kernel,11604268952520,11604270163911,1465,208,1136.0,17747089.0,0.0,8388608.0,0.0,0.0,0.0,16084316280.0,16084316280.0,0.0,0.0,2097152.0,0.0,45187436851.0,33430185.0,50580672.0,0.0,0.0,71303168.0,150994944.0
1465,0,1,698,698,4194304,256,0,0,12,4,32,64,"void at::native::vectorized_elementwise_kernel<4, at::native::FillFunctor<int>, std::array<char*, 1ul> >(int, at::native::FillFunctor<int>, std::array<char*, 1ul>)",11604270541489,11604270584667,1466,101,1136.0,841933.0,65536.0,0.0,0.0,0.0,0.0,676472748.0,676472748.0,0.0,0.0,0.0,0.0,101027.0,1835120.0,4198304.0,0.0,0.0,4194304.0,0.0
1466,0,1,698,698,16777216,512,0,0,56,0,32,64,bias_kernel,11604270969741,11604272217936,1467,208,1136.0,18554543.0,0.0,8388608.0,0.0,0.0,0.0,16647609392.0,16647609392.0,0.0,0.0,2097152.0,0.0,45597702376.0,33430053.0,50580464.0,0.0,0.0,71303168.0,150994944.0
1467,0,1,698,698,4194304,256,0,0,12,4,32,64,"void at::native::vectorized_elementwise_kernel<4, at::native::FillFunctor<int>, std::array<char*, 1ul> >(int, at::native::FillFunctor<int>, std::array<char*, 1ul>)",11604272596917,11604272639935,1468,101,1136.0,844812.0,65536.0,0.0,0.0,0.0,0.0,677430052.0,677430052.0,0.0,0.0,0.0,0.0,110779.0,1835120.0,4198320.0,0.0,0.0,4194304.0,0.0
1468,0,1,698,698,16777216,512,0,0,56,0,32,64,bias_kernel,11604273030520,11604274242833,1469,208,1136.0,17272212.0,0.0,8388608.0,0.0,0.0,0.0,15802986064.0,15802986064.0,0.0,0.0,2097152.0,0.0,43341430067.0,33430358.0,50580516.0,0.0,0.0,71303168.0,150994944.0
1469,0,1,698,698,4194304,256,0,0,12,4,32,64,"void at::native::vectorized_elementwise_kernel<4, at::native::FillFunctor<int>, std::array<char*, 1ul> >(int, at::native::FillFunctor<int>, std::array<char*, 1ul>)",11604274635203,11604274678341,1470,101,1088.0,819020.0,65536.0,0.0,0.0,0.0,0.0,652245916.0,652245916.0,0.0,0.0,0.0,0.0,97794.0,1835120.0,4198304.0,0.0,0.0,4194304.0,0.0
1470,0,1,698,698,16777216,512,0,0,56,0,32,64,bias_kernel,11604275066021,11604276300264,1471,208,1136.0,17426319.0,0.0,8388608.0,0.0,0.0,0.0,15865922132.0,15865922132.0,0.0,0.0,2097152.0,0.0,43143106689.0,33430304.0,50580468.0,0.0,0.0,71303168.0,150994944.0
1471,0,1,698,698,4194304,256,0,0,12,4,32,64,"void at::native::vectorized_elementwise_kernel<4, at::native::FillFunctor<int>, std::array<char*, 1ul> >(int, at::native::FillFunctor<int>, std::array<char*, 1ul>)",11604276674634,11604276717852,1472,101,1136.0,759338.0,65536.0,0.0,0.0,0.0,0.0,597423960.0,597423960.0,0.0,0.0,0.0,0.0,85520.0,1835120.0,4198320.0,0.0,0.0,4194304.0,0.0
1472,0,1,698,698,16777216,512,0,0,56,0,32,64,bias_kernel,11604277115194,11604278358858,1473,208,1136.0,17561135.0,0.0,8388608.0,0.0,0.0,0.0,15867065988.0,15867065988.0,0.0,0.0,2097152.0,0.0,42862968393.0,33430147.0,50580252.0,0.0,0.0,71303168.0,150994944.0
1473,0,1,698,698,4194304,256,0,0,12,4,32,64,"void at::native::vectorized_elementwise_kernel<4, at::native::FillFunctor<int>, std::array<char*, 1ul> >(int, at::native::FillFunctor<int>, std::array<char*, 1ul>)",11604278732387,11604278775645,1474,101,1136.0,758864.0,65536.0,0.0,0.0,0.0,0.0,611444116.0,611444116.0,0.0,0.0,0.0,0.0,85190.0,1835120.0,4198304.0,0.0,0.0,4194304.0,0.0
1474,0,1,698,698,16777216,512,0,0,56,0,32,64,bias_kernel,11604279166492,11604280432246,1475,208,1136.0,18405451.0,0.0,8388608.0,0.0,0.0,0.0,16093335124.0,16093335124.0,0.0,0.0,2097152.0,0.0,43849464875.0,33430022.0,50580080.0,0.0,0.0,71303168.0,150994944.0
1475,0,1,698,698,4194304,256,0,0,12,4,32,64,"void at::native::vectorized_elementwise_kernel<4, at::native::FillFunctor<int>, std::array<char*, 1ul> >(int, at::native::FillFunctor<int>, std::array<char*, 1ul>)",11604280808260,11604280851518,1476,101,1136.0,752876.0,65536.0,0.0,0.0,0.0,0.0,604720392.0,604720392.0,0.0,0.0,0.0,0.0,95135.0,1835120.0,4198320.0,0.0,0.0,4194304.0,0.0
1476,0,1,698,698,16777216,512,0,0,56,0,32,64,bias_kernel,11604281242767,11604282465984,1477,208,1136.0,17419880.0,0.0,8388608.0,0.0,0.0,0.0,15329914664.0,15329914664.0,0.0,0.0,2097152.0,0.0,43781604396.0,33429656.0,50579596.0,0.0,0.0,71303168.0,150994944.0
1477,0,1,698,698,4194304,256,0,0,12,4,32,64,"void at::native::vectorized_elementwise_kernel<4, at::native::FillFunctor<int>, std::array<char*, 1ul> >(int, at::native::FillFunctor<int>, std::array<char*, 1ul>)",11604282842640,11604282886098,1478,101,1136.0,766675.0,65536.0,0.0,0.0,0.0,0.0,602207592.0,602207592.0,0.0,0.0,0.0,0.0,94399.0,1835120.0,4198304.0,0.0,0.0,4194304.0,0.0
1478,0,1,698,698,16777216,512,0,0,56,0,32,64,bias_kernel,11604283276385,11604284549515,1479,208,1136.0,18468334.0,0.0,8388608.0,0.0,0.0,0.0,16593985380.0,16593985380.0,0.0,0.0,2097152.0,0.0,43812261594.0,33430002.0,50580160.0,0.0,0.0,71303168.0,150994944.0
1479,0,1,698,698,4194304,256,0,0,12,4,32,64,"void at::native::vectorized_elementwise_kernel<4, at::native::FillFunctor<int>, std::array<char*, 1ul> >(int, at::native::FillFunctor<int>, std::array<char*, 1ul>)",11604284943490,11604284987670,1480,101,1136.0,770962.0,65536.0,0.0,0.0,0.0,0.0,605116472.0,605116472.0,0.0,0.0,0.0,0.0,84028.0,1835120.0,4198304.0,0.0,0.0,4194304.0,0.0
1480,0,1,698,698,16777216,512,0,0,56,0,32,64,bias_kernel,11604285374348,11604286625750,1481,208,1136.0,18107838.0,0.0,8388608.0,0.0,0.0,0.0,16251351920.0,16251351920.0,0.0,0.0,2097152.0,0.0,44069919010.0,33430071.0,50580388.0,0.0,0.0,71303168.0,150994944.0
1481,0,1,698,698,4194304,256,0,0,12,4,32,64,"void at::native::vectorized_elementwise_kernel<4, at::native::FillFunctor<int>, std::array<char*, 1ul> >(int, at::native::FillFunctor<int>, std::array<char*, 1ul>)",11604287009461,11604287052960,1482,101,1136.0,792054.0,65536.0,0.0,0.0,0.0,0.0,620301564.0,620301564.0,0.0,0.0,0.0,0.0,88529.0,1835120.0,4198304.0,0.0,0.0,4194304.0,0.0
1482,0,1,698,698,16777216,512,0,0,56,0,32,64,bias_kernel,11604287438275,11604288668388,1483,208,1136.0,17263290.0,0.0,8388608.0,0.0,0.0,0.0,15400426740.0,15400426740.0,0.0,0.0,2097152.0,0.0,43050468241.0,33429463.0,50579776.0,0.0,0.0,71303168.0,150994944.0
1483,0,1,698,698,4194304,256,0,0,12,4,32,64,"void at::native::vectorized_elementwise_kernel<4, at::native::FillFunctor<int>, std::array<char*, 1ul> >(int, at::native::FillFunctor<int>, std::array<char*, 1ul>)",11604289057953,11604289101612,1484,101,1136.0,784461.0,65536.0,0.0,0.0,0.0,0.0,616122396.0,616122396.0,0.0,0.0,0.0,0.0,93337.0,1835120.0,4198320.0,0.0,0.0,4194304.0,0.0
1484,0,1,698,698,16777216,512,0,0,56,0,32,64,bias_kernel,11604289486045,11604290736284,1485,208,1136.0,17788122.0,0.0,8388608.0,0.0,0.0,0.0,15977098680.0,15977098680.0,0.0,0.0,2097152.0,0.0,43799102913.0,33429747.0,50579768.0,0.0,0.0,71303168.0,150994944.0
1485,0,1,698,698,4194304,256,0,0,12,4,32,64,"void at::native::vectorized_elementwise_kernel<4, at::native::FillFunctor<int>, std::array<char*, 1ul> >(int, at::native::FillFunctor<int>, std::array<char*, 1ul>)",11604291118151,11604291161289,1486,101,1136.0,782196.0,65536.0,0.0,0.0,0.0,0.0,625344760.0,625344760.0,0.0,0.0,0.0,0.0,91008.0,1835120.0,4198320.0,0.0,0.0,4194304.0,0.0
1486,0,1,698,698,16777216,512,0,0,56,0,32,64,bias_kernel,11604291544639,11604292795520,1487,208,1136.0,17972653.0,0.0,8388608.0,0.0,0.0,0.0,16157583804.0,16157583804.0,0.0,0.0,2097152.0,0.0,44087499336.0,33430125.0,50580440.0,0.0,0.0,71303168.0,150994944.0
1487,0,1,698,698,4194304,256,0,0,12,4,32,64,"void at::native::vectorized_elementwise_kernel<4, at::native::FillFunctor<int>, std::array<char*, 1ul> >(int, at::native::FillFunctor<int>, std::array<char*, 1ul>)",11604293171213,11604293214190,1488,101,1136.0,810221.0,65536.0,0.0,0.0,0.0,0.0,641036636.0,641036636.0,0.0,0.0,0.0,0.0,94711.0,1835120.0,4198320.0,0.0,0.0,4194304.0,0.0
1488,0,1,698,698,16777216,512,0,0,56,0,32,64,bias_kernel,11604293592329,11604294857001,1489,208,1136.0,18448324.0,0.0,8388608.0,0.0,0.0,0.0,16617992264.0,16617992264.0,0.0,0.0,2097152.0,0.0,43853796332.0,33430144.0,50579736.0,0.0,0.0,71303168.0,150994944.0
1489,0,1,698,698,4194304,256,0,0,12,4,32,64,"void at::native::vectorized_elementwise_kernel<4, at::native::FillFunctor<int>, std::array<char*, 1ul> >(int, at::native::FillFunctor<int>, std::array<char*, 1ul>)",11604295225397,11604295268214,1490,101,1136.0,827931.0,65536.0,0.0,0.0,0.0,0.0,664002508.0,664002508.0,0.0,0.0,0.0,0.0,92930.0,1835120.0,4198304.0,0.0,0.0,4194304.0,0.0
1490,0,1,698,698,16777216,512,0,0,56,0,32,64,bias_kernel,11604295638976,11604296870412,1491,208,1184.0,17432071.0,0.0,8388608.0,0.0,0.0,0.0,15548490752.0,15548490752.0,0.0,0.0,2097152.0,0.0,43717280988.0,33429585.0,50579610.0,0.0,0.0,71303168.0,150994944.0
1491,0,1,698,698,4194304,256,0,0,12,4,32,64,"void at::native::vectorized_elementwise_kernel<4, at::native::FillFunctor<int>, std::array<char*, 1ul> >(int, at::native::FillFunctor<int>, std::array<char*, 1ul>)",11604297244301,11604297286878,1492,101,1136.0,810697.0,65536.0,0.0,0.0,0.0,0.0,661083308.0,661083308.0,0.0,0.0,0.0,0.0,101320.0,1835120.0,4198304.0,0.0,0.0,4194304.0,0.0
1492,0,1,698,698,16777216,512,0,0,56,0,32,64,bias_kernel,11604297659765,11604298921871,1493,208,1136.0,18533305.0,0.0,8388608.0,0.0,0.0,0.0,16174086948.0,16174086948.0,0.0,0.0,2097152.0,0.0,44928991600.0,33429910.0,50579480.0,0.0,0.0,71303168.0,150994944.0
1493,0,1,698,698,4194304,256,0,0,12,4,32,64,"void at::native::vectorized_elementwise_kernel<4, at::native::FillFunctor<int>, std::array<char*, 1ul> >(int, at::native::FillFunctor<int>, std::array<char*, 1ul>)",11604299298165,11604299340902,1494,101,1136.0,818556.0,65536.0,0.0,0.0,0.0,0.0,653611504.0,653611504.0,0.0,0.0,0.0,0.0,108119.0,1835120.0,4198320.0,0.0,0.0,4194304.0,0.0
1494,0,1,698,698,16777216,512,0,0,56,0,32,64,bias_kernel,11604299712626,11604300929109,1495,208,1136.0,17295852.0,0.0,8388608.0,0.0,0.0,0.0,15622743084.0,15622743084.0,0.0,0.0,2097152.0,0.0,44186869861.0,33430097.0,50579428.0,0.0,0.0,71303168.0,150994944.0
1495,0,1,698,698,4194304,256,0,0,12,4,32,64,"void at::native::vectorized_elementwise_kernel<4, at::native::FillFunctor<int>, std::array<char*, 1ul> >(int, at::native::FillFunctor<int>, std::array<char*, 1ul>)",11604301297545,11604301340523,1496,101,1136.0,836595.0,65536.0,0.0,0.0,0.0,0.0,672090788.0,672090788.0,0.0,0.0,0.0,0.0,97364.0,1835120.0,4198320.0,0.0,0.0,4194304.0,0.0
1496,0,1,698,698,16777216,512,0,0,56,0,32,64,bias_kernel,11604301707476,11604302937629,1497,208,1136.0,17470391.0,0.0,8388608.0,0.0,0.0,0.0,15667197300.0,15667197300.0,0.0,0.0,2097152.0,0.0,43309836034.0,33429924.0,50579688.0,0.0,0.0,71303168.0,150994944.0
1497,0,1,698,698,4194304,256,0,0,12,4,32,64,"void at::native::vectorized_elementwise_kernel<4, at::native::FillFunctor<int>, std::array<char*, 1ul> >(int, at::native::FillFunctor<int>, std::array<char*, 1ul>)",11604303302859,11604303345556,1498,101,1136.0,823481.0,65536.0,0.0,0.0,0.0,0.0,673376180.0,673376180.0,0.0,0.0,0.0,0.0,94517.0,1835120.0,4198304.0,0.0,0.0,4194304.0,0.0
1498,0,1,698,698,16777216,512,0,0,56,0,32,64,bias_kernel,11604303712268,11604305010977,1499,208,1136.0,19651223.0,0.0,8388608.0,0.0,0.0,0.0,17539925772.0,17539925772.0,0.0,0.0,2097152.0,0.0,45479180942.0,33430320.0,50580200.0,0.0,0.0,71303168.0,150994944.0
1499,0,1,698,698,4194304,256,0,0,12,4,32,64,"void at::native::vectorized_elementwise_kernel<4, at::native::FillFunctor<int>, std::array<char*, 1ul> >(int, at::native::FillFunctor<int>, std::array<char*, 1ul>)",11604305378812,11604305421590,1500,101,1136.0,830805.0,65536.0,0.0,0.0,0.0,0.0,679514780.0,679514780.0,0.0,0.0,0.0,0.0,94168.0,1835120.0,4198304.0,0.0,0.0,4194304.0,0.0
1500,0,1,698,698,16777216,512,0,0,56,0,32,64,bias_kernel,11604305791389,11604307008553,1501,208,1136.0,17003149.0,0.0,8388608.0,0.0,0.0,0.0,15230846836.0,15230846836.0,0.0,0.0,2097152.0,0.0,43056609925.0,33429932.0,50579724.0,0.0,0.0,71303168.0,150994944.0
1501,0,1,698,698,4194304,256,0,0,12,4,32,64,"void at::native::vectorized_elementwise_kernel<4, at::native::FillFunctor<int>, std::array<char*, 1ul> >(int, at::native::FillFunctor<int>, std::array<char*, 1ul>)",11604307374905,11604307417722,1502,101,1136.0,850698.0,65536.0,0.0,0.0,0.0,0.0,673430812.0,673430812.0,0.0,0.0,0.0,0.0,101534.0,1835120.0,4198320.0,0.0,0.0,4194304.0,0.0
1502,0,1,698,698,16777216,512,0,0,56,0,32,64,bias_kernel,11604307785758,11604309006129,1503,208,1136.0,17186910.0,0.0,8388608.0,0.0,0.0,0.0,15694350156.0,15694350156.0,0.0,0.0,2097152.0,0.0,42965934564.0,33430272.0,50579540.0,0.0,0.0,71303168.0,150994944.0
1503,0,1,698,698,4194304,256,0,0,12,4,32,64,"void at::native::vectorized_elementwise_kernel<4, at::native::FillFunctor<int>, std::array<char*, 1ul> >(int, at::native::FillFunctor<int>, std::array<char*, 1ul>)",11604309374205,11604309417182,1504,101,1136.0,836906.0,65536.0,0.0,0.0,0.0,0.0,674995360.0,674995360.0,0.0,0.0,0.0,0.0,100608.0,1835120.0,4198320.0,0.0,0.0,4194304.0,0.0
1504,0,1,698,698,16777216,512,0,0,56,0,32,64,bias_kernel,11604309781049,11604310990555,1505,208,1136.0,16877750.0,0.0,8388608.0,0.0,0.0,0.0,14999901872.0,14999901872.0,0.0,0.0,2097152.0,0.0,42747941965.0,33429489.0,50580072.0,0.0,0.0,71303168.0,150994944.0
1505,0,1,698,698,4194304,256,0,0,12,4,32,64,"void at::native::vectorized_elementwise_kernel<4, at::native::FillFunctor<int>, std::array<char*, 1ul> >(int, at::native::FillFunctor<int>, std::array<char*, 1ul>)",11604311358150,11604311401568,1506,101,1136.0,850223.0,65536.0,0.0,0.0,0.0,0.0,679282004.0,679282004.0,0.0,0.0,0.0,0.0,101062.0,1835120.0,4198320.0,0.0,0.0,4194304.0,0.0
1506,0,1,698,698,16777216,512,0,0,56,0,32,64,bias_kernel,11604311768602,11604313026618,1507,208,1136.0,18512694.0,0.0,8388608.0,0.0,0.0,0.0,16735834416.0,16735834416.0,0.0,0.0,2097152.0,0.0,44851562317.0,33430229.0,50579892.0,0.0,0.0,71303168.0,150994944.0
1507,0,1,698,698,4194304,256,0,0,12,4,32,64,"void at::native::vectorized_elementwise_kernel<4, at::native::FillFunctor<int>, std::array<char*, 1ul> >(int, at::native::FillFunctor<int>, std::array<char*, 1ul>)",11604313393571,11604313436268,1508,101,1136.0,829698.0,65536.0,0.0,0.0,0.0,0.0,670167928.0,670167928.0,0.0,0.0,0.0,0.0,109207.0,1835120.0,4198304.0,0.0,0.0,4194304.0,0.0
1508,0,1,698,698,16777216,512,0,0,56,0,32,64,bias_kernel,11604313800455,11604315062561,1509,208,1136.0,18455470.0,0.0,8388608.0,0.0,0.0,0.0,16986865796.0,16986865796.0,0.0,0.0,2097152.0,0.0,44204958927.0,33430673.0,50580224.0,0.0,0.0,71303168.0,150994944.0
1509,0,1,698,698,4194304,256,0,0,12,4,32,64,"void at::native::vectorized_elementwise_kernel<4, at::native::FillFunctor<int>, std::array<char*, 1ul> >(int, at::native::FillFunctor<int>, std::array<char*, 1ul>)",11604315431760,11604315474817,1510,101,1136.0,838986.0,65536.0,0.0,0.0,0.0,0.0,676990908.0,676990908.0,0.0,0.0,0.0,0.0,101166.0,1835120.0,4198320.0,0.0,0.0,4194304.0,0.0
1510,0,1,698,698,16777216,512,0,0,56,0,32,64,bias_kernel,11604315842212,11604317086717,1511,208,1136.0,18023542.0,0.0,8388608.0,0.0,0.0,0.0,16089143408.0,16089143408.0,0.0,0.0,2097152.0,0.0,43762660566.0,33429866.0,50579520.0,0.0,0.0,71303168.0,150994944.0
1511,0,1,698,698,4194304,256,0,0,12,4,32,64,"void at::native::vectorized_elementwise_kernel<4, at::native::FillFunctor<int>, std::array<char*, 1ul> >(int, at::native::FillFunctor<int>, std::array<char*, 1ul>)",11604317451466,11604317494163,1512,101,1136.0,823079.0,65536.0,0.0,0.0,0.0,0.0,673691520.0,673691520.0,0.0,0.0,0.0,0.0,96017.0,1835120.0,4198304.0,0.0,0.0,4194304.0,0.0
1512,0,1,698,698,16777216,512,0,0,56,0,32,64,bias_kernel,11604317860354,11604319074551,1513,208,1136.0,17323246.0,0.0,8388608.0,0.0,0.0,0.0,15515092988.0,15515092988.0,0.0,0.0,2097152.0,0.0,43939200799.0,33430054.0,50580104.0,0.0,0.0,71303168.0,150994944.0
1513,0,1,698,698,4194304,256,0,0,12,4,32,64,"void at::native::vectorized_elementwise_kernel<4, at::native::FillFunctor<int>, std::array<char*, 1ul> >(int, at::native::FillFunctor<int>, std::array<char*, 1ul>)",11604319439821,11604319482598,1514,101,1136.0,847295.0,65536.0,0.0,0.0,0.0,0.0,671286136.0,671286136.0,0.0,0.0,0.0,0.0,100533.0,1835120.0,4198320.0,0.0,0.0,4194304.0,0.0
1514,0,1,698,698,16777216,512,0,0,56,0,32,64,bias_kernel,11604319852598,11604323586637,1515,208,60567.0,59873479.0,0.0,8388608.0,0.0,0.0,0.0,16970193744.0,16970193744.0,0.0,0.0,2097152.0,0.0,44721095922.0,32909751.0,50595932.0,0.0,0.0,71303168.0,150994944.0
1515,0,1,698,698,4194304,256,0,0,12,4,32,64,"void at::native::vectorized_elementwise_kernel<4, at::native::FillFunctor<int>, std::array<char*, 1ul> >(int, at::native::FillFunctor<int>, std::array<char*, 1ul>)",11604323962129,11604324009477,1516,101,8079.0,798108.0,65536.0,0.0,0.0,0.0,0.0,680333392.0,680333392.0,0.0,0.0,0.0,0.0,402226.0,1835124.0,4198516.0,0.0,0.0,4194304.0,0.0
1516,0,1,698,698,16777216,512,0,0,56,0,32,64,bias_kernel,11604324398520,11604325636491,1517,208,2496.0,17570571.0,0.0,8388608.0,0.0,0.0,0.0,15921474856.0,15921474856.0,0.0,0.0,2097152.0,0.0,43151282275.0,33430349.0,50580630.0,0.0,0.0,71303168.0,150994944.0
1517,0,1,698,698,4194304,256,0,0,12,4,32,64,"void at::native::vectorized_elementwise_kernel<4, at::native::FillFunctor<int>, std::array<char*, 1ul> >(int, at::native::FillFunctor<int>, std::array<char*, 1ul>)",11604326017076,11604326060454,1518,101,1136.0,757859.0,65536.0,0.0,0.0,0.0,0.0,598213712.0,598213712.0,0.0,0.0,0.0,0.0,92007.0,1835120.0,4198320.0,0.0,0.0,4194304.0,0.0
1518,0,1,698,698,16777216,512,0,0,56,0,32,64,bias_kernel,11604326445809,11604327679731,1519,208,1136.0,17743019.0,0.0,8388608.0,0.0,0.0,0.0,15856792104.0,15856792104.0,0.0,0.0,2097152.0,0.0,43866786228.0,33429947.0,50579968.0,0.0,0.0,71303168.0,150994944.0
1519,0,1,698,698,4194304,256,0,0,12,4,32,64,"void at::native::vectorized_elementwise_kernel<4, at::native::FillFunctor<int>, std::array<char*, 1ul> >(int, at::native::FillFunctor<int>, std::array<char*, 1ul>)",11604328058952,11604328102651,1520,101,1136.0,783664.0,65536.0,0.0,0.0,0.0,0.0,612480552.0,612480552.0,0.0,0.0,0.0,0.0,92583.0,1835120.0,4198320.0,0.0,0.0,4194304.0,0.0
1520,0,1,698,698,16777216,512,0,0,56,0,32,64,bias_kernel,11604328483235,11604329737163,1521,208,1136.0,18229861.0,0.0,8388608.0,0.0,0.0,0.0,15826873864.0,15826873864.0,0.0,0.0,2097152.0,0.0,44102334858.0,33429644.0,50579528.0,0.0,0.0,71303168.0,150994944.0
1521,0,1,698,698,8388608,256,0,0,96,0,32,64,bias_kernel,11604330446975,11604331556053,1522,205,8220.0,14948050.0,0.0,8388608.0,0.0,0.0,0.0,9174913260.0,9174913260.0,0.0,0.0,2097152.0,0.0,43946838270.0,33420137.0,50474895.0,0.0,0.0,67633152.0,136314880.0
1522,0,1,698,698,512,256,0,0,8,0,32,64,"void at::native::(anonymous namespace)::CatArrayBatchedCopy_contig<at::native::(anonymous namespace)::OpaqueType<2u>, unsigned int, 1, 128, 1>(at::native::(anonymous namespace)::OpaqueType<2u>*, at::native::(anonymous namespace)::CatArrInputTensorMetadata<at::native::(anonymous namespace)::OpaqueType<2u>, unsigned int, 128, 1>, at::native::(anonymous namespace)::TensorSizeStride<unsigned int, 4u>, int, unsigned int)",11604352738070,11604352740556,1523,338,8144.0,169861.0,0.0,0.0,0.0,0.0,0.0,20132.0,20132.0,0.0,0.0,2.0,0.0,10670.0,0.0,50.0,0.0,0.0,4.0,32.0
1523,0,1,698,698,512,256,0,0,8,0,32,64,"void at::native::(anonymous namespace)::CatArrayBatchedCopy_contig<at::native::(anonymous namespace)::OpaqueType<2u>, unsigned int, 1, 128, 1>(at::native::(anonymous namespace)::OpaqueType<2u>*, at::native::(anonymous namespace)::CatArrInputTensorMetadata<at::native::(anonymous namespace)::OpaqueType<2u>, unsigned int, 128, 1>, at::native::(anonymous namespace)::TensorSizeStride<unsigned int, 4u>, int, unsigned int)",11604353133848,11604353136133,1524,338,1088.0,151493.0,0.0,0.0,0.0,0.0,0.0,14432.0,14432.0,0.0,0.0,2.0,0.0,6897.0,0.0,30.0,0.0,0.0,4.0,32.0
1524,0,1,698,698,512,256,0,0,8,0,32,64,"void at::native::(anonymous namespace)::CatArrayBatchedCopy_contig<at::native::(anonymous namespace)::OpaqueType<2u>, unsigned int, 1, 128, 1>(at::native::(anonymous namespace)::OpaqueType<2u>*, at::native::(anonymous namespace)::CatArrInputTensorMetadata<at::native::(anonymous namespace)::OpaqueType<2u>, unsigned int, 128, 1>, at::native::(anonymous namespace)::TensorSizeStride<unsigned int, 4u>, int, unsigned int)",11604353500921,11604353503287,1525,338,1136.0,155742.0,0.0,0.0,0.0,0.0,0.0,14392.0,14392.0,0.0,0.0,2.0,0.0,7271.0,0.0,30.0,0.0,0.0,4.0,32.0
1525,0,1,698,698,512,256,0,0,8,0,32,64,"void at::native::(anonymous namespace)::CatArrayBatchedCopy_contig<at::native::(anonymous namespace)::OpaqueType<2u>, unsigned int, 1, 128, 1>(at::native::(anonymous namespace)::OpaqueType<2u>*, at::native::(anonymous namespace)::CatArrInputTensorMetadata<at::native::(anonymous namespace)::OpaqueType<2u>, unsigned int, 128, 1>, at::native::(anonymous namespace)::TensorSizeStride<unsigned int, 4u>, int, unsigned int)",11604353866391,11604353868516,1526,338,1136.0,146674.0,0.0,0.0,0.0,0.0,0.0,13524.0,13524.0,0.0,0.0,2.0,0.0,5541.0,0.0,30.0,0.0,0.0,4.0,32.0
1526,0,1,698,698,512,256,0,0,8,0,32,64,"void at::native::(anonymous namespace)::CatArrayBatchedCopy_contig<at::native::(anonymous namespace)::OpaqueType<2u>, unsigned int, 1, 128, 1>(at::native::(anonymous namespace)::OpaqueType<2u>*, at::native::(anonymous namespace)::CatArrInputTensorMetadata<at::native::(anonymous namespace)::OpaqueType<2u>, unsigned int, 128, 1>, at::native::(anonymous namespace)::TensorSizeStride<unsigned int, 4u>, int, unsigned int)",11604354232743,11604354234868,1527,338,1136.0,158800.0,0.0,0.0,0.0,0.0,0.0,11836.0,11836.0,0.0,0.0,2.0,0.0,4701.0,0.0,30.0,0.0,0.0,4.0,32.0
1527,0,1,698,698,512,256,0,0,8,0,32,64,"void at::native::(anonymous namespace)::CatArrayBatchedCopy_contig<at::native::(anonymous namespace)::OpaqueType<2u>, unsigned int, 1, 128, 1>(at::native::(anonymous namespace)::OpaqueType<2u>*, at::native::(anonymous namespace)::CatArrInputTensorMetadata<at::native::(anonymous namespace)::OpaqueType<2u>, unsigned int, 128, 1>, at::native::(anonymous namespace)::TensorSizeStride<unsigned int, 4u>, int, unsigned int)",11604354595808,11604354597892,1528,338,1136.0,140979.0,0.0,0.0,0.0,0.0,0.0,12444.0,12444.0,0.0,0.0,2.0,0.0,5243.0,0.0,30.0,0.0,0.0,4.0,32.0
1528,0,1,698,698,1536,256,0,0,8,0,32,64,"void at::native::(anonymous namespace)::CatArrayBatchedCopy_contig<at::native::(anonymous namespace)::OpaqueType<2u>, unsigned int, 1, 128, 1>(at::native::(anonymous namespace)::OpaqueType<2u>*, at::native::(anonymous namespace)::CatArrInputTensorMetadata<at::native::(anonymous namespace)::OpaqueType<2u>, unsigned int, 128, 1>, at::native::(anonymous namespace)::TensorSizeStride<unsigned int, 4u>, int, unsigned int)",11604354960395,11604354962961,1529,338,1136.0,167861.0,0.0,0.0,0.0,0.0,0.0,54196.0,54196.0,0.0,0.0,6.0,0.0,27308.0,0.0,99.0,0.0,0.0,12.0,96.0
1529,0,1,698,698,256,256,0,0,24,0,32,64,"void at::native::vectorized_elementwise_kernel<8, at::native::AbsFunctor<c10::Half>, std::array<char*, 2ul> >(int, at::native::AbsFunctor<c10::Half>, std::array<char*, 2ul>)",11604362993708,11604362996514,1530,473,8092.0,178220.0,4.0,0.0,0.0,0.0,0.0,17584.0,17584.0,0.0,0.0,1.0,0.0,18238.0,0.0,62.0,0.0,0.0,6.0,16.0
1530,0,1,698,698,256,256,0,0,24,0,32,64,"void at::native::vectorized_elementwise_kernel<8, at::native::AUnaryFunctor<c10::Half, c10::Half, bool, at::native::(anonymous namespace)::CompareEqFunctor<c10::Half> >, std::array<char*, 2ul> >(int, at::native::AUnaryFunctor<c10::Half, c10::Half, bool, at::native::(anonymous namespace)::CompareEqFunctor<c10::Half> >, std::array<char*, 2ul>)",11604413917836,11604413920963,1531,794,1816.0,169136.0,0.0,0.0,0.0,0.0,0.0,19404.0,19404.0,0.0,0.0,1.0,0.0,16665.0,0.0,77.0,0.0,0.0,6.0,16.0
1531,0,1,698,698,256,256,0,0,40,0,32,64,"void at::native::vectorized_elementwise_kernel<8, at::native::BinaryFunctor<c10::Half, c10::Half, bool, at::native::(anonymous namespace)::CompareEqFunctor<c10::Half> >, std::array<char*, 3ul> >(int, at::native::BinaryFunctor<c10::Half, c10::Half, bool, at::native::(anonymous namespace)::CompareEqFunctor<c10::Half> >, std::array<char*, 3ul>)",11604414286874,11604414289560,1532,583,1136.0,161985.0,4.0,0.0,0.0,0.0,0.0,15704.0,15704.0,0.0,0.0,2.0,0.0,13099.0,0.0,63.0,0.0,0.0,9.0,32.0
1532,0,1,698,698,256,256,0,0,36,4,80,64,"void at::native::vectorized_elementwise_kernel<16, at::native::BinaryFunctor<bool, bool, bool, at::native::binary_internal::MulFunctor<bool> >, std::array<char*, 3ul> >(int, at::native::BinaryFunctor<bool, bool, bool, at::native::binary_internal::MulFunctor<bool> >, std::array<char*, 3ul>)",11604438936479,11604438939245,1533,917,1816.0,174613.0,4.0,0.0,0.0,0.0,0.0,15724.0,15724.0,0.0,0.0,2.0,0.0,11964.0,0.0,73.0,0.0,0.0,9.0,32.0
1533,0,1,698,698,256,256,0,0,24,0,32,64,"void at::native::vectorized_elementwise_kernel<8, at::native::AUnaryFunctor<c10::Half, c10::Half, bool, at::native::(anonymous namespace)::CompareEqFunctor<c10::Half> >, std::array<char*, 2ul> >(int, at::native::AUnaryFunctor<c10::Half, c10::Half, bool, at::native::(anonymous namespace)::CompareEqFunctor<c10::Half> >, std::array<char*, 2ul>)",11604439329891,11604439332938,1534,794,1088.0,169900.0,0.0,0.0,0.0,0.0,0.0,18480.0,18480.0,0.0,0.0,1.0,0.0,16693.0,0.0,77.0,0.0,0.0,6.0,16.0
1534,0,1,698,698,256,256,0,0,36,4,80,64,"void at::native::vectorized_elementwise_kernel<16, at::native::BinaryFunctor<bool, bool, bool, at::native::BitwiseAndFunctor<bool> >, std::array<char*, 3ul> >(int, at::native::BinaryFunctor<bool, bool, bool, at::native::BitwiseAndFunctor<bool> >, std::array<char*, 3ul>)",11604469408020,11604469411067,1535,1098,1816.0,168066.0,4.0,0.0,0.0,0.0,0.0,18412.0,18412.0,0.0,0.0,2.0,0.0,22090.0,0.0,74.0,0.0,0.0,9.0,32.0
1535,0,1,698,698,256,256,512,0,8,0,32,64,"void rocprim::ROCPRIM_400001_NS::detail::block_reduce_kernel<true, false, 16u, rocprim::ROCPRIM_400001_NS::detail::wrapped_reduce_config<rocprim::ROCPRIM_400001_NS::default_config, int>, int, hipcub::HIPCUB_400000_NS::TransformInputIterator<bool, at::native::(anonymous namespace)::NonZeroOp<bool>, bool const*, long>, int*, int, hipcub::HIPCUB_400000_NS::detail::convert_binary_result_type_wrapper<hipcub::HIPCUB_400000_NS::Sum, hipcub::HIPCUB_400000_NS::TransformInputIterator<bool, at::native::(anonymous namespace)::NonZeroOp<bool>, bool const*, long>, int> >(hipcub::HIPCUB_400000_NS::TransformInputIterator<bool, at::native::(anonymous namespace)::NonZeroOp<bool>, bool const*, long>, unsigned long, int*, int, hipcub::HIPCUB_400000_NS::detail::convert_binary_result_type_wrapper<hipcub::HIPCUB_400000_NS::Sum, hipcub::HIPCUB_400000_NS::TransformInputIterator<bool, at::native::(anonymous namespace)::NonZeroOp<bool>, bool const*, long>, int>)",11604505350271,11604505352677,1536,1655,1901.0,164608.0,4.0,0.0,0.0,0.0,0.0,12076.0,12076.0,0.0,0.0,1.0,0.0,10255.0,0.0,31.0,0.0,0.0,4.0,16.0
1536,0,1,698,698,512,512,0,0,16,0,32,64,__amd_rocclr_copyBuffer,11604505738953,11604505743443,1537,22,9472.0,282416.0,0.0,0.0,0.0,0.0,0.0,14300.0,14300.0,0.0,0.0,4.0,0.0,13771.0,0.0,46.0,0.0,0.0,8.0,64.0
1537,0,1,698,698,256,256,0,0,12,4,48,64,__amd_rocclr_fillBufferAligned,11604506110517,11604506112401,1538,26,1136.0,150867.0,0.0,0.0,0.0,0.0,0.0,6012.0,6012.0,0.0,0.0,1.0,0.0,13951.0,0.0,30.0,0.0,0.0,2.0,16.0
1538,0,1,698,698,256,256,0,0,12,4,48,64,__amd_rocclr_fillBufferAligned,11604506474142,11604506475946,1539,26,1136.0,153497.0,0.0,0.0,0.0,0.0,0.0,5168.0,5168.0,0.0,0.0,1.0,0.0,7676.0,0.0,30.0,0.0,0.0,2.0,16.0
1539,0,1,698,698,256,256,0,0,8,0,16,64,"void rocprim::ROCPRIM_400001_NS::detail::init_lookback_scan_state_kernel<rocprim::ROCPRIM_400001_NS::detail::lookback_scan_state<unsigned int, false, true> const>(rocprim::ROCPRIM_400001_NS::detail::lookback_scan_state<unsigned int, false, true> const, unsigned int, unsigned int, rocprim::ROCPRIM_400001_NS::detail::lookback_scan_state<unsigned int, false, true> const::value_type*)",11604510997313,11604510999197,1540,1686,8072.0,147548.0,4.0,0.0,0.0,0.0,0.0,8456.0,8456.0,0.0,0.0,0.0,0.0,8206.0,0.0,44.0,0.0,0.0,17.0,0.0
1540,0,1,698,698,512,512,29184,0,52,52,112,64,"void rocprim::ROCPRIM_400001_NS::detail::partition_kernel<(rocprim::ROCPRIM_400001_NS::detail::select_method)0, true, rocprim::ROCPRIM_400001_NS::detail::wrapped_partition_config<rocprim::ROCPRIM_400001_NS::default_config, (rocprim::ROCPRIM_400001_NS::detail::partition_subalgo)5, long, rocprim::ROCPRIM_400001_NS::empty_type>, hipcub::HIPCUB_400000_NS::CountingInputIterator<long, long>, rocprim::ROCPRIM_400001_NS::empty_type*, hipcub::HIPCUB_400000_NS::TransformInputIterator<bool, at::native::(anonymous namespace)::NonZeroOp<bool>, bool const*, long>, rocprim::ROCPRIM_400001_NS::tuple<long*, rocprim::ROCPRIM_400001_NS::empty_type>, rocprim::ROCPRIM_400001_NS::tuple<rocprim::ROCPRIM_400001_NS::empty_type*, rocprim::ROCPRIM_400001_NS::empty_type*>, rocprim::ROCPRIM_400001_NS::empty_type, rocprim::ROCPRIM_400001_NS::detail::lookback_scan_state<unsigned int, false, true>, rocprim::ROCPRIM_400001_NS::detail::block_id_wrapper<unsigned int, false>, rocprim::ROCPRIM_400001_NS::empty_type>(hipcub::HIPCUB_400000_NS::CountingInputIterator<long, long>, rocprim::ROCPRIM_400001_NS::empty_type*, hipcub::HIPCUB_400000_NS::TransformInputIterator<bool, at::native::(anonymous namespace)::NonZeroOp<bool>, bool const*, long>, rocprim::ROCPRIM_400001_NS::tuple<long*, rocprim::ROCPRIM_400001_NS::empty_type>, rocprim::ROCPRIM_400001_NS::tuple<rocprim::ROCPRIM_400001_NS::empty_type*, rocprim::ROCPRIM_400001_NS::empty_type*>, unsigned long*, unsigned long*, unsigned long, unsigned long, rocprim::ROCPRIM_400001_NS::empty_type, rocprim::ROCPRIM_400001_NS::detail::lookback_scan_state<unsigned int, false, true>, unsigned int, rocprim::ROCPRIM_400001_NS::detail::vsmem_t, rocprim::ROCPRIM_400001_NS::detail::block_id_wrapper<unsigned int, false>, rocprim::ROCPRIM_400001_NS::empty_type)",11604511364828,11604511369197,1541,1656,1306.0,184320.0,0.0,0.0,0.0,0.0,0.0,55568.0,55568.0,0.0,0.0,1.0,0.0,15961.0,0.0,120.0,0.0,0.0,27.0,16.0
1541,0,1,698,698,256,256,0,0,8,0,32,64,"void rocprim::ROCPRIM_400001_NS::detail::transform_kernel<true, rocprim::ROCPRIM_400001_NS::detail::wrapped_transform_config<rocprim::ROCPRIM_400001_NS::default_config, unsigned long, true>, unsigned long, unsigned long*, int*, rocprim::ROCPRIM_400001_NS::identity<void> >(unsigned long*, unsigned long, int*, rocprim::ROCPRIM_400001_NS::identity<void>)",11604511736552,11604511738436,1542,1472,1136.0,152724.0,4.0,0.0,0.0,0.0,0.0,7108.0,7108.0,0.0,0.0,1.0,0.0,5747.0,0.0,24.0,0.0,0.0,2.0,64.0
1542,0,1,698,698,128,128,0,0,16,0,80,64,"void at::native::index_elementwise_kernel<128, 4, at::native::gpu_index_kernel<at::native::index_kernel_impl<at::native::OpaqueType<2> >(at::TensorIteratorBase&, c10::ArrayRef<long>, c10::ArrayRef<long>)::{lambda(char*, char const*, long)#1}>(at::TensorIteratorBase&, c10::ArrayRef<long>, c10::ArrayRef<long>, at::native::index_kernel_impl<at::native::OpaqueType<2> >(at::TensorIteratorBase&, c10::ArrayRef<long>, c10::ArrayRef<long>)::{lambda(char*, char const*, long)#1} const&, bool)::{lambda(int)#1}>(long, at::native::gpu_index_kernel<at::native::index_kernel_impl<at::native::OpaqueType<2> >(at::TensorIteratorBase&, c10::ArrayRef<long>, c10::ArrayRef<long>)::{lambda(char*, char const*, long)#1}>(at::TensorIteratorBase&, c10::ArrayRef<long>, c10::ArrayRef<long>, at::native::index_kernel_impl<at::native::OpaqueType<2> >(at::TensorIteratorBase&, c10::ArrayRef<long>, c10::ArrayRef<long>)::{lambda(char*, char const*, long)#1} const&, bool)::{lambda(int)#1})",11604544275828,11604544279115,1543,1779,1816.0,174339.0,4.0,0.0,0.0,0.0,0.0,9800.0,9800.0,0.0,0.0,2.0,0.0,24850.0,0.0,77.0,0.0,0.0,15.0,80.0
1543,0,1,698,698,256,256,0,0,24,0,32,64,"void at::native::vectorized_elementwise_kernel<8, at::native::AbsFunctor<c10::Half>, std::array<char*, 2ul> >(int, at::native::AbsFunctor<c10::Half>, std::array<char*, 2ul>)",11604544645467,11604544647832,1544,473,1816.0,147365.0,4.0,0.0,0.0,0.0,0.0,14076.0,14076.0,0.0,0.0,1.0,0.0,13755.0,0.0,44.0,0.0,0.0,6.0,16.0
1544,0,1,698,698,128,128,0,0,20,4,64,64,"void at::native::elementwise_kernel_manual_unroll<128, 4, at::native::gpu_kernel_impl<at::native::direct_copy_kernel_cuda(at::TensorIteratorBase&)::{lambda()#3}::operator()() const::{lambda()#6}::operator()() const::{lambda(double)#1}>(at::TensorIteratorBase&, at::native::direct_copy_kernel_cuda(at::TensorIteratorBase&)::{lambda()#3}::operator()() const::{lambda()#6}::operator()() const::{lambda(double)#1} const&)::{lambda(int, bool)#1}>(int, at::native::gpu_kernel_impl<at::native::direct_copy_kernel_cuda(at::TensorIteratorBase&)::{lambda()#3}::operator()() const::{lambda()#6}::operator()() const::{lambda(double)#1}>(at::TensorIteratorBase&, at::native::direct_copy_kernel_cuda(at::TensorIteratorBase&)::{lambda()#3}::operator()() const::{lambda()#6}::operator()() const::{lambda(double)#1} const&)::{lambda(int, bool)#1})",11604583477751,11604583480999,1545,1951,1901.0,180156.0,2.0,0.0,0.0,0.0,0.0,10820.0,10820.0,0.0,0.0,3.0,0.0,42498.0,0.0,171.0,0.0,0.0,44.0,144.0
1545,0,1,698,698,32,32,512,0,32,0,80,64,"void at::native::reduce_kernel<512, 1, at::native::ReduceOp<double, at::native::func_wrapper_t<double, at::native::MinNanFunctor<double> >, unsigned int, double, 4, 4> >(at::native::ReduceOp<double, at::native::func_wrapper_t<double, at::native::MinNanFunctor<double> >, unsigned int, double, 4, 4>)",11604593703781,11604593708031,1546,2290,1816.0,199420.0,1.0,0.0,0.0,0.0,0.0,7444.0,7444.0,0.0,0.0,2.0,0.0,27457.0,0.0,121.0,0.0,0.0,10.0,128.0
1546,0,1,698,698,32,32,512,0,32,0,80,64,"void at::native::reduce_kernel<512, 1, at::native::ReduceOp<double, at::native::func_wrapper_t<double, at::native::MaxNanFunctor<double> >, unsigned int, double, 4, 4> >(at::native::ReduceOp<double, at::native::func_wrapper_t<double, at::native::MaxNanFunctor<double> >, unsigned int, double, 4, 4>)",11604604225854,11604604230384,1547,2339,1816.0,200630.0,1.0,0.0,0.0,0.0,0.0,7992.0,7992.0,0.0,0.0,2.0,0.0,31235.0,0.0,121.0,0.0,0.0,10.0,128.0
1547,0,1,698,698,256,256,0,0,24,0,32,64,"void at::native::vectorized_elementwise_kernel<8, at::native::ceil_kernel_cuda(at::TensorIteratorBase&)::{lambda()#1}::operator()() const::{lambda()#3}::operator()() const::{lambda(c10::Half)#1}, std::array<char*, 2ul> >(int, at::native::ceil_kernel_cuda(at::TensorIteratorBase&)::{lambda()#1}::operator()() const::{lambda()#3}::operator()() const::{lambda(c10::Half)#1}, std::array<char*, 2ul>)",11604632750716,11604632753001,1548,2522,1816.0,177313.0,4.0,0.0,0.0,0.0,0.0,11072.0,11072.0,0.0,0.0,1.0,0.0,12115.0,0.0,44.0,0.0,0.0,2.0,16.0
1548,0,1,698,698,256,256,0,0,40,0,32,64,"void at::native::vectorized_elementwise_kernel<8, at::native::BinaryFunctor<c10::Half, c10::Half, bool, at::native::(anonymous namespace)::CompareEqFunctor<c10::Half> >, std::array<char*, 3ul> >(int, at::native::BinaryFunctor<c10::Half, c10::Half, bool, at::native::(anonymous namespace)::CompareEqFunctor<c10::Half> >, std::array<char*, 3ul>)",11604633120355,11604633122801,1549,583,1816.0,169243.0,4.0,0.0,0.0,0.0,0.0,14456.0,14456.0,0.0,0.0,2.0,0.0,13466.0,0.0,64.0,0.0,0.0,3.0,32.0
1549,0,1,698,698,512,512,0,0,16,0,32,64,__amd_rocclr_copyBuffer,11604633486346,11604633489393,1550,22,8944.0,249984.0,0.0,0.0,0.0,0.0,0.0,9804.0,9804.0,0.0,0.0,1.0,0.0,8059.0,0.0,43.0,0.0,0.0,2.0,16.0
1550,0,1,698,698,256,256,0,0,76,4,32,64,"void at::native::vectorized_elementwise_kernel<4, at::native::BinaryFunctor<double, double, double, at::native::binary_internal::DivFunctor<double> >, std::array<char*, 3ul> >(int, at::native::BinaryFunctor<double, double, double, at::native::binary_internal::DivFunctor<double> >, std::array<char*, 3ul>)",11604662493434,11604662496280,1551,2664,1816.0,156062.0,4.0,0.0,0.0,0.0,0.0,16176.0,16176.0,0.0,0.0,2.0,0.0,21531.0,0.0,66.0,0.0,0.0,3.0,128.0
1551,0,1,698,698,256,256,0,0,40,0,64,64,"void at::native::vectorized_elementwise_kernel<4, at::native::compare_scalar_kernel<double>(at::TensorIteratorBase&, at::native::(anonymous namespace)::OpType, double)::{lambda(double)#1}, std::array<char*, 2ul> >(int, at::native::compare_scalar_kernel<double>(at::TensorIteratorBase&, at::native::(anonymous namespace)::OpType, double)::{lambda(double)#1}, std::array<char*, 2ul>)",11604682556059,11604682559267,1552,2921,1816.0,169944.0,4.0,0.0,0.0,0.0,0.0,20920.0,20920.0,0.0,0.0,1.0,0.0,16086.0,0.0,93.0,0.0,0.0,2.0,64.0
1552,0,1,698,698,512,512,0,0,16,0,32,64,__amd_rocclr_copyBuffer,11604682922171,11604682924737,1553,22,1136.0,243547.0,0.0,0.0,0.0,0.0,0.0,8844.0,8844.0,0.0,0.0,1.0,0.0,3559.0,0.0,25.0,0.0,0.0,2.0,16.0
1553,0,1,698,698,256,256,0,0,40,0,64,64,"void at::native::vectorized_elementwise_kernel<4, at::native::compare_scalar_kernel<double>(at::TensorIteratorBase&, at::native::(anonymous namespace)::OpType, double)::{lambda(double)#1}, std::array<char*, 2ul> >(int, at::native::compare_scalar_kernel<double>(at::TensorIteratorBase&, at::native::(anonymous namespace)::OpType, double)::{lambda(double)#1}, std::array<char*, 2ul>)",11604683289405,11604683292612,1554,2921,1136.0,168606.0,4.0,0.0,0.0,0.0,0.0,20412.0,20412.0,0.0,0.0,1.0,0.0,16141.0,0.0,93.0,0.0,0.0,2.0,64.0
1554,0,1,698,698,512,512,0,0,16,0,32,64,__amd_rocclr_copyBuffer,11604683657721,11604683660086,1555,22,1136.0,237459.0,0.0,0.0,0.0,0.0,0.0,8248.0,8248.0,0.0,0.0,1.0,0.0,3531.0,0.0,25.0,0.0,0.0,2.0,16.0
1555,0,1,698,698,256,256,0,0,40,0,64,64,"void at::native::vectorized_elementwise_kernel<4, at::native::compare_scalar_kernel<double>(at::TensorIteratorBase&, at::native::(anonymous namespace)::OpType, double)::{lambda(double)#1}, std::array<char*, 2ul> >(int, at::native::compare_scalar_kernel<double>(at::TensorIteratorBase&, at::native::(anonymous namespace)::OpType, double)::{lambda(double)#1}, std::array<char*, 2ul>)",11604684028122,11604684031329,1556,2921,1136.0,163934.0,4.0,0.0,0.0,0.0,0.0,20876.0,20876.0,0.0,0.0,1.0,0.0,16144.0,0.0,93.0,0.0,0.0,2.0,64.0
1556,0,1,698,698,512,512,0,0,16,0,32,64,__amd_rocclr_copyBuffer,11604684394474,11604684401730,1557,22,1136.0,330191.0,0.0,0.0,0.0,0.0,0.0,8116.0,8116.0,0.0,0.0,1.0,0.0,3529.0,0.0,25.0,0.0,0.0,2.0,16.0
1557,0,1,698,698,512,512,0,0,16,0,32,64,__amd_rocclr_copyBuffer,11604684772051,11604684775379,1558,22,1136.0,254609.0,0.0,0.0,0.0,0.0,0.0,10200.0,10200.0,0.0,0.0,2.0,0.0,4160.0,0.0,28.0,0.0,0.0,4.0,32.0
1558,0,1,698,698,1024,1024,0,0,16,0,32,64,__amd_rocclr_copyBuffer,11604685139646,11604685142573,1559,22,1136.0,252260.0,0.0,0.0,0.0,0.0,0.0,15640.0,15640.0,0.0,0.0,2.0,0.0,3515.0,0.0,26.0,0.0,0.0,4.0,32.0
1559,0,1,698,698,1024,1024,0,0,16,0,32,64,__amd_rocclr_copyBuffer,11604685508604,11604685511530,1560,22,1136.0,251010.0,0.0,0.0,0.0,0.0,0.0,15964.0,15964.0,0.0,0.0,2.0,0.0,3519.0,0.0,26.0,0.0,0.0,4.0,32.0
1560,0,1,698,698,1024,1024,0,0,16,0,32,64,__amd_rocclr_copyBuffer,11604685877762,11604685880609,1561,22,1136.0,247368.0,0.0,0.0,0.0,0.0,0.0,16312.0,16312.0,0.0,0.0,2.0,0.0,3502.0,0.0,26.0,0.0,0.0,4.0,32.0
1561,0,1,698,698,1024,1024,0,0,16,0,32,64,__amd_rocclr_copyBuffer,11604686243873,11604686246720,1562,22,1221.0,244848.0,0.0,0.0,0.0,0.0,0.0,15772.0,15772.0,0.0,0.0,2.0,0.0,3530.0,0.0,26.0,0.0,0.0,4.0,32.0
1562,0,1,698,698,1024,1024,0,0,16,0,32,64,__amd_rocclr_copyBuffer,11604686611869,11604686614715,1563,22,1136.0,244885.0,0.0,0.0,0.0,0.0,0.0,14052.0,14052.0,0.0,0.0,2.0,0.0,3511.0,0.0,26.0,0.0,0.0,4.0,32.0
1563,0,1,698,698,1024,1024,0,0,16,0,32,64,__amd_rocclr_copyBuffer,11604686978943,11604686981789,1564,22,1136.0,244950.0,0.0,0.0,0.0,0.0,0.0,15004.0,15004.0,0.0,0.0,2.0,0.0,3511.0,0.0,26.0,0.0,0.0,4.0,32.0
1564,0,1,698,698,1024,1024,0,0,16,0,32,64,__amd_rocclr_copyBuffer,11604687346176,11604687349023,1565,22,1136.0,245756.0,0.0,0.0,0.0,0.0,0.0,14168.0,14168.0,0.0,0.0,2.0,0.0,3507.0,0.0,26.0,0.0,0.0,4.0,32.0
1565,0,1,698,698,512,512,0,0,16,0,32,64,__amd_rocclr_copyBuffer,11604687713250,11604687716096,1566,22,1136.0,247405.0,0.0,0.0,0.0,0.0,0.0,8432.0,8432.0,0.0,0.0,2.0,0.0,3511.0,0.0,26.0,0.0,0.0,4.0,32.0
1566,0,1,698,698,1024,1024,0,0,16,0,32,64,__amd_rocclr_copyBuffer,11604688080323,11604688083290,1567,22,1136.0,244857.0,0.0,0.0,0.0,0.0,0.0,16596.0,16596.0,0.0,0.0,2.0,0.0,3525.0,0.0,26.0,0.0,0.0,4.0,32.0
1567,0,1,698,698,1024,1024,0,0,16,0,32,64,__amd_rocclr_copyBuffer,11604688451125,11604688454052,1568,22,1136.0,244058.0,0.0,0.0,0.0,0.0,0.0,16236.0,16236.0,0.0,0.0,2.0,0.0,3518.0,0.0,26.0,0.0,0.0,4.0,32.0
1568,0,1,698,698,1024,1024,0,0,16,0,32,64,__amd_rocclr_copyBuffer,11604688818399,11604688821246,1569,22,1136.0,240413.0,0.0,0.0,0.0,0.0,0.0,15968.0,15968.0,0.0,0.0,2.0,0.0,3525.0,0.0,26.0,0.0,0.0,4.0,32.0
1569,0,1,698,698,1024,1024,0,0,16,0,32,64,__amd_rocclr_copyBuffer,11604689186034,11604689188921,1570,22,1221.0,245270.0,0.0,0.0,0.0,0.0,0.0,16740.0,16740.0,0.0,0.0,2.0,0.0,3521.0,0.0,26.0,0.0,0.0,4.0,32.0
1570,0,1,698,698,1024,1024,0,0,16,0,32,64,__amd_rocclr_copyBuffer,11604689552907,11604689555754,1571,22,1136.0,249540.0,0.0,0.0,0.0,0.0,0.0,14224.0,14224.0,0.0,0.0,2.0,0.0,3506.0,0.0,26.0,0.0,0.0,4.0,32.0
1571,0,1,698,698,1024,1024,0,0,16,0,32,64,__amd_rocclr_copyBuffer,11604689920181,11604689923028,1572,22,1136.0,235517.0,0.0,0.0,0.0,0.0,0.0,14464.0,14464.0,0.0,0.0,2.0,0.0,3523.0,0.0,26.0,0.0,0.0,4.0,32.0
1572,0,1,698,698,1024,1024,0,0,16,0,32,64,__amd_rocclr_copyBuffer,11604690286774,11604690289660,1573,22,1136.0,243620.0,0.0,0.0,0.0,0.0,0.0,15056.0,15056.0,0.0,0.0,2.0,0.0,3513.0,0.0,26.0,0.0,0.0,4.0,32.0
1573,0,1,698,698,512,512,0,0,16,0,32,64,__amd_rocclr_copyBuffer,11604690651963,11604690655090,1574,22,1136.0,243487.0,0.0,0.0,0.0,0.0,0.0,8528.0,8528.0,0.0,0.0,2.0,0.0,3518.0,0.0,26.0,0.0,0.0,4.0,32.0
1574,0,1,698,698,1024,1024,0,0,16,0,32,64,__amd_rocclr_copyBuffer,11604691018836,11604691021682,1575,22,1136.0,247438.0,0.0,0.0,0.0,0.0,0.0,14324.0,14324.0,0.0,0.0,2.0,0.0,3523.0,0.0,26.0,0.0,0.0,4.0,32.0
1575,0,1,698,698,1024,1024,0,0,16,0,32,64,__amd_rocclr_copyBuffer,11604691385829,11604691388756,1576,22,1136.0,236814.0,0.0,0.0,0.0,0.0,0.0,15784.0,15784.0,0.0,0.0,2.0,0.0,3519.0,0.0,26.0,0.0,0.0,4.0,32.0
1576,0,1,698,698,1024,1024,0,0,16,0,32,64,__amd_rocclr_copyBuffer,11604691754226,11604691757072,1577,22,1136.0,252721.0,0.0,0.0,0.0,0.0,0.0,14472.0,14472.0,0.0,0.0,2.0,0.0,3520.0,0.0,26.0,0.0,0.0,4.0,32.0
1577,0,1,698,698,1024,1024,0,0,16,0,32,64,__amd_rocclr_copyBuffer,11604692122422,11604692125268,1578,22,1221.0,253212.0,0.0,0.0,0.0,0.0,0.0,14596.0,14596.0,0.0,0.0,2.0,0.0,3518.0,0.0,26.0,0.0,0.0,4.0,32.0
1578,0,1,698,698,1024,1024,0,0,16,0,32,64,__amd_rocclr_copyBuffer,11604692489455,11604692492422,1579,22,1136.0,235940.0,0.0,0.0,0.0,0.0,0.0,15100.0,15100.0,0.0,0.0,2.0,0.0,3517.0,0.0,26.0,0.0,0.0,4.0,32.0
1579,0,1,698,698,1024,1024,0,0,16,0,32,64,__amd_rocclr_copyBuffer,11604692859776,11604692862543,1580,22,1136.0,251189.0,0.0,0.0,0.0,0.0,0.0,13732.0,13732.0,0.0,0.0,2.0,0.0,3513.0,0.0,26.0,0.0,0.0,4.0,32.0
1580,0,1,698,698,1024,1024,0,0,16,0,32,64,__amd_rocclr_copyBuffer,11604693229536,11604693232422,1581,22,1136.0,252964.0,0.0,0.0,0.0,0.0,0.0,14504.0,14504.0,0.0,0.0,2.0,0.0,3505.0,0.0,26.0,0.0,0.0,4.0,32.0
1581,0,1,698,698,512,512,0,0,16,0,32,64,__amd_rocclr_copyBuffer,11604693595727,11604693598574,1582,22,1136.0,248825.0,0.0,0.0,0.0,0.0,0.0,8868.0,8868.0,0.0,0.0,2.0,0.0,3525.0,0.0,26.0,0.0,0.0,4.0,32.0
1582,0,1,698,698,1024,1024,0,0,16,0,32,64,__amd_rocclr_copyBuffer,11604693963362,11604693966289,1583,22,1136.0,248024.0,0.0,0.0,0.0,0.0,0.0,16452.0,16452.0,0.0,0.0,2.0,0.0,3480.0,0.0,26.0,0.0,0.0,4.0,32.0
1583,0,1,698,698,1024,1024,0,0,16,0,32,64,__amd_rocclr_copyBuffer,11604694330035,11604694332881,1584,22,1136.0,246966.0,0.0,0.0,0.0,0.0,0.0,15332.0,15332.0,0.0,0.0,2.0,0.0,3494.0,0.0,26.0,0.0,0.0,4.0,32.0
1584,0,1,698,698,1024,1024,0,0,16,0,32,64,__amd_rocclr_copyBuffer,11604694698552,11604694701398,1585,22,1136.0,241758.0,0.0,0.0,0.0,0.0,0.0,17124.0,17124.0,0.0,0.0,2.0,0.0,3514.0,0.0,26.0,0.0,0.0,4.0,32.0
1585,0,1,698,698,1024,1024,0,0,16,0,32,64,__amd_rocclr_copyBuffer,11604695066226,11604695069073,1586,22,1221.0,248112.0,0.0,0.0,0.0,0.0,0.0,14688.0,14688.0,0.0,0.0,2.0,0.0,3524.0,0.0,26.0,0.0,0.0,4.0,32.0
1586,0,1,698,698,1024,1024,0,0,16,0,32,64,__amd_rocclr_copyBuffer,11604695437550,11604695440957,1587,22,1136.0,268569.0,0.0,0.0,0.0,0.0,0.0,13852.0,13852.0,0.0,0.0,2.0,0.0,3518.0,0.0,26.0,0.0,0.0,4.0,32.0
1587,0,1,698,698,1024,1024,0,0,16,0,32,64,__amd_rocclr_copyBuffer,11604695810035,11604695812922,1588,22,1136.0,239154.0,0.0,0.0,0.0,0.0,0.0,16288.0,16288.0,0.0,0.0,2.0,0.0,3518.0,0.0,26.0,0.0,0.0,4.0,32.0
1588,0,1,698,698,1024,1024,0,0,16,0,32,64,__amd_rocclr_copyBuffer,11604696178272,11604696181118,1589,22,1136.0,249775.0,0.0,0.0,0.0,0.0,0.0,14592.0,14592.0,0.0,0.0,2.0,0.0,3522.0,0.0,26.0,0.0,0.0,4.0,32.0
1589,0,1,698,698,512,512,0,0,16,0,32,64,__amd_rocclr_copyBuffer,11604696548111,11604696550958,1590,22,1136.0,244340.0,0.0,0.0,0.0,0.0,0.0,8628.0,8628.0,0.0,0.0,2.0,0.0,3513.0,0.0,26.0,0.0,0.0,4.0,32.0
1590,0,1,698,698,1024,1024,0,0,16,0,32,64,__amd_rocclr_copyBuffer,11604696916227,11604696918994,1591,22,1136.0,247513.0,0.0,0.0,0.0,0.0,0.0,14492.0,14492.0,0.0,0.0,2.0,0.0,3519.0,0.0,26.0,0.0,0.0,4.0,32.0
1591,0,1,698,698,1024,1024,0,0,16,0,32,64,__amd_rocclr_copyBuffer,11604697283902,11604697286749,1592,22,1136.0,249020.0,0.0,0.0,0.0,0.0,0.0,14028.0,14028.0,0.0,0.0,2.0,0.0,3525.0,0.0,26.0,0.0,0.0,4.0,32.0
1592,0,1,698,698,1024,1024,0,0,16,0,32,64,__amd_rocclr_copyBuffer,11604697652018,11604697654865,1593,22,1136.0,241776.0,0.0,0.0,0.0,0.0,0.0,14624.0,14624.0,0.0,0.0,2.0,0.0,3510.0,0.0,26.0,0.0,0.0,4.0,32.0
1593,0,1,698,698,512,512,0,0,16,0,32,64,__amd_rocclr_copyBuffer,11604698019372,11604698024704,1594,22,1221.0,293950.0,0.0,0.0,0.0,0.0,0.0,13800.0,13800.0,0.0,0.0,6.0,0.0,3812.0,0.0,31.0,0.0,0.0,12.0,96.0
1594,0,1,698,698,512,512,0,0,16,0,32,64,__amd_rocclr_copyBuffer,11604698387528,11604698389894,1595,22,1136.0,238320.0,0.0,0.0,0.0,0.0,0.0,7252.0,7252.0,0.0,0.0,1.0,0.0,3539.0,0.0,25.0,0.0,0.0,2.0,16.0
1595,0,1,698,698,512,512,0,0,16,0,32,64,__amd_rocclr_copyBuffer,11604698754201,11604698756566,1596,22,1136.0,236645.0,0.0,0.0,0.0,0.0,0.0,7404.0,7404.0,0.0,0.0,1.0,0.0,3550.0,0.0,25.0,0.0,0.0,2.0,16.0
1596,0,1,698,698,512,512,0,0,16,0,32,64,__amd_rocclr_copyBuffer,11604699123800,11604699126165,1597,22,1136.0,234290.0,0.0,0.0,0.0,0.0,0.0,7860.0,7860.0,0.0,0.0,1.0,0.0,3542.0,0.0,25.0,0.0,0.0,2.0,16.0
1597,0,1,698,698,1024,1024,0,0,16,0,32,64,__amd_rocclr_copyBuffer,11604699489511,11604699492838,1598,22,1136.0,250513.0,0.0,0.0,0.0,0.0,0.0,15172.0,15172.0,0.0,0.0,3.0,0.0,3531.0,0.0,27.0,0.0,0.0,6.0,60.0
1598,0,1,698,698,512,512,0,0,16,0,32,64,__amd_rocclr_copyBuffer,11604699857346,11604699859751,1599,22,1136.0,231325.0,0.0,0.0,0.0,0.0,0.0,7268.0,7268.0,0.0,0.0,1.0,0.0,3542.0,0.0,25.0,0.0,0.0,2.0,16.0
1599,0,1,698,698,512,512,0,0,16,0,32,64,__amd_rocclr_copyBuffer,11604700225061,11604700227466,1600,22,1136.0,233566.0,0.0,0.0,0.0,0.0,0.0,7728.0,7728.0,0.0,0.0,1.0,0.0,3539.0,0.0,25.0,0.0,0.0,2.0,16.0
1600,0,1,698,698,512,512,0,0,16,0,32,64,__amd_rocclr_copyBuffer,11604700593497,11604700597707,1601,22,1136.0,267085.0,0.0,0.0,0.0,0.0,0.0,7212.0,7212.0,0.0,0.0,1.0,0.0,3545.0,0.0,25.0,0.0,0.0,2.0,16.0
1601,0,1,698,698,512,512,0,0,16,0,32,64,__amd_rocclr_copyBuffer,11604700963177,11604700968228,1602,22,1221.0,282375.0,0.0,0.0,0.0,0.0,0.0,12984.0,12984.0,0.0,0.0,6.0,0.0,3345.0,0.0,30.0,0.0,0.0,12.0,96.0
1602,0,1,698,698,512,512,0,0,16,0,32,64,__amd_rocclr_copyBuffer,11604701332776,11604701335141,1603,22,1136.0,231025.0,0.0,0.0,0.0,0.0,0.0,7532.0,7532.0,0.0,0.0,1.0,0.0,3552.0,0.0,25.0,0.0,0.0,2.0,16.0
1603,0,1,698,698,512,512,0,0,16,0,32,64,__amd_rocclr_copyBuffer,11604701699529,11604701701894,1604,22,1136.0,236610.0,0.0,0.0,0.0,0.0,0.0,7544.0,7544.0,0.0,0.0,1.0,0.0,3554.0,0.0,25.0,0.0,0.0,2.0,16.0
1604,0,1,698,698,512,512,0,0,16,0,32,64,__amd_rocclr_copyBuffer,11604702067204,11604702069569,1605,22,1136.0,242571.0,0.0,0.0,0.0,0.0,0.0,7436.0,7436.0,0.0,0.0,1.0,0.0,3550.0,0.0,25.0,0.0,0.0,2.0,16.0
1605,0,1,698,698,1024,1024,0,0,16,0,32,64,__amd_rocclr_copyBuffer,11604702435119,11604702441494,1606,22,1136.0,301113.0,0.0,0.0,0.0,0.0,0.0,16120.0,16120.0,0.0,0.0,3.0,0.0,3501.0,0.0,27.0,0.0,0.0,6.0,60.0
1606,0,1,698,698,512,512,0,0,16,0,32,64,__amd_rocclr_copyBuffer,11604702805761,11604702808166,1607,22,1136.0,239305.0,0.0,0.0,0.0,0.0,0.0,7340.0,7340.0,0.0,0.0,1.0,0.0,3544.0,0.0,25.0,0.0,0.0,2.0,16.0
1607,0,1,698,698,512,512,0,0,16,0,32,64,__amd_rocclr_copyBuffer,11604703174157,11604703176563,1608,22,1136.0,239319.0,0.0,0.0,0.0,0.0,0.0,7540.0,7540.0,0.0,0.0,1.0,0.0,3548.0,0.0,25.0,0.0,0.0,2.0,16.0
1608,0,1,698,698,512,512,0,0,16,0,32,64,__amd_rocclr_copyBuffer,11604703540589,11604703542995,1609,22,1136.0,228833.0,0.0,0.0,0.0,0.0,0.0,7716.0,7716.0,0.0,0.0,1.0,0.0,3549.0,0.0,25.0,0.0,0.0,2.0,16.0
1609,0,1,698,698,512,512,0,0,16,0,32,64,__amd_rocclr_copyBuffer,11604703909066,11604703914198,1610,22,1221.0,283964.0,0.0,0.0,0.0,0.0,0.0,13180.0,13180.0,0.0,0.0,6.0,0.0,3342.0,0.0,30.0,0.0,0.0,12.0,96.0
1610,0,1,698,698,512,512,0,0,16,0,32,64,__amd_rocclr_copyBuffer,11604704278505,11604704280870,1611,22,1136.0,244582.0,0.0,0.0,0.0,0.0,0.0,7412.0,7412.0,0.0,0.0,1.0,0.0,3533.0,0.0,25.0,0.0,0.0,2.0,16.0
1611,0,1,698,698,512,512,0,0,16,0,32,64,__amd_rocclr_copyBuffer,11604704645458,11604704647824,1612,22,1136.0,235894.0,0.0,0.0,0.0,0.0,0.0,7440.0,7440.0,0.0,0.0,1.0,0.0,3545.0,0.0,25.0,0.0,0.0,2.0,16.0
1612,0,1,698,698,512,512,0,0,16,0,32,64,__amd_rocclr_copyBuffer,11604705011088,11604705013454,1613,22,1136.0,237301.0,0.0,0.0,0.0,0.0,0.0,7512.0,7512.0,0.0,0.0,1.0,0.0,3528.0,0.0,25.0,0.0,0.0,2.0,16.0
1613,0,1,698,698,1024,1024,0,0,16,0,32,64,__amd_rocclr_copyBuffer,11604705377320,11604705380768,1614,22,1136.0,250913.0,0.0,0.0,0.0,0.0,0.0,15600.0,15600.0,0.0,0.0,3.0,0.0,3555.0,0.0,27.0,0.0,0.0,6.0,60.0
1614,0,1,698,698,512,512,0,0,16,0,32,64,__amd_rocclr_copyBuffer,11604705746959,11604705749325,1615,22,1136.0,235464.0,0.0,0.0,0.0,0.0,0.0,7568.0,7568.0,0.0,0.0,1.0,0.0,3551.0,0.0,25.0,0.0,0.0,2.0,16.0
1615,0,1,698,698,512,512,0,0,16,0,32,64,__amd_rocclr_copyBuffer,11604706114594,11604706117000,1616,22,1136.0,236784.0,0.0,0.0,0.0,0.0,0.0,7188.0,7188.0,0.0,0.0,1.0,0.0,3545.0,0.0,25.0,0.0,0.0,2.0,16.0
1616,0,1,698,698,512,512,0,0,16,0,32,64,__amd_rocclr_copyBuffer,11604706484394,11604706486799,1617,22,1136.0,235625.0,0.0,0.0,0.0,0.0,0.0,7552.0,7552.0,0.0,0.0,1.0,0.0,3539.0,0.0,25.0,0.0,0.0,2.0,16.0
1617,0,1,698,698,512,512,0,0,16,0,32,64,__amd_rocclr_copyBuffer,11604706852710,11604706857962,1618,22,1221.0,293018.0,0.0,0.0,0.0,0.0,0.0,13668.0,13668.0,0.0,0.0,6.0,0.0,3529.0,0.0,30.0,0.0,0.0,12.0,96.0
1618,0,1,698,698,512,512,0,0,16,0,32,64,__amd_rocclr_copyBuffer,11604707222911,11604707225316,1619,22,1136.0,235147.0,0.0,0.0,0.0,0.0,0.0,7496.0,7496.0,0.0,0.0,1.0,0.0,3542.0,0.0,25.0,0.0,0.0,2.0,16.0
1619,0,1,698,698,512,512,0,0,16,0,32,64,__amd_rocclr_copyBuffer,11604707589183,11604707591588,1620,22,1136.0,238517.0,0.0,0.0,0.0,0.0,0.0,7216.0,7216.0,0.0,0.0,1.0,0.0,3534.0,0.0,25.0,0.0,0.0,2.0,16.0
1620,0,1,698,698,512,512,0,0,16,0,32,64,__amd_rocclr_copyBuffer,11604707955815,11604707958221,1621,22,1136.0,233375.0,0.0,0.0,0.0,0.0,0.0,7768.0,7768.0,0.0,0.0,1.0,0.0,3534.0,0.0,25.0,0.0,0.0,2.0,16.0
1621,0,1,698,698,1024,1024,0,0,16,0,32,64,__amd_rocclr_copyBuffer,11604708321165,11604708324613,1622,22,1136.0,251365.0,0.0,0.0,0.0,0.0,0.0,15632.0,15632.0,0.0,0.0,3.0,0.0,3343.0,0.0,27.0,0.0,0.0,6.0,60.0
1622,0,1,698,698,512,512,0,0,16,0,32,64,__amd_rocclr_copyBuffer,11604708688880,11604708691165,1623,22,1136.0,240679.0,0.0,0.0,0.0,0.0,0.0,7152.0,7152.0,0.0,0.0,1.0,0.0,3548.0,0.0,25.0,0.0,0.0,2.0,16.0
1623,0,1,698,698,512,512,0,0,16,0,32,64,__amd_rocclr_copyBuffer,11604709055713,11604709058078,1624,22,1136.0,233235.0,0.0,0.0,0.0,0.0,0.0,7616.0,7616.0,0.0,0.0,1.0,0.0,3542.0,0.0,25.0,0.0,0.0,2.0,16.0
1624,0,1,698,698,512,512,0,0,16,0,32,64,__amd_rocclr_copyBuffer,11604709423548,11604709425913,1625,22,1136.0,236611.0,0.0,0.0,0.0,0.0,0.0,7648.0,7648.0,0.0,0.0,1.0,0.0,3538.0,0.0,25.0,0.0,0.0,2.0,16.0
1625,0,1,698,698,512,512,0,0,16,0,32,64,__amd_rocclr_copyBuffer,11604709790702,11604709795753,1626,22,1221.0,280629.0,0.0,0.0,0.0,0.0,0.0,13040.0,13040.0,0.0,0.0,6.0,0.0,3529.0,0.0,30.0,0.0,0.0,12.0,96.0
1626,0,1,698,698,512,512,0,0,16,0,32,64,__amd_rocclr_copyBuffer,11604710161504,11604710163789,1627,22,1136.0,240432.0,0.0,0.0,0.0,0.0,0.0,7336.0,7336.0,0.0,0.0,1.0,0.0,3551.0,0.0,25.0,0.0,0.0,2.0,16.0
1627,0,1,698,698,512,512,0,0,16,0,32,64,__amd_rocclr_copyBuffer,11604710528577,11604710531143,1628,22,1136.0,241218.0,0.0,0.0,0.0,0.0,0.0,7364.0,7364.0,0.0,0.0,1.0,0.0,3546.0,0.0,25.0,0.0,0.0,2.0,16.0
1628,0,1,698,698,512,512,0,0,16,0,32,64,__amd_rocclr_copyBuffer,11604710896052,11604710898497,1629,22,1136.0,240148.0,0.0,0.0,0.0,0.0,0.0,7680.0,7680.0,0.0,0.0,1.0,0.0,3541.0,0.0,25.0,0.0,0.0,2.0,16.0
1629,0,1,698,698,1024,1024,0,0,16,0,32,64,__amd_rocclr_copyBuffer,11604711262724,11604711266012,1630,22,1136.0,251263.0,0.0,0.0,0.0,0.0,0.0,16492.0,16492.0,0.0,0.0,3.0,0.0,3324.0,0.0,27.0,0.0,0.0,6.0,60.0
1630,0,1,698,698,512,512,0,0,16,0,32,64,__amd_rocclr_copyBuffer,11604711630800,11604711633085,1631,22,1136.0,233164.0,0.0,0.0,0.0,0.0,0.0,7140.0,7140.0,0.0,0.0,1.0,0.0,3540.0,0.0,25.0,0.0,0.0,2.0,16.0
1631,0,1,698,698,512,512,0,0,16,0,32,64,__amd_rocclr_copyBuffer,11604712000119,11604712002404,1632,22,1136.0,241302.0,0.0,0.0,0.0,0.0,0.0,7312.0,7312.0,0.0,0.0,1.0,0.0,3544.0,0.0,25.0,0.0,0.0,2.0,16.0
1632,0,1,698,698,512,512,0,0,16,0,32,64,__amd_rocclr_copyBuffer,11604712367673,11604712369998,1633,22,1136.0,239792.0,0.0,0.0,0.0,0.0,0.0,7688.0,7688.0,0.0,0.0,1.0,0.0,3542.0,0.0,25.0,0.0,0.0,2.0,16.0
1633,0,1,698,698,512,512,0,0,16,0,32,64,__amd_rocclr_copyBuffer,11604712732502,11604712737272,1634,22,1221.0,271550.0,0.0,0.0,0.0,0.0,0.0,12496.0,12496.0,0.0,0.0,6.0,0.0,3494.0,0.0,30.0,0.0,0.0,12.0,96.0
1634,0,1,698,698,512,512,0,0,16,0,32,64,__amd_rocclr_copyBuffer,11604713100778,11604713103063,1635,22,1136.0,235588.0,0.0,0.0,0.0,0.0,0.0,7176.0,7176.0,0.0,0.0,1.0,0.0,3534.0,0.0,25.0,0.0,0.0,2.0,16.0
1635,0,1,698,698,512,512,0,0,16,0,32,64,__amd_rocclr_copyBuffer,11604713469495,11604713474346,1636,22,1136.0,281386.0,0.0,0.0,0.0,0.0,0.0,7616.0,7616.0,0.0,0.0,1.0,0.0,3542.0,0.0,25.0,0.0,0.0,2.0,16.0
1636,0,1,698,698,512,512,0,0,16,0,32,64,__amd_rocclr_copyBuffer,11604713840698,11604713843104,1637,22,1136.0,236140.0,0.0,0.0,0.0,0.0,0.0,7652.0,7652.0,0.0,0.0,1.0,0.0,3548.0,0.0,25.0,0.0,0.0,2.0,16.0
1637,0,1,698,698,1024,1024,0,0,16,0,32,64,__amd_rocclr_copyBuffer,11604714207130,11604714210257,1638,22,1136.0,261320.0,0.0,0.0,0.0,0.0,0.0,14740.0,14740.0,0.0,0.0,3.0,0.0,3316.0,0.0,27.0,0.0,0.0,6.0,60.0
1638,0,1,698,698,512,512,0,0,16,0,32,64,__amd_rocclr_copyBuffer,11604714574324,11604714576689,1639,22,1136.0,234753.0,0.0,0.0,0.0,0.0,0.0,7488.0,7488.0,0.0,0.0,1.0,0.0,3546.0,0.0,25.0,0.0,0.0,2.0,16.0
1639,0,1,698,698,512,512,0,0,16,0,32,64,__amd_rocclr_copyBuffer,11604714940195,11604714942560,1640,22,1136.0,232224.0,0.0,0.0,0.0,0.0,0.0,7400.0,7400.0,0.0,0.0,1.0,0.0,3537.0,0.0,25.0,0.0,0.0,2.0,16.0
1640,0,1,698,698,512,512,0,0,16,0,32,64,__amd_rocclr_copyBuffer,11604715306627,11604715309032,1641,22,1136.0,240648.0,0.0,0.0,0.0,0.0,0.0,7332.0,7332.0,0.0,0.0,1.0,0.0,3547.0,0.0,25.0,0.0,0.0,2.0,16.0
