Dispatch_ID,GPU_ID,Queue_ID,PID,TID,Grid_Size,Workgroup_Size,LDS_Per_Workgroup,Scratch_Per_Workitem,Arch_VGPR,Accum_VGPR,SGPR,Wave_Size,Kernel_Name,Start_Timestamp,End_Timestamp,Correlation_ID,Kernel_ID,CPC_CPC_STAT_STALL,CPC_ME1_BUSY_FOR_PACKET_DECODE,SQC_DCACHE_HITS,SQC_TC_STALL,SQ_BUSY_CYCLES,SQ_INSTS_VALU_MUL_F32,SQ_INSTS_VMEM,SQ_INSTS_VSKIPPED,SQ_INST_LEVEL_SMEM,SQ_ACCUM_PREV_HIRES,TA_FLAT_READ_WAVEFRONTS_sum,TA_TOTAL_WAVEFRONTS_sum,TCC_CC_REQ_sum,TCC_EA0_RDREQ_DRAM_sum,TCC_EA0_RDREQ_sum,TCC_NC_REQ_sum,TCP_TCC_CC_WRITE_REQ_sum,TCP_TCC_NC_ATOMIC_REQ_sum,TCP_TOTAL_CACHE_ACCESSES_sum,TCP_WRITE_TAGCONFLICT_STALL_CYCLES_sum
0,0,1,1280,1280,622592,256,0,0,56,0,48,64,"void at::native::(anonymous namespace)::distribution_elementwise_grid_stride_kernel<float, 4, at::native::templates::cuda::normal_and_transform<c10::Half, float, at::CUDAGeneratorImpl*, at::native::templates::cuda::normal_kernel<at::CUDAGeneratorImpl*>(at::TensorBase const&, double, double, at::CUDAGeneratorImpl*)::{lambda()#1}::operator()() const::{lambda()#3}::operator()() const::{lambda(float)#1}>(at::TensorIteratorBase&, at::CUDAGeneratorImpl*, at::native::templates::cuda::normal_kernel<at::CUDAGeneratorImpl*>(at::TensorBase const&, double, double, at::CUDAGeneratorImpl*)::{lambda()#1}::operator()() const::{lambda()#3}::operator()() const::{lambda(float)#1})::{lambda(hiprandStatePhilox4_32_10*)#2}, at::native::(anonymous namespace)::distribution_nullary_kernel<c10::Half, float, HIP_vector_type<float, 4u>, at::CUDAGeneratorImpl*, at::native::templates::cuda::normal_and_transform<c10::Half, float, at::CUDAGeneratorImpl*, at::native::templates::cuda::normal_kernel<at::CUDAGeneratorImpl*>(at::TensorBase const&, double, double, at::CUDAGeneratorImpl*)::{lambda()#1}::operator()() const::{lambda()#3}::operator()() const::{lambda(float)#1}>(at::TensorIteratorBase&, at::CUDAGeneratorImpl*, at::native::templates::cuda::normal_kernel<at::CUDAGeneratorImpl*>(at::TensorBase const&, double, double, at::CUDAGeneratorImpl*)::{lambda()#1}::operator()() const::{lambda()#3}::operator()() const::{lambda(float)#1})::{lambda(hiprandStatePhilox4_32_10*)#2}, at::native::templates::cuda::normal_kernel<at::CUDAGeneratorImpl*>(at::TensorBase const&, double, double, at::CUDAGeneratorImpl*)::{lambda()#1}::operator()() const::{lambda()#3}::operator()() const::{lambda(float)#1}>(at::TensorIteratorBase&, at::CUDAGeneratorImpl*, at::native::templates::cuda::normal_and_transform<c10::Half, float, at::CUDAGeneratorImpl*, at::native::templates::cuda::normal_kernel<at::CUDAGeneratorImpl*>(at::TensorBase const&, double, double, at::CUDAGeneratorImpl*)::{lambda()#1}::operator()() const::{lambda()#3}::operator()() const::{lambda(float)#1}>(at::TensorIteratorBase&, at::CUDAGeneratorImpl*, at::native::templates::cuda::normal_kernel<at::CUDAGeneratorImpl*>(at::TensorBase const&, double, double, at::CUDAGeneratorImpl*)::{lambda()#1}::operator()() const::{lambda()#3}::operator()() const::{lambda(float)#1})::{lambda(hiprandStatePhilox4_32_10*)#2} const&, at::native::templates::cuda::normal_kernel<at::CUDAGeneratorImpl*>(at::TensorBase const&, double, double, at::CUDAGeneratorImpl*)::{lambda()#1}::operator()() const::{lambda()#3}::operator()() const::{lambda(float)#1})::{lambda(int, float)#1}>(long, at::PhiloxCudaState, at::native::templates::cuda::normal_and_transform<c10::Half, float, at::CUDAGeneratorImpl*, at::native::templates::cuda::normal_kernel<at::CUDAGeneratorImpl*>(at::TensorBase const&, double, double, at::CUDAGeneratorImpl*)::{lambda()#1}::operator()() const::{lambda()#3}::operator()() const::{lambda(float)#1}>(at::TensorIteratorBase&, at::CUDAGeneratorImpl*, at::native::templates::cuda::normal_kernel<at::CUDAGeneratorImpl*>(at::TensorBase const&, double, double, at::CUDAGeneratorImpl*)::{lambda()#1}::operator()() const::{lambda()#3}::operator()() const::{lambda(float)#1})::{lambda(hiprandStatePhilox4_32_10*)#2}, at::native::(anonymous namespace)::distribution_nullary_kernel<c10::Half, float, HIP_vector_type<float, 4u>, at::CUDAGeneratorImpl*, at::native::templates::cuda::normal_and_transform<c10::Half, float, at::CUDAGeneratorImpl*, at::native::templates::cuda::normal_kernel<at::CUDAGeneratorImpl*>(at::TensorBase const&, double, double, at::CUDAGeneratorImpl*)::{lambda()#1}::operator()() const::{lambda()#3}::operator()() const::{lambda(float)#1}>(at::TensorIteratorBase&, at::CUDAGeneratorImpl*, at::native::templates::cuda::normal_kernel<at::CUDAGeneratorImpl*>(at::TensorBase const&, double, double, at::CUDAGeneratorImpl*)::{lambda()#1}::operator()() const::{lambda()#3}::operator()() const::{lambda(float)#1})::{lambda(hiprandStatePhilox4_32_10*)#2}, at::native::templates::cuda::normal_kernel<at::CUDAGeneratorImpl*>(at::TensorBase const&, double, double, at::CUDAGeneratorImpl*)::{lambda()#1}::operator()() const::{lambda()#3}::operator()() const::{lambda(float)#1}>(at::TensorIteratorBase&, at::CUDAGeneratorImpl*, at::native::templates::cuda::normal_and_transform<c10::Half, float, at::CUDAGeneratorImpl*, at::native::templates::cuda::normal_kernel<at::CUDAGeneratorImpl*>(at::TensorBase const&, double, double, at::CUDAGeneratorImpl*)::{lambda()#1}::operator()() const::{lambda()#3}::operator()() const::{lambda(float)#1}>(at::TensorIteratorBase&, at::CUDAGeneratorImpl*, at::native::templates::cuda::normal_kernel<at::CUDAGeneratorImpl*>(at::TensorBase const&, double, double, at::CUDAGeneratorImpl*)::{lambda()#1}::operator()() const::{lambda()#3}::operator()() const::{lambda(float)#1})::{lambda(hiprandStatePhilox4_32_10*)#2} const&, at::native::templates::cuda::normal_kernel<at::CUDAGeneratorImpl*>(at::TensorBase const&, double, double, at::CUDAGeneratorImpl*)::{lambda()#1}::operator()() const::{lambda()#3}::operator()() const::{lambda(float)#1})::{lambda(int, float)#1})",12735235682319,12735235690458,1,7,64718.0,161890.0,67904.0,0.0,409552.0,123392.0,16384.0,0.0,47684132.0,47684132.0,0.0,16384.0,0.0,576.0,576.0,0.0,0.0,0.0,65536.0,0.0
1,0,1,1280,1280,622592,256,0,0,56,0,48,64,"void at::native::(anonymous namespace)::distribution_elementwise_grid_stride_kernel<float, 4, at::native::templates::cuda::normal_and_transform<c10::Half, float, at::CUDAGeneratorImpl*, at::native::templates::cuda::normal_kernel<at::CUDAGeneratorImpl*>(at::TensorBase const&, double, double, at::CUDAGeneratorImpl*)::{lambda()#1}::operator()() const::{lambda()#3}::operator()() const::{lambda(float)#1}>(at::TensorIteratorBase&, at::CUDAGeneratorImpl*, at::native::templates::cuda::normal_kernel<at::CUDAGeneratorImpl*>(at::TensorBase const&, double, double, at::CUDAGeneratorImpl*)::{lambda()#1}::operator()() const::{lambda()#3}::operator()() const::{lambda(float)#1})::{lambda(hiprandStatePhilox4_32_10*)#2}, at::native::(anonymous namespace)::distribution_nullary_kernel<c10::Half, float, HIP_vector_type<float, 4u>, at::CUDAGeneratorImpl*, at::native::templates::cuda::normal_and_transform<c10::Half, float, at::CUDAGeneratorImpl*, at::native::templates::cuda::normal_kernel<at::CUDAGeneratorImpl*>(at::TensorBase const&, double, double, at::CUDAGeneratorImpl*)::{lambda()#1}::operator()() const::{lambda()#3}::operator()() const::{lambda(float)#1}>(at::TensorIteratorBase&, at::CUDAGeneratorImpl*, at::native::templates::cuda::normal_kernel<at::CUDAGeneratorImpl*>(at::TensorBase const&, double, double, at::CUDAGeneratorImpl*)::{lambda()#1}::operator()() const::{lambda()#3}::operator()() const::{lambda(float)#1})::{lambda(hiprandStatePhilox4_32_10*)#2}, at::native::templates::cuda::normal_kernel<at::CUDAGeneratorImpl*>(at::TensorBase const&, double, double, at::CUDAGeneratorImpl*)::{lambda()#1}::operator()() const::{lambda()#3}::operator()() const::{lambda(float)#1}>(at::TensorIteratorBase&, at::CUDAGeneratorImpl*, at::native::templates::cuda::normal_and_transform<c10::Half, float, at::CUDAGeneratorImpl*, at::native::templates::cuda::normal_kernel<at::CUDAGeneratorImpl*>(at::TensorBase const&, double, double, at::CUDAGeneratorImpl*)::{lambda()#1}::operator()() const::{lambda()#3}::operator()() const::{lambda(float)#1}>(at::TensorIteratorBase&, at::CUDAGeneratorImpl*, at::native::templates::cuda::normal_kernel<at::CUDAGeneratorImpl*>(at::TensorBase const&, double, double, at::CUDAGeneratorImpl*)::{lambda()#1}::operator()() const::{lambda()#3}::operator()() const::{lambda(float)#1})::{lambda(hiprandStatePhilox4_32_10*)#2} const&, at::native::templates::cuda::normal_kernel<at::CUDAGeneratorImpl*>(at::TensorBase const&, double, double, at::CUDAGeneratorImpl*)::{lambda()#1}::operator()() const::{lambda()#3}::operator()() const::{lambda(float)#1})::{lambda(int, float)#1}>(long, at::PhiloxCudaState, at::native::templates::cuda::normal_and_transform<c10::Half, float, at::CUDAGeneratorImpl*, at::native::templates::cuda::normal_kernel<at::CUDAGeneratorImpl*>(at::TensorBase const&, double, double, at::CUDAGeneratorImpl*)::{lambda()#1}::operator()() const::{lambda()#3}::operator()() const::{lambda(float)#1}>(at::TensorIteratorBase&, at::CUDAGeneratorImpl*, at::native::templates::cuda::normal_kernel<at::CUDAGeneratorImpl*>(at::TensorBase const&, double, double, at::CUDAGeneratorImpl*)::{lambda()#1}::operator()() const::{lambda()#3}::operator()() const::{lambda(float)#1})::{lambda(hiprandStatePhilox4_32_10*)#2}, at::native::(anonymous namespace)::distribution_nullary_kernel<c10::Half, float, HIP_vector_type<float, 4u>, at::CUDAGeneratorImpl*, at::native::templates::cuda::normal_and_transform<c10::Half, float, at::CUDAGeneratorImpl*, at::native::templates::cuda::normal_kernel<at::CUDAGeneratorImpl*>(at::TensorBase const&, double, double, at::CUDAGeneratorImpl*)::{lambda()#1}::operator()() const::{lambda()#3}::operator()() const::{lambda(float)#1}>(at::TensorIteratorBase&, at::CUDAGeneratorImpl*, at::native::templates::cuda::normal_kernel<at::CUDAGeneratorImpl*>(at::TensorBase const&, double, double, at::CUDAGeneratorImpl*)::{lambda()#1}::operator()() const::{lambda()#3}::operator()() const::{lambda(float)#1})::{lambda(hiprandStatePhilox4_32_10*)#2}, at::native::templates::cuda::normal_kernel<at::CUDAGeneratorImpl*>(at::TensorBase const&, double, double, at::CUDAGeneratorImpl*)::{lambda()#1}::operator()() const::{lambda()#3}::operator()() const::{lambda(float)#1}>(at::TensorIteratorBase&, at::CUDAGeneratorImpl*, at::native::templates::cuda::normal_and_transform<c10::Half, float, at::CUDAGeneratorImpl*, at::native::templates::cuda::normal_kernel<at::CUDAGeneratorImpl*>(at::TensorBase const&, double, double, at::CUDAGeneratorImpl*)::{lambda()#1}::operator()() const::{lambda()#3}::operator()() const::{lambda(float)#1}>(at::TensorIteratorBase&, at::CUDAGeneratorImpl*, at::native::templates::cuda::normal_kernel<at::CUDAGeneratorImpl*>(at::TensorBase const&, double, double, at::CUDAGeneratorImpl*)::{lambda()#1}::operator()() const::{lambda()#3}::operator()() const::{lambda(float)#1})::{lambda(hiprandStatePhilox4_32_10*)#2} const&, at::native::templates::cuda::normal_kernel<at::CUDAGeneratorImpl*>(at::TensorBase const&, double, double, at::CUDAGeneratorImpl*)::{lambda()#1}::operator()() const::{lambda()#3}::operator()() const::{lambda(float)#1})::{lambda(int, float)#1})",12735236104385,12735236111762,2,7,63318.0,155891.0,67904.0,0.0,355491.0,123392.0,16384.0,0.0,33646208.0,33646208.0,0.0,16384.0,0.0,544.0,544.0,0.0,0.0,0.0,65536.0,0.0
2,0,1,1280,1280,1024,256,0,0,56,0,48,64,"void at::native::(anonymous namespace)::distribution_elementwise_grid_stride_kernel<float, 4, at::native::templates::cuda::normal_and_transform<c10::Half, float, at::CUDAGeneratorImpl*, at::native::templates::cuda::normal_kernel<at::CUDAGeneratorImpl*>(at::TensorBase const&, double, double, at::CUDAGeneratorImpl*)::{lambda()#1}::operator()() const::{lambda()#3}::operator()() const::{lambda(float)#1}>(at::TensorIteratorBase&, at::CUDAGeneratorImpl*, at::native::templates::cuda::normal_kernel<at::CUDAGeneratorImpl*>(at::TensorBase const&, double, double, at::CUDAGeneratorImpl*)::{lambda()#1}::operator()() const::{lambda()#3}::operator()() const::{lambda(float)#1})::{lambda(hiprandStatePhilox4_32_10*)#2}, at::native::(anonymous namespace)::distribution_nullary_kernel<c10::Half, float, HIP_vector_type<float, 4u>, at::CUDAGeneratorImpl*, at::native::templates::cuda::normal_and_transform<c10::Half, float, at::CUDAGeneratorImpl*, at::native::templates::cuda::normal_kernel<at::CUDAGeneratorImpl*>(at::TensorBase const&, double, double, at::CUDAGeneratorImpl*)::{lambda()#1}::operator()() const::{lambda()#3}::operator()() const::{lambda(float)#1}>(at::TensorIteratorBase&, at::CUDAGeneratorImpl*, at::native::templates::cuda::normal_kernel<at::CUDAGeneratorImpl*>(at::TensorBase const&, double, double, at::CUDAGeneratorImpl*)::{lambda()#1}::operator()() const::{lambda()#3}::operator()() const::{lambda(float)#1})::{lambda(hiprandStatePhilox4_32_10*)#2}, at::native::templates::cuda::normal_kernel<at::CUDAGeneratorImpl*>(at::TensorBase const&, double, double, at::CUDAGeneratorImpl*)::{lambda()#1}::operator()() const::{lambda()#3}::operator()() const::{lambda(float)#1}>(at::TensorIteratorBase&, at::CUDAGeneratorImpl*, at::native::templates::cuda::normal_and_transform<c10::Half, float, at::CUDAGeneratorImpl*, at::native::templates::cuda::normal_kernel<at::CUDAGeneratorImpl*>(at::TensorBase const&, double, double, at::CUDAGeneratorImpl*)::{lambda()#1}::operator()() const::{lambda()#3}::operator()() const::{lambda(float)#1}>(at::TensorIteratorBase&, at::CUDAGeneratorImpl*, at::native::templates::cuda::normal_kernel<at::CUDAGeneratorImpl*>(at::TensorBase const&, double, double, at::CUDAGeneratorImpl*)::{lambda()#1}::operator()() const::{lambda()#3}::operator()() const::{lambda(float)#1})::{lambda(hiprandStatePhilox4_32_10*)#2} const&, at::native::templates::cuda::normal_kernel<at::CUDAGeneratorImpl*>(at::TensorBase const&, double, double, at::CUDAGeneratorImpl*)::{lambda()#1}::operator()() const::{lambda()#3}::operator()() const::{lambda(float)#1})::{lambda(int, float)#1}>(long, at::PhiloxCudaState, at::native::templates::cuda::normal_and_transform<c10::Half, float, at::CUDAGeneratorImpl*, at::native::templates::cuda::normal_kernel<at::CUDAGeneratorImpl*>(at::TensorBase const&, double, double, at::CUDAGeneratorImpl*)::{lambda()#1}::operator()() const::{lambda()#3}::operator()() const::{lambda(float)#1}>(at::TensorIteratorBase&, at::CUDAGeneratorImpl*, at::native::templates::cuda::normal_kernel<at::CUDAGeneratorImpl*>(at::TensorBase const&, double, double, at::CUDAGeneratorImpl*)::{lambda()#1}::operator()() const::{lambda()#3}::operator()() const::{lambda(float)#1})::{lambda(hiprandStatePhilox4_32_10*)#2}, at::native::(anonymous namespace)::distribution_nullary_kernel<c10::Half, float, HIP_vector_type<float, 4u>, at::CUDAGeneratorImpl*, at::native::templates::cuda::normal_and_transform<c10::Half, float, at::CUDAGeneratorImpl*, at::native::templates::cuda::normal_kernel<at::CUDAGeneratorImpl*>(at::TensorBase const&, double, double, at::CUDAGeneratorImpl*)::{lambda()#1}::operator()() const::{lambda()#3}::operator()() const::{lambda(float)#1}>(at::TensorIteratorBase&, at::CUDAGeneratorImpl*, at::native::templates::cuda::normal_kernel<at::CUDAGeneratorImpl*>(at::TensorBase const&, double, double, at::CUDAGeneratorImpl*)::{lambda()#1}::operator()() const::{lambda()#3}::operator()() const::{lambda(float)#1})::{lambda(hiprandStatePhilox4_32_10*)#2}, at::native::templates::cuda::normal_kernel<at::CUDAGeneratorImpl*>(at::TensorBase const&, double, double, at::CUDAGeneratorImpl*)::{lambda()#1}::operator()() const::{lambda()#3}::operator()() const::{lambda(float)#1}>(at::TensorIteratorBase&, at::CUDAGeneratorImpl*, at::native::templates::cuda::normal_and_transform<c10::Half, float, at::CUDAGeneratorImpl*, at::native::templates::cuda::normal_kernel<at::CUDAGeneratorImpl*>(at::TensorBase const&, double, double, at::CUDAGeneratorImpl*)::{lambda()#1}::operator()() const::{lambda()#3}::operator()() const::{lambda(float)#1}>(at::TensorIteratorBase&, at::CUDAGeneratorImpl*, at::native::templates::cuda::normal_kernel<at::CUDAGeneratorImpl*>(at::TensorBase const&, double, double, at::CUDAGeneratorImpl*)::{lambda()#1}::operator()() const::{lambda()#3}::operator()() const::{lambda(float)#1})::{lambda(hiprandStatePhilox4_32_10*)#2} const&, at::native::templates::cuda::normal_kernel<at::CUDAGeneratorImpl*>(at::TensorBase const&, double, double, at::CUDAGeneratorImpl*)::{lambda()#1}::operator()() const::{lambda()#3}::operator()() const::{lambda(float)#1})::{lambda(int, float)#1})",12735236456970,12735236460618,3,7,55522.0,128852.0,48.0,0.0,21517.0,192.0,16.0,0.0,67970.0,67970.0,0.0,16.0,0.0,280.0,280.0,0.0,0.0,0.0,64.0,0.0
3,0,1,1280,1280,16384,256,0,0,16,192,48,64,matmulbias_kernel,12735605487448,12735605522367,4,27,184473.0,679625.0,0.0,0.0,2161597.0,1024.0,38912.0,0.0,0.0,0.0,0.0,38912.0,0.0,149078.0,149078.0,0.0,0.0,0.0,819200.0,196608.0
4,0,1,1280,1280,4194304,256,0,0,12,4,32,64,"void at::native::vectorized_elementwise_kernel<4, at::native::FillFunctor<int>, std::array<char*, 1ul> >(int, at::native::FillFunctor<int>, std::array<char*, 1ul>)",12735618981581,12735619039312,5,125,86766.0,280301.0,60660.0,0.0,3502703.0,0.0,262144.0,0.0,13384410.0,13384410.0,0.0,262144.0,0.0,480.0,480.0,0.0,0.0,0.0,4194304.0,0.0
5,0,1,1280,1280,16384,256,0,0,16,192,48,64,matmulbias_kernel,12735619428076,12735619461792,6,27,175914.0,649845.0,0.0,0.0,2128779.0,1024.0,38912.0,0.0,0.0,0.0,0.0,38912.0,0.0,149040.0,149040.0,0.0,0.0,0.0,819200.0,196608.0
6,0,1,1280,1280,4194304,256,0,0,12,4,32,64,"void at::native::vectorized_elementwise_kernel<4, at::native::FillFunctor<int>, std::array<char*, 1ul> >(int, at::native::FillFunctor<int>, std::array<char*, 1ul>)",12735619836203,12735619893894,7,125,84009.0,274636.0,60727.0,0.0,3483464.0,0.0,262144.0,0.0,10857190.0,10857190.0,0.0,262144.0,0.0,216.0,216.0,0.0,0.0,0.0,4194304.0,0.0
7,0,1,1280,1280,16384,256,0,0,16,192,48,64,matmulbias_kernel,12735620269307,12735620302743,8,27,167512.0,643279.0,0.0,0.0,2108398.0,1024.0,38912.0,0.0,0.0,0.0,0.0,38912.0,0.0,149040.0,149040.0,0.0,0.0,0.0,819200.0,196608.0
8,0,1,1280,1280,4194304,256,0,0,12,4,32,64,"void at::native::vectorized_elementwise_kernel<4, at::native::FillFunctor<int>, std::array<char*, 1ul> >(int, at::native::FillFunctor<int>, std::array<char*, 1ul>)",12735620656186,12735620713958,9,125,76579.0,275999.0,60728.0,0.0,3483267.0,0.0,262144.0,0.0,9826862.0,9826862.0,0.0,262144.0,0.0,216.0,216.0,0.0,0.0,0.0,4194304.0,0.0
9,0,1,1280,1280,16384,256,0,0,16,192,48,64,matmulbias_kernel,12735621076542,12735621111782,10,27,178755.0,676353.0,0.0,0.0,2136142.0,1024.0,38912.0,0.0,0.0,0.0,0.0,38912.0,0.0,149024.0,149024.0,0.0,0.0,0.0,819200.0,196608.0
10,0,1,1280,1280,4194304,256,0,0,12,4,32,64,"void at::native::vectorized_elementwise_kernel<4, at::native::FillFunctor<int>, std::array<char*, 1ul> >(int, at::native::FillFunctor<int>, std::array<char*, 1ul>)",12735621485912,12735621543242,11,125,76665.0,270896.0,60736.0,0.0,3473860.0,0.0,262144.0,0.0,10634502.0,10634502.0,0.0,262144.0,0.0,216.0,216.0,0.0,0.0,0.0,4194304.0,0.0
11,0,1,1280,1280,16384,256,0,0,16,192,48,64,matmulbias_kernel,12735621897968,12735621932086,12,27,176729.0,656339.0,0.0,0.0,2122276.0,1024.0,38912.0,0.0,0.0,0.0,0.0,38912.0,0.0,149024.0,149024.0,0.0,0.0,0.0,819200.0,196608.0
12,0,1,1280,1280,4194304,256,0,0,12,4,32,64,"void at::native::vectorized_elementwise_kernel<4, at::native::FillFunctor<int>, std::array<char*, 1ul> >(int, at::native::FillFunctor<int>, std::array<char*, 1ul>)",12735622301766,12735622359938,13,125,80543.0,281416.0,60680.0,0.0,3492034.0,0.0,262144.0,0.0,13942452.0,13942452.0,0.0,262144.0,0.0,216.0,216.0,0.0,0.0,0.0,4194304.0,0.0
13,0,1,1280,1280,16384,256,0,0,16,192,48,64,matmulbias_kernel,12735622799737,12735622831690,14,27,166577.0,620613.0,0.0,0.0,1997595.0,1024.0,38912.0,0.0,0.0,0.0,0.0,38912.0,0.0,149024.0,149024.0,0.0,0.0,0.0,819200.0,196608.0
14,0,1,1280,1280,16384,256,0,0,16,192,48,64,matmulbias_kernel,12735623335194,12735623367468,15,27,158799.0,629726.0,0.0,0.0,2005904.0,1024.0,38912.0,0.0,0.0,0.0,0.0,38912.0,0.0,149024.0,149024.0,0.0,0.0,0.0,819200.0,196608.0
15,0,1,1280,1280,16384,256,0,0,16,192,48,64,matmulbias_kernel,12735623753104,12735623783974,16,27,162975.0,596066.0,0.0,0.0,1917425.0,1024.0,38912.0,0.0,0.0,0.0,0.0,38912.0,0.0,149024.0,149024.0,0.0,0.0,0.0,819200.0,196608.0
16,0,1,1280,1280,16384,256,0,0,16,192,48,64,matmulbias_kernel,12735624150607,12735624181477,17,27,161356.0,637784.0,0.0,0.0,1919708.0,1024.0,38912.0,0.0,0.0,0.0,0.0,38912.0,0.0,149024.0,149024.0,0.0,0.0,0.0,819200.0,196608.0
17,0,1,1280,1280,16384,256,0,0,16,192,48,64,matmulbias_kernel,12735624526942,12735624557251,18,27,164627.0,591414.0,0.0,0.0,1910793.0,1024.0,38912.0,0.0,0.0,0.0,0.0,38912.0,0.0,149025.0,149025.0,0.0,0.0,0.0,819200.0,196608.0
18,0,1,1280,1280,16384,256,0,0,16,192,48,64,matmulbias_kernel,12735624922000,12735624952710,19,27,159264.0,588285.0,0.0,0.0,1914623.0,1024.0,38912.0,0.0,0.0,0.0,0.0,38912.0,0.0,149024.0,149024.0,0.0,0.0,0.0,819200.0,196608.0
19,0,1,1280,1280,16384,256,0,0,16,192,48,64,matmulbias_kernel,12735625318301,12735625348529,20,27,153911.0,602061.0,0.0,0.0,1913324.0,1024.0,38912.0,0.0,0.0,0.0,0.0,38912.0,0.0,149024.0,149024.0,0.0,0.0,0.0,819200.0,196608.0
20,0,1,1280,1280,16384,256,0,0,16,192,48,64,matmulbias_kernel,12735625699246,12735625729595,21,27,153190.0,595168.0,0.0,0.0,1921583.0,1024.0,38912.0,0.0,0.0,0.0,0.0,38912.0,0.0,149024.0,149024.0,0.0,0.0,0.0,819200.0,196608.0
21,0,1,1280,1280,4194304,256,0,0,12,4,32,64,"void at::native::vectorized_elementwise_kernel<4, at::native::FillFunctor<int>, std::array<char*, 1ul> >(int, at::native::FillFunctor<int>, std::array<char*, 1ul>)",12735626072855,12735626115392,22,125,73709.0,228949.0,60788.0,0.0,2535279.0,0.0,262144.0,0.0,8370020.0,8370020.0,0.0,262144.0,0.0,216.0,216.0,0.0,0.0,0.0,4194304.0,0.0
22,0,1,1280,1280,16384,256,0,0,16,192,48,64,matmulbias_kernel,12735626468995,12735626499184,23,27,161250.0,594790.0,0.0,0.0,1899039.0,1024.0,38912.0,0.0,0.0,0.0,0.0,38912.0,0.0,149040.0,149040.0,0.0,0.0,0.0,819200.0,196608.0
23,0,1,1280,1280,4194304,256,0,0,12,4,32,64,"void at::native::vectorized_elementwise_kernel<4, at::native::FillFunctor<int>, std::array<char*, 1ul> >(int, at::native::FillFunctor<int>, std::array<char*, 1ul>)",12735626853429,12735626896166,24,125,63495.0,233020.0,60791.0,0.0,2531983.0,0.0,262144.0,0.0,8312212.0,8312212.0,0.0,262144.0,0.0,200.0,200.0,0.0,0.0,0.0,4194304.0,0.0
24,0,1,1280,1280,16384,256,0,0,16,192,48,64,matmulbias_kernel,12735627236500,12735627266768,25,27,166551.0,586736.0,0.0,0.0,1907252.0,1024.0,38912.0,0.0,0.0,0.0,0.0,38912.0,0.0,149040.0,149040.0,0.0,0.0,0.0,819200.0,196608.0
25,0,1,1280,1280,4194304,256,0,0,12,4,32,64,"void at::native::vectorized_elementwise_kernel<4, at::native::FillFunctor<int>, std::array<char*, 1ul> >(int, at::native::FillFunctor<int>, std::array<char*, 1ul>)",12735627623659,12735627666356,26,125,76280.0,232525.0,60796.0,0.0,2539634.0,0.0,262144.0,0.0,8633980.0,8633980.0,0.0,262144.0,0.0,200.0,200.0,0.0,0.0,0.0,4194304.0,0.0
26,0,1,1280,1280,16384,256,0,0,16,192,48,64,matmulbias_kernel,12735628030785,12735628060773,27,27,161161.0,583274.0,0.0,0.0,1914446.0,1024.0,38912.0,0.0,0.0,0.0,0.0,38912.0,0.0,149040.0,149040.0,0.0,0.0,0.0,819200.0,196608.0
27,0,1,1280,1280,4194304,256,0,0,12,4,32,64,"void at::native::vectorized_elementwise_kernel<4, at::native::FillFunctor<int>, std::array<char*, 1ul> >(int, at::native::FillFunctor<int>, std::array<char*, 1ul>)",12735628417583,12735628460200,28,125,66241.0,228214.0,60746.0,0.0,2541811.0,0.0,262144.0,0.0,10862956.0,10862956.0,0.0,262144.0,0.0,200.0,200.0,0.0,0.0,0.0,4194304.0,0.0
28,0,1,1280,1280,16384,256,0,0,16,192,48,64,matmulbias_kernel,12735628808031,12735628838219,29,27,162047.0,590884.0,0.0,0.0,1910153.0,1024.0,38912.0,0.0,0.0,0.0,0.0,38912.0,0.0,149040.0,149040.0,0.0,0.0,0.0,819200.0,196608.0
29,0,1,1280,1280,4194304,256,0,0,12,4,32,64,"void at::native::vectorized_elementwise_kernel<4, at::native::FillFunctor<int>, std::array<char*, 1ul> >(int, at::native::FillFunctor<int>, std::array<char*, 1ul>)",12735629197235,12735629239852,30,125,72927.0,232871.0,60782.0,0.0,2541615.0,0.0,262144.0,0.0,8509634.0,8509634.0,0.0,262144.0,0.0,200.0,200.0,0.0,0.0,0.0,4194304.0,0.0
30,0,1,1280,1280,16384,256,0,0,16,192,48,64,matmulbias_kernel,12735629601714,12735629631783,31,27,160967.0,582756.0,0.0,0.0,1909147.0,1024.0,38912.0,0.0,0.0,0.0,0.0,38912.0,0.0,149040.0,149040.0,0.0,0.0,0.0,819200.0,196608.0
31,0,1,1280,1280,4194304,256,0,0,12,4,32,64,"void at::native::vectorized_elementwise_kernel<4, at::native::FillFunctor<int>, std::array<char*, 1ul> >(int, at::native::FillFunctor<int>, std::array<char*, 1ul>)",12735629991761,12735630034137,32,125,71589.0,224858.0,60783.0,0.0,2542560.0,0.0,262144.0,0.0,8473170.0,8473170.0,0.0,262144.0,0.0,200.0,200.0,0.0,0.0,0.0,4194304.0,0.0
32,0,1,1280,1280,16384,256,0,0,16,192,48,64,matmulbias_kernel,12735630396120,12735630426990,33,27,163656.0,593061.0,0.0,0.0,1929383.0,1024.0,38912.0,0.0,0.0,0.0,0.0,38912.0,0.0,149041.0,149041.0,0.0,0.0,0.0,819200.0,196608.0
33,0,1,1280,1280,4194304,256,0,0,12,4,32,64,"void at::native::vectorized_elementwise_kernel<4, at::native::FillFunctor<int>, std::array<char*, 1ul> >(int, at::native::FillFunctor<int>, std::array<char*, 1ul>)",12735630781235,12735630823851,34,125,73745.0,213931.0,60778.0,0.0,2536328.0,0.0,262144.0,0.0,8808956.0,8808956.0,0.0,262144.0,0.0,216.0,216.0,0.0,0.0,0.0,4194304.0,0.0
34,0,1,1280,1280,16384,256,0,0,16,192,48,64,matmulbias_kernel,12735631186836,12735631217987,35,27,161977.0,607389.0,0.0,0.0,1941035.0,1024.0,38912.0,0.0,0.0,0.0,0.0,38912.0,0.0,149024.0,149024.0,0.0,0.0,0.0,819200.0,196608.0
35,0,1,1280,1280,4194304,256,0,0,12,4,32,64,"void at::native::vectorized_elementwise_kernel<4, at::native::FillFunctor<int>, std::array<char*, 1ul> >(int, at::native::FillFunctor<int>, std::array<char*, 1ul>)",12735631572032,12735631614729,36,125,74141.0,231356.0,60784.0,0.0,2543995.0,0.0,262144.0,0.0,8402316.0,8402316.0,0.0,262144.0,0.0,216.0,216.0,0.0,0.0,0.0,4194304.0,0.0
36,0,1,1280,1280,16384,256,0,0,16,192,48,64,matmulbias_kernel,12735631974386,12735632007622,37,27,157594.0,631784.0,0.0,0.0,2096963.0,1024.0,38912.0,0.0,0.0,0.0,0.0,38912.0,0.0,149024.0,149024.0,0.0,0.0,0.0,819200.0,196608.0
37,0,1,1280,1280,4194304,256,0,0,12,4,32,64,"void at::native::vectorized_elementwise_kernel<4, at::native::FillFunctor<int>, std::array<char*, 1ul> >(int, at::native::FillFunctor<int>, std::array<char*, 1ul>)",12735632350962,12735632393498,38,125,78633.0,227277.0,60728.0,0.0,2540399.0,0.0,262144.0,0.0,10865680.0,10865680.0,0.0,262144.0,0.0,216.0,216.0,0.0,0.0,0.0,4194304.0,0.0
38,0,1,1280,1280,16384,256,0,0,16,192,48,64,matmulbias_kernel,12735632754158,12735632789077,39,27,170551.0,667359.0,0.0,0.0,2235502.0,1024.0,38912.0,0.0,0.0,0.0,0.0,38912.0,0.0,149024.0,149024.0,0.0,0.0,0.0,819200.0,196608.0
39,0,1,1280,1280,4194304,256,0,0,12,4,32,64,"void at::native::vectorized_elementwise_kernel<4, at::native::FillFunctor<int>, std::array<char*, 1ul> >(int, at::native::FillFunctor<int>, std::array<char*, 1ul>)",12735633143924,12735633186741,40,125,75335.0,230848.0,60726.0,0.0,2541331.0,0.0,262144.0,0.0,11030840.0,11030840.0,0.0,262144.0,0.0,216.0,216.0,0.0,0.0,0.0,4194304.0,0.0
40,0,1,1280,1280,16384,256,0,0,16,192,48,64,matmulbias_kernel,12735633555860,12735633590939,41,27,170650.0,664864.0,0.0,0.0,2213436.0,1024.0,38912.0,0.0,0.0,0.0,0.0,38912.0,0.0,149024.0,149024.0,0.0,0.0,0.0,819200.0,196608.0
41,0,1,1280,1280,4194304,256,0,0,12,4,32,64,"void at::native::vectorized_elementwise_kernel<4, at::native::FillFunctor<int>, std::array<char*, 1ul> >(int, at::native::FillFunctor<int>, std::array<char*, 1ul>)",12735633944904,12735633987440,42,125,66988.0,227815.0,60763.0,0.0,2537623.0,0.0,262144.0,0.0,10135278.0,10135278.0,0.0,262144.0,0.0,200.0,200.0,0.0,0.0,0.0,4194304.0,0.0
42,0,1,1280,1280,16384,256,0,0,16,192,48,64,matmulbias_kernel,12735634333868,12735634368426,43,27,181139.0,666653.0,0.0,0.0,2210652.0,1024.0,38912.0,0.0,0.0,0.0,0.0,38912.0,0.0,149040.0,149040.0,0.0,0.0,0.0,819200.0,196608.0
43,0,1,1280,1280,4194304,256,0,0,12,4,32,64,"void at::native::vectorized_elementwise_kernel<4, at::native::FillFunctor<int>, std::array<char*, 1ul> >(int, at::native::FillFunctor<int>, std::array<char*, 1ul>)",12735634728404,12735634771302,44,125,72238.0,228319.0,60714.0,0.0,2560630.0,0.0,262144.0,0.0,12332860.0,12332860.0,0.0,262144.0,0.0,200.0,200.0,0.0,0.0,0.0,4194304.0,0.0
44,0,1,1280,1280,16384,256,0,0,16,192,48,64,matmulbias_kernel,12735635134327,12735635169086,45,27,177151.0,663207.0,0.0,0.0,2184141.0,1024.0,38912.0,0.0,0.0,0.0,0.0,38912.0,0.0,149040.0,149040.0,0.0,0.0,0.0,819200.0,196608.0
45,0,1,1280,1280,4194304,256,0,0,12,4,32,64,"void at::native::vectorized_elementwise_kernel<4, at::native::FillFunctor<int>, std::array<char*, 1ul> >(int, at::native::FillFunctor<int>, std::array<char*, 1ul>)",12735635532071,12735635574607,46,125,75540.0,227268.0,60733.0,0.0,2552564.0,0.0,262144.0,0.0,11150302.0,11150302.0,0.0,262144.0,0.0,200.0,200.0,0.0,0.0,0.0,4194304.0,0.0
46,0,1,1280,1280,16384,256,0,0,16,192,48,64,matmulbias_kernel,12735635937672,12735635972832,47,27,180362.0,668569.0,0.0,0.0,2222984.0,1024.0,38912.0,0.0,0.0,0.0,0.0,38912.0,0.0,149040.0,149040.0,0.0,0.0,0.0,819200.0,196608.0
47,0,1,1280,1280,4194304,256,0,0,12,4,32,64,"void at::native::vectorized_elementwise_kernel<4, at::native::FillFunctor<int>, std::array<char*, 1ul> >(int, at::native::FillFunctor<int>, std::array<char*, 1ul>)",12735636335055,12735636377792,48,125,74389.0,234865.0,60740.0,0.0,2536218.0,0.0,262144.0,0.0,11185304.0,11185304.0,0.0,262144.0,0.0,200.0,200.0,0.0,0.0,0.0,4194304.0,0.0
48,0,1,1280,1280,16384,256,0,0,16,192,48,64,matmulbias_kernel,12735636738332,12735636773411,49,27,178566.0,666087.0,0.0,0.0,2188952.0,1024.0,38912.0,0.0,0.0,0.0,0.0,38912.0,0.0,149040.0,149040.0,0.0,0.0,0.0,819200.0,196608.0
49,0,1,1280,1280,4194304,256,0,0,12,4,32,64,"void at::native::vectorized_elementwise_kernel<4, at::native::FillFunctor<int>, std::array<char*, 1ul> >(int, at::native::FillFunctor<int>, std::array<char*, 1ul>)",12735637136356,12735637179093,50,125,61605.0,219021.0,60795.0,0.0,2554165.0,0.0,262144.0,0.0,8686428.0,8686428.0,0.0,262144.0,0.0,200.0,200.0,0.0,0.0,0.0,4194304.0,0.0
50,0,1,1280,1280,16384,256,0,0,16,192,48,64,matmulbias_kernel,12735637530853,12735637565652,51,27,180352.0,665239.0,0.0,0.0,2218870.0,1024.0,38912.0,0.0,0.0,0.0,0.0,38912.0,0.0,149040.0,149040.0,0.0,0.0,0.0,819200.0,196608.0
51,0,1,1280,1280,4194304,256,0,0,12,4,32,64,"void at::native::vectorized_elementwise_kernel<4, at::native::FillFunctor<int>, std::array<char*, 1ul> >(int, at::native::FillFunctor<int>, std::array<char*, 1ul>)",12735637922944,12735637965841,52,125,68322.0,230502.0,60740.0,0.0,2547385.0,0.0,262144.0,0.0,10703458.0,10703458.0,0.0,262144.0,0.0,200.0,200.0,0.0,0.0,0.0,4194304.0,0.0
52,0,1,1280,1280,16384,256,0,0,16,192,48,64,matmulbias_kernel,12735638322772,12735638357852,53,27,177255.0,665118.0,0.0,0.0,2217126.0,1024.0,38912.0,0.0,0.0,0.0,0.0,38912.0,0.0,149024.0,149024.0,0.0,0.0,0.0,819200.0,196608.0
53,0,1,1280,1280,4194304,256,0,0,12,4,32,64,"void at::native::vectorized_elementwise_kernel<4, at::native::FillFunctor<int>, std::array<char*, 1ul> >(int, at::native::FillFunctor<int>, std::array<char*, 1ul>)",12735638722881,12735638765979,54,125,80711.0,236005.0,60741.0,0.0,2564359.0,0.0,262144.0,0.0,10985394.0,10985394.0,0.0,262144.0,0.0,216.0,216.0,0.0,0.0,0.0,4194304.0,0.0
54,0,1,1280,1280,16384,256,0,0,16,192,48,64,matmulbias_kernel,12735639127721,12735639162520,55,27,171022.0,664472.0,0.0,0.0,2205450.0,1024.0,38912.0,0.0,0.0,0.0,0.0,38912.0,0.0,149024.0,149024.0,0.0,0.0,0.0,819200.0,196608.0
55,0,1,1280,1280,4194304,256,0,0,12,4,32,64,"void at::native::vectorized_elementwise_kernel<4, at::native::FillFunctor<int>, std::array<char*, 1ul> >(int, at::native::FillFunctor<int>, std::array<char*, 1ul>)",12735639522819,12735639565556,56,125,77722.0,227401.0,60760.0,0.0,2539146.0,0.0,262144.0,0.0,10767576.0,10767576.0,0.0,262144.0,0.0,216.0,216.0,0.0,0.0,0.0,4194304.0,0.0
56,0,1,1280,1280,16384,256,0,0,16,192,48,64,matmulbias_kernel,12735639925414,12735639960293,57,27,175020.0,654675.0,0.0,0.0,2213423.0,1024.0,38912.0,0.0,0.0,0.0,0.0,38912.0,0.0,149024.0,149024.0,0.0,0.0,0.0,819200.0,196608.0
57,0,1,1280,1280,4194304,256,0,0,12,4,32,64,"void at::native::vectorized_elementwise_kernel<4, at::native::FillFunctor<int>, std::array<char*, 1ul> >(int, at::native::FillFunctor<int>, std::array<char*, 1ul>)",12735640325884,12735640368781,58,125,78363.0,233684.0,60779.0,0.0,2543225.0,0.0,262144.0,0.0,9500462.0,9500462.0,0.0,262144.0,0.0,216.0,216.0,0.0,0.0,0.0,4194304.0,0.0
58,0,1,1280,1280,16384,256,0,0,16,192,48,64,matmulbias_kernel,12735640726715,12735640761674,59,27,173677.0,666178.0,0.0,0.0,2224568.0,1024.0,38912.0,0.0,0.0,0.0,0.0,38912.0,0.0,149024.0,149024.0,0.0,0.0,0.0,819200.0,196608.0
59,0,1,1280,1280,4194304,256,0,0,12,4,32,64,"void at::native::vectorized_elementwise_kernel<4, at::native::FillFunctor<int>, std::array<char*, 1ul> >(int, at::native::FillFunctor<int>, std::array<char*, 1ul>)",12735641115117,12735641158055,60,125,77317.0,236891.0,60756.0,0.0,2547447.0,0.0,262144.0,0.0,10692200.0,10692200.0,0.0,262144.0,0.0,216.0,216.0,0.0,0.0,0.0,4194304.0,0.0
60,0,1,1280,1280,16384,256,0,0,16,192,48,64,matmulbias_kernel,12735641515948,12735641550467,61,27,172290.0,659893.0,0.0,0.0,2207529.0,1024.0,38912.0,0.0,0.0,0.0,0.0,38912.0,0.0,149024.0,149024.0,0.0,0.0,0.0,819200.0,196608.0
61,0,1,1280,1280,4194304,256,0,0,12,4,32,64,"void at::native::vectorized_elementwise_kernel<4, at::native::FillFunctor<int>, std::array<char*, 1ul> >(int, at::native::FillFunctor<int>, std::array<char*, 1ul>)",12735641906877,12735641949373,62,125,79801.0,232842.0,60800.0,0.0,2540142.0,0.0,262144.0,0.0,7820292.0,7820292.0,0.0,262144.0,0.0,216.0,216.0,0.0,0.0,0.0,4194304.0,0.0
62,0,1,1280,1280,16384,256,0,0,16,192,48,64,matmulbias_kernel,12735642308469,12735642343108,63,27,169041.0,661119.0,0.0,0.0,2212206.0,1024.0,38912.0,0.0,0.0,0.0,0.0,38912.0,0.0,149024.0,149024.0,0.0,0.0,0.0,819200.0,196608.0
63,0,1,1280,1280,4194304,256,0,0,12,4,32,64,"void at::native::vectorized_elementwise_kernel<4, at::native::FillFunctor<int>, std::array<char*, 1ul> >(int, at::native::FillFunctor<int>, std::array<char*, 1ul>)",12735642696551,12735642739328,64,125,77914.0,225991.0,60784.0,0.0,2533746.0,0.0,262144.0,0.0,7914818.0,7914818.0,0.0,262144.0,0.0,216.0,216.0,0.0,0.0,0.0,4194304.0,0.0
64,0,1,1280,1280,16384,256,0,0,16,192,48,64,matmulbias_kernel,12735643100469,12735643135589,65,27,171300.0,663491.0,0.0,0.0,2258693.0,1024.0,38912.0,0.0,0.0,0.0,0.0,38912.0,0.0,149040.0,149040.0,0.0,0.0,0.0,819200.0,196608.0
65,0,1,1280,1280,4194304,256,0,0,12,4,32,64,"void at::native::vectorized_elementwise_kernel<4, at::native::FillFunctor<int>, std::array<char*, 1ul> >(int, at::native::FillFunctor<int>, std::array<char*, 1ul>)",12735643490596,12735643533252,66,125,64650.0,231511.0,60801.0,0.0,2539536.0,0.0,262144.0,0.0,8090250.0,8090250.0,0.0,262144.0,0.0,200.0,200.0,0.0,0.0,0.0,4194304.0,0.0
66,0,1,1280,1280,16384,256,0,0,16,192,48,64,matmulbias_kernel,12735643874668,12735643909588,67,27,178014.0,664307.0,0.0,0.0,2235563.0,1024.0,38912.0,0.0,0.0,0.0,0.0,38912.0,0.0,149040.0,149040.0,0.0,0.0,0.0,819200.0,196608.0
67,0,1,1280,1280,4194304,256,0,0,12,4,32,64,"void at::native::vectorized_elementwise_kernel<4, at::native::FillFunctor<int>, std::array<char*, 1ul> >(int, at::native::FillFunctor<int>, std::array<char*, 1ul>)",12735644269445,12735644312303,68,125,71948.0,232546.0,60740.0,0.0,2560780.0,0.0,262144.0,0.0,9999318.0,9999318.0,0.0,262144.0,0.0,200.0,200.0,0.0,0.0,0.0,4194304.0,0.0
68,0,1,1280,1280,16384,256,0,0,16,192,48,64,matmulbias_kernel,12735644670477,12735644705115,69,27,180182.0,665271.0,0.0,0.0,2223398.0,1024.0,38912.0,0.0,0.0,0.0,0.0,38912.0,0.0,149040.0,149040.0,0.0,0.0,0.0,819200.0,196608.0
69,0,1,1280,1280,4194304,256,0,0,12,4,32,64,"void at::native::vectorized_elementwise_kernel<4, at::native::FillFunctor<int>, std::array<char*, 1ul> >(int, at::native::FillFunctor<int>, std::array<char*, 1ul>)",12735645064933,12735645107750,70,125,68896.0,229113.0,60729.0,0.0,2548568.0,0.0,262144.0,0.0,10613054.0,10613054.0,0.0,262144.0,0.0,200.0,200.0,0.0,0.0,0.0,4194304.0,0.0
70,0,1,1280,1280,16384,256,0,0,16,192,48,64,matmulbias_kernel,12735645459630,12735645494389,71,27,181355.0,662483.0,0.0,0.0,2201337.0,1024.0,38912.0,0.0,0.0,0.0,0.0,38912.0,0.0,149040.0,149040.0,0.0,0.0,0.0,819200.0,196608.0
71,0,1,1280,1280,4194304,256,0,0,12,4,32,64,"void at::native::vectorized_elementwise_kernel<4, at::native::FillFunctor<int>, std::array<char*, 1ul> >(int, at::native::FillFunctor<int>, std::array<char*, 1ul>)",12735645849596,12735645892013,72,125,66983.0,225732.0,60678.0,0.0,2547681.0,0.0,262144.0,0.0,15670976.0,15670976.0,0.0,262144.0,0.0,200.0,200.0,0.0,0.0,0.0,4194304.0,0.0
72,0,1,1280,1280,16384,256,0,0,16,192,48,64,matmulbias_kernel,12735646248944,12735646283823,73,27,180167.0,666792.0,0.0,0.0,2225654.0,1024.0,38912.0,0.0,0.0,0.0,0.0,38912.0,0.0,149040.0,149040.0,0.0,0.0,0.0,819200.0,196608.0
73,0,1,1280,1280,4194304,256,0,0,12,4,32,64,"void at::native::vectorized_elementwise_kernel<4, at::native::FillFunctor<int>, std::array<char*, 1ul> >(int, at::native::FillFunctor<int>, std::array<char*, 1ul>)",12735646644041,12735646686819,74,125,67475.0,227628.0,60742.0,0.0,2544817.0,0.0,262144.0,0.0,10191364.0,10191364.0,0.0,262144.0,0.0,200.0,200.0,0.0,0.0,0.0,4194304.0,0.0
74,0,1,1280,1280,16384,256,0,0,16,192,48,64,matmulbias_kernel,12735647038297,12735647073177,75,27,181019.0,667057.0,0.0,0.0,2204399.0,1024.0,38912.0,0.0,0.0,0.0,0.0,38912.0,0.0,149040.0,149040.0,0.0,0.0,0.0,819200.0,196608.0
75,0,1,1280,1280,4194304,256,0,0,12,4,32,64,"void at::native::vectorized_elementwise_kernel<4, at::native::FillFunctor<int>, std::array<char*, 1ul> >(int, at::native::FillFunctor<int>, std::array<char*, 1ul>)",12735647428384,12735647471241,76,125,66712.0,246727.0,60736.0,0.0,2543484.0,0.0,262144.0,0.0,11397110.0,11397110.0,0.0,262144.0,0.0,200.0,200.0,0.0,0.0,0.0,4194304.0,0.0
76,0,1,1280,1280,16384,256,0,0,16,192,48,64,matmulbias_kernel,12735647813419,12735647847857,77,27,183876.0,665536.0,0.0,0.0,2203424.0,1024.0,38912.0,0.0,0.0,0.0,0.0,38912.0,0.0,149040.0,149040.0,0.0,0.0,0.0,819200.0,196608.0
77,0,1,1280,1280,4194304,256,0,0,12,4,32,64,"void at::native::vectorized_elementwise_kernel<4, at::native::FillFunctor<int>, std::array<char*, 1ul> >(int, at::native::FillFunctor<int>, std::array<char*, 1ul>)",12735648207113,12735648250572,78,125,93462.0,316507.0,60744.0,0.0,2563351.0,0.0,262144.0,0.0,10902914.0,10902914.0,0.0,262144.0,0.0,216.0,216.0,0.0,0.0,0.0,4194304.0,0.0
78,0,1,1280,1280,16384,256,0,0,16,192,48,64,matmulbias_kernel,12735648590745,12735648625745,79,27,177985.0,669808.0,0.0,0.0,2199092.0,1024.0,38912.0,0.0,0.0,0.0,0.0,38912.0,0.0,149024.0,149024.0,0.0,0.0,0.0,819200.0,196608.0
79,0,1,1280,1280,32768,512,0,0,108,4,48,64,matmulbias_kernel,12735650890842,12735650913974,80,196,132884.0,479449.0,0.0,0.0,1428762.0,2048.0,38912.0,0.0,0.0,0.0,0.0,38912.0,0.0,148320.0,148320.0,0.0,0.0,0.0,819200.0,196608.0
80,0,1,1280,1280,4194304,256,0,0,12,4,32,64,"void at::native::vectorized_elementwise_kernel<4, at::native::FillFunctor<int>, std::array<char*, 1ul> >(int, at::native::FillFunctor<int>, std::array<char*, 1ul>)",12735651370893,12735651413991,81,125,72133.0,241736.0,60790.0,0.0,2554923.0,0.0,262144.0,0.0,7578278.0,7578278.0,0.0,262144.0,0.0,200.0,200.0,0.0,0.0,0.0,4194304.0,0.0
81,0,1,1280,1280,32768,512,0,0,108,4,48,64,matmulbias_kernel,12735651756008,12735651779942,82,196,134145.0,467622.0,0.0,0.0,1501430.0,2048.0,38912.0,0.0,0.0,0.0,0.0,38912.0,0.0,148304.0,148304.0,0.0,0.0,0.0,819200.0,196608.0
82,0,1,1280,1280,4194304,256,0,0,12,4,32,64,"void at::native::vectorized_elementwise_kernel<4, at::native::FillFunctor<int>, std::array<char*, 1ul> >(int, at::native::FillFunctor<int>, std::array<char*, 1ul>)",12735652139840,12735652182577,83,125,63136.0,227251.0,60788.0,0.0,2533984.0,0.0,262144.0,0.0,7859980.0,7859980.0,0.0,262144.0,0.0,200.0,200.0,0.0,0.0,0.0,4194304.0,0.0
83,0,1,1280,1280,32768,512,0,0,108,4,48,64,matmulbias_kernel,12735652529005,12735652552979,84,196,134516.0,473169.0,0.0,0.0,1497452.0,2048.0,38912.0,0.0,0.0,0.0,0.0,38912.0,0.0,148304.0,148304.0,0.0,0.0,0.0,819200.0,196608.0
84,0,1,1280,1280,4194304,256,0,0,12,4,32,64,"void at::native::vectorized_elementwise_kernel<4, at::native::FillFunctor<int>, std::array<char*, 1ul> >(int, at::native::FillFunctor<int>, std::array<char*, 1ul>)",12735652904057,12735652946754,85,125,71734.0,234277.0,60783.0,0.0,2539126.0,0.0,262144.0,0.0,7542860.0,7542860.0,0.0,262144.0,0.0,200.0,200.0,0.0,0.0,0.0,4194304.0,0.0
85,0,1,1280,1280,32768,512,0,0,108,4,48,64,matmulbias_kernel,12735653305208,12735653329183,86,196,125352.0,464547.0,0.0,0.0,1494994.0,2048.0,38912.0,0.0,0.0,0.0,0.0,38912.0,0.0,148304.0,148304.0,0.0,0.0,0.0,819200.0,196608.0
86,0,1,1280,1280,4194304,256,0,0,12,4,32,64,"void at::native::vectorized_elementwise_kernel<4, at::native::FillFunctor<int>, std::array<char*, 1ul> >(int, at::native::FillFunctor<int>, std::array<char*, 1ul>)",12735653679860,12735653722597,87,125,72402.0,223197.0,60740.0,0.0,2550892.0,0.0,262144.0,0.0,10781892.0,10781892.0,0.0,262144.0,0.0,200.0,200.0,0.0,0.0,0.0,4194304.0,0.0
87,0,1,1280,1280,32768,512,0,0,108,4,48,64,matmulbias_kernel,12735654076080,12735654100295,88,196,132762.0,483074.0,0.0,0.0,1510490.0,2048.0,38912.0,0.0,0.0,0.0,0.0,38912.0,0.0,148304.0,148304.0,0.0,0.0,0.0,819200.0,196608.0
88,0,1,1280,1280,4194304,256,0,0,12,4,32,64,"void at::native::vectorized_elementwise_kernel<4, at::native::FillFunctor<int>, std::array<char*, 1ul> >(int, at::native::FillFunctor<int>, std::array<char*, 1ul>)",12735654454580,12735654497157,89,125,71726.0,214845.0,60743.0,0.0,2549914.0,0.0,262144.0,0.0,10341018.0,10341018.0,0.0,262144.0,0.0,200.0,200.0,0.0,0.0,0.0,4194304.0,0.0
89,0,1,1280,1280,32768,512,0,0,108,4,48,64,matmulbias_kernel,12735654851883,12735654876018,90,196,128795.0,476621.0,0.0,0.0,1504287.0,2048.0,38912.0,0.0,0.0,0.0,0.0,38912.0,0.0,148304.0,148304.0,0.0,0.0,0.0,819200.0,196608.0
90,0,1,1280,1280,32768,512,0,0,108,4,48,64,matmulbias_kernel,12735655487487,12735655510500,91,196,129081.0,474369.0,0.0,0.0,1428684.0,2048.0,38912.0,0.0,0.0,0.0,0.0,38912.0,0.0,148304.0,148304.0,0.0,0.0,0.0,819200.0,196608.0
91,0,1,1280,1280,32768,512,0,0,108,4,48,64,matmulbias_kernel,12735655867912,12735655890964,92,196,129485.0,456646.0,0.0,0.0,1424251.0,2048.0,38912.0,0.0,0.0,0.0,0.0,38912.0,0.0,148304.0,148304.0,0.0,0.0,0.0,819200.0,196608.0
92,0,1,1280,1280,32768,512,0,0,108,4,48,64,matmulbias_kernel,12735656253388,12735656276480,93,196,128513.0,464384.0,0.0,0.0,1428611.0,2048.0,38912.0,0.0,0.0,0.0,0.0,38912.0,0.0,148304.0,148304.0,0.0,0.0,0.0,819200.0,196608.0
93,0,1,1280,1280,32768,512,0,0,108,4,48,64,matmulbias_kernel,12735656635857,12735656658869,94,196,131253.0,461823.0,0.0,0.0,1426359.0,2048.0,38912.0,0.0,0.0,0.0,0.0,38912.0,0.0,148304.0,148304.0,0.0,0.0,0.0,819200.0,196608.0
94,0,1,1280,1280,32768,512,0,0,108,4,48,64,matmulbias_kernel,12735657019168,12735657041940,95,196,130239.0,450474.0,0.0,0.0,1418181.0,2048.0,38912.0,0.0,0.0,0.0,0.0,38912.0,0.0,148304.0,148304.0,0.0,0.0,0.0,819200.0,196608.0
95,0,1,1280,1280,32768,512,0,0,108,4,48,64,matmulbias_kernel,12735657399833,12735657422605,96,196,131102.0,463830.0,0.0,0.0,1412163.0,2048.0,38912.0,0.0,0.0,0.0,0.0,38912.0,0.0,148304.0,148304.0,0.0,0.0,0.0,819200.0,196608.0
96,0,1,1280,1280,32768,512,0,0,108,4,48,64,matmulbias_kernel,12735657781941,12735657804833,97,196,127440.0,454588.0,0.0,0.0,1413647.0,2048.0,38912.0,0.0,0.0,0.0,0.0,38912.0,0.0,148304.0,148304.0,0.0,0.0,0.0,819200.0,196608.0
97,0,1,1280,1280,32768,512,0,0,108,4,48,64,matmulbias_kernel,12735658156031,12735658178843,98,196,121357.0,456346.0,0.0,0.0,1420434.0,2048.0,38912.0,0.0,0.0,0.0,0.0,38912.0,0.0,148304.0,148304.0,0.0,0.0,0.0,819200.0,196608.0
98,0,1,1280,1280,32768,512,0,0,108,4,48,64,matmulbias_kernel,12735658531244,12735658554016,99,196,130770.0,456628.0,0.0,0.0,1416166.0,2048.0,38912.0,0.0,0.0,0.0,0.0,38912.0,0.0,148304.0,148304.0,0.0,0.0,0.0,819200.0,196608.0
99,0,1,1280,1280,32768,512,0,0,108,4,48,64,matmulbias_kernel,12735658915197,12735658938048,100,196,123504.0,462613.0,0.0,0.0,1420381.0,2048.0,38912.0,0.0,0.0,0.0,0.0,38912.0,0.0,148304.0,148304.0,0.0,0.0,0.0,819200.0,196608.0
100,0,1,1280,1280,32768,512,0,0,108,4,48,64,matmulbias_kernel,12735659284355,12735659306967,101,196,130463.0,447881.0,0.0,0.0,1401512.0,2048.0,38912.0,0.0,0.0,0.0,0.0,38912.0,0.0,148304.0,148304.0,0.0,0.0,0.0,819200.0,196608.0
101,0,1,1280,1280,32768,512,0,0,108,4,48,64,matmulbias_kernel,12735659675645,12735659698497,102,196,126835.0,451080.0,0.0,0.0,1402959.0,2048.0,38912.0,0.0,0.0,0.0,0.0,38912.0,0.0,148304.0,148304.0,0.0,0.0,0.0,819200.0,196608.0
102,0,1,1280,1280,32768,512,0,0,108,4,48,64,matmulbias_kernel,12735660064328,12735660087100,103,196,134601.0,464986.0,0.0,0.0,1420047.0,2048.0,38912.0,0.0,0.0,0.0,0.0,38912.0,0.0,148304.0,148304.0,0.0,0.0,0.0,819200.0,196608.0
103,0,1,1280,1280,32768,512,0,0,108,4,48,64,matmulbias_kernel,12735660450165,12735660472936,104,196,123461.0,455476.0,0.0,0.0,1422053.0,2048.0,38912.0,0.0,0.0,0.0,0.0,38912.0,0.0,148304.0,148304.0,0.0,0.0,0.0,819200.0,196608.0
104,0,1,1280,1280,32768,512,0,0,108,4,48,64,matmulbias_kernel,12735660822811,12735660845703,105,196,131567.0,463411.0,0.0,0.0,1417956.0,2048.0,38912.0,0.0,0.0,0.0,0.0,38912.0,0.0,148304.0,148304.0,0.0,0.0,0.0,819200.0,196608.0
105,0,1,1280,1280,32768,512,0,0,108,4,48,64,matmulbias_kernel,12735661206163,12735661228974,106,196,130062.0,451134.0,0.0,0.0,1405102.0,2048.0,38912.0,0.0,0.0,0.0,0.0,38912.0,0.0,148304.0,148304.0,0.0,0.0,0.0,819200.0,196608.0
106,0,1,1280,1280,32768,512,0,0,108,4,48,64,matmulbias_kernel,12735661594846,12735661617577,107,196,126127.0,449306.0,0.0,0.0,1415781.0,2048.0,38912.0,0.0,0.0,0.0,0.0,38912.0,0.0,148304.0,148304.0,0.0,0.0,0.0,819200.0,196608.0
107,0,1,1280,1280,32768,512,0,0,108,4,48,64,matmulbias_kernel,12735661979480,12735662002412,108,196,128242.0,458957.0,0.0,0.0,1417820.0,2048.0,38912.0,0.0,0.0,0.0,0.0,38912.0,0.0,148304.0,148304.0,0.0,0.0,0.0,819200.0,196608.0
108,0,1,1280,1280,32768,512,0,0,108,4,48,64,matmulbias_kernel,12735662361989,12735662384761,109,196,127494.0,450041.0,0.0,0.0,1424676.0,2048.0,38912.0,0.0,0.0,0.0,0.0,38912.0,0.0,148304.0,148304.0,0.0,0.0,0.0,819200.0,196608.0
109,0,1,1280,1280,32768,512,0,0,108,4,48,64,matmulbias_kernel,12735662752076,12735662775048,110,196,130961.0,461450.0,0.0,0.0,1415979.0,2048.0,38912.0,0.0,0.0,0.0,0.0,38912.0,0.0,148304.0,148304.0,0.0,0.0,0.0,819200.0,196608.0
110,0,1,1280,1280,32768,512,0,0,108,4,48,64,matmulbias_kernel,12735663135787,12735663158639,111,196,129042.0,450470.0,0.0,0.0,1415446.0,2048.0,38912.0,0.0,0.0,0.0,0.0,38912.0,0.0,148304.0,148304.0,0.0,0.0,0.0,819200.0,196608.0
111,0,1,1280,1280,32768,512,0,0,108,4,48,64,matmulbias_kernel,12735663520101,12735663542953,112,196,133846.0,465343.0,0.0,0.0,1416731.0,2048.0,38912.0,0.0,0.0,0.0,0.0,38912.0,0.0,148304.0,148304.0,0.0,0.0,0.0,819200.0,196608.0
112,0,1,1280,1280,32768,512,0,0,108,4,48,64,matmulbias_kernel,12735663908423,12735663931315,113,196,130708.0,455402.0,0.0,0.0,1422207.0,2048.0,38912.0,0.0,0.0,0.0,0.0,38912.0,0.0,148304.0,148304.0,0.0,0.0,0.0,819200.0,196608.0
113,0,1,1280,1280,32768,512,0,0,108,4,48,64,matmulbias_kernel,12735664295342,12735664318234,114,196,133156.0,463908.0,0.0,0.0,1418098.0,2048.0,38912.0,0.0,0.0,0.0,0.0,38912.0,0.0,148304.0,148304.0,0.0,0.0,0.0,819200.0,196608.0
114,0,1,1280,1280,32768,512,0,0,108,4,48,64,matmulbias_kernel,12735664690200,12735664713092,115,196,133051.0,457023.0,0.0,0.0,1422347.0,2048.0,38912.0,0.0,0.0,0.0,0.0,38912.0,0.0,148304.0,148304.0,0.0,0.0,0.0,819200.0,196608.0
115,0,1,1280,1280,32768,512,0,0,108,4,48,64,matmulbias_kernel,12735665080888,12735665103780,116,196,126524.0,460695.0,0.0,0.0,1418510.0,2048.0,38912.0,0.0,0.0,0.0,0.0,38912.0,0.0,148304.0,148304.0,0.0,0.0,0.0,819200.0,196608.0
116,0,1,1280,1280,32768,512,0,0,108,4,48,64,matmulbias_kernel,12735665469491,12735665492262,117,196,138500.0,454967.0,0.0,0.0,1411579.0,2048.0,38912.0,0.0,0.0,0.0,0.0,38912.0,0.0,148320.0,148320.0,0.0,0.0,0.0,819200.0,196608.0
117,0,1,1280,1280,32768,512,0,0,108,4,48,64,matmulbias_kernel,12735665859617,12735665882469,118,196,131951.0,459211.0,0.0,0.0,1423082.0,2048.0,38912.0,0.0,0.0,0.0,0.0,38912.0,0.0,148304.0,148304.0,0.0,0.0,0.0,819200.0,196608.0
118,0,1,1280,1280,32768,512,0,0,108,4,48,64,matmulbias_kernel,12735666250305,12735666273317,119,196,141138.0,487177.0,0.0,0.0,1416766.0,2048.0,38912.0,0.0,0.0,0.0,0.0,38912.0,0.0,148320.0,148320.0,0.0,0.0,0.0,819200.0,196608.0
119,0,1,1280,1280,32768,512,0,0,108,4,48,64,matmulbias_kernel,12735666646525,12735666669417,120,196,136821.0,453321.0,0.0,0.0,1418731.0,2048.0,38912.0,0.0,0.0,0.0,0.0,38912.0,0.0,148320.0,148320.0,0.0,0.0,0.0,819200.0,196608.0
120,0,1,1280,1280,32768,512,0,0,108,4,48,64,matmulbias_kernel,12735667032041,12735667054813,121,196,129744.0,458550.0,0.0,0.0,1414088.0,2048.0,38912.0,0.0,0.0,0.0,0.0,38912.0,0.0,148304.0,148304.0,0.0,0.0,0.0,819200.0,196608.0
121,0,1,1280,1280,32768,512,0,0,108,4,48,64,matmulbias_kernel,12735667422168,12735667445020,122,196,133540.0,466958.0,0.0,0.0,1419427.0,2048.0,38912.0,0.0,0.0,0.0,0.0,38912.0,0.0,148304.0,148304.0,0.0,0.0,0.0,819200.0,196608.0
122,0,1,1280,1280,4194304,256,0,0,12,4,32,64,"void at::native::vectorized_elementwise_kernel<4, at::native::FillFunctor<int>, std::array<char*, 1ul> >(int, at::native::FillFunctor<int>, std::array<char*, 1ul>)",12735667815181,12735667857838,123,125,86206.0,230037.0,60739.0,0.0,2543052.0,0.0,262144.0,0.0,9940546.0,9940546.0,0.0,262144.0,0.0,216.0,216.0,0.0,0.0,0.0,4194304.0,0.0
123,0,1,1280,1280,32768,512,0,0,108,4,48,64,matmulbias_kernel,12735668232249,12735668255622,124,196,125879.0,470853.0,0.0,0.0,1462527.0,2048.0,38912.0,0.0,0.0,0.0,0.0,38912.0,0.0,148304.0,148304.0,0.0,0.0,0.0,819200.0,196608.0
124,0,1,1280,1280,4194304,256,0,0,12,4,32,64,"void at::native::vectorized_elementwise_kernel<4, at::native::FillFunctor<int>, std::array<char*, 1ul> >(int, at::native::FillFunctor<int>, std::array<char*, 1ul>)",12735668622975,12735668665792,125,125,71873.0,231321.0,60818.0,0.0,2549203.0,0.0,262144.0,0.0,7882886.0,7882886.0,0.0,262144.0,0.0,200.0,200.0,0.0,0.0,0.0,4194304.0,0.0
125,0,1,1280,1280,32768,512,0,0,108,4,48,64,matmulbias_kernel,12735669055436,12735669079330,126,196,134996.0,481355.0,0.0,0.0,1489139.0,2048.0,38912.0,0.0,0.0,0.0,0.0,38912.0,0.0,148304.0,148304.0,0.0,0.0,0.0,819200.0,196608.0
126,0,1,1280,1280,4194304,256,0,0,12,4,32,64,"void at::native::vectorized_elementwise_kernel<4, at::native::FillFunctor<int>, std::array<char*, 1ul> >(int, at::native::FillFunctor<int>, std::array<char*, 1ul>)",12735669450653,12735669493550,127,125,77727.0,231215.0,60716.0,0.0,2556800.0,0.0,262144.0,0.0,11764186.0,11764186.0,0.0,262144.0,0.0,200.0,200.0,0.0,0.0,0.0,4194304.0,0.0
127,0,1,1280,1280,32768,512,0,0,108,4,48,64,matmulbias_kernel,12735669864873,12735669888646,128,196,134337.0,480631.0,0.0,0.0,1475236.0,2048.0,38912.0,0.0,0.0,0.0,0.0,38912.0,0.0,148304.0,148304.0,0.0,0.0,0.0,819200.0,196608.0
128,0,1,1280,1280,4194304,256,0,0,12,4,32,64,"void at::native::vectorized_elementwise_kernel<4, at::native::FillFunctor<int>, std::array<char*, 1ul> >(int, at::native::FillFunctor<int>, std::array<char*, 1ul>)",12735670257644,12735670300501,129,125,76570.0,229259.0,60744.0,0.0,2558798.0,0.0,262144.0,0.0,10261046.0,10261046.0,0.0,262144.0,0.0,200.0,200.0,0.0,0.0,0.0,4194304.0,0.0
129,0,1,1280,1280,32768,512,0,0,108,4,48,64,matmulbias_kernel,12735670665489,12735670689464,130,196,132897.0,473277.0,0.0,0.0,1486970.0,2048.0,38912.0,0.0,0.0,0.0,0.0,38912.0,0.0,148304.0,148304.0,0.0,0.0,0.0,819200.0,196608.0
130,0,1,1280,1280,4194304,256,0,0,12,4,32,64,"void at::native::vectorized_elementwise_kernel<4, at::native::FillFunctor<int>, std::array<char*, 1ul> >(int, at::native::FillFunctor<int>, std::array<char*, 1ul>)",12735671058141,12735671100717,131,125,74590.0,227964.0,60740.0,0.0,2535023.0,0.0,262144.0,0.0,10956124.0,10956124.0,0.0,262144.0,0.0,200.0,200.0,0.0,0.0,0.0,4194304.0,0.0
131,0,1,1280,1280,32768,512,0,0,108,4,48,64,matmulbias_kernel,12735671473684,12735671497578,132,196,139411.0,474846.0,0.0,0.0,1496917.0,2048.0,38912.0,0.0,0.0,0.0,0.0,38912.0,0.0,148320.0,148320.0,0.0,0.0,0.0,819200.0,196608.0
132,0,1,1280,1280,4194304,256,0,0,12,4,32,64,"void at::native::vectorized_elementwise_kernel<4, at::native::FillFunctor<int>, std::array<char*, 1ul> >(int, at::native::FillFunctor<int>, std::array<char*, 1ul>)",12735671861323,12735671903780,133,125,80044.0,211327.0,60791.0,0.0,2546000.0,0.0,262144.0,0.0,8010502.0,8010502.0,0.0,262144.0,0.0,216.0,216.0,0.0,0.0,0.0,4194304.0,0.0
133,0,1,1280,1280,32768,512,0,0,108,4,48,64,matmulbias_kernel,12735672271334,12735672295308,134,196,131899.0,497950.0,0.0,0.0,1496887.0,2048.0,38912.0,0.0,0.0,0.0,0.0,38912.0,0.0,148304.0,148304.0,0.0,0.0,0.0,819200.0,196608.0
134,0,1,1280,1280,4194304,256,0,0,12,4,32,64,"void at::native::vectorized_elementwise_kernel<4, at::native::FillFunctor<int>, std::array<char*, 1ul> >(int, at::native::FillFunctor<int>, std::array<char*, 1ul>)",12735672662060,12735672705158,135,125,84934.0,236589.0,60748.0,0.0,2547372.0,0.0,262144.0,0.0,10868434.0,10868434.0,0.0,262144.0,0.0,216.0,216.0,0.0,0.0,0.0,4194304.0,0.0
135,0,1,1280,1280,32768,512,0,0,108,4,48,64,matmulbias_kernel,12735673076681,12735673101057,136,196,143284.0,487423.0,0.0,0.0,1522088.0,2048.0,38912.0,0.0,0.0,0.0,0.0,38912.0,0.0,148320.0,148320.0,0.0,0.0,0.0,819200.0,196608.0
136,0,1,1280,1280,4194304,256,0,0,12,4,32,64,"void at::native::vectorized_elementwise_kernel<4, at::native::FillFunctor<int>, std::array<char*, 1ul> >(int, at::native::FillFunctor<int>, std::array<char*, 1ul>)",12735673471658,12735673514234,137,125,67036.0,225229.0,60802.0,0.0,2544797.0,0.0,262144.0,0.0,7824530.0,7824530.0,0.0,262144.0,0.0,200.0,200.0,0.0,0.0,0.0,4194304.0,0.0
137,0,1,1280,1280,32768,512,0,0,108,4,48,64,matmulbias_kernel,12735673871164,12735673895580,138,196,140217.0,484000.0,0.0,0.0,1530628.0,2048.0,38912.0,0.0,0.0,0.0,0.0,38912.0,0.0,148320.0,148320.0,0.0,0.0,0.0,819200.0,196608.0
138,0,1,1280,1280,4194304,256,0,0,12,4,32,64,"void at::native::vectorized_elementwise_kernel<4, at::native::FillFunctor<int>, std::array<char*, 1ul> >(int, at::native::FillFunctor<int>, std::array<char*, 1ul>)",12735674266421,12735674309038,139,125,74664.0,240764.0,60789.0,0.0,2537352.0,0.0,262144.0,0.0,8887762.0,8887762.0,0.0,262144.0,0.0,200.0,200.0,0.0,0.0,0.0,4194304.0,0.0
139,0,1,1280,1280,32768,512,0,0,108,4,48,64,matmulbias_kernel,12735674684049,12735674708665,140,196,142322.0,491721.0,0.0,0.0,1527020.0,2048.0,38912.0,0.0,0.0,0.0,0.0,38912.0,0.0,148320.0,148320.0,0.0,0.0,0.0,819200.0,196608.0
140,0,1,1280,1280,4194304,256,0,0,12,4,32,64,"void at::native::vectorized_elementwise_kernel<4, at::native::FillFunctor<int>, std::array<char*, 1ul> >(int, at::native::FillFunctor<int>, std::array<char*, 1ul>)",12735675082193,12735675124769,141,125,75421.0,222810.0,60821.0,0.0,2532876.0,0.0,262144.0,0.0,7718718.0,7718718.0,0.0,262144.0,0.0,216.0,216.0,0.0,0.0,0.0,4194304.0,0.0
141,0,1,1280,1280,32768,512,0,0,108,4,48,64,matmulbias_kernel,12735675494528,12735675519625,142,196,141469.0,494831.0,0.0,0.0,1550196.0,2048.0,38912.0,0.0,0.0,0.0,0.0,38912.0,0.0,148320.0,148320.0,0.0,0.0,0.0,819200.0,196608.0
142,0,1,1280,1280,4194304,256,0,0,12,4,32,64,"void at::native::vectorized_elementwise_kernel<4, at::native::FillFunctor<int>, std::array<char*, 1ul> >(int, at::native::FillFunctor<int>, std::array<char*, 1ul>)",12735675885816,12735675928553,143,125,71920.0,227876.0,60790.0,0.0,2543514.0,0.0,262144.0,0.0,8943012.0,8943012.0,0.0,262144.0,0.0,200.0,200.0,0.0,0.0,0.0,4194304.0,0.0
143,0,1,1280,1280,32768,512,0,0,108,4,48,64,matmulbias_kernel,12735676299315,12735676324051,144,196,135486.0,490858.0,0.0,0.0,1533120.0,2048.0,38912.0,0.0,0.0,0.0,0.0,38912.0,0.0,148304.0,148304.0,0.0,0.0,0.0,819200.0,196608.0
144,0,1,1280,1280,4194304,256,0,0,12,4,32,64,"void at::native::vectorized_elementwise_kernel<4, at::native::FillFunctor<int>, std::array<char*, 1ul> >(int, at::native::FillFunctor<int>, std::array<char*, 1ul>)",12735676687235,12735676729732,145,125,76397.0,218866.0,60640.0,0.0,2549477.0,0.0,262144.0,0.0,14623212.0,14623212.0,0.0,262144.0,0.0,216.0,216.0,0.0,0.0,0.0,4194304.0,0.0
145,0,1,1280,1280,32768,512,0,0,108,4,48,64,matmulbias_kernel,12735677106226,12735677131082,146,196,138123.0,498785.0,0.0,0.0,1554779.0,2048.0,38912.0,0.0,0.0,0.0,0.0,38912.0,0.0,148304.0,148304.0,0.0,0.0,0.0,819200.0,196608.0
146,0,1,1280,1280,4194304,256,0,0,12,4,32,64,"void at::native::vectorized_elementwise_kernel<4, at::native::FillFunctor<int>, std::array<char*, 1ul> >(int, at::native::FillFunctor<int>, std::array<char*, 1ul>)",12735677500681,12735677543218,147,125,84717.0,234274.0,60728.0,0.0,2548353.0,0.0,262144.0,0.0,11176994.0,11176994.0,0.0,262144.0,0.0,216.0,216.0,0.0,0.0,0.0,4194304.0,0.0
147,0,1,1280,1280,32768,512,0,0,108,4,48,64,matmulbias_kernel,12735677909048,12735677934065,148,196,138310.0,497874.0,0.0,0.0,1563015.0,2048.0,38912.0,0.0,0.0,0.0,0.0,38912.0,0.0,148304.0,148304.0,0.0,0.0,0.0,819200.0,196608.0
148,0,1,1280,1280,4194304,256,0,0,12,4,32,64,"void at::native::vectorized_elementwise_kernel<4, at::native::FillFunctor<int>, std::array<char*, 1ul> >(int, at::native::FillFunctor<int>, std::array<char*, 1ul>)",12735678304145,12735678347283,149,125,77719.0,233504.0,60752.0,0.0,2555961.0,0.0,262144.0,0.0,11188906.0,11188906.0,0.0,262144.0,0.0,216.0,216.0,0.0,0.0,0.0,4194304.0,0.0
149,0,1,1280,1280,32768,512,0,0,108,4,48,64,matmulbias_kernel,12735678717042,12735678741698,150,196,135500.0,501103.0,0.0,0.0,1536581.0,2048.0,38912.0,0.0,0.0,0.0,0.0,38912.0,0.0,148304.0,148304.0,0.0,0.0,0.0,819200.0,196608.0
150,0,1,1280,1280,4194304,256,0,0,12,4,32,64,"void at::native::vectorized_elementwise_kernel<4, at::native::FillFunctor<int>, std::array<char*, 1ul> >(int, at::native::FillFunctor<int>, std::array<char*, 1ul>)",12735679110054,12735679152590,151,125,80490.0,232046.0,60739.0,0.0,2536888.0,0.0,262144.0,0.0,10772582.0,10772582.0,0.0,262144.0,0.0,216.0,216.0,0.0,0.0,0.0,4194304.0,0.0
151,0,1,1280,1280,32768,512,0,0,108,4,48,64,matmulbias_kernel,12735679528323,12735679553340,152,196,140184.0,500573.0,0.0,0.0,1537537.0,2048.0,38912.0,0.0,0.0,0.0,0.0,38912.0,0.0,148304.0,148304.0,0.0,0.0,0.0,819200.0,196608.0
152,0,1,1280,1280,4194304,256,0,0,12,4,32,64,"void at::native::vectorized_elementwise_kernel<4, at::native::FillFunctor<int>, std::array<char*, 1ul> >(int, at::native::FillFunctor<int>, std::array<char*, 1ul>)",12735679923179,12735679966116,153,125,78877.0,241360.0,60740.0,0.0,2545774.0,0.0,262144.0,0.0,10745996.0,10745996.0,0.0,262144.0,0.0,216.0,216.0,0.0,0.0,0.0,4194304.0,0.0
153,0,1,1280,1280,32768,512,0,0,108,4,48,64,matmulbias_kernel,12735680333069,12735680357885,154,196,140899.0,480099.0,0.0,0.0,1532540.0,2048.0,38912.0,0.0,0.0,0.0,0.0,38912.0,0.0,148320.0,148320.0,0.0,0.0,0.0,819200.0,196608.0
154,0,1,1280,1280,4194304,256,0,0,12,4,32,64,"void at::native::vectorized_elementwise_kernel<4, at::native::FillFunctor<int>, std::array<char*, 1ul> >(int, at::native::FillFunctor<int>, std::array<char*, 1ul>)",12735680739672,12735680782569,155,125,75145.0,232570.0,60740.0,0.0,2551676.0,0.0,262144.0,0.0,11223418.0,11223418.0,0.0,262144.0,0.0,200.0,200.0,0.0,0.0,0.0,4194304.0,0.0
155,0,1,1280,1280,32768,512,0,0,108,4,48,64,matmulbias_kernel,12735681148440,12735681173336,156,196,144899.0,501780.0,0.0,0.0,1548685.0,2048.0,38912.0,0.0,0.0,0.0,0.0,38912.0,0.0,148320.0,148320.0,0.0,0.0,0.0,819200.0,196608.0
156,0,1,1280,1280,4194304,256,0,0,12,4,32,64,"void at::native::vectorized_elementwise_kernel<4, at::native::FillFunctor<int>, std::array<char*, 1ul> >(int, at::native::FillFunctor<int>, std::array<char*, 1ul>)",12735681548948,12735681591485,157,125,79852.0,240046.0,60791.0,0.0,2544767.0,0.0,262144.0,0.0,9138642.0,9138642.0,0.0,262144.0,0.0,216.0,216.0,0.0,0.0,0.0,4194304.0,0.0
157,0,1,1280,1280,32768,512,0,0,108,4,48,64,matmulbias_kernel,12735681962286,12735681987183,158,196,146009.0,498035.0,0.0,0.0,1548269.0,2048.0,38912.0,0.0,0.0,0.0,0.0,38912.0,0.0,148320.0,148320.0,0.0,0.0,0.0,819200.0,196608.0
158,0,1,1280,1280,4194304,256,0,0,12,4,32,64,"void at::native::vectorized_elementwise_kernel<4, at::native::FillFunctor<int>, std::array<char*, 1ul> >(int, at::native::FillFunctor<int>, std::array<char*, 1ul>)",12735682356862,12735682399559,159,125,78113.0,234924.0,60728.0,0.0,2541019.0,0.0,262144.0,0.0,11501118.0,11501118.0,0.0,262144.0,0.0,216.0,216.0,0.0,0.0,0.0,4194304.0,0.0
159,0,1,1280,1280,32768,512,0,0,108,4,48,64,matmulbias_kernel,12735682768837,12735682793814,160,196,142192.0,492444.0,0.0,0.0,1536593.0,2048.0,38912.0,0.0,0.0,0.0,0.0,38912.0,0.0,148320.0,148320.0,0.0,0.0,0.0,819200.0,196608.0
160,0,1,1280,1280,4194304,256,0,0,12,4,32,64,"void at::native::vectorized_elementwise_kernel<4, at::native::FillFunctor<int>, std::array<char*, 1ul> >(int, at::native::FillFunctor<int>, std::array<char*, 1ul>)",12735683172272,12735683215090,161,125,75393.0,249132.0,60727.0,0.0,2553943.0,0.0,262144.0,0.0,11753730.0,11753730.0,0.0,262144.0,0.0,200.0,200.0,0.0,0.0,0.0,4194304.0,0.0
161,0,1,1280,1280,32768,512,0,0,108,4,48,64,matmulbias_kernel,12735683581241,12735683605937,162,196,142937.0,496077.0,0.0,0.0,1556711.0,2048.0,38912.0,0.0,0.0,0.0,0.0,38912.0,0.0,148320.0,148320.0,0.0,0.0,0.0,819200.0,196608.0
162,0,1,1280,1280,4194304,256,0,0,12,4,32,64,"void at::native::vectorized_elementwise_kernel<4, at::native::FillFunctor<int>, std::array<char*, 1ul> >(int, at::native::FillFunctor<int>, std::array<char*, 1ul>)",12735683990489,12735684032986,163,125,77228.0,228282.0,60740.0,0.0,2530091.0,0.0,262144.0,0.0,11422548.0,11422548.0,0.0,262144.0,0.0,216.0,216.0,0.0,0.0,0.0,4194304.0,0.0
163,0,1,1280,1280,32768,512,0,0,108,4,48,64,matmulbias_kernel,12735684409280,12735684434176,164,196,136210.0,494208.0,0.0,0.0,1544767.0,2048.0,38912.0,0.0,0.0,0.0,0.0,38912.0,0.0,148304.0,148304.0,0.0,0.0,0.0,819200.0,196608.0
164,0,1,1280,1280,4194304,256,0,0,12,4,32,64,"void at::native::vectorized_elementwise_kernel<4, at::native::FillFunctor<int>, std::array<char*, 1ul> >(int, at::native::FillFunctor<int>, std::array<char*, 1ul>)",12735684809628,12735684852325,165,125,80804.0,235334.0,60751.0,0.0,2558816.0,0.0,262144.0,0.0,9679194.0,9679194.0,0.0,262144.0,0.0,216.0,216.0,0.0,0.0,0.0,4194304.0,0.0
165,0,1,1280,1280,32768,512,0,0,108,4,48,64,matmulbias_kernel,12735685227497,12735685251992,166,196,144338.0,490563.0,0.0,0.0,1512699.0,2048.0,38912.0,0.0,0.0,0.0,0.0,38912.0,0.0,148320.0,148320.0,0.0,0.0,0.0,819200.0,196608.0
166,0,1,1280,1280,4194304,256,0,0,12,4,32,64,"void at::native::vectorized_elementwise_kernel<4, at::native::FillFunctor<int>, std::array<char*, 1ul> >(int, at::native::FillFunctor<int>, std::array<char*, 1ul>)",12735685632215,12735685674711,167,125,76433.0,221764.0,60720.0,0.0,2541849.0,0.0,262144.0,0.0,11869822.0,11869822.0,0.0,262144.0,0.0,216.0,216.0,0.0,0.0,0.0,4194304.0,0.0
167,0,1,1280,1280,32768,512,0,0,108,4,48,64,matmulbias_kernel,12735686058462,12735686083279,168,196,145234.0,492315.0,0.0,0.0,1541388.0,2048.0,38912.0,0.0,0.0,0.0,0.0,38912.0,0.0,148320.0,148320.0,0.0,0.0,0.0,819200.0,196608.0
168,0,1,1280,1280,4194304,256,0,0,12,4,32,64,"void at::native::vectorized_elementwise_kernel<4, at::native::FillFunctor<int>, std::array<char*, 1ul> >(int, at::native::FillFunctor<int>, std::array<char*, 1ul>)",12735686461657,12735686504194,169,125,76379.0,234806.0,60833.0,0.0,2538495.0,0.0,262144.0,0.0,8956640.0,8956640.0,0.0,262144.0,0.0,216.0,216.0,0.0,0.0,0.0,4194304.0,0.0
169,0,1,1280,1280,32768,512,0,0,108,4,48,64,matmulbias_kernel,12735686883054,12735686908070,170,196,138543.0,503265.0,0.0,0.0,1538605.0,2048.0,38912.0,0.0,0.0,0.0,0.0,38912.0,0.0,148304.0,148304.0,0.0,0.0,0.0,819200.0,196608.0
170,0,1,1280,1280,4194304,256,0,0,12,4,32,64,"void at::native::vectorized_elementwise_kernel<4, at::native::FillFunctor<int>, std::array<char*, 1ul> >(int, at::native::FillFunctor<int>, std::array<char*, 1ul>)",12735687282320,12735687324495,171,125,85046.0,234763.0,60851.0,0.0,2533688.0,0.0,262144.0,0.0,7797750.0,7797750.0,0.0,262144.0,0.0,216.0,216.0,0.0,0.0,0.0,4194304.0,0.0
171,0,1,1280,1280,32768,512,0,0,108,4,48,64,matmulbias_kernel,12735687711173,12735687736230,172,196,146167.0,505125.0,0.0,0.0,1550991.0,2048.0,38912.0,0.0,0.0,0.0,0.0,38912.0,0.0,148320.0,148320.0,0.0,0.0,0.0,819200.0,196608.0
172,0,1,1280,1280,4194304,256,0,0,12,4,32,64,"void at::native::vectorized_elementwise_kernel<4, at::native::FillFunctor<int>, std::array<char*, 1ul> >(int, at::native::FillFunctor<int>, std::array<char*, 1ul>)",12735688120301,12735688162718,173,125,71027.0,201079.0,60755.0,0.0,2541524.0,0.0,262144.0,0.0,10101140.0,10101140.0,0.0,262144.0,0.0,216.0,216.0,0.0,0.0,0.0,4194304.0,0.0
173,0,1,1280,1280,32768,512,0,0,108,4,48,64,matmulbias_kernel,12735688539493,12735688564269,174,196,141715.0,502983.0,0.0,0.0,1536023.0,2048.0,38912.0,0.0,0.0,0.0,0.0,38912.0,0.0,148320.0,148320.0,0.0,0.0,0.0,819200.0,196608.0
174,0,1,1280,1280,4194304,256,0,0,12,4,32,64,"void at::native::vectorized_elementwise_kernel<4, at::native::FillFunctor<int>, std::array<char*, 1ul> >(int, at::native::FillFunctor<int>, std::array<char*, 1ul>)",12735688941565,12735688984342,175,125,73301.0,233869.0,60878.0,0.0,2553901.0,0.0,262144.0,0.0,8519920.0,8519920.0,0.0,262144.0,0.0,200.0,200.0,0.0,0.0,0.0,4194304.0,0.0
175,0,1,1280,1280,32768,512,0,0,108,4,48,64,matmulbias_kernel,12735689372022,12735689396678,176,196,143704.0,502878.0,0.0,0.0,1528608.0,2048.0,38912.0,0.0,0.0,0.0,0.0,38912.0,0.0,148320.0,148320.0,0.0,0.0,0.0,819200.0,196608.0
176,0,1,1280,1280,4194304,256,0,0,12,4,32,64,"void at::native::vectorized_elementwise_kernel<4, at::native::FillFunctor<int>, std::array<char*, 1ul> >(int, at::native::FillFunctor<int>, std::array<char*, 1ul>)",12735689765996,12735689809014,177,125,74972.0,229933.0,60730.0,0.0,2554492.0,0.0,262144.0,0.0,11269634.0,11269634.0,0.0,262144.0,0.0,200.0,200.0,0.0,0.0,0.0,4194304.0,0.0
177,0,1,1280,1280,32768,512,0,0,108,4,48,64,matmulbias_kernel,12735690196533,12735690221510,178,196,145000.0,494188.0,0.0,0.0,1552686.0,2048.0,38912.0,0.0,0.0,0.0,0.0,38912.0,0.0,148320.0,148320.0,0.0,0.0,0.0,819200.0,196608.0
178,0,1,1280,1280,4194304,256,0,0,12,4,32,64,"void at::native::vectorized_elementwise_kernel<4, at::native::FillFunctor<int>, std::array<char*, 1ul> >(int, at::native::FillFunctor<int>, std::array<char*, 1ul>)",12735690605141,12735690647918,179,125,80014.0,228596.0,60718.0,0.0,2558849.0,0.0,262144.0,0.0,12328488.0,12328488.0,0.0,262144.0,0.0,216.0,216.0,0.0,0.0,0.0,4194304.0,0.0
179,0,1,1280,1280,32768,512,0,0,108,4,48,64,matmulbias_kernel,12735691039647,12735691064784,180,196,150792.0,510536.0,0.0,0.0,1548239.0,2048.0,38912.0,0.0,0.0,0.0,0.0,38912.0,0.0,148320.0,148320.0,0.0,0.0,0.0,819200.0,196608.0
180,0,1,1280,1280,4194304,256,0,0,12,4,32,64,"void at::native::vectorized_elementwise_kernel<4, at::native::FillFunctor<int>, std::array<char*, 1ul> >(int, at::native::FillFunctor<int>, std::array<char*, 1ul>)",12735691447452,12735691489908,181,125,69920.0,223363.0,60732.0,0.0,2551300.0,0.0,262144.0,0.0,11395164.0,11395164.0,0.0,262144.0,0.0,200.0,200.0,0.0,0.0,0.0,4194304.0,0.0
181,0,1,1280,1280,32768,512,0,0,108,4,48,64,matmulbias_kernel,12735691880194,12735691905011,182,196,144827.0,489871.0,0.0,0.0,1542044.0,2048.0,38912.0,0.0,0.0,0.0,0.0,38912.0,0.0,148320.0,148320.0,0.0,0.0,0.0,819200.0,196608.0
182,0,1,1280,1280,4194304,256,0,0,12,4,32,64,"void at::native::vectorized_elementwise_kernel<4, at::native::FillFunctor<int>, std::array<char*, 1ul> >(int, at::native::FillFunctor<int>, std::array<char*, 1ul>)",12735692280182,12735692322799,183,125,69106.0,228992.0,60740.0,0.0,2545575.0,0.0,262144.0,0.0,10983770.0,10983770.0,0.0,262144.0,0.0,200.0,200.0,0.0,0.0,0.0,4194304.0,0.0
183,0,1,1280,1280,32768,512,0,0,108,4,48,64,matmulbias_kernel,12735692701739,12735692726595,184,196,137551.0,497317.0,0.0,0.0,1542774.0,2048.0,38912.0,0.0,0.0,0.0,0.0,38912.0,0.0,148304.0,148304.0,0.0,0.0,0.0,819200.0,196608.0
184,0,1,1280,1280,4194304,256,0,0,12,4,32,64,"void at::native::vectorized_elementwise_kernel<4, at::native::FillFunctor<int>, std::array<char*, 1ul> >(int, at::native::FillFunctor<int>, std::array<char*, 1ul>)",12735693106938,12735693150156,185,125,82734.0,239497.0,60723.0,0.0,2560993.0,0.0,262144.0,0.0,11851584.0,11851584.0,0.0,262144.0,0.0,216.0,216.0,0.0,0.0,0.0,4194304.0,0.0
185,0,1,1280,1280,32768,512,0,0,108,4,48,64,matmulbias_kernel,12735693528294,12735693553231,186,196,142927.0,502522.0,0.0,0.0,1531423.0,2048.0,38912.0,0.0,0.0,0.0,0.0,38912.0,0.0,148304.0,148304.0,0.0,0.0,0.0,819200.0,196608.0
186,0,1,1280,1280,4194304,256,0,0,12,4,32,64,"void at::native::vectorized_elementwise_kernel<4, at::native::FillFunctor<int>, std::array<char*, 1ul> >(int, at::native::FillFunctor<int>, std::array<char*, 1ul>)",12735693935058,12735693977514,187,125,78339.0,230148.0,60742.0,0.0,2538917.0,0.0,262144.0,0.0,11221104.0,11221104.0,0.0,262144.0,0.0,216.0,216.0,0.0,0.0,0.0,4194304.0,0.0
187,0,1,1280,1280,32768,512,0,0,108,4,48,64,matmulbias_kernel,12735694367639,12735694392496,188,196,140536.0,509515.0,0.0,0.0,1552972.0,2048.0,38912.0,0.0,0.0,0.0,0.0,38912.0,0.0,148304.0,148304.0,0.0,0.0,0.0,819200.0,196608.0
188,0,1,1280,1280,4194304,256,0,0,12,4,32,64,"void at::native::vectorized_elementwise_kernel<4, at::native::FillFunctor<int>, std::array<char*, 1ul> >(int, at::native::FillFunctor<int>, std::array<char*, 1ul>)",12735694783503,12735694825799,189,125,77736.0,225888.0,60815.0,0.0,2532903.0,0.0,262144.0,0.0,8143370.0,8143370.0,0.0,262144.0,0.0,216.0,216.0,0.0,0.0,0.0,4194304.0,0.0
189,0,1,1280,1280,32768,512,0,0,108,4,48,64,matmulbias_kernel,12735695208548,12735695233244,190,196,136342.0,493452.0,0.0,0.0,1537322.0,2048.0,38912.0,0.0,0.0,0.0,0.0,38912.0,0.0,148304.0,148304.0,0.0,0.0,0.0,819200.0,196608.0
190,0,1,1280,1280,4194304,256,0,0,12,4,32,64,"void at::native::vectorized_elementwise_kernel<4, at::native::FillFunctor<int>, std::array<char*, 1ul> >(int, at::native::FillFunctor<int>, std::array<char*, 1ul>)",12735695629343,12735695671879,191,125,76201.0,218557.0,60730.0,0.0,2550914.0,0.0,262144.0,0.0,11373854.0,11373854.0,0.0,262144.0,0.0,216.0,216.0,0.0,0.0,0.0,4194304.0,0.0
191,0,1,1280,1280,32768,512,0,0,108,4,48,64,matmulbias_kernel,12735696061563,12735696086420,192,196,142229.0,498002.0,0.0,0.0,1533244.0,2048.0,38912.0,0.0,0.0,0.0,0.0,38912.0,0.0,148304.0,148304.0,0.0,0.0,0.0,819200.0,196608.0
192,0,1,1280,1280,4194304,256,0,0,12,4,32,64,"void at::native::vectorized_elementwise_kernel<4, at::native::FillFunctor<int>, std::array<char*, 1ul> >(int, at::native::FillFunctor<int>, std::array<char*, 1ul>)",12735696469209,12735696512066,193,125,78327.0,221217.0,60724.0,0.0,2557419.0,0.0,262144.0,0.0,11755132.0,11755132.0,0.0,262144.0,0.0,216.0,216.0,0.0,0.0,0.0,4194304.0,0.0
193,0,1,1280,1280,32768,512,0,0,108,4,48,64,matmulbias_kernel,12735696900948,12735696925765,194,196,136641.0,495160.0,0.0,0.0,1538577.0,2048.0,38912.0,0.0,0.0,0.0,0.0,38912.0,0.0,148304.0,148304.0,0.0,0.0,0.0,819200.0,196608.0
194,0,1,1280,1280,4194304,256,0,0,12,4,32,64,"void at::native::vectorized_elementwise_kernel<4, at::native::FillFunctor<int>, std::array<char*, 1ul> >(int, at::native::FillFunctor<int>, std::array<char*, 1ul>)",12735697312282,12735697355700,195,125,82011.0,236845.0,60738.0,0.0,2546419.0,0.0,262144.0,0.0,11148466.0,11148466.0,0.0,262144.0,0.0,216.0,216.0,0.0,0.0,0.0,4194304.0,0.0
195,0,1,1280,1280,32768,512,0,0,108,4,48,64,matmulbias_kernel,12735697749915,12735697774491,196,196,148611.0,506149.0,0.0,0.0,1524017.0,2048.0,38912.0,0.0,0.0,0.0,0.0,38912.0,0.0,148320.0,148320.0,0.0,0.0,0.0,819200.0,196608.0
196,0,1,1280,1280,4194304,256,0,0,12,4,32,64,"void at::native::vectorized_elementwise_kernel<4, at::native::FillFunctor<int>, std::array<char*, 1ul> >(int, at::native::FillFunctor<int>, std::array<char*, 1ul>)",12735698166661,12735698209358,197,125,79425.0,229841.0,60806.0,0.0,2540105.0,0.0,262144.0,0.0,8963716.0,8963716.0,0.0,262144.0,0.0,216.0,216.0,0.0,0.0,0.0,4194304.0,0.0
197,0,1,1280,1280,32768,512,0,0,108,4,48,64,matmulbias_kernel,12735698587496,12735698611951,198,196,145801.0,497484.0,0.0,0.0,1508751.0,2048.0,38912.0,0.0,0.0,0.0,0.0,38912.0,0.0,148320.0,148320.0,0.0,0.0,0.0,819200.0,196608.0
198,0,1,1280,1280,4194304,256,0,0,12,4,32,64,"void at::native::vectorized_elementwise_kernel<4, at::native::FillFunctor<int>, std::array<char*, 1ul> >(int, at::native::FillFunctor<int>, std::array<char*, 1ul>)",12735698994219,12735699037036,199,125,75883.0,236236.0,60745.0,0.0,2542317.0,0.0,262144.0,0.0,11489228.0,11489228.0,0.0,262144.0,0.0,200.0,200.0,0.0,0.0,0.0,4194304.0,0.0
199,0,1,1280,1280,32768,512,0,0,108,4,48,64,matmulbias_kernel,12735699430890,12735699455586,200,196,138877.0,483890.0,0.0,0.0,1538793.0,2048.0,38912.0,0.0,0.0,0.0,0.0,38912.0,0.0,148320.0,148320.0,0.0,0.0,0.0,819200.0,196608.0
200,0,1,1280,1280,4194304,256,0,0,12,4,32,64,"void at::native::vectorized_elementwise_kernel<4, at::native::FillFunctor<int>, std::array<char*, 1ul> >(int, at::native::FillFunctor<int>, std::array<char*, 1ul>)",12735699838695,12735699881392,201,125,75418.0,230730.0,60806.0,0.0,2544011.0,0.0,262144.0,0.0,9055998.0,9055998.0,0.0,262144.0,0.0,216.0,216.0,0.0,0.0,0.0,4194304.0,0.0
201,0,1,1280,1280,32768,512,0,0,108,4,48,64,matmulbias_kernel,12735700258568,12735700283505,202,196,143592.0,498229.0,0.0,0.0,1543272.0,2048.0,38912.0,0.0,0.0,0.0,0.0,38912.0,0.0,148320.0,148320.0,0.0,0.0,0.0,819200.0,196608.0
202,0,1,1280,1280,4194304,256,0,0,12,4,32,64,"void at::native::vectorized_elementwise_kernel<4, at::native::FillFunctor<int>, std::array<char*, 1ul> >(int, at::native::FillFunctor<int>, std::array<char*, 1ul>)",12735700676436,12735700719294,203,125,82327.0,231496.0,60768.0,0.0,2539634.0,0.0,262144.0,0.0,9948562.0,9948562.0,0.0,262144.0,0.0,216.0,216.0,0.0,0.0,0.0,4194304.0,0.0
203,0,1,1280,1280,32768,512,0,0,108,4,48,64,matmulbias_kernel,12735701119843,12735701144579,204,196,145195.0,497187.0,0.0,0.0,1540351.0,2048.0,38912.0,0.0,0.0,0.0,0.0,38912.0,0.0,148320.0,148320.0,0.0,0.0,0.0,819200.0,196608.0
204,0,1,1280,1280,4194304,256,0,0,12,4,32,64,"void at::native::vectorized_elementwise_kernel<4, at::native::FillFunctor<int>, std::array<char*, 1ul> >(int, at::native::FillFunctor<int>, std::array<char*, 1ul>)",12735701539435,12735701581931,205,125,79200.0,235132.0,60809.0,0.0,2529900.0,0.0,262144.0,0.0,8865632.0,8865632.0,0.0,262144.0,0.0,216.0,216.0,0.0,0.0,0.0,4194304.0,0.0
205,0,1,1280,1280,32768,512,0,0,108,4,48,64,matmulbias_kernel,12735701961032,12735701985728,206,196,142879.0,494533.0,0.0,0.0,1527268.0,2048.0,38912.0,0.0,0.0,0.0,0.0,38912.0,0.0,148320.0,148320.0,0.0,0.0,0.0,819200.0,196608.0
206,0,1,1280,1280,4194304,256,0,0,12,4,32,64,"void at::native::vectorized_elementwise_kernel<4, at::native::FillFunctor<int>, std::array<char*, 1ul> >(int, at::native::FillFunctor<int>, std::array<char*, 1ul>)",12735702369078,12735702411775,207,125,82043.0,232934.0,60782.0,0.0,2553136.0,0.0,262144.0,0.0,9146842.0,9146842.0,0.0,262144.0,0.0,216.0,216.0,0.0,0.0,0.0,4194304.0,0.0
207,0,1,1280,1280,32768,512,0,0,108,4,48,64,matmulbias_kernel,12735702800016,12735702825032,208,196,139386.0,496390.0,0.0,0.0,1552297.0,2048.0,38912.0,0.0,0.0,0.0,0.0,38912.0,0.0,148304.0,148304.0,0.0,0.0,0.0,819200.0,196608.0
208,0,1,1280,1280,4194304,256,0,0,12,4,32,64,"void at::native::vectorized_elementwise_kernel<4, at::native::FillFunctor<int>, std::array<char*, 1ul> >(int, at::native::FillFunctor<int>, std::array<char*, 1ul>)",12735703220931,12735703263788,209,125,81764.0,235844.0,60745.0,0.0,2551555.0,0.0,262144.0,0.0,10720298.0,10720298.0,0.0,262144.0,0.0,216.0,216.0,0.0,0.0,0.0,4194304.0,0.0
209,0,1,1280,1280,32768,512,0,0,108,4,48,64,matmulbias_kernel,12735703655918,12735703680895,210,196,145244.0,479349.0,0.0,0.0,1550423.0,2048.0,38912.0,0.0,0.0,0.0,0.0,38912.0,0.0,148320.0,148320.0,0.0,0.0,0.0,819200.0,196608.0
210,0,1,1280,1280,4194304,256,0,0,12,4,32,64,"void at::native::vectorized_elementwise_kernel<4, at::native::FillFunctor<int>, std::array<char*, 1ul> >(int, at::native::FillFunctor<int>, std::array<char*, 1ul>)",12735704075270,12735704118087,211,125,77848.0,232448.0,60750.0,0.0,2538913.0,0.0,262144.0,0.0,10503190.0,10503190.0,0.0,262144.0,0.0,216.0,216.0,0.0,0.0,0.0,4194304.0,0.0
211,0,1,1280,1280,32768,512,0,0,108,4,48,64,matmulbias_kernel,12735704515830,12735704540726,212,196,145005.0,498610.0,0.0,0.0,1530288.0,2048.0,38912.0,0.0,0.0,0.0,0.0,38912.0,0.0,148320.0,148320.0,0.0,0.0,0.0,819200.0,196608.0
212,0,1,1280,1280,4194304,256,0,0,12,4,32,64,"void at::native::vectorized_elementwise_kernel<4, at::native::FillFunctor<int>, std::array<char*, 1ul> >(int, at::native::FillFunctor<int>, std::array<char*, 1ul>)",12735704934580,12735704977477,213,125,77926.0,237617.0,60735.0,0.0,2554176.0,0.0,262144.0,0.0,11486552.0,11486552.0,0.0,262144.0,0.0,216.0,216.0,0.0,0.0,0.0,4194304.0,0.0
213,0,1,1280,1280,32768,512,0,0,108,4,48,64,matmulbias_kernel,12735705381995,12735705406771,214,196,143501.0,499382.0,0.0,0.0,1530887.0,2048.0,38912.0,0.0,0.0,0.0,0.0,38912.0,0.0,148320.0,148320.0,0.0,0.0,0.0,819200.0,196608.0
214,0,1,1280,1280,4194304,256,0,0,12,4,32,64,"void at::native::vectorized_elementwise_kernel<4, at::native::FillFunctor<int>, std::array<char*, 1ul> >(int, at::native::FillFunctor<int>, std::array<char*, 1ul>)",12735705807521,12735705850218,215,125,81216.0,227399.0,60748.0,0.0,2547922.0,0.0,262144.0,0.0,10738746.0,10738746.0,0.0,262144.0,0.0,216.0,216.0,0.0,0.0,0.0,4194304.0,0.0
215,0,1,1280,1280,32768,512,0,0,108,4,48,64,matmulbias_kernel,12735706240504,12735706265721,216,196,137630.0,502239.0,0.0,0.0,1544180.0,2048.0,38912.0,0.0,0.0,0.0,0.0,38912.0,0.0,148304.0,148304.0,0.0,0.0,0.0,819200.0,196608.0
216,0,1,1280,1280,4194304,256,0,0,12,4,32,64,"void at::native::vectorized_elementwise_kernel<4, at::native::FillFunctor<int>, std::array<char*, 1ul> >(int, at::native::FillFunctor<int>, std::array<char*, 1ul>)",12735706651035,12735706693732,217,125,82013.0,233987.0,60744.0,0.0,2546397.0,0.0,262144.0,0.0,10787180.0,10787180.0,0.0,262144.0,0.0,216.0,216.0,0.0,0.0,0.0,4194304.0,0.0
217,0,1,1280,1280,32768,512,0,0,108,4,48,64,matmulbias_kernel,12735707097007,12735707121864,218,196,140649.0,497749.0,0.0,0.0,1542345.0,2048.0,38912.0,0.0,0.0,0.0,0.0,38912.0,0.0,148304.0,148304.0,0.0,0.0,0.0,819200.0,196608.0
218,0,1,1280,1280,4194304,256,0,0,12,4,32,64,"void at::native::vectorized_elementwise_kernel<4, at::native::FillFunctor<int>, std::array<char*, 1ul> >(int, at::native::FillFunctor<int>, std::array<char*, 1ul>)",12735707489217,12735707532195,219,125,82011.0,240309.0,60748.0,0.0,2555751.0,0.0,262144.0,0.0,10395554.0,10395554.0,0.0,262144.0,0.0,216.0,216.0,0.0,0.0,0.0,4194304.0,0.0
219,0,1,1280,1280,32768,512,0,0,108,4,48,64,matmulbias_kernel,12735707929657,12735707954112,220,196,141615.0,486353.0,0.0,0.0,1521587.0,2048.0,38912.0,0.0,0.0,0.0,0.0,38912.0,0.0,148320.0,148320.0,0.0,0.0,0.0,819200.0,196608.0
220,0,1,1280,1280,4194304,256,0,0,12,4,32,64,"void at::native::vectorized_elementwise_kernel<4, at::native::FillFunctor<int>, std::array<char*, 1ul> >(int, at::native::FillFunctor<int>, std::array<char*, 1ul>)",12735708356666,12735708399162,221,125,72493.0,245233.0,60776.0,0.0,2542397.0,0.0,262144.0,0.0,8348752.0,8348752.0,0.0,262144.0,0.0,200.0,200.0,0.0,0.0,0.0,4194304.0,0.0
221,0,1,1280,1280,32768,512,0,0,108,4,48,64,matmulbias_kernel,12735708800152,12735708824969,222,196,142064.0,492641.0,0.0,0.0,1544590.0,2048.0,38912.0,0.0,0.0,0.0,0.0,38912.0,0.0,148320.0,148320.0,0.0,0.0,0.0,819200.0,196608.0
222,0,1,1280,1280,4194304,256,0,0,12,4,32,64,"void at::native::vectorized_elementwise_kernel<4, at::native::FillFunctor<int>, std::array<char*, 1ul> >(int, at::native::FillFunctor<int>, std::array<char*, 1ul>)",12735709228043,12735709270540,223,125,75268.0,211120.0,60741.0,0.0,2551022.0,0.0,262144.0,0.0,10885456.0,10885456.0,0.0,262144.0,0.0,216.0,216.0,0.0,0.0,0.0,4194304.0,0.0
223,0,1,1280,1280,32768,512,0,0,108,4,48,64,matmulbias_kernel,12735709660144,12735709684600,224,196,145623.0,498812.0,0.0,0.0,1520458.0,2048.0,38912.0,0.0,0.0,0.0,0.0,38912.0,0.0,148320.0,148320.0,0.0,0.0,0.0,819200.0,196608.0
224,0,1,1280,1280,4194304,256,0,0,12,4,32,64,"void at::native::vectorized_elementwise_kernel<4, at::native::FillFunctor<int>, std::array<char*, 1ul> >(int, at::native::FillFunctor<int>, std::array<char*, 1ul>)",12735710066426,12735710109243,225,125,77703.0,231498.0,60752.0,0.0,2540961.0,0.0,262144.0,0.0,10599634.0,10599634.0,0.0,262144.0,0.0,216.0,216.0,0.0,0.0,0.0,4194304.0,0.0
225,0,1,1280,1280,32768,512,0,0,108,4,48,64,matmulbias_kernel,12735710499729,12735710524466,226,196,144445.0,494630.0,0.0,0.0,1528406.0,2048.0,38912.0,0.0,0.0,0.0,0.0,38912.0,0.0,148320.0,148320.0,0.0,0.0,0.0,819200.0,196608.0
226,0,1,1280,1280,4194304,256,0,0,12,4,32,64,"void at::native::vectorized_elementwise_kernel<4, at::native::FillFunctor<int>, std::array<char*, 1ul> >(int, at::native::FillFunctor<int>, std::array<char*, 1ul>)",12735710915192,12735710957729,227,125,81317.0,227029.0,60756.0,0.0,2547118.0,0.0,262144.0,0.0,10374600.0,10374600.0,0.0,262144.0,0.0,216.0,216.0,0.0,0.0,0.0,4194304.0,0.0
227,0,1,1280,1280,32768,512,0,0,108,4,48,64,matmulbias_kernel,12735711368301,12735711393077,228,196,151265.0,516499.0,0.0,0.0,1528855.0,2048.0,38912.0,0.0,0.0,0.0,0.0,38912.0,0.0,148320.0,148320.0,0.0,0.0,0.0,819200.0,196608.0
228,0,1,1280,1280,4194304,256,0,0,12,4,32,64,"void at::native::vectorized_elementwise_kernel<4, at::native::FillFunctor<int>, std::array<char*, 1ul> >(int, at::native::FillFunctor<int>, std::array<char*, 1ul>)",12735711789537,12735711832073,229,125,75313.0,230491.0,60768.0,0.0,2537927.0,0.0,262144.0,0.0,8196956.0,8196956.0,0.0,262144.0,0.0,200.0,200.0,0.0,0.0,0.0,4194304.0,0.0
229,0,1,1280,1280,32768,512,0,0,108,4,48,64,matmulbias_kernel,12735712197382,12735712221717,230,196,142334.0,486944.0,0.0,0.0,1515087.0,2048.0,38912.0,0.0,0.0,0.0,0.0,38912.0,0.0,148320.0,148320.0,0.0,0.0,0.0,819200.0,196608.0
230,0,1,1280,1280,4194304,256,0,0,12,4,32,64,"void at::native::vectorized_elementwise_kernel<4, at::native::FillFunctor<int>, std::array<char*, 1ul> >(int, at::native::FillFunctor<int>, std::array<char*, 1ul>)",12735712624832,12735712667649,231,125,85507.0,241582.0,60681.0,0.0,2559169.0,0.0,262144.0,0.0,14936958.0,14936958.0,0.0,262144.0,0.0,216.0,216.0,0.0,0.0,0.0,4194304.0,0.0
231,0,1,1280,1280,32768,512,0,0,108,4,48,64,matmulbias_kernel,12735713064590,12735713089126,232,196,134575.0,483315.0,0.0,0.0,1532843.0,2048.0,38912.0,0.0,0.0,0.0,0.0,38912.0,0.0,148304.0,148304.0,0.0,0.0,0.0,819200.0,196608.0
232,0,1,1280,1280,4194304,256,0,0,12,4,32,64,"void at::native::vectorized_elementwise_kernel<4, at::native::FillFunctor<int>, std::array<char*, 1ul> >(int, at::native::FillFunctor<int>, std::array<char*, 1ul>)",12735713493203,12735713536100,233,125,78550.0,228291.0,60788.0,0.0,2555980.0,0.0,262144.0,0.0,8793354.0,8793354.0,0.0,262144.0,0.0,216.0,216.0,0.0,0.0,0.0,4194304.0,0.0
233,0,1,1280,1280,32768,512,0,0,108,4,48,64,matmulbias_kernel,12735713943946,12735713968802,234,196,145361.0,501460.0,0.0,0.0,1546105.0,2048.0,38912.0,0.0,0.0,0.0,0.0,38912.0,0.0,148320.0,148320.0,0.0,0.0,0.0,819200.0,196608.0
234,0,1,1280,1280,4194304,256,0,0,12,4,32,64,"void at::native::vectorized_elementwise_kernel<4, at::native::FillFunctor<int>, std::array<char*, 1ul> >(int, at::native::FillFunctor<int>, std::array<char*, 1ul>)",12735714369792,12735714412289,235,125,88825.0,274042.0,60793.0,0.0,2541701.0,0.0,262144.0,0.0,8340240.0,8340240.0,0.0,262144.0,0.0,216.0,216.0,0.0,0.0,0.0,4194304.0,0.0
235,0,1,1280,1280,32768,512,0,0,108,4,48,64,matmulbias_kernel,12735714813279,12735714837894,236,196,143857.0,486239.0,0.0,0.0,1534533.0,2048.0,38912.0,0.0,0.0,0.0,0.0,38912.0,0.0,148320.0,148320.0,0.0,0.0,0.0,819200.0,196608.0
236,0,1,1280,1280,4194304,256,0,0,12,4,32,64,"void at::native::vectorized_elementwise_kernel<4, at::native::FillFunctor<int>, std::array<char*, 1ul> >(int, at::native::FillFunctor<int>, std::array<char*, 1ul>)",12735715236599,12735715279737,237,125,81663.0,233599.0,60776.0,0.0,2559463.0,0.0,262144.0,0.0,8957660.0,8957660.0,0.0,262144.0,0.0,216.0,216.0,0.0,0.0,0.0,4194304.0,0.0
237,0,1,1280,1280,32768,512,0,0,108,4,48,64,matmulbias_kernel,12735715673631,12735715698929,238,196,137147.0,502246.0,0.0,0.0,1552726.0,2048.0,38912.0,0.0,0.0,0.0,0.0,38912.0,0.0,148304.0,148304.0,0.0,0.0,0.0,819200.0,196608.0
238,0,1,1280,1280,4194304,256,0,0,12,4,32,64,"void at::native::vectorized_elementwise_kernel<4, at::native::FillFunctor<int>, std::array<char*, 1ul> >(int, at::native::FillFunctor<int>, std::array<char*, 1ul>)",12735716084524,12735716127461,239,125,78589.0,233949.0,60785.0,0.0,2554544.0,0.0,262144.0,0.0,8335882.0,8335882.0,0.0,262144.0,0.0,216.0,216.0,0.0,0.0,0.0,4194304.0,0.0
239,0,1,1280,1280,32768,512,0,0,108,4,48,64,matmulbias_kernel,12735716534064,12735716558960,240,196,142813.0,499714.0,0.0,0.0,1551722.0,2048.0,38912.0,0.0,0.0,0.0,0.0,38912.0,0.0,148320.0,148320.0,0.0,0.0,0.0,819200.0,196608.0
240,0,1,1280,1280,4194304,256,0,0,12,4,32,64,"void at::native::vectorized_elementwise_kernel<4, at::native::FillFunctor<int>, std::array<char*, 1ul> >(int, at::native::FillFunctor<int>, std::array<char*, 1ul>)",12735716954297,12735716996754,241,125,83352.0,233454.0,60752.0,0.0,2545805.0,0.0,262144.0,0.0,10833276.0,10833276.0,0.0,262144.0,0.0,216.0,216.0,0.0,0.0,0.0,4194304.0,0.0
241,0,1,1280,1280,32768,512,0,0,108,4,48,64,matmulbias_kernel,12735717397784,12735717422640,242,196,142547.0,496305.0,0.0,0.0,1540040.0,2048.0,38912.0,0.0,0.0,0.0,0.0,38912.0,0.0,148320.0,148320.0,0.0,0.0,0.0,819200.0,196608.0
242,0,1,1280,1280,4194304,256,0,0,12,4,32,64,"void at::native::vectorized_elementwise_kernel<4, at::native::FillFunctor<int>, std::array<char*, 1ul> >(int, at::native::FillFunctor<int>, std::array<char*, 1ul>)",12735717813327,12735717855904,243,125,76105.0,218980.0,60710.0,0.0,2550922.0,0.0,262144.0,0.0,11969348.0,11969348.0,0.0,262144.0,0.0,216.0,216.0,0.0,0.0,0.0,4194304.0,0.0
243,0,1,1280,1280,32768,512,0,0,108,4,48,64,matmulbias_kernel,12735718249196,12735718273732,244,196,142492.0,492664.0,0.0,0.0,1534805.0,2048.0,38912.0,0.0,0.0,0.0,0.0,38912.0,0.0,148320.0,148320.0,0.0,0.0,0.0,819200.0,196608.0
244,0,1,1280,1280,4194304,256,0,0,12,4,32,64,"void at::native::vectorized_elementwise_kernel<4, at::native::FillFunctor<int>, std::array<char*, 1ul> >(int, at::native::FillFunctor<int>, std::array<char*, 1ul>)",12735718660169,12735718702946,245,125,75901.0,232430.0,60744.0,0.0,2554724.0,0.0,262144.0,0.0,10942406.0,10942406.0,0.0,262144.0,0.0,216.0,216.0,0.0,0.0,0.0,4194304.0,0.0
245,0,1,1280,1280,32768,512,0,0,108,4,48,64,matmulbias_kernel,12735719098924,12735719123861,246,196,146248.0,499315.0,0.0,0.0,1540093.0,2048.0,38912.0,0.0,0.0,0.0,0.0,38912.0,0.0,148320.0,148320.0,0.0,0.0,0.0,819200.0,196608.0
246,0,1,1280,1280,4194304,256,0,0,12,4,32,64,"void at::native::vectorized_elementwise_kernel<4, at::native::FillFunctor<int>, std::array<char*, 1ul> >(int, at::native::FillFunctor<int>, std::array<char*, 1ul>)",12735719527537,12735719570154,247,125,81620.0,242512.0,60748.0,0.0,2548878.0,0.0,262144.0,0.0,10141840.0,10141840.0,0.0,262144.0,0.0,216.0,216.0,0.0,0.0,0.0,4194304.0,0.0
247,0,1,1280,1280,32768,512,0,0,108,4,48,64,matmulbias_kernel,12735719951339,12735719976155,248,196,142438.0,486702.0,0.0,0.0,1535028.0,2048.0,38912.0,0.0,0.0,0.0,0.0,38912.0,0.0,148320.0,148320.0,0.0,0.0,0.0,819200.0,196608.0
248,0,1,1280,1280,4194304,256,0,0,12,4,32,64,"void at::native::vectorized_elementwise_kernel<4, at::native::FillFunctor<int>, std::array<char*, 1ul> >(int, at::native::FillFunctor<int>, std::array<char*, 1ul>)",12735720354815,12735720397592,249,125,71723.0,233793.0,60727.0,0.0,2556452.0,0.0,262144.0,0.0,11408600.0,11408600.0,0.0,262144.0,0.0,200.0,200.0,0.0,0.0,0.0,4194304.0,0.0
249,0,1,1280,1280,32768,512,0,0,108,4,48,64,matmulbias_kernel,12735720795735,12735720820471,250,196,139074.0,475118.0,0.0,0.0,1529868.0,2048.0,38912.0,0.0,0.0,0.0,0.0,38912.0,0.0,148320.0,148320.0,0.0,0.0,0.0,819200.0,196608.0
250,0,1,1280,1280,4194304,256,0,0,12,4,32,64,"void at::native::vectorized_elementwise_kernel<4, at::native::FillFunctor<int>, std::array<char*, 1ul> >(int, at::native::FillFunctor<int>, std::array<char*, 1ul>)",12735721213724,12735721256381,251,125,79962.0,235837.0,60741.0,0.0,2544635.0,0.0,262144.0,0.0,10796856.0,10796856.0,0.0,262144.0,0.0,216.0,216.0,0.0,0.0,0.0,4194304.0,0.0
251,0,1,1280,1280,32768,512,0,0,108,4,48,64,matmulbias_kernel,12735721646546,12735721671362,252,196,144890.0,500217.0,0.0,0.0,1538197.0,2048.0,38912.0,0.0,0.0,0.0,0.0,38912.0,0.0,148320.0,148320.0,0.0,0.0,0.0,819200.0,196608.0
252,0,1,1280,1280,4194304,256,0,0,12,4,32,64,"void at::native::vectorized_elementwise_kernel<4, at::native::FillFunctor<int>, std::array<char*, 1ul> >(int, at::native::FillFunctor<int>, std::array<char*, 1ul>)",12735722053911,12735722096407,253,125,81248.0,234510.0,60787.0,0.0,2534531.0,0.0,262144.0,0.0,8588184.0,8588184.0,0.0,262144.0,0.0,216.0,216.0,0.0,0.0,0.0,4194304.0,0.0
253,0,1,1280,1280,32768,512,0,0,108,4,48,64,matmulbias_kernel,12735722480358,12735722505375,254,196,145232.0,496210.0,0.0,0.0,1544801.0,2048.0,38912.0,0.0,0.0,0.0,0.0,38912.0,0.0,148320.0,148320.0,0.0,0.0,0.0,819200.0,196608.0
254,0,1,1280,1280,4194304,256,0,0,12,4,32,64,"void at::native::vectorized_elementwise_kernel<4, at::native::FillFunctor<int>, std::array<char*, 1ul> >(int, at::native::FillFunctor<int>, std::array<char*, 1ul>)",12735722903920,12735722946456,255,125,71251.0,223581.0,60744.0,0.0,2549150.0,0.0,262144.0,0.0,10993302.0,10993302.0,0.0,262144.0,0.0,200.0,200.0,0.0,0.0,0.0,4194304.0,0.0
255,0,1,1280,1280,32768,512,0,0,108,4,48,64,matmulbias_kernel,12735723331370,12735723356306,256,196,142386.0,491138.0,0.0,0.0,1525732.0,2048.0,38912.0,0.0,0.0,0.0,0.0,38912.0,0.0,148320.0,148320.0,0.0,0.0,0.0,819200.0,196608.0
256,0,1,1280,1280,4194304,256,0,0,12,4,32,64,"void at::native::vectorized_elementwise_kernel<4, at::native::FillFunctor<int>, std::array<char*, 1ul> >(int, at::native::FillFunctor<int>, std::array<char*, 1ul>)",12735723748316,12735723790973,257,125,82904.0,230967.0,60741.0,0.0,2544889.0,0.0,262144.0,0.0,10851772.0,10851772.0,0.0,262144.0,0.0,216.0,216.0,0.0,0.0,0.0,4194304.0,0.0
257,0,1,1280,1280,32768,512,0,0,108,4,48,64,matmulbias_kernel,12735724167828,12735724192644,258,196,138796.0,474879.0,0.0,0.0,1524276.0,2048.0,38912.0,0.0,0.0,0.0,0.0,38912.0,0.0,148320.0,148320.0,0.0,0.0,0.0,819200.0,196608.0
258,0,1,1280,1280,4194304,256,0,0,12,4,32,64,"void at::native::vectorized_elementwise_kernel<4, at::native::FillFunctor<int>, std::array<char*, 1ul> >(int, at::native::FillFunctor<int>, std::array<char*, 1ul>)",12735724581166,12735724623943,259,125,79802.0,231136.0,60760.0,0.0,2546550.0,0.0,262144.0,0.0,10359878.0,10359878.0,0.0,262144.0,0.0,216.0,216.0,0.0,0.0,0.0,4194304.0,0.0
259,0,1,1280,1280,32768,512,0,0,108,4,48,64,matmulbias_kernel,12735725009338,12735725034194,260,196,145920.0,507743.0,0.0,0.0,1538531.0,2048.0,38912.0,0.0,0.0,0.0,0.0,38912.0,0.0,148320.0,148320.0,0.0,0.0,0.0,819200.0,196608.0
260,0,1,1280,1280,4194304,256,0,0,12,4,32,64,"void at::native::vectorized_elementwise_kernel<4, at::native::FillFunctor<int>, std::array<char*, 1ul> >(int, at::native::FillFunctor<int>, std::array<char*, 1ul>)",12735725415219,12735725458397,261,125,81926.0,239552.0,60794.0,0.0,2543021.0,0.0,262144.0,0.0,8655990.0,8655990.0,0.0,262144.0,0.0,216.0,216.0,0.0,0.0,0.0,4194304.0,0.0
261,0,1,1280,1280,32768,512,0,0,108,4,48,64,matmulbias_kernel,12735725857302,12735725881798,262,196,143012.0,487262.0,0.0,0.0,1509708.0,2048.0,38912.0,0.0,0.0,0.0,0.0,38912.0,0.0,148320.0,148320.0,0.0,0.0,0.0,819200.0,196608.0
262,0,1,1280,1280,4194304,256,0,0,12,4,32,64,"void at::native::vectorized_elementwise_kernel<4, at::native::FillFunctor<int>, std::array<char*, 1ul> >(int, at::native::FillFunctor<int>, std::array<char*, 1ul>)",12735726274769,12735726317306,263,125,78689.0,220280.0,60726.0,0.0,2542416.0,0.0,262144.0,0.0,11139526.0,11139526.0,0.0,262144.0,0.0,216.0,216.0,0.0,0.0,0.0,4194304.0,0.0
263,0,1,1280,1280,32768,512,0,0,108,4,48,64,matmulbias_kernel,12735726711962,12735726736738,264,196,142995.0,502958.0,0.0,0.0,1534099.0,2048.0,38912.0,0.0,0.0,0.0,0.0,38912.0,0.0,148320.0,148320.0,0.0,0.0,0.0,819200.0,196608.0
264,0,1,1280,1280,4194304,256,0,0,12,4,32,64,"void at::native::vectorized_elementwise_kernel<4, at::native::FillFunctor<int>, std::array<char*, 1ul> >(int, at::native::FillFunctor<int>, std::array<char*, 1ul>)",12735727107459,12735727150076,265,125,78651.0,225646.0,60808.0,0.0,2536975.0,0.0,262144.0,0.0,7935582.0,7935582.0,0.0,262144.0,0.0,216.0,216.0,0.0,0.0,0.0,4194304.0,0.0
265,0,1,1280,1280,32768,512,0,0,108,4,48,64,matmulbias_kernel,12735727536914,12735727561690,266,196,137331.0,489852.0,0.0,0.0,1535110.0,2048.0,38912.0,0.0,0.0,0.0,0.0,38912.0,0.0,148304.0,148304.0,0.0,0.0,0.0,819200.0,196608.0
266,0,1,1280,1280,4194304,256,0,0,12,4,32,64,"void at::native::vectorized_elementwise_kernel<4, at::native::FillFunctor<int>, std::array<char*, 1ul> >(int, at::native::FillFunctor<int>, std::array<char*, 1ul>)",12735727942314,12735727984850,267,125,78518.0,229973.0,60731.0,0.0,2540407.0,0.0,262144.0,0.0,12294146.0,12294146.0,0.0,262144.0,0.0,216.0,216.0,0.0,0.0,0.0,4194304.0,0.0
267,0,1,1280,1280,32768,512,0,0,108,4,48,64,matmulbias_kernel,12735728380027,12735728404924,268,196,142084.0,493369.0,0.0,0.0,1528585.0,2048.0,38912.0,0.0,0.0,0.0,0.0,38912.0,0.0,148320.0,148320.0,0.0,0.0,0.0,819200.0,196608.0
268,0,1,1280,1280,4194304,256,0,0,12,4,32,64,"void at::native::vectorized_elementwise_kernel<4, at::native::FillFunctor<int>, std::array<char*, 1ul> >(int, at::native::FillFunctor<int>, std::array<char*, 1ul>)",12735728798858,12735728841715,269,125,76460.0,227959.0,60809.0,0.0,2541235.0,0.0,262144.0,0.0,8606444.0,8606444.0,0.0,262144.0,0.0,216.0,216.0,0.0,0.0,0.0,4194304.0,0.0
269,0,1,1280,1280,32768,512,0,0,108,4,48,64,matmulbias_kernel,12735729233484,12735729258621,270,196,143903.0,497289.0,0.0,0.0,1538457.0,2048.0,38912.0,0.0,0.0,0.0,0.0,38912.0,0.0,148320.0,148320.0,0.0,0.0,0.0,819200.0,196608.0
270,0,1,1280,1280,4194304,256,0,0,12,4,32,64,"void at::native::vectorized_elementwise_kernel<4, at::native::FillFunctor<int>, std::array<char*, 1ul> >(int, at::native::FillFunctor<int>, std::array<char*, 1ul>)",12735729643575,12735729686873,271,125,79258.0,227987.0,60780.0,0.0,2548570.0,0.0,262144.0,0.0,8823746.0,8823746.0,0.0,262144.0,0.0,216.0,216.0,0.0,0.0,0.0,4194304.0,0.0
271,0,1,1280,1280,32768,512,0,0,108,4,48,64,matmulbias_kernel,12735730070463,12735730095280,272,196,142527.0,512597.0,0.0,0.0,1539009.0,2048.0,38912.0,0.0,0.0,0.0,0.0,38912.0,0.0,148320.0,148320.0,0.0,0.0,0.0,819200.0,196608.0
272,0,1,1280,1280,4194304,256,0,0,12,4,32,64,"void at::native::vectorized_elementwise_kernel<4, at::native::FillFunctor<int>, std::array<char*, 1ul> >(int, at::native::FillFunctor<int>, std::array<char*, 1ul>)",12735730473097,12735730516235,273,125,76054.0,216425.0,60676.0,0.0,2556050.0,0.0,262144.0,0.0,14902022.0,14902022.0,0.0,262144.0,0.0,224.0,224.0,0.0,0.0,0.0,4194304.0,0.0
273,0,1,1280,1280,32768,512,0,0,108,4,48,64,matmulbias_kernel,12735730893651,12735730918588,274,196,143407.0,502590.0,0.0,0.0,1545265.0,2048.0,38912.0,0.0,0.0,0.0,0.0,38912.0,0.0,148320.0,148320.0,0.0,0.0,0.0,819200.0,196608.0
274,0,1,1280,1280,4194304,256,0,0,12,4,32,64,"void at::native::vectorized_elementwise_kernel<4, at::native::FillFunctor<int>, std::array<char*, 1ul> >(int, at::native::FillFunctor<int>, std::array<char*, 1ul>)",12735731293038,12735731335655,275,125,81230.0,216588.0,60736.0,0.0,2551473.0,0.0,262144.0,0.0,11642970.0,11642970.0,0.0,262144.0,0.0,224.0,224.0,0.0,0.0,0.0,4194304.0,0.0
275,0,1,1280,1280,32768,512,0,0,108,4,48,64,matmulbias_kernel,12735731721950,12735731746726,276,196,136401.0,494308.0,0.0,0.0,1536375.0,2048.0,38912.0,0.0,0.0,0.0,0.0,38912.0,0.0,148304.0,148304.0,0.0,0.0,0.0,819200.0,196608.0
276,0,1,1280,1280,4194304,256,0,0,12,4,32,64,"void at::native::vectorized_elementwise_kernel<4, at::native::FillFunctor<int>, std::array<char*, 1ul> >(int, at::native::FillFunctor<int>, std::array<char*, 1ul>)",12735732157658,12735732199954,277,125,83504.0,226102.0,60714.0,0.0,2539696.0,0.0,262144.0,0.0,12521324.0,12521324.0,0.0,262144.0,0.0,224.0,224.0,0.0,0.0,0.0,4194304.0,0.0
277,0,1,1280,1280,32768,512,0,0,108,4,48,64,matmulbias_kernel,12735732579455,12735732604111,278,196,141116.0,499894.0,0.0,0.0,1535138.0,2048.0,38912.0,0.0,0.0,0.0,0.0,38912.0,0.0,148304.0,148304.0,0.0,0.0,0.0,819200.0,196608.0
278,0,1,1280,1280,4194304,256,0,0,12,4,32,64,"void at::native::vectorized_elementwise_kernel<4, at::native::FillFunctor<int>, std::array<char*, 1ul> >(int, at::native::FillFunctor<int>, std::array<char*, 1ul>)",12735732977317,12735733020415,279,125,74673.0,233035.0,60735.0,0.0,2549756.0,0.0,262144.0,0.0,11065342.0,11065342.0,0.0,262144.0,0.0,200.0,200.0,0.0,0.0,0.0,4194304.0,0.0
279,0,1,1280,1280,32768,512,0,0,108,4,48,64,matmulbias_kernel,12735733409418,12735733433994,280,196,142734.0,483578.0,0.0,0.0,1532447.0,2048.0,38912.0,0.0,0.0,0.0,0.0,38912.0,0.0,148328.0,148328.0,0.0,0.0,0.0,819200.0,196608.0
280,0,1,1280,1280,4194304,256,0,0,12,4,32,64,"void at::native::vectorized_elementwise_kernel<4, at::native::FillFunctor<int>, std::array<char*, 1ul> >(int, at::native::FillFunctor<int>, std::array<char*, 1ul>)",12735733818666,12735733861644,281,125,70243.0,229550.0,60729.0,0.0,2554370.0,0.0,262144.0,0.0,11819462.0,11819462.0,0.0,262144.0,0.0,200.0,200.0,0.0,0.0,0.0,4194304.0,0.0
281,0,1,1280,1280,32768,512,0,0,108,4,48,64,matmulbias_kernel,12735734241265,12735734266162,282,196,139349.0,474269.0,0.0,0.0,1530698.0,2048.0,38912.0,0.0,0.0,0.0,0.0,38912.0,0.0,148328.0,148328.0,0.0,0.0,0.0,819200.0,196608.0
282,0,1,1280,1280,4194304,256,0,0,12,4,32,64,"void at::native::vectorized_elementwise_kernel<4, at::native::FillFunctor<int>, std::array<char*, 1ul> >(int, at::native::FillFunctor<int>, std::array<char*, 1ul>)",12735734643658,12735734686916,283,125,82485.0,235498.0,60664.0,0.0,2555510.0,0.0,262144.0,0.0,15686298.0,15686298.0,0.0,262144.0,0.0,216.0,216.0,0.0,0.0,0.0,4194304.0,0.0
283,0,1,1280,1280,32768,512,0,0,108,4,48,64,matmulbias_kernel,12735735064012,12735735088668,284,196,144713.0,486908.0,0.0,0.0,1523659.0,2048.0,38912.0,0.0,0.0,0.0,0.0,38912.0,0.0,148328.0,148328.0,0.0,0.0,0.0,819200.0,196608.0
284,0,1,1280,1280,4194304,256,0,0,12,4,32,64,"void at::native::vectorized_elementwise_kernel<4, at::native::FillFunctor<int>, std::array<char*, 1ul> >(int, at::native::FillFunctor<int>, std::array<char*, 1ul>)",12735735476107,12735735518764,285,125,82699.0,239536.0,60812.0,0.0,2542686.0,0.0,262144.0,0.0,8887252.0,8887252.0,0.0,262144.0,0.0,216.0,216.0,0.0,0.0,0.0,4194304.0,0.0
285,0,1,1280,1280,32768,512,0,0,108,4,48,64,matmulbias_kernel,12735735897663,12735735922440,286,196,143625.0,485438.0,0.0,0.0,1526085.0,2048.0,38912.0,0.0,0.0,0.0,0.0,38912.0,0.0,148328.0,148328.0,0.0,0.0,0.0,819200.0,196608.0
286,0,1,1280,1280,4194304,256,0,0,12,4,32,64,"void at::native::vectorized_elementwise_kernel<4, at::native::FillFunctor<int>, std::array<char*, 1ul> >(int, at::native::FillFunctor<int>, std::array<char*, 1ul>)",12735736306230,12735736348847,287,125,72277.0,229862.0,60737.0,0.0,2536094.0,0.0,262144.0,0.0,11362132.0,11362132.0,0.0,262144.0,0.0,200.0,200.0,0.0,0.0,0.0,4194304.0,0.0
287,0,1,1280,1280,32768,512,0,0,108,4,48,64,matmulbias_kernel,12735736721573,12735736746189,288,196,142381.0,489722.0,0.0,0.0,1523603.0,2048.0,38912.0,0.0,0.0,0.0,0.0,38912.0,0.0,148320.0,148320.0,0.0,0.0,0.0,819200.0,196608.0
288,0,1,1280,1280,4194304,256,0,0,12,4,32,64,"void at::native::vectorized_elementwise_kernel<4, at::native::FillFunctor<int>, std::array<char*, 1ul> >(int, at::native::FillFunctor<int>, std::array<char*, 1ul>)",12735737133668,12735737176645,289,125,81190.0,237726.0,60722.0,0.0,2546460.0,0.0,262144.0,0.0,11525048.0,11525048.0,0.0,262144.0,0.0,224.0,224.0,0.0,0.0,0.0,4194304.0,0.0
289,0,1,1280,1280,32768,512,0,0,108,4,48,64,matmulbias_kernel,12735737554663,12735737579199,290,196,137288.0,494160.0,0.0,0.0,1523632.0,2048.0,38912.0,0.0,0.0,0.0,0.0,38912.0,0.0,148304.0,148304.0,0.0,0.0,0.0,819200.0,196608.0
290,0,1,1280,1280,4194304,256,0,0,12,4,32,64,"void at::native::vectorized_elementwise_kernel<4, at::native::FillFunctor<int>, std::array<char*, 1ul> >(int, at::native::FillFunctor<int>, std::array<char*, 1ul>)",12735737958620,12735738001597,291,125,71042.0,213052.0,60740.0,0.0,2553234.0,0.0,262144.0,0.0,10857354.0,10857354.0,0.0,262144.0,0.0,224.0,224.0,0.0,0.0,0.0,4194304.0,0.0
291,0,1,1280,1280,32768,512,0,0,108,4,48,64,matmulbias_kernel,12735738372920,12735738397656,292,196,144227.0,492263.0,0.0,0.0,1535095.0,2048.0,38912.0,0.0,0.0,0.0,0.0,38912.0,0.0,148320.0,148320.0,0.0,0.0,0.0,819200.0,196608.0
292,0,1,1280,1280,4194304,256,0,0,12,4,32,64,"void at::native::vectorized_elementwise_kernel<4, at::native::FillFunctor<int>, std::array<char*, 1ul> >(int, at::native::FillFunctor<int>, std::array<char*, 1ul>)",12735738782890,12735738825466,293,125,73821.0,204523.0,60828.0,0.0,2543184.0,0.0,262144.0,0.0,8230106.0,8230106.0,0.0,262144.0,0.0,224.0,224.0,0.0,0.0,0.0,4194304.0,0.0
293,0,1,1280,1280,32768,512,0,0,108,4,48,64,matmulbias_kernel,12735739211703,12735739236359,294,196,144214.0,490628.0,0.0,0.0,1521873.0,2048.0,38912.0,0.0,0.0,0.0,0.0,38912.0,0.0,148320.0,148320.0,0.0,0.0,0.0,819200.0,196608.0
294,0,1,1280,1280,4194304,256,0,0,12,4,32,64,"void at::native::vectorized_elementwise_kernel<4, at::native::FillFunctor<int>, std::array<char*, 1ul> >(int, at::native::FillFunctor<int>, std::array<char*, 1ul>)",12735739612452,12735739654989,295,125,78063.0,229238.0,60744.0,0.0,2547054.0,0.0,262144.0,0.0,11319674.0,11319674.0,0.0,262144.0,0.0,224.0,224.0,0.0,0.0,0.0,4194304.0,0.0
295,0,1,1280,1280,32768,512,0,0,108,4,48,64,matmulbias_kernel,12735740043470,12735740068086,296,196,137536.0,492820.0,0.0,0.0,1527460.0,2048.0,38912.0,0.0,0.0,0.0,0.0,38912.0,0.0,148304.0,148304.0,0.0,0.0,0.0,819200.0,196608.0
296,0,1,1280,1280,4194304,256,0,0,12,4,32,64,"void at::native::vectorized_elementwise_kernel<4, at::native::FillFunctor<int>, std::array<char*, 1ul> >(int, at::native::FillFunctor<int>, std::array<char*, 1ul>)",12735740436642,12735740479379,297,125,80459.0,242028.0,60886.0,0.0,2532034.0,0.0,262144.0,0.0,8371512.0,8371512.0,0.0,262144.0,0.0,224.0,224.0,0.0,0.0,0.0,4194304.0,0.0
297,0,1,1280,1280,32768,512,0,0,108,4,48,64,matmulbias_kernel,12735740852626,12735740877563,298,196,143666.0,496121.0,0.0,0.0,1528145.0,2048.0,38912.0,0.0,0.0,0.0,0.0,38912.0,0.0,148320.0,148320.0,0.0,0.0,0.0,819200.0,196608.0
298,0,1,1280,1280,4194304,256,0,0,12,4,32,64,"void at::native::vectorized_elementwise_kernel<4, at::native::FillFunctor<int>, std::array<char*, 1ul> >(int, at::native::FillFunctor<int>, std::array<char*, 1ul>)",12735741251892,12735741295110,299,125,78983.0,233523.0,60820.0,0.0,2546885.0,0.0,262144.0,0.0,8877134.0,8877134.0,0.0,262144.0,0.0,224.0,224.0,0.0,0.0,0.0,4194304.0,0.0
299,0,1,1280,1280,32768,512,0,0,108,4,48,64,matmulbias_kernel,12735741662904,12735741687841,300,196,139141.0,506132.0,0.0,0.0,1536411.0,2048.0,38912.0,0.0,0.0,0.0,0.0,38912.0,0.0,148304.0,148304.0,0.0,0.0,0.0,819200.0,196608.0
300,0,1,1280,1280,4194304,256,0,0,12,4,32,64,"void at::native::vectorized_elementwise_kernel<4, at::native::FillFunctor<int>, std::array<char*, 1ul> >(int, at::native::FillFunctor<int>, std::array<char*, 1ul>)",12735742068865,12735742111482,301,125,82956.0,207027.0,60810.0,0.0,2529299.0,0.0,262144.0,0.0,8616374.0,8616374.0,0.0,262144.0,0.0,224.0,224.0,0.0,0.0,0.0,4194304.0,0.0
301,0,1,1280,1280,32768,512,0,0,108,4,48,64,matmulbias_kernel,12735742482845,12735742507541,302,196,146277.0,500468.0,0.0,0.0,1534278.0,2048.0,38912.0,0.0,0.0,0.0,0.0,38912.0,0.0,148320.0,148320.0,0.0,0.0,0.0,819200.0,196608.0
302,0,1,1280,1280,4194304,256,0,0,12,4,32,64,"void at::native::vectorized_elementwise_kernel<4, at::native::FillFunctor<int>, std::array<char*, 1ul> >(int, at::native::FillFunctor<int>, std::array<char*, 1ul>)",12735742889127,12735742931944,303,125,81726.0,235446.0,60819.0,0.0,2542155.0,0.0,262144.0,0.0,9168246.0,9168246.0,0.0,262144.0,0.0,216.0,216.0,0.0,0.0,0.0,4194304.0,0.0
303,0,1,1280,1280,32768,512,0,0,108,4,48,64,matmulbias_kernel,12735743312126,12735743337143,304,196,146228.0,503521.0,0.0,0.0,1541375.0,2048.0,38912.0,0.0,0.0,0.0,0.0,38912.0,0.0,148328.0,148328.0,0.0,0.0,0.0,819200.0,196608.0
304,0,1,1280,1280,4194304,256,0,0,12,4,32,64,"void at::native::vectorized_elementwise_kernel<4, at::native::FillFunctor<int>, std::array<char*, 1ul> >(int, at::native::FillFunctor<int>, std::array<char*, 1ul>)",12735743708786,12735743751644,305,125,79004.0,230824.0,60739.0,0.0,2548137.0,0.0,262144.0,0.0,11271842.0,11271842.0,0.0,262144.0,0.0,216.0,216.0,0.0,0.0,0.0,4194304.0,0.0
305,0,1,1280,1280,32768,512,0,0,108,4,48,64,matmulbias_kernel,12735744132909,12735744157885,306,196,140503.0,493293.0,0.0,0.0,1533796.0,2048.0,38912.0,0.0,0.0,0.0,0.0,38912.0,0.0,148328.0,148328.0,0.0,0.0,0.0,819200.0,196608.0
306,0,1,1280,1280,4194304,256,0,0,12,4,32,64,"void at::native::vectorized_elementwise_kernel<4, at::native::FillFunctor<int>, std::array<char*, 1ul> >(int, at::native::FillFunctor<int>, std::array<char*, 1ul>)",12735744532054,12735744574751,307,125,74548.0,233992.0,60729.0,0.0,2542486.0,0.0,262144.0,0.0,12123294.0,12123294.0,0.0,262144.0,0.0,200.0,200.0,0.0,0.0,0.0,4194304.0,0.0
307,0,1,1280,1280,32768,512,0,0,108,4,48,64,matmulbias_kernel,12735744951406,12735744975982,308,196,140552.0,473878.0,0.0,0.0,1522848.0,2048.0,38912.0,0.0,0.0,0.0,0.0,38912.0,0.0,148328.0,148328.0,0.0,0.0,0.0,819200.0,196608.0
308,0,1,1280,1280,4194304,256,0,0,12,4,32,64,"void at::native::vectorized_elementwise_kernel<4, at::native::FillFunctor<int>, std::array<char*, 1ul> >(int, at::native::FillFunctor<int>, std::array<char*, 1ul>)",12735745344578,12735745387355,309,125,76435.0,225420.0,60732.0,0.0,2543494.0,0.0,262144.0,0.0,11883232.0,11883232.0,0.0,262144.0,0.0,216.0,216.0,0.0,0.0,0.0,4194304.0,0.0
309,0,1,1280,1280,32768,512,0,0,108,4,48,64,matmulbias_kernel,12735745765052,12735745789748,310,196,142497.0,489615.0,0.0,0.0,1519537.0,2048.0,38912.0,0.0,0.0,0.0,0.0,38912.0,0.0,148328.0,148328.0,0.0,0.0,0.0,819200.0,196608.0
310,0,1,1280,1280,4194304,256,0,0,12,4,32,64,"void at::native::vectorized_elementwise_kernel<4, at::native::FillFunctor<int>, std::array<char*, 1ul> >(int, at::native::FillFunctor<int>, std::array<char*, 1ul>)",12735746160148,12735746203246,311,125,81520.0,238308.0,60729.0,0.0,2549305.0,0.0,262144.0,0.0,11371234.0,11371234.0,0.0,262144.0,0.0,216.0,216.0,0.0,0.0,0.0,4194304.0,0.0
311,0,1,1280,1280,32768,512,0,0,108,4,48,64,matmulbias_kernel,12735746579099,12735746603875,312,196,143173.0,487687.0,0.0,0.0,1536121.0,2048.0,38912.0,0.0,0.0,0.0,0.0,38912.0,0.0,148328.0,148328.0,0.0,0.0,0.0,819200.0,196608.0
312,0,1,1280,1280,4194304,256,0,0,12,4,32,64,"void at::native::vectorized_elementwise_kernel<4, at::native::FillFunctor<int>, std::array<char*, 1ul> >(int, at::native::FillFunctor<int>, std::array<char*, 1ul>)",12735746973594,12735747015970,313,125,79920.0,224630.0,60744.0,0.0,2535775.0,0.0,262144.0,0.0,11208998.0,11208998.0,0.0,262144.0,0.0,216.0,216.0,0.0,0.0,0.0,4194304.0,0.0
313,0,1,1280,1280,32768,512,0,0,108,4,48,64,matmulbias_kernel,12735747384125,12735747409222,314,196,137503.0,480069.0,0.0,0.0,1535921.0,2048.0,38912.0,0.0,0.0,0.0,0.0,38912.0,0.0,148328.0,148328.0,0.0,0.0,0.0,819200.0,196608.0
314,0,1,1280,1280,4194304,256,0,0,12,4,32,64,"void at::native::vectorized_elementwise_kernel<4, at::native::FillFunctor<int>, std::array<char*, 1ul> >(int, at::native::FillFunctor<int>, std::array<char*, 1ul>)",12735747779182,12735747822480,315,125,80481.0,240376.0,60741.0,0.0,2548507.0,0.0,262144.0,0.0,10870504.0,10870504.0,0.0,262144.0,0.0,216.0,216.0,0.0,0.0,0.0,4194304.0,0.0
315,0,1,1280,1280,32768,512,0,0,108,4,48,64,matmulbias_kernel,12735748193883,12735748218940,316,196,144543.0,497911.0,0.0,0.0,1540086.0,2048.0,38912.0,0.0,0.0,0.0,0.0,38912.0,0.0,148320.0,148320.0,0.0,0.0,0.0,819200.0,196608.0
316,0,1,1280,1280,4194304,256,0,0,12,4,32,64,"void at::native::vectorized_elementwise_kernel<4, at::native::FillFunctor<int>, std::array<char*, 1ul> >(int, at::native::FillFunctor<int>, std::array<char*, 1ul>)",12735748587576,12735748630473,317,125,79289.0,226189.0,60778.0,0.0,2541563.0,0.0,262144.0,0.0,9119052.0,9119052.0,0.0,262144.0,0.0,224.0,224.0,0.0,0.0,0.0,4194304.0,0.0
317,0,1,1280,1280,32768,512,0,0,108,4,48,64,matmulbias_kernel,12735748999791,12735749024688,318,196,144847.0,490792.0,0.0,0.0,1539476.0,2048.0,38912.0,0.0,0.0,0.0,0.0,38912.0,0.0,148320.0,148320.0,0.0,0.0,0.0,819200.0,196608.0
318,0,1,1280,1280,4194304,256,0,0,12,4,32,64,"void at::native::vectorized_elementwise_kernel<4, at::native::FillFunctor<int>, std::array<char*, 1ul> >(int, at::native::FillFunctor<int>, std::array<char*, 1ul>)",12735749392723,12735749435380,319,125,81831.0,237730.0,60736.0,0.0,2541183.0,0.0,262144.0,0.0,10928578.0,10928578.0,0.0,262144.0,0.0,224.0,224.0,0.0,0.0,0.0,4194304.0,0.0
319,0,1,1280,1280,32768,512,0,0,108,4,48,64,matmulbias_kernel,12735749812275,12735749837372,320,196,137623.0,504031.0,0.0,0.0,1527157.0,2048.0,38912.0,0.0,0.0,0.0,0.0,38912.0,0.0,148304.0,148304.0,0.0,0.0,0.0,819200.0,196608.0
320,0,1,1280,1280,4194304,256,0,0,12,4,32,64,"void at::native::vectorized_elementwise_kernel<4, at::native::FillFunctor<int>, std::array<char*, 1ul> >(int, at::native::FillFunctor<int>, std::array<char*, 1ul>)",12735750204284,12735750247342,321,125,79984.0,223653.0,60680.0,0.0,2561564.0,0.0,262144.0,0.0,15174272.0,15174272.0,0.0,262144.0,0.0,224.0,224.0,0.0,0.0,0.0,4194304.0,0.0
321,0,1,1280,1280,32768,512,0,0,108,4,48,64,matmulbias_kernel,12735750611167,12735750636304,322,196,148638.0,514537.0,0.0,0.0,1544270.0,2048.0,38912.0,0.0,0.0,0.0,0.0,38912.0,0.0,148320.0,148320.0,0.0,0.0,0.0,819200.0,196608.0
322,0,1,1280,1280,4194304,256,0,0,12,4,32,64,"void at::native::vectorized_elementwise_kernel<4, at::native::FillFunctor<int>, std::array<char*, 1ul> >(int, at::native::FillFunctor<int>, std::array<char*, 1ul>)",12735751011676,12735751054133,323,125,79529.0,219540.0,60740.0,0.0,2539969.0,0.0,262144.0,0.0,11037860.0,11037860.0,0.0,262144.0,0.0,224.0,224.0,0.0,0.0,0.0,4194304.0,0.0
323,0,1,1280,1280,32768,512,0,0,108,4,48,64,matmulbias_kernel,12735751423370,12735751448227,324,196,141356.0,489091.0,0.0,0.0,1543657.0,2048.0,38912.0,0.0,0.0,0.0,0.0,38912.0,0.0,148320.0,148320.0,0.0,0.0,0.0,819200.0,196608.0
324,0,1,1280,1280,4194304,256,0,0,12,4,32,64,"void at::native::vectorized_elementwise_kernel<4, at::native::FillFunctor<int>, std::array<char*, 1ul> >(int, at::native::FillFunctor<int>, std::array<char*, 1ul>)",12735751819830,12735751862326,325,125,78891.0,234682.0,60783.0,0.0,2543822.0,0.0,262144.0,0.0,9018012.0,9018012.0,0.0,262144.0,0.0,224.0,224.0,0.0,0.0,0.0,4194304.0,0.0
325,0,1,1280,1280,32768,512,0,0,108,4,48,64,matmulbias_kernel,12735752232807,12735752257383,326,196,141674.0,484906.0,0.0,0.0,1521076.0,2048.0,38912.0,0.0,0.0,0.0,0.0,38912.0,0.0,148320.0,148320.0,0.0,0.0,0.0,819200.0,196608.0
326,0,1,1280,1280,4194304,256,0,0,12,4,32,64,"void at::native::vectorized_elementwise_kernel<4, at::native::FillFunctor<int>, std::array<char*, 1ul> >(int, at::native::FillFunctor<int>, std::array<char*, 1ul>)",12735752623373,12735752666030,327,125,81763.0,220977.0,60738.0,0.0,2542694.0,0.0,262144.0,0.0,10993902.0,10993902.0,0.0,262144.0,0.0,224.0,224.0,0.0,0.0,0.0,4194304.0,0.0
327,0,1,1280,1280,32768,512,0,0,108,4,48,64,matmulbias_kernel,12735753035548,12735753060485,328,196,143420.0,494937.0,0.0,0.0,1538851.0,2048.0,38912.0,0.0,0.0,0.0,0.0,38912.0,0.0,148320.0,148320.0,0.0,0.0,0.0,819200.0,196608.0
328,0,1,1280,1280,4194304,256,0,0,12,4,32,64,"void at::native::vectorized_elementwise_kernel<4, at::native::FillFunctor<int>, std::array<char*, 1ul> >(int, at::native::FillFunctor<int>, std::array<char*, 1ul>)",12735753429642,12735753472379,329,125,74694.0,206545.0,60778.0,0.0,2543676.0,0.0,262144.0,0.0,9349678.0,9349678.0,0.0,262144.0,0.0,224.0,224.0,0.0,0.0,0.0,4194304.0,0.0
329,0,1,1280,1280,32768,512,0,0,108,4,48,64,matmulbias_kernel,12735753846508,12735753871284,330,196,144024.0,495641.0,0.0,0.0,1525912.0,2048.0,38912.0,0.0,0.0,0.0,0.0,38912.0,0.0,148320.0,148320.0,0.0,0.0,0.0,819200.0,196608.0
330,0,1,1280,1280,4194304,256,0,0,12,4,32,64,"void at::native::vectorized_elementwise_kernel<4, at::native::FillFunctor<int>, std::array<char*, 1ul> >(int, at::native::FillFunctor<int>, std::array<char*, 1ul>)",12735754238077,12735754280653,331,125,77757.0,231892.0,60795.0,0.0,2545936.0,0.0,262144.0,0.0,8834056.0,8834056.0,0.0,262144.0,0.0,216.0,216.0,0.0,0.0,0.0,4194304.0,0.0
331,0,1,1280,1280,32768,512,0,0,108,4,48,64,matmulbias_kernel,12735754648528,12735754673625,332,196,141372.0,490143.0,0.0,0.0,1543985.0,2048.0,38912.0,0.0,0.0,0.0,0.0,38912.0,0.0,148328.0,148328.0,0.0,0.0,0.0,819200.0,196608.0
332,0,1,1280,1280,4194304,256,0,0,12,4,32,64,"void at::native::vectorized_elementwise_kernel<4, at::native::FillFunctor<int>, std::array<char*, 1ul> >(int, at::native::FillFunctor<int>, std::array<char*, 1ul>)",12735755039776,12735755082432,333,125,73665.0,227334.0,60745.0,0.0,2544492.0,0.0,262144.0,0.0,11165102.0,11165102.0,0.0,262144.0,0.0,200.0,200.0,0.0,0.0,0.0,4194304.0,0.0
333,0,1,1280,1280,32768,512,0,0,108,4,48,64,matmulbias_kernel,12735755454036,12735755479012,334,196,145288.0,492379.0,0.0,0.0,1543506.0,2048.0,38912.0,0.0,0.0,0.0,0.0,38912.0,0.0,148328.0,148328.0,0.0,0.0,0.0,819200.0,196608.0
334,0,1,1280,1280,4194304,256,0,0,12,4,32,64,"void at::native::vectorized_elementwise_kernel<4, at::native::FillFunctor<int>, std::array<char*, 1ul> >(int, at::native::FillFunctor<int>, std::array<char*, 1ul>)",12735755870300,12735755913358,335,125,82926.0,231556.0,60773.0,0.0,2552919.0,0.0,262144.0,0.0,8887288.0,8887288.0,0.0,262144.0,0.0,216.0,216.0,0.0,0.0,0.0,4194304.0,0.0
335,0,1,1280,1280,32768,512,0,0,108,4,48,64,matmulbias_kernel,12735756284480,12735756309176,336,196,142130.0,488941.0,0.0,0.0,1535617.0,2048.0,38912.0,0.0,0.0,0.0,0.0,38912.0,0.0,148328.0,148328.0,0.0,0.0,0.0,819200.0,196608.0
336,0,1,1280,1280,4194304,256,0,0,12,4,32,64,"void at::native::vectorized_elementwise_kernel<4, at::native::FillFunctor<int>, std::array<char*, 1ul> >(int, at::native::FillFunctor<int>, std::array<char*, 1ul>)",12735756676169,12735756719347,337,125,76013.0,229694.0,60735.0,0.0,2556603.0,0.0,262144.0,0.0,10780344.0,10780344.0,0.0,262144.0,0.0,200.0,200.0,0.0,0.0,0.0,4194304.0,0.0
337,0,1,1280,1280,32768,512,0,0,108,4,48,64,matmulbias_kernel,12735757091270,12735757115886,338,196,139527.0,472110.0,0.0,0.0,1530252.0,2048.0,38912.0,0.0,0.0,0.0,0.0,38912.0,0.0,148328.0,148328.0,0.0,0.0,0.0,819200.0,196608.0
338,0,1,1280,1280,4194304,256,0,0,12,4,32,64,"void at::native::vectorized_elementwise_kernel<4, at::native::FillFunctor<int>, std::array<char*, 1ul> >(int, at::native::FillFunctor<int>, std::array<char*, 1ul>)",12735757481716,12735757524614,339,125,72281.0,230675.0,60740.0,0.0,2544195.0,0.0,262144.0,0.0,11028508.0,11028508.0,0.0,262144.0,0.0,200.0,200.0,0.0,0.0,0.0,4194304.0,0.0
339,0,1,1280,1280,32768,512,0,0,108,4,48,64,matmulbias_kernel,12735757893731,12735757918788,340,196,139817.0,478362.0,0.0,0.0,1539490.0,2048.0,38912.0,0.0,0.0,0.0,0.0,38912.0,0.0,148328.0,148328.0,0.0,0.0,0.0,819200.0,196608.0
340,0,1,1280,1280,4194304,256,0,0,12,4,32,64,"void at::native::vectorized_elementwise_kernel<4, at::native::FillFunctor<int>, std::array<char*, 1ul> >(int, at::native::FillFunctor<int>, std::array<char*, 1ul>)",12735758282172,12735758324669,341,125,77945.0,228387.0,60736.0,0.0,2543869.0,0.0,262144.0,0.0,10499084.0,10499084.0,0.0,262144.0,0.0,216.0,216.0,0.0,0.0,0.0,4194304.0,0.0
341,0,1,1280,1280,32768,512,0,0,108,4,48,64,matmulbias_kernel,12735758688735,12735758713511,342,196,143106.0,485250.0,0.0,0.0,1537751.0,2048.0,38912.0,0.0,0.0,0.0,0.0,38912.0,0.0,148328.0,148328.0,0.0,0.0,0.0,819200.0,196608.0
342,0,1,1280,1280,4194304,256,0,0,12,4,32,64,"void at::native::vectorized_elementwise_kernel<4, at::native::FillFunctor<int>, std::array<char*, 1ul> >(int, at::native::FillFunctor<int>, std::array<char*, 1ul>)",12735759075613,12735759118590,343,125,78114.0,240288.0,60745.0,0.0,2542493.0,0.0,262144.0,0.0,11565060.0,11565060.0,0.0,262144.0,0.0,200.0,200.0,0.0,0.0,0.0,4194304.0,0.0
343,0,1,1280,1280,32768,512,0,0,108,4,48,64,matmulbias_kernel,12735759484941,12735759509918,344,196,145357.0,496783.0,0.0,0.0,1538100.0,2048.0,38912.0,0.0,0.0,0.0,0.0,38912.0,0.0,148328.0,148328.0,0.0,0.0,0.0,819200.0,196608.0
344,0,1,1280,1280,4194304,256,0,0,12,4,32,64,"void at::native::vectorized_elementwise_kernel<4, at::native::FillFunctor<int>, std::array<char*, 1ul> >(int, at::native::FillFunctor<int>, std::array<char*, 1ul>)",12735759875628,12735759918646,345,125,80979.0,235372.0,60746.0,0.0,2544107.0,0.0,262144.0,0.0,10621876.0,10621876.0,0.0,262144.0,0.0,216.0,216.0,0.0,0.0,0.0,4194304.0,0.0
345,0,1,1280,1280,32768,512,0,0,108,4,48,64,matmulbias_kernel,12735760283072,12735760307768,346,196,143006.0,482468.0,0.0,0.0,1537888.0,2048.0,38912.0,0.0,0.0,0.0,0.0,38912.0,0.0,148328.0,148328.0,0.0,0.0,0.0,819200.0,196608.0
346,0,1,1280,1280,4194304,256,0,0,12,4,32,64,"void at::native::vectorized_elementwise_kernel<4, at::native::FillFunctor<int>, std::array<char*, 1ul> >(int, at::native::FillFunctor<int>, std::array<char*, 1ul>)",12735760667304,12735760709841,347,125,69896.0,226224.0,60748.0,0.0,2544942.0,0.0,262144.0,0.0,10923646.0,10923646.0,0.0,262144.0,0.0,202.0,202.0,0.0,0.0,0.0,4194304.0,0.0
347,0,1,1280,1280,32768,512,0,0,108,4,48,64,matmulbias_kernel,12735761070258,12735761095155,348,196,143414.0,493397.0,0.0,0.0,1533491.0,2048.0,38912.0,0.0,0.0,0.0,0.0,38912.0,0.0,148320.0,148320.0,0.0,0.0,0.0,819200.0,196608.0
348,0,1,1280,1280,4194304,256,0,0,12,4,32,64,"void at::native::vectorized_elementwise_kernel<4, at::native::FillFunctor<int>, std::array<char*, 1ul> >(int, at::native::FillFunctor<int>, std::array<char*, 1ul>)",12735761457016,12735761499713,349,125,79366.0,221460.0,60752.0,0.0,2554389.0,0.0,262144.0,0.0,10420264.0,10420264.0,0.0,262144.0,0.0,224.0,224.0,0.0,0.0,0.0,4194304.0,0.0
349,0,1,1280,1280,32768,512,0,0,108,4,48,64,matmulbias_kernel,12735761866144,12735761890961,350,196,141868.0,501158.0,0.0,0.0,1542975.0,2048.0,38912.0,0.0,0.0,0.0,0.0,38912.0,0.0,148304.0,148304.0,0.0,0.0,0.0,819200.0,196608.0
350,0,1,1280,1280,4194304,256,0,0,12,4,32,64,"void at::native::vectorized_elementwise_kernel<4, at::native::FillFunctor<int>, std::array<char*, 1ul> >(int, at::native::FillFunctor<int>, std::array<char*, 1ul>)",12735762251098,12735762293795,351,125,78008.0,216729.0,60772.0,0.0,2544105.0,0.0,262144.0,0.0,8885766.0,8885766.0,0.0,262144.0,0.0,224.0,224.0,0.0,0.0,0.0,4194304.0,0.0
351,0,1,1280,1280,32768,512,0,0,108,4,48,64,matmulbias_kernel,12735762655656,12735762680873,352,196,140337.0,510905.0,0.0,0.0,1553878.0,2048.0,38912.0,0.0,0.0,0.0,0.0,38912.0,0.0,148304.0,148304.0,0.0,0.0,0.0,819200.0,196608.0
352,0,1,1280,1280,4194304,256,0,0,12,4,32,64,"void at::native::vectorized_elementwise_kernel<4, at::native::FillFunctor<int>, std::array<char*, 1ul> >(int, at::native::FillFunctor<int>, std::array<char*, 1ul>)",12735763040248,12735763083266,353,125,79629.0,228801.0,60740.0,0.0,2537212.0,0.0,262144.0,0.0,10694924.0,10694924.0,0.0,262144.0,0.0,224.0,224.0,0.0,0.0,0.0,4194304.0,0.0
353,0,1,1280,1280,32768,512,0,0,108,4,48,64,matmulbias_kernel,12735763441078,12735763465814,354,196,144269.0,502069.0,0.0,0.0,1532773.0,2048.0,38912.0,0.0,0.0,0.0,0.0,38912.0,0.0,148320.0,148320.0,0.0,0.0,0.0,819200.0,196608.0
354,0,1,1280,1280,4194304,256,0,0,12,4,32,64,"void at::native::vectorized_elementwise_kernel<4, at::native::FillFunctor<int>, std::array<char*, 1ul> >(int, at::native::FillFunctor<int>, std::array<char*, 1ul>)",12735763830080,12735763872577,355,125,79001.0,220159.0,60740.0,0.0,2536835.0,0.0,262144.0,0.0,10874804.0,10874804.0,0.0,262144.0,0.0,224.0,224.0,0.0,0.0,0.0,4194304.0,0.0
355,0,1,1280,1280,32768,512,0,0,108,4,48,64,matmulbias_kernel,12735764233476,12735764258332,356,196,138213.0,496948.0,0.0,0.0,1522342.0,2048.0,38912.0,0.0,0.0,0.0,0.0,38912.0,0.0,148304.0,148304.0,0.0,0.0,0.0,819200.0,196608.0
356,0,1,1280,1280,4194304,256,0,0,12,4,32,64,"void at::native::vectorized_elementwise_kernel<4, at::native::FillFunctor<int>, std::array<char*, 1ul> >(int, at::native::FillFunctor<int>, std::array<char*, 1ul>)",12735764617347,12735764660124,357,125,77749.0,226513.0,60724.0,0.0,2550772.0,0.0,262144.0,0.0,11034556.0,11034556.0,0.0,262144.0,0.0,224.0,224.0,0.0,0.0,0.0,4194304.0,0.0
357,0,1,1280,1280,32768,512,0,0,108,4,48,64,matmulbias_kernel,12735765023268,12735765047843,358,196,144684.0,496190.0,0.0,0.0,1529308.0,2048.0,38912.0,0.0,0.0,0.0,0.0,38912.0,0.0,148320.0,148320.0,0.0,0.0,0.0,819200.0,196608.0
358,0,1,1280,1280,4194304,256,0,0,12,4,32,64,"void at::native::vectorized_elementwise_kernel<4, at::native::FillFunctor<int>, std::array<char*, 1ul> >(int, at::native::FillFunctor<int>, std::array<char*, 1ul>)",12735765425220,12735765467756,359,125,79753.0,230750.0,60788.0,0.0,2545783.0,0.0,262144.0,0.0,8526100.0,8526100.0,0.0,262144.0,0.0,224.0,224.0,0.0,0.0,0.0,4194304.0,0.0
359,0,1,1280,1280,32768,512,0,0,108,4,48,64,matmulbias_kernel,12735765831622,12735765855917,360,196,141858.0,483040.0,0.0,0.0,1503736.0,2048.0,38912.0,0.0,0.0,0.0,0.0,38912.0,0.0,148320.0,148320.0,0.0,0.0,0.0,819200.0,196608.0
360,0,1,1280,1280,4194304,256,0,0,12,4,32,64,"void at::native::vectorized_elementwise_kernel<4, at::native::FillFunctor<int>, std::array<char*, 1ul> >(int, at::native::FillFunctor<int>, std::array<char*, 1ul>)",12735766220183,12735766262840,361,125,75674.0,223120.0,60781.0,0.0,2538965.0,0.0,262144.0,0.0,8386220.0,8386220.0,0.0,262144.0,0.0,216.0,216.0,0.0,0.0,0.0,4194304.0,0.0
361,0,1,1280,1280,32768,512,0,0,108,4,48,64,matmulbias_kernel,12735766626545,12735766651322,362,196,147474.0,498449.0,0.0,0.0,1533854.0,2048.0,38912.0,0.0,0.0,0.0,0.0,38912.0,0.0,148328.0,148328.0,0.0,0.0,0.0,819200.0,196608.0
362,0,1,1280,1280,4194304,256,0,0,12,4,32,64,"void at::native::vectorized_elementwise_kernel<4, at::native::FillFunctor<int>, std::array<char*, 1ul> >(int, at::native::FillFunctor<int>, std::array<char*, 1ul>)",12735767021762,12735767064339,363,125,82646.0,237350.0,60780.0,0.0,2538068.0,0.0,262144.0,0.0,8539560.0,8539560.0,0.0,262144.0,0.0,216.0,216.0,0.0,0.0,0.0,4194304.0,0.0
363,0,1,1280,1280,32768,512,0,0,108,4,48,64,matmulbias_kernel,12735767430890,12735767455667,364,196,138041.0,473843.0,0.0,0.0,1535178.0,2048.0,38912.0,0.0,0.0,0.0,0.0,38912.0,0.0,148328.0,148328.0,0.0,0.0,0.0,819200.0,196608.0
364,0,1,1280,1280,4194304,256,0,0,12,4,32,64,"void at::native::vectorized_elementwise_kernel<4, at::native::FillFunctor<int>, std::array<char*, 1ul> >(int, at::native::FillFunctor<int>, std::array<char*, 1ul>)",12735767819171,12735767861868,365,125,80197.0,233084.0,60779.0,0.0,2538298.0,0.0,262144.0,0.0,8650474.0,8650474.0,0.0,262144.0,0.0,216.0,216.0,0.0,0.0,0.0,4194304.0,0.0
365,0,1,1280,1280,32768,512,0,0,108,4,48,64,matmulbias_kernel,12735768221204,12735768245980,366,196,139639.0,487522.0,0.0,0.0,1530558.0,2048.0,38912.0,0.0,0.0,0.0,0.0,38912.0,0.0,148328.0,148328.0,0.0,0.0,0.0,819200.0,196608.0
366,0,1,1280,1280,4194304,256,0,0,12,4,32,64,"void at::native::vectorized_elementwise_kernel<4, at::native::FillFunctor<int>, std::array<char*, 1ul> >(int, at::native::FillFunctor<int>, std::array<char*, 1ul>)",12735768605596,12735768647972,367,125,80676.0,235068.0,60792.0,0.0,2528289.0,0.0,262144.0,0.0,8440340.0,8440340.0,0.0,262144.0,0.0,216.0,216.0,0.0,0.0,0.0,4194304.0,0.0
367,0,1,1280,1280,32768,512,0,0,108,4,48,64,matmulbias_kernel,12735769006345,12735769031322,368,196,143906.0,494075.0,0.0,0.0,1550199.0,2048.0,38912.0,0.0,0.0,0.0,0.0,38912.0,0.0,148328.0,148328.0,0.0,0.0,0.0,819200.0,196608.0
368,0,1,1280,1280,4194304,256,0,0,12,4,32,64,"void at::native::vectorized_elementwise_kernel<4, at::native::FillFunctor<int>, std::array<char*, 1ul> >(int, at::native::FillFunctor<int>, std::array<char*, 1ul>)",12735769387810,12735769430788,369,125,78135.0,229280.0,60745.0,0.0,2559233.0,0.0,262144.0,0.0,11114640.0,11114640.0,0.0,262144.0,0.0,216.0,216.0,0.0,0.0,0.0,4194304.0,0.0
369,0,1,1280,1280,32768,512,0,0,108,4,48,64,matmulbias_kernel,12735769789642,12735769814178,370,196,146227.0,489832.0,0.0,0.0,1524551.0,2048.0,38912.0,0.0,0.0,0.0,0.0,38912.0,0.0,148328.0,148328.0,0.0,0.0,0.0,819200.0,196608.0
370,0,1,1280,1280,4194304,256,0,0,12,4,32,64,"void at::native::vectorized_elementwise_kernel<4, at::native::FillFunctor<int>, std::array<char*, 1ul> >(int, at::native::FillFunctor<int>, std::array<char*, 1ul>)",12735770172110,12735770215007,371,125,80731.0,236215.0,60744.0,0.0,2550885.0,0.0,262144.0,0.0,11161860.0,11161860.0,0.0,262144.0,0.0,216.0,216.0,0.0,0.0,0.0,4194304.0,0.0
371,0,1,1280,1280,32768,512,0,0,108,4,48,64,matmulbias_kernel,12735770574062,12735770598798,372,196,144109.0,484933.0,0.0,0.0,1548346.0,2048.0,38912.0,0.0,0.0,0.0,0.0,38912.0,0.0,148328.0,148328.0,0.0,0.0,0.0,819200.0,196608.0
372,0,1,1280,1280,4194304,256,0,0,12,4,32,64,"void at::native::vectorized_elementwise_kernel<4, at::native::FillFunctor<int>, std::array<char*, 1ul> >(int, at::native::FillFunctor<int>, std::array<char*, 1ul>)",12735770951559,12735770994055,373,125,80256.0,224878.0,60743.0,0.0,2548406.0,0.0,262144.0,0.0,11148948.0,11148948.0,0.0,262144.0,0.0,216.0,216.0,0.0,0.0,0.0,4194304.0,0.0
373,0,1,1280,1280,32768,512,0,0,108,4,48,64,matmulbias_kernel,12735771355796,12735771380692,374,196,142537.0,489144.0,0.0,0.0,1537449.0,2048.0,38912.0,0.0,0.0,0.0,0.0,38912.0,0.0,148328.0,148328.0,0.0,0.0,0.0,819200.0,196608.0
374,0,1,1280,1280,4194304,256,0,0,12,4,32,64,"void at::native::vectorized_elementwise_kernel<4, at::native::FillFunctor<int>, std::array<char*, 1ul> >(int, at::native::FillFunctor<int>, std::array<char*, 1ul>)",12735771731769,12735771774305,375,125,77072.0,221728.0,60736.0,0.0,2547932.0,0.0,262144.0,0.0,11512212.0,11512212.0,0.0,262144.0,0.0,216.0,216.0,0.0,0.0,0.0,4194304.0,0.0
375,0,1,1280,1280,32768,512,0,0,108,4,48,64,matmulbias_kernel,12735772136086,12735772160943,376,196,137492.0,489515.0,0.0,0.0,1532631.0,2048.0,38912.0,0.0,0.0,0.0,0.0,38912.0,0.0,148328.0,148328.0,0.0,0.0,0.0,819200.0,196608.0
376,0,1,1280,1280,4194304,256,0,0,12,4,32,64,"void at::native::vectorized_elementwise_kernel<4, at::native::FillFunctor<int>, std::array<char*, 1ul> >(int, at::native::FillFunctor<int>, std::array<char*, 1ul>)",12735772500513,12735772543330,377,125,75165.0,224335.0,60735.0,0.0,2545774.0,0.0,262144.0,0.0,11132058.0,11132058.0,0.0,262144.0,0.0,200.0,200.0,0.0,0.0,0.0,4194304.0,0.0
377,0,1,1280,1280,32768,512,0,0,108,4,48,64,matmulbias_kernel,12735772901182,12735772925998,378,196,144444.0,490001.0,0.0,0.0,1533174.0,2048.0,38912.0,0.0,0.0,0.0,0.0,38912.0,0.0,148320.0,148320.0,0.0,0.0,0.0,819200.0,196608.0
378,0,1,1280,1280,16384,256,0,0,16,192,48,64,matmulbias_kernel,12735799833502,12735799864252,379,27,163822.0,601346.0,0.0,0.0,1952875.0,1024.0,38912.0,0.0,0.0,0.0,0.0,38912.0,0.0,149040.0,149040.0,0.0,0.0,0.0,819200.0,196608.0
379,0,1,1280,1280,512,256,0,0,8,0,32,64,"void at::native::(anonymous namespace)::CatArrayBatchedCopy_contig<at::native::(anonymous namespace)::OpaqueType<2u>, unsigned int, 1, 128, 1>(at::native::(anonymous namespace)::OpaqueType<2u>*, at::native::(anonymous namespace)::CatArrInputTensorMetadata<at::native::(anonymous namespace)::OpaqueType<2u>, unsigned int, 128, 1>, at::native::(anonymous namespace)::TensorSizeStride<unsigned int, 4u>, int, unsigned int)",12735821126004,12735821128770,380,322,63911.0,132744.0,4.0,0.0,8470.0,0.0,4.0,0.0,32140.0,32140.0,2.0,4.0,0.0,58.0,58.0,0.0,0.0,0.0,4.0,0.0
380,0,1,1280,1280,512,256,0,0,8,0,32,64,"void at::native::(anonymous namespace)::CatArrayBatchedCopy_contig<at::native::(anonymous namespace)::OpaqueType<2u>, unsigned int, 1, 128, 1>(at::native::(anonymous namespace)::OpaqueType<2u>*, at::native::(anonymous namespace)::CatArrInputTensorMetadata<at::native::(anonymous namespace)::OpaqueType<2u>, unsigned int, 128, 1>, at::native::(anonymous namespace)::TensorSizeStride<unsigned int, 4u>, int, unsigned int)",12735821496084,12735821498289,381,322,58500.0,110429.0,4.0,0.0,6070.0,0.0,4.0,0.0,29192.0,29192.0,2.0,4.0,0.0,28.0,28.0,0.0,0.0,0.0,4.0,0.0
381,0,1,1280,1280,512,256,0,0,8,0,32,64,"void at::native::(anonymous namespace)::CatArrayBatchedCopy_contig<at::native::(anonymous namespace)::OpaqueType<2u>, unsigned int, 1, 128, 1>(at::native::(anonymous namespace)::OpaqueType<2u>*, at::native::(anonymous namespace)::CatArrInputTensorMetadata<at::native::(anonymous namespace)::OpaqueType<2u>, unsigned int, 128, 1>, at::native::(anonymous namespace)::TensorSizeStride<unsigned int, 4u>, int, unsigned int)",12735821861675,12735821863760,382,322,54432.0,99494.0,4.0,0.0,5990.0,0.0,4.0,0.0,23362.0,23362.0,2.0,4.0,0.0,28.0,28.0,0.0,0.0,0.0,4.0,0.0
382,0,1,1280,1280,512,256,0,0,8,0,32,64,"void at::native::(anonymous namespace)::CatArrayBatchedCopy_contig<at::native::(anonymous namespace)::OpaqueType<2u>, unsigned int, 1, 128, 1>(at::native::(anonymous namespace)::OpaqueType<2u>*, at::native::(anonymous namespace)::CatArrInputTensorMetadata<at::native::(anonymous namespace)::OpaqueType<2u>, unsigned int, 128, 1>, at::native::(anonymous namespace)::TensorSizeStride<unsigned int, 4u>, int, unsigned int)",12735822225461,12735822227506,383,322,56387.0,103510.0,4.0,0.0,5958.0,0.0,4.0,0.0,25314.0,25314.0,2.0,4.0,0.0,28.0,28.0,0.0,0.0,0.0,4.0,0.0
383,0,1,1280,1280,512,256,0,0,8,0,32,64,"void at::native::(anonymous namespace)::CatArrayBatchedCopy_contig<at::native::(anonymous namespace)::OpaqueType<2u>, unsigned int, 1, 128, 1>(at::native::(anonymous namespace)::OpaqueType<2u>*, at::native::(anonymous namespace)::CatArrInputTensorMetadata<at::native::(anonymous namespace)::OpaqueType<2u>, unsigned int, 128, 1>, at::native::(anonymous namespace)::TensorSizeStride<unsigned int, 4u>, int, unsigned int)",12735822591333,12735822593698,384,322,57818.0,113869.0,4.0,0.0,6550.0,0.0,4.0,0.0,30602.0,30602.0,2.0,4.0,0.0,28.0,28.0,0.0,0.0,0.0,4.0,0.0
384,0,1,1280,1280,512,256,0,0,8,0,32,64,"void at::native::(anonymous namespace)::CatArrayBatchedCopy_contig<at::native::(anonymous namespace)::OpaqueType<2u>, unsigned int, 1, 128, 1>(at::native::(anonymous namespace)::OpaqueType<2u>*, at::native::(anonymous namespace)::CatArrInputTensorMetadata<at::native::(anonymous namespace)::OpaqueType<2u>, unsigned int, 128, 1>, at::native::(anonymous namespace)::TensorSizeStride<unsigned int, 4u>, int, unsigned int)",12735822957645,12735822960090,385,322,59751.0,126523.0,4.0,0.0,6958.0,0.0,4.0,0.0,33716.0,33716.0,2.0,4.0,0.0,28.0,28.0,0.0,0.0,0.0,4.0,0.0
385,0,1,1280,1280,1536,256,0,0,8,0,32,64,"void at::native::(anonymous namespace)::CatArrayBatchedCopy_contig<at::native::(anonymous namespace)::OpaqueType<2u>, unsigned int, 1, 128, 1>(at::native::(anonymous namespace)::OpaqueType<2u>*, at::native::(anonymous namespace)::CatArrInputTensorMetadata<at::native::(anonymous namespace)::OpaqueType<2u>, unsigned int, 128, 1>, at::native::(anonymous namespace)::TensorSizeStride<unsigned int, 4u>, int, unsigned int)",12735823324518,12735823327285,386,322,64158.0,126282.0,12.0,0.0,25126.0,0.0,12.0,0.0,86778.0,86778.0,6.0,12.0,0.0,96.0,96.0,0.0,0.0,0.0,12.0,0.0
386,0,1,1280,1280,256,256,0,0,24,0,32,64,"void at::native::vectorized_elementwise_kernel<8, at::native::AbsFunctor<c10::Half>, std::array<char*, 2ul> >(int, at::native::AbsFunctor<c10::Half>, std::array<char*, 2ul>)",12735831288972,12735831291899,387,462,65214.0,144997.0,0.0,0.0,4613.0,0.0,2.0,0.0,9136.0,9136.0,1.0,2.0,0.0,69.0,69.0,0.0,0.0,0.0,6.0,0.0
387,0,1,1280,1280,256,256,0,0,24,0,32,64,"void at::native::vectorized_elementwise_kernel<8, at::native::AUnaryFunctor<c10::Half, c10::Half, bool, at::native::(anonymous namespace)::CompareEqFunctor<c10::Half> >, std::array<char*, 2ul> >(int, at::native::AUnaryFunctor<c10::Half, c10::Half, bool, at::native::(anonymous namespace)::CompareEqFunctor<c10::Half> >, std::array<char*, 2ul>)",12735882060826,12735882063953,388,778,60366.0,130633.0,0.0,0.0,4849.0,0.0,2.0,0.0,4680.0,4680.0,1.0,2.0,0.0,76.0,76.0,0.0,0.0,0.0,6.0,0.0
388,0,1,1280,1280,256,256,0,0,40,0,32,64,"void at::native::vectorized_elementwise_kernel<8, at::native::BinaryFunctor<c10::Half, c10::Half, bool, at::native::(anonymous namespace)::CompareEqFunctor<c10::Half> >, std::array<char*, 3ul> >(int, at::native::BinaryFunctor<c10::Half, c10::Half, bool, at::native::(anonymous namespace)::CompareEqFunctor<c10::Half> >, std::array<char*, 3ul>)",12735882456483,12735882458969,389,756,61703.0,116911.0,0.0,0.0,3813.0,0.0,3.0,0.0,15260.0,15260.0,2.0,3.0,0.0,63.0,63.0,0.0,0.0,0.0,9.0,0.0
389,0,1,1280,1280,256,256,0,0,36,4,80,64,"void at::native::vectorized_elementwise_kernel<16, at::native::BinaryFunctor<bool, bool, bool, at::native::binary_internal::MulFunctor<bool> >, std::array<char*, 3ul> >(int, at::native::BinaryFunctor<bool, bool, bool, at::native::binary_internal::MulFunctor<bool> >, std::array<char*, 3ul>)",12735906674820,12735906677305,390,840,68369.0,120925.0,0.0,0.0,3813.0,0.0,3.0,0.0,9160.0,9160.0,2.0,3.0,0.0,88.0,88.0,0.0,0.0,0.0,9.0,0.0
390,0,1,1280,1280,256,256,0,0,24,0,32,64,"void at::native::vectorized_elementwise_kernel<8, at::native::AUnaryFunctor<c10::Half, c10::Half, bool, at::native::(anonymous namespace)::CompareEqFunctor<c10::Half> >, std::array<char*, 2ul> >(int, at::native::AUnaryFunctor<c10::Half, c10::Half, bool, at::native::(anonymous namespace)::CompareEqFunctor<c10::Half> >, std::array<char*, 2ul>)",12735907042374,12735907045300,391,778,63961.0,128407.0,0.0,0.0,4693.0,0.0,2.0,0.0,4536.0,4536.0,1.0,2.0,0.0,76.0,76.0,0.0,0.0,0.0,6.0,0.0
391,0,1,1280,1280,256,256,0,0,36,4,80,64,"void at::native::vectorized_elementwise_kernel<16, at::native::BinaryFunctor<bool, bool, bool, at::native::BitwiseAndFunctor<bool> >, std::array<char*, 3ul> >(int, at::native::BinaryFunctor<bool, bool, bool, at::native::BitwiseAndFunctor<bool> >, std::array<char*, 3ul>)",12735936331489,12735936334015,392,1096,61753.0,114408.0,0.0,0.0,3985.0,0.0,3.0,0.0,13466.0,13466.0,2.0,3.0,0.0,73.0,73.0,0.0,0.0,0.0,9.0,0.0
392,0,1,1280,1280,256,256,512,0,8,0,32,64,"void rocprim::ROCPRIM_400001_NS::detail::block_reduce_kernel<true, false, 16u, rocprim::ROCPRIM_400001_NS::detail::wrapped_reduce_config<rocprim::ROCPRIM_400001_NS::default_config, int>, int, hipcub::HIPCUB_400000_NS::TransformInputIterator<bool, at::native::(anonymous namespace)::NonZeroOp<bool>, bool const*, long>, int*, int, hipcub::HIPCUB_400000_NS::detail::convert_binary_result_type_wrapper<hipcub::HIPCUB_400000_NS::Sum, hipcub::HIPCUB_400000_NS::TransformInputIterator<bool, at::native::(anonymous namespace)::NonZeroOp<bool>, bool const*, long>, int> >(hipcub::HIPCUB_400000_NS::TransformInputIterator<bool, at::native::(anonymous namespace)::NonZeroOp<bool>, bool const*, long>, unsigned long, int*, int, hipcub::HIPCUB_400000_NS::detail::convert_binary_result_type_wrapper<hipcub::HIPCUB_400000_NS::Sum, hipcub::HIPCUB_400000_NS::TransformInputIterator<bool, at::native::(anonymous namespace)::NonZeroOp<bool>, bool const*, long>, int>)",12735972216645,12735972219011,393,1377,62345.0,119506.0,1.0,0.0,3521.0,0.0,2.0,0.0,9024.0,9024.0,1.0,2.0,0.0,30.0,30.0,0.0,0.0,0.0,4.0,0.0
393,0,1,1280,1280,512,512,0,0,16,0,32,64,__amd_rocclr_copyBuffer,12735972609857,12735972614708,394,21,106210.0,240560.0,0.0,0.0,7473.0,0.0,8.0,0.0,0.0,0.0,4.0,8.0,0.0,42.0,42.0,0.0,0.0,0.0,8.0,0.0
394,0,1,1280,1280,256,256,0,0,12,4,48,64,__amd_rocclr_fillBufferAligned,12735972981220,12735972982903,395,26,53402.0,108363.0,0.0,0.0,2177.0,0.0,2.0,0.0,0.0,0.0,1.0,2.0,0.0,29.0,29.0,0.0,0.0,0.0,2.0,0.0
395,0,1,1280,1280,256,256,0,0,12,4,48,64,__amd_rocclr_fillBufferAligned,12735973347250,12735973348934,396,26,62239.0,112276.0,0.0,0.0,2169.0,0.0,2.0,0.0,0.0,0.0,1.0,2.0,0.0,45.0,45.0,0.0,0.0,0.0,2.0,0.0
396,0,1,1280,1280,256,256,0,0,8,0,16,64,"void rocprim::ROCPRIM_400001_NS::detail::init_lookback_scan_state_kernel<rocprim::ROCPRIM_400001_NS::detail::lookback_scan_state<unsigned int, false, true> const>(rocprim::ROCPRIM_400001_NS::detail::lookback_scan_state<unsigned int, false, true> const, unsigned int, unsigned int, rocprim::ROCPRIM_400001_NS::detail::lookback_scan_state<unsigned int, false, true> const::value_type*)",12735977794082,12735977795967,397,1681,62652.0,129768.0,0.0,0.0,2557.0,0.0,2.0,0.0,6320.0,6320.0,0.0,2.0,0.0,44.0,44.0,0.0,0.0,0.0,17.0,0.0
397,0,1,1280,1280,512,512,29184,0,52,52,112,64,"void rocprim::ROCPRIM_400001_NS::detail::partition_kernel<(rocprim::ROCPRIM_400001_NS::detail::select_method)0, true, rocprim::ROCPRIM_400001_NS::detail::wrapped_partition_config<rocprim::ROCPRIM_400001_NS::default_config, (rocprim::ROCPRIM_400001_NS::detail::partition_subalgo)5, long, rocprim::ROCPRIM_400001_NS::empty_type>, hipcub::HIPCUB_400000_NS::CountingInputIterator<long, long>, rocprim::ROCPRIM_400001_NS::empty_type*, hipcub::HIPCUB_400000_NS::TransformInputIterator<bool, at::native::(anonymous namespace)::NonZeroOp<bool>, bool const*, long>, rocprim::ROCPRIM_400001_NS::tuple<long*, rocprim::ROCPRIM_400001_NS::empty_type>, rocprim::ROCPRIM_400001_NS::tuple<rocprim::ROCPRIM_400001_NS::empty_type*, rocprim::ROCPRIM_400001_NS::empty_type*>, rocprim::ROCPRIM_400001_NS::empty_type, rocprim::ROCPRIM_400001_NS::detail::lookback_scan_state<unsigned int, false, true>, rocprim::ROCPRIM_400001_NS::detail::block_id_wrapper<unsigned int, false>, rocprim::ROCPRIM_400001_NS::empty_type>(hipcub::HIPCUB_400000_NS::CountingInputIterator<long, long>, rocprim::ROCPRIM_400001_NS::empty_type*, hipcub::HIPCUB_400000_NS::TransformInputIterator<bool, at::native::(anonymous namespace)::NonZeroOp<bool>, bool const*, long>, rocprim::ROCPRIM_400001_NS::tuple<long*, rocprim::ROCPRIM_400001_NS::empty_type>, rocprim::ROCPRIM_400001_NS::tuple<rocprim::ROCPRIM_400001_NS::empty_type*, rocprim::ROCPRIM_400001_NS::empty_type*>, unsigned long*, unsigned long*, unsigned long, unsigned long, rocprim::ROCPRIM_400001_NS::empty_type, rocprim::ROCPRIM_400001_NS::detail::lookback_scan_state<unsigned int, false, true>, unsigned int, rocprim::ROCPRIM_400001_NS::detail::vsmem_t, rocprim::ROCPRIM_400001_NS::detail::block_id_wrapper<unsigned int, false>, rocprim::ROCPRIM_400001_NS::empty_type)",12735978159592,12735978163882,398,1375,62708.0,139896.0,16.0,0.0,7257.0,0.0,10.0,0.0,31290.0,31290.0,1.0,10.0,0.0,86.0,86.0,0.0,0.0,0.0,27.0,0.0
398,0,1,1280,1280,256,256,0,0,8,0,32,64,"void rocprim::ROCPRIM_400001_NS::detail::transform_kernel<true, rocprim::ROCPRIM_400001_NS::detail::wrapped_transform_config<rocprim::ROCPRIM_400001_NS::default_config, unsigned long, true>, unsigned long, unsigned long*, int*, rocprim::ROCPRIM_400001_NS::identity<void> >(unsigned long*, unsigned long, int*, rocprim::ROCPRIM_400001_NS::identity<void>)",12735978525382,12735978527146,399,1647,57687.0,103106.0,0.0,0.0,2237.0,0.0,2.0,0.0,11200.0,11200.0,1.0,2.0,0.0,23.0,23.0,0.0,0.0,0.0,2.0,0.0
399,0,1,1280,1280,128,128,0,0,16,0,80,64,"void at::native::index_elementwise_kernel<128, 4, at::native::gpu_index_kernel<at::native::index_kernel_impl<at::native::OpaqueType<2> >(at::TensorIteratorBase&, c10::ArrayRef<long>, c10::ArrayRef<long>)::{lambda(char*, char const*, long)#1}>(at::TensorIteratorBase&, c10::ArrayRef<long>, c10::ArrayRef<long>, at::native::index_kernel_impl<at::native::OpaqueType<2> >(at::TensorIteratorBase&, c10::ArrayRef<long>, c10::ArrayRef<long>)::{lambda(char*, char const*, long)#1} const&, bool)::{lambda(int)#1}>(long, at::native::gpu_index_kernel<at::native::index_kernel_impl<at::native::OpaqueType<2> >(at::TensorIteratorBase&, c10::ArrayRef<long>, c10::ArrayRef<long>)::{lambda(char*, char const*, long)#1}>(at::TensorIteratorBase&, c10::ArrayRef<long>, c10::ArrayRef<long>, at::native::index_kernel_impl<at::native::OpaqueType<2> >(at::TensorIteratorBase&, c10::ArrayRef<long>, c10::ArrayRef<long>)::{lambda(char*, char const*, long)#1} const&, bool)::{lambda(int)#1})",12736011109080,12736011111726,400,1771,62830.0,132415.0,3.0,0.0,4005.0,0.0,3.0,0.0,6758.0,6758.0,2.0,3.0,0.0,75.0,75.0,0.0,0.0,0.0,15.0,0.0
400,0,1,1280,1280,256,256,0,0,24,0,32,64,"void at::native::vectorized_elementwise_kernel<8, at::native::AbsFunctor<c10::Half>, std::array<char*, 2ul> >(int, at::native::AbsFunctor<c10::Half>, std::array<char*, 2ul>)",12736011477797,12736011479962,401,462,54896.0,99328.0,0.0,0.0,3161.0,0.0,2.0,0.0,7252.0,7252.0,1.0,2.0,0.0,42.0,42.0,0.0,0.0,0.0,6.0,0.0
401,0,1,1280,1280,128,128,0,0,20,4,64,64,"void at::native::elementwise_kernel_manual_unroll<128, 4, at::native::gpu_kernel_impl<at::native::direct_copy_kernel_cuda(at::TensorIteratorBase&)::{lambda()#3}::operator()() const::{lambda()#6}::operator()() const::{lambda(double)#1}>(at::TensorIteratorBase&, at::native::direct_copy_kernel_cuda(at::TensorIteratorBase&)::{lambda()#3}::operator()() const::{lambda()#6}::operator()() const::{lambda(double)#1} const&)::{lambda(int, bool)#1}>(int, at::native::gpu_kernel_impl<at::native::direct_copy_kernel_cuda(at::TensorIteratorBase&)::{lambda()#3}::operator()() const::{lambda()#6}::operator()() const::{lambda(double)#1}>(at::TensorIteratorBase&, at::native::direct_copy_kernel_cuda(at::TensorIteratorBase&)::{lambda()#3}::operator()() const::{lambda()#6}::operator()() const::{lambda(double)#1} const&)::{lambda(int, bool)#1})",12736048275824,12736048278951,402,1935,63586.0,129685.0,0.0,0.0,5127.0,0.0,4.0,0.0,5340.0,5340.0,3.0,4.0,0.0,179.0,179.0,0.0,0.0,0.0,44.0,0.0
402,0,1,1280,1280,32,32,512,0,32,0,80,64,"void at::native::reduce_kernel<512, 1, at::native::ReduceOp<double, at::native::func_wrapper_t<double, at::native::MinNanFunctor<double> >, unsigned int, double, 4, 4> >(at::native::ReduceOp<double, at::native::func_wrapper_t<double, at::native::MinNanFunctor<double> >, unsigned int, double, 4, 4>)",12736058320298,12736058324348,403,2254,66733.0,154603.0,8.0,0.0,6925.0,0.0,3.0,0.0,6604.0,6604.0,2.0,3.0,0.0,120.0,120.0,0.0,0.0,0.0,10.0,0.0
403,0,1,1280,1280,32,32,512,0,32,0,80,64,"void at::native::reduce_kernel<512, 1, at::native::ReduceOp<double, at::native::func_wrapper_t<double, at::native::MaxNanFunctor<double> >, unsigned int, double, 4, 4> >(at::native::ReduceOp<double, at::native::func_wrapper_t<double, at::native::MaxNanFunctor<double> >, unsigned int, double, 4, 4>)",12736068673364,12736068677533,404,2315,68279.0,151506.0,8.0,0.0,7109.0,0.0,3.0,0.0,7014.0,7014.0,2.0,3.0,0.0,120.0,120.0,0.0,0.0,0.0,10.0,0.0
404,0,1,1280,1280,256,256,0,0,24,0,32,64,"void at::native::vectorized_elementwise_kernel<8, at::native::ceil_kernel_cuda(at::TensorIteratorBase&)::{lambda()#1}::operator()() const::{lambda()#3}::operator()() const::{lambda(c10::Half)#1}, std::array<char*, 2ul> >(int, at::native::ceil_kernel_cuda(at::TensorIteratorBase&)::{lambda()#1}::operator()() const::{lambda()#3}::operator()() const::{lambda(c10::Half)#1}, std::array<char*, 2ul>)",12736098829100,12736098831546,405,2499,60925.0,114466.0,0.0,0.0,3329.0,0.0,2.0,0.0,8852.0,8852.0,1.0,2.0,0.0,43.0,43.0,0.0,0.0,0.0,2.0,0.0
405,0,1,1280,1280,256,256,0,0,40,0,32,64,"void at::native::vectorized_elementwise_kernel<8, at::native::BinaryFunctor<c10::Half, c10::Half, bool, at::native::(anonymous namespace)::CompareEqFunctor<c10::Half> >, std::array<char*, 3ul> >(int, at::native::BinaryFunctor<c10::Half, c10::Half, bool, at::native::(anonymous namespace)::CompareEqFunctor<c10::Half> >, std::array<char*, 3ul>)",12736099198057,12736099200703,406,756,60359.0,119717.0,0.0,0.0,3756.0,0.0,3.0,0.0,14778.0,14778.0,2.0,3.0,0.0,64.0,64.0,0.0,0.0,0.0,3.0,0.0
406,0,1,1280,1280,512,512,0,0,16,0,32,64,__amd_rocclr_copyBuffer,12736099565612,12736099568578,407,21,98759.0,208987.0,0.0,0.0,3837.0,0.0,2.0,0.0,0.0,0.0,1.0,2.0,0.0,26.0,26.0,0.0,0.0,0.0,2.0,0.0
407,0,1,1280,1280,256,256,0,0,76,4,32,64,"void at::native::vectorized_elementwise_kernel<4, at::native::BinaryFunctor<double, double, double, at::native::binary_internal::DivFunctor<double> >, std::array<char*, 3ul> >(int, at::native::BinaryFunctor<double, double, double, at::native::binary_internal::DivFunctor<double> >, std::array<char*, 3ul>)",12736127812922,12736127815568,408,2722,64388.0,129855.0,0.0,0.0,3873.0,0.0,3.0,0.0,10008.0,10008.0,2.0,3.0,0.0,65.0,65.0,0.0,0.0,0.0,3.0,0.0
408,0,1,1280,1280,256,256,0,0,40,0,64,64,"void at::native::vectorized_elementwise_kernel<4, at::native::compare_scalar_kernel<double>(at::TensorIteratorBase&, at::native::(anonymous namespace)::OpType, double)::{lambda(double)#1}, std::array<char*, 2ul> >(int, at::native::compare_scalar_kernel<double>(at::TensorIteratorBase&, at::native::(anonymous namespace)::OpType, double)::{lambda(double)#1}, std::array<char*, 2ul>)",12736146474585,12736146477993,409,2942,65582.0,135509.0,0.0,0.0,5262.0,0.0,2.0,0.0,19172.0,19172.0,1.0,2.0,0.0,92.0,92.0,0.0,0.0,0.0,2.0,0.0
409,0,1,1280,1280,512,512,0,0,16,0,32,64,__amd_rocclr_copyBuffer,12736146843623,12736146846189,410,21,94876.0,188764.0,0.0,0.0,2929.0,0.0,2.0,0.0,0.0,0.0,1.0,2.0,0.0,24.0,24.0,0.0,0.0,0.0,2.0,0.0
410,0,1,1280,1280,256,256,0,0,40,0,64,64,"void at::native::vectorized_elementwise_kernel<4, at::native::compare_scalar_kernel<double>(at::TensorIteratorBase&, at::native::(anonymous namespace)::OpType, double)::{lambda(double)#1}, std::array<char*, 2ul> >(int, at::native::compare_scalar_kernel<double>(at::TensorIteratorBase&, at::native::(anonymous namespace)::OpType, double)::{lambda(double)#1}, std::array<char*, 2ul>)",12736147209934,12736147213222,411,2942,58357.0,127430.0,0.0,0.0,5169.0,0.0,2.0,0.0,19180.0,19180.0,1.0,2.0,0.0,92.0,92.0,0.0,0.0,0.0,2.0,0.0
411,0,1,1280,1280,512,512,0,0,16,0,32,64,__amd_rocclr_copyBuffer,12736147576165,12736147578811,412,21,96030.0,206044.0,0.0,0.0,2953.0,0.0,2.0,0.0,0.0,0.0,1.0,2.0,0.0,24.0,24.0,0.0,0.0,0.0,2.0,0.0
412,0,1,1280,1280,256,256,0,0,40,0,64,64,"void at::native::vectorized_elementwise_kernel<4, at::native::compare_scalar_kernel<double>(at::TensorIteratorBase&, at::native::(anonymous namespace)::OpType, double)::{lambda(double)#1}, std::array<char*, 2ul> >(int, at::native::compare_scalar_kernel<double>(at::TensorIteratorBase&, at::native::(anonymous namespace)::OpType, double)::{lambda(double)#1}, std::array<char*, 2ul>)",12736147943439,12736147946806,413,2942,59840.0,128496.0,0.0,0.0,5363.0,0.0,2.0,0.0,18540.0,18540.0,1.0,2.0,0.0,92.0,92.0,0.0,0.0,0.0,2.0,0.0
413,0,1,1280,1280,512,512,0,0,16,0,32,64,__amd_rocclr_copyBuffer,12736148312757,12736148315323,414,21,94863.0,192193.0,0.0,0.0,2889.0,0.0,2.0,0.0,0.0,0.0,1.0,2.0,0.0,24.0,24.0,0.0,0.0,0.0,2.0,0.0
414,0,1,1280,1280,512,512,0,0,16,0,32,64,__amd_rocclr_copyBuffer,12736148686365,12736148689853,415,21,97713.0,210490.0,0.0,0.0,4825.0,0.0,4.0,0.0,0.0,0.0,2.0,4.0,0.0,26.0,26.0,0.0,0.0,0.0,4.0,0.0
415,0,1,1280,1280,1024,1024,0,0,16,0,32,64,__amd_rocclr_copyBuffer,12736149054240,12736149057367,416,21,94855.0,198787.0,0.0,0.0,4129.0,0.0,4.0,0.0,0.0,0.0,2.0,4.0,0.0,24.0,24.0,0.0,0.0,0.0,4.0,0.0
416,0,1,1280,1280,1024,1024,0,0,16,0,32,64,__amd_rocclr_copyBuffer,12736149420912,12736149424761,417,21,105430.0,212324.0,0.0,0.0,4017.0,0.0,4.0,0.0,0.0,0.0,2.0,4.0,0.0,24.0,24.0,0.0,0.0,0.0,4.0,0.0
417,0,1,1280,1280,1024,1024,0,0,16,0,32,64,__amd_rocclr_copyBuffer,12736149792796,12736149795763,418,21,95608.0,203375.0,0.0,0.0,3745.0,0.0,4.0,0.0,0.0,0.0,2.0,4.0,0.0,24.0,24.0,0.0,0.0,0.0,4.0,0.0
418,0,1,1280,1280,1024,1024,0,0,16,0,32,64,__amd_rocclr_copyBuffer,12736150161593,12736150164680,419,21,97439.0,205635.0,0.0,0.0,3909.0,0.0,4.0,0.0,0.0,0.0,2.0,4.0,0.0,24.0,24.0,0.0,0.0,0.0,4.0,0.0
419,0,1,1280,1280,1024,1024,0,0,16,0,32,64,__amd_rocclr_copyBuffer,12736150529949,12736150533437,420,21,101162.0,213686.0,0.0,0.0,3737.0,0.0,4.0,0.0,0.0,0.0,2.0,4.0,0.0,24.0,24.0,0.0,0.0,0.0,4.0,0.0
420,0,1,1280,1280,1024,1024,0,0,16,0,32,64,__amd_rocclr_copyBuffer,12736150898105,12736150901111,421,21,96984.0,198615.0,0.0,0.0,3873.0,0.0,4.0,0.0,0.0,0.0,2.0,4.0,0.0,24.0,24.0,0.0,0.0,0.0,4.0,0.0
421,0,1,1280,1280,1024,1024,0,0,16,0,32,64,__amd_rocclr_copyBuffer,12736151266300,12736151269427,422,21,97145.0,204915.0,0.0,0.0,3993.0,0.0,4.0,0.0,0.0,0.0,2.0,4.0,0.0,24.0,24.0,0.0,0.0,0.0,4.0,0.0
422,0,1,1280,1280,512,512,0,0,16,0,32,64,__amd_rocclr_copyBuffer,12736151632852,12736151635899,423,21,101777.0,213086.0,0.0,0.0,3929.0,0.0,4.0,0.0,0.0,0.0,2.0,4.0,0.0,24.0,24.0,0.0,0.0,0.0,4.0,0.0
423,0,1,1280,1280,1024,1024,0,0,16,0,32,64,__amd_rocclr_copyBuffer,12736152000807,12736152003975,424,21,95289.0,203629.0,0.0,0.0,4061.0,0.0,4.0,0.0,0.0,0.0,2.0,4.0,0.0,24.0,24.0,0.0,0.0,0.0,4.0,0.0
424,0,1,1280,1280,1024,1024,0,0,16,0,32,64,__amd_rocclr_copyBuffer,12736152371408,12736152377743,425,21,129281.0,257436.0,0.0,0.0,4077.0,0.0,4.0,0.0,0.0,0.0,2.0,4.0,0.0,24.0,24.0,0.0,0.0,0.0,4.0,0.0
425,0,1,1280,1280,1024,1024,0,0,16,0,32,64,__amd_rocclr_copyBuffer,12736152743212,12736152746259,426,21,99805.0,207210.0,0.0,0.0,3777.0,0.0,4.0,0.0,0.0,0.0,2.0,4.0,0.0,24.0,24.0,0.0,0.0,0.0,4.0,0.0
426,0,1,1280,1280,1024,1024,0,0,16,0,32,64,__amd_rocclr_copyBuffer,12736153112009,12736153114976,427,21,95500.0,201319.0,0.0,0.0,3829.0,0.0,4.0,0.0,0.0,0.0,2.0,4.0,0.0,24.0,24.0,0.0,0.0,0.0,4.0,0.0
427,0,1,1280,1280,1024,1024,0,0,16,0,32,64,__amd_rocclr_copyBuffer,12736153480005,12736153483132,428,21,98087.0,205315.0,0.0,0.0,4073.0,0.0,4.0,0.0,0.0,0.0,2.0,4.0,0.0,24.0,24.0,0.0,0.0,0.0,4.0,0.0
428,0,1,1280,1280,1024,1024,0,0,16,0,32,64,__amd_rocclr_copyBuffer,12736153846957,12736153849964,429,21,98373.0,205200.0,0.0,0.0,3861.0,0.0,4.0,0.0,0.0,0.0,2.0,4.0,0.0,24.0,24.0,0.0,0.0,0.0,4.0,0.0
429,0,1,1280,1280,1024,1024,0,0,16,0,32,64,__amd_rocclr_copyBuffer,12736154213630,12736154216676,430,21,96942.0,201724.0,0.0,0.0,3817.0,0.0,4.0,0.0,0.0,0.0,2.0,4.0,0.0,24.0,24.0,0.0,0.0,0.0,4.0,0.0
430,0,1,1280,1280,512,512,0,0,16,0,32,64,__amd_rocclr_copyBuffer,12736154580222,12736154583188,431,21,95485.0,196515.0,0.0,0.0,3785.0,0.0,4.0,0.0,0.0,0.0,2.0,4.0,0.0,24.0,24.0,0.0,0.0,0.0,4.0,0.0
431,0,1,1280,1280,1024,1024,0,0,16,0,32,64,__amd_rocclr_copyBuffer,12736154946934,12736154949901,432,21,95220.0,197874.0,0.0,0.0,3781.0,0.0,4.0,0.0,0.0,0.0,2.0,4.0,0.0,24.0,24.0,0.0,0.0,0.0,4.0,0.0
432,0,1,1280,1280,1024,1024,0,0,16,0,32,64,__amd_rocclr_copyBuffer,12736155313365,12736155316412,433,21,97468.0,201471.0,0.0,0.0,3813.0,0.0,4.0,0.0,0.0,0.0,2.0,4.0,0.0,24.0,24.0,0.0,0.0,0.0,4.0,0.0
433,0,1,1280,1280,1024,1024,0,0,16,0,32,64,__amd_rocclr_copyBuffer,12736155685570,12736155688617,434,21,95056.0,195559.0,0.0,0.0,3861.0,0.0,4.0,0.0,0.0,0.0,2.0,4.0,0.0,24.0,24.0,0.0,0.0,0.0,4.0,0.0
434,0,1,1280,1280,1024,1024,0,0,16,0,32,64,__amd_rocclr_copyBuffer,12736156053886,12736156056853,435,21,98882.0,208078.0,0.0,0.0,3685.0,0.0,4.0,0.0,0.0,0.0,2.0,4.0,0.0,24.0,24.0,0.0,0.0,0.0,4.0,0.0
435,0,1,1280,1280,1024,1024,0,0,16,0,32,64,__amd_rocclr_copyBuffer,12736156422443,12736156425449,436,21,98448.0,212184.0,0.0,0.0,3797.0,0.0,4.0,0.0,0.0,0.0,2.0,4.0,0.0,24.0,24.0,0.0,0.0,0.0,4.0,0.0
436,0,1,1280,1280,1024,1024,0,0,16,0,32,64,__amd_rocclr_copyBuffer,12736156789596,12736156792723,437,21,96171.0,201117.0,0.0,0.0,4029.0,0.0,4.0,0.0,0.0,0.0,2.0,4.0,0.0,24.0,24.0,0.0,0.0,0.0,4.0,0.0
437,0,1,1280,1280,1024,1024,0,0,16,0,32,64,__amd_rocclr_copyBuffer,12736157158112,12736157161079,438,21,97054.0,200292.0,0.0,0.0,3669.0,0.0,4.0,0.0,0.0,0.0,2.0,4.0,0.0,24.0,24.0,0.0,0.0,0.0,4.0,0.0
438,0,1,1280,1280,512,512,0,0,16,0,32,64,__amd_rocclr_copyBuffer,12736157526909,12736157529956,439,21,100067.0,206917.0,0.0,0.0,3789.0,0.0,4.0,0.0,0.0,0.0,2.0,4.0,0.0,24.0,24.0,0.0,0.0,0.0,4.0,0.0
439,0,1,1280,1280,1024,1024,0,0,16,0,32,64,__amd_rocclr_copyBuffer,12736157894343,12736157897470,440,21,95081.0,197961.0,0.0,0.0,4041.0,0.0,4.0,0.0,0.0,0.0,2.0,4.0,0.0,24.0,24.0,0.0,0.0,0.0,4.0,0.0
440,0,1,1280,1280,1024,1024,0,0,16,0,32,64,__amd_rocclr_copyBuffer,12736158262338,12736158265305,441,21,99298.0,208381.0,0.0,0.0,3837.0,0.0,4.0,0.0,0.0,0.0,2.0,4.0,0.0,24.0,24.0,0.0,0.0,0.0,4.0,0.0
441,0,1,1280,1280,1024,1024,0,0,16,0,32,64,__amd_rocclr_copyBuffer,12736158629452,12736158632418,442,21,97044.0,203277.0,0.0,0.0,3665.0,0.0,4.0,0.0,0.0,0.0,2.0,4.0,0.0,24.0,24.0,0.0,0.0,0.0,4.0,0.0
442,0,1,1280,1280,1024,1024,0,0,16,0,32,64,__amd_rocclr_copyBuffer,12736158996324,12736158999371,443,21,94850.0,202275.0,0.0,0.0,3825.0,0.0,4.0,0.0,0.0,0.0,2.0,4.0,0.0,24.0,24.0,0.0,0.0,0.0,4.0,0.0
443,0,1,1280,1280,1024,1024,0,0,16,0,32,64,__amd_rocclr_copyBuffer,12736159364961,12736159368008,444,21,95463.0,210423.0,0.0,0.0,3837.0,0.0,4.0,0.0,0.0,0.0,2.0,4.0,0.0,24.0,24.0,0.0,0.0,0.0,4.0,0.0
444,0,1,1280,1280,1024,1024,0,0,16,0,32,64,__amd_rocclr_copyBuffer,12736159735923,12736159738970,445,21,97231.0,205182.0,0.0,0.0,3977.0,0.0,4.0,0.0,0.0,0.0,2.0,4.0,0.0,24.0,24.0,0.0,0.0,0.0,4.0,0.0
445,0,1,1280,1280,1024,1024,0,0,16,0,32,64,__amd_rocclr_copyBuffer,12736160104119,12736160107045,446,21,95620.0,206612.0,0.0,0.0,3717.0,0.0,4.0,0.0,0.0,0.0,2.0,4.0,0.0,24.0,24.0,0.0,0.0,0.0,4.0,0.0
446,0,1,1280,1280,512,512,0,0,16,0,32,64,__amd_rocclr_copyBuffer,12736160473116,12736160476083,447,21,99067.0,212243.0,0.0,0.0,3629.0,0.0,4.0,0.0,0.0,0.0,2.0,4.0,0.0,24.0,24.0,0.0,0.0,0.0,4.0,0.0
447,0,1,1280,1280,1024,1024,0,0,16,0,32,64,__amd_rocclr_copyBuffer,12736160839788,12736160842755,448,21,96538.0,208709.0,0.0,0.0,3757.0,0.0,4.0,0.0,0.0,0.0,2.0,4.0,0.0,24.0,24.0,0.0,0.0,0.0,4.0,0.0
448,0,1,1280,1280,1024,1024,0,0,16,0,32,64,__amd_rocclr_copyBuffer,12736161207864,12736161210910,449,21,97404.0,204227.0,0.0,0.0,3917.0,0.0,4.0,0.0,0.0,0.0,2.0,4.0,0.0,24.0,24.0,0.0,0.0,0.0,4.0,0.0
449,0,1,1280,1280,1024,1024,0,0,16,0,32,64,__amd_rocclr_copyBuffer,12736161577382,12736161580349,450,21,98646.0,208500.0,0.0,0.0,3621.0,0.0,4.0,0.0,0.0,0.0,2.0,4.0,0.0,24.0,24.0,0.0,0.0,0.0,4.0,0.0
450,0,1,1280,1280,512,512,0,0,16,0,32,64,__amd_rocclr_copyBuffer,12736161942611,12736161947663,451,21,103128.0,234795.0,0.0,0.0,7957.0,0.0,12.0,0.0,0.0,0.0,6.0,12.0,0.0,24.0,24.0,0.0,0.0,0.0,12.0,0.0
451,0,1,1280,1280,512,512,0,0,16,0,32,64,__amd_rocclr_copyBuffer,12736162312851,12736162315297,452,21,97194.0,201334.0,0.0,0.0,2697.0,0.0,2.0,0.0,0.0,0.0,1.0,2.0,0.0,24.0,24.0,0.0,0.0,0.0,2.0,0.0
452,0,1,1280,1280,512,512,0,0,16,0,32,64,__amd_rocclr_copyBuffer,12736162679844,12736162682330,453,21,96520.0,192743.0,0.0,0.0,2765.0,0.0,2.0,0.0,0.0,0.0,1.0,2.0,0.0,24.0,24.0,0.0,0.0,0.0,2.0,0.0
453,0,1,1280,1280,512,512,0,0,16,0,32,64,__amd_rocclr_copyBuffer,12736163050806,12736163053292,454,21,96928.0,200093.0,0.0,0.0,2689.0,0.0,2.0,0.0,0.0,0.0,1.0,2.0,0.0,24.0,24.0,0.0,0.0,0.0,2.0,0.0
454,0,1,1280,1280,1024,1024,0,0,16,0,32,64,__amd_rocclr_copyBuffer,12736163423693,12736163427020,455,21,97065.0,201405.0,0.0,0.0,4397.0,0.0,6.0,0.0,0.0,0.0,3.0,6.0,0.0,24.0,24.0,0.0,0.0,0.0,6.0,0.0
455,0,1,1280,1280,512,512,0,0,16,0,32,64,__amd_rocclr_copyBuffer,12736163795055,12736163797541,456,21,92881.0,189828.0,0.0,0.0,2757.0,0.0,2.0,0.0,0.0,0.0,1.0,2.0,0.0,24.0,24.0,0.0,0.0,0.0,2.0,0.0
456,0,1,1280,1280,512,512,0,0,16,0,32,64,__amd_rocclr_copyBuffer,12736164162489,12736164164975,457,21,96034.0,195669.0,0.0,0.0,2773.0,0.0,2.0,0.0,0.0,0.0,1.0,2.0,0.0,24.0,24.0,0.0,0.0,0.0,2.0,0.0
457,0,1,1280,1280,512,512,0,0,16,0,32,64,__amd_rocclr_copyBuffer,12736164528440,12736164530885,458,21,92249.0,188849.0,0.0,0.0,2769.0,0.0,2.0,0.0,0.0,0.0,1.0,2.0,0.0,24.0,24.0,0.0,0.0,0.0,2.0,0.0
458,0,1,1280,1280,512,512,0,0,16,0,32,64,__amd_rocclr_copyBuffer,12736164894671,12736164899642,459,21,103261.0,239768.0,0.0,0.0,7849.0,0.0,12.0,0.0,0.0,0.0,6.0,12.0,0.0,24.0,24.0,0.0,0.0,0.0,12.0,0.0
459,0,1,1280,1280,512,512,0,0,16,0,32,64,__amd_rocclr_copyBuffer,12736165264871,12736165267317,460,21,93452.0,192809.0,0.0,0.0,2765.0,0.0,2.0,0.0,0.0,0.0,1.0,2.0,0.0,24.0,24.0,0.0,0.0,0.0,2.0,0.0
460,0,1,1280,1280,512,512,0,0,16,0,32,64,__amd_rocclr_copyBuffer,12736165632265,12736165634791,461,21,92497.0,187423.0,0.0,0.0,2853.0,0.0,2.0,0.0,0.0,0.0,1.0,2.0,0.0,24.0,24.0,0.0,0.0,0.0,2.0,0.0
461,0,1,1280,1280,512,512,0,0,16,0,32,64,__amd_rocclr_copyBuffer,12736165999899,12736166002385,462,21,98024.0,204603.0,0.0,0.0,2709.0,0.0,2.0,0.0,0.0,0.0,1.0,2.0,0.0,24.0,24.0,0.0,0.0,0.0,2.0,0.0
462,0,1,1280,1280,1024,1024,0,0,16,0,32,64,__amd_rocclr_copyBuffer,12736166366532,12736166369819,463,21,98467.0,215740.0,0.0,0.0,4425.0,0.0,6.0,0.0,0.0,0.0,3.0,6.0,0.0,24.0,24.0,0.0,0.0,0.0,6.0,0.0
463,0,1,1280,1280,512,512,0,0,16,0,32,64,__amd_rocclr_copyBuffer,12736166732683,12736166735289,464,21,93774.0,196824.0,0.0,0.0,2841.0,0.0,2.0,0.0,0.0,0.0,1.0,2.0,0.0,24.0,24.0,0.0,0.0,0.0,2.0,0.0
464,0,1,1280,1280,512,512,0,0,16,0,32,64,__amd_rocclr_copyBuffer,12736167099355,12736167101921,465,21,95589.0,197055.0,0.0,0.0,2801.0,0.0,2.0,0.0,0.0,0.0,1.0,2.0,0.0,24.0,24.0,0.0,0.0,0.0,2.0,0.0
465,0,1,1280,1280,512,512,0,0,16,0,32,64,__amd_rocclr_copyBuffer,12736167464864,12736167467631,466,21,100755.0,205424.0,0.0,0.0,2729.0,0.0,2.0,0.0,0.0,0.0,1.0,2.0,0.0,24.0,24.0,0.0,0.0,0.0,2.0,0.0
466,0,1,1280,1280,512,512,0,0,16,0,32,64,__amd_rocclr_copyBuffer,12736167835265,12736167840196,467,21,106650.0,232310.0,0.0,0.0,7841.0,0.0,12.0,0.0,0.0,0.0,6.0,12.0,0.0,24.0,24.0,0.0,0.0,0.0,12.0,0.0
467,0,1,1280,1280,512,512,0,0,16,0,32,64,__amd_rocclr_copyBuffer,12736168206628,12736168209073,468,21,95336.0,193672.0,0.0,0.0,2605.0,0.0,2.0,0.0,0.0,0.0,1.0,2.0,0.0,24.0,24.0,0.0,0.0,0.0,2.0,0.0
468,0,1,1280,1280,512,512,0,0,16,0,32,64,__amd_rocclr_copyBuffer,12736168575104,12736168577469,469,21,94667.0,195113.0,0.0,0.0,2505.0,0.0,2.0,0.0,0.0,0.0,1.0,2.0,0.0,24.0,24.0,0.0,0.0,0.0,2.0,0.0
469,0,1,1280,1280,512,512,0,0,16,0,32,64,__amd_rocclr_copyBuffer,12736168941175,12736168943661,470,21,96305.0,196492.0,0.0,0.0,2689.0,0.0,2.0,0.0,0.0,0.0,1.0,2.0,0.0,24.0,24.0,0.0,0.0,0.0,2.0,0.0
470,0,1,1280,1280,1024,1024,0,0,16,0,32,64,__amd_rocclr_copyBuffer,12736169308008,12736169311335,471,21,94061.0,203400.0,0.0,0.0,4537.0,0.0,6.0,0.0,0.0,0.0,3.0,6.0,0.0,24.0,24.0,0.0,0.0,0.0,6.0,0.0
471,0,1,1280,1280,512,512,0,0,16,0,32,64,__amd_rocclr_copyBuffer,12736169678007,12736169680413,472,21,94259.0,190612.0,0.0,0.0,2681.0,0.0,2.0,0.0,0.0,0.0,1.0,2.0,0.0,24.0,24.0,0.0,0.0,0.0,2.0,0.0
472,0,1,1280,1280,512,512,0,0,16,0,32,64,__amd_rocclr_copyBuffer,12736170043116,12736170045602,473,21,93651.0,191925.0,0.0,0.0,2765.0,0.0,2.0,0.0,0.0,0.0,1.0,2.0,0.0,24.0,24.0,0.0,0.0,0.0,2.0,0.0
473,0,1,1280,1280,512,512,0,0,16,0,32,64,__amd_rocclr_copyBuffer,12736170414479,12736170419891,474,21,128829.0,261160.0,0.0,0.0,2641.0,0.0,2.0,0.0,0.0,0.0,1.0,2.0,0.0,24.0,24.0,0.0,0.0,0.0,2.0,0.0
474,0,1,1280,1280,512,512,0,0,16,0,32,64,__amd_rocclr_copyBuffer,12736170784078,12736170789169,475,21,101163.0,236723.0,0.0,0.0,7937.0,0.0,12.0,0.0,0.0,0.0,6.0,12.0,0.0,24.0,24.0,0.0,0.0,0.0,12.0,0.0
475,0,1,1280,1280,512,512,0,0,16,0,32,64,__amd_rocclr_copyBuffer,12736171152754,12736171155320,476,21,95850.0,192253.0,0.0,0.0,2753.0,0.0,2.0,0.0,0.0,0.0,1.0,2.0,0.0,24.0,24.0,0.0,0.0,0.0,2.0,0.0
476,0,1,1280,1280,512,512,0,0,16,0,32,64,__amd_rocclr_copyBuffer,12736171519667,12736171522113,477,21,96144.0,200725.0,0.0,0.0,2717.0,0.0,2.0,0.0,0.0,0.0,1.0,2.0,0.0,24.0,24.0,0.0,0.0,0.0,2.0,0.0
477,0,1,1280,1280,512,512,0,0,16,0,32,64,__amd_rocclr_copyBuffer,12736171889867,12736171892313,478,21,95709.0,194371.0,0.0,0.0,2673.0,0.0,2.0,0.0,0.0,0.0,1.0,2.0,0.0,24.0,24.0,0.0,0.0,0.0,2.0,0.0
478,0,1,1280,1280,1024,1024,0,0,16,0,32,64,__amd_rocclr_copyBuffer,12736172257221,12736172260629,479,21,98760.0,210245.0,0.0,0.0,4665.0,0.0,6.0,0.0,0.0,0.0,3.0,6.0,0.0,24.0,24.0,0.0,0.0,0.0,6.0,0.0
479,0,1,1280,1280,512,512,0,0,16,0,32,64,__amd_rocclr_copyBuffer,12736172624976,12736172627461,480,21,91840.0,191892.0,0.0,0.0,2701.0,0.0,2.0,0.0,0.0,0.0,1.0,2.0,0.0,24.0,24.0,0.0,0.0,0.0,2.0,0.0
480,0,1,1280,1280,512,512,0,0,16,0,32,64,__amd_rocclr_copyBuffer,12736172991046,12736172993532,481,21,96217.0,199410.0,0.0,0.0,2721.0,0.0,2.0,0.0,0.0,0.0,1.0,2.0,0.0,24.0,24.0,0.0,0.0,0.0,2.0,0.0
481,0,1,1280,1280,512,512,0,0,16,0,32,64,__amd_rocclr_copyBuffer,12736173359082,12736173361447,482,21,91124.0,192774.0,0.0,0.0,2645.0,0.0,2.0,0.0,0.0,0.0,1.0,2.0,0.0,24.0,24.0,0.0,0.0,0.0,2.0,0.0
482,0,1,1280,1280,512,512,0,0,16,0,32,64,__amd_rocclr_copyBuffer,12736173724912,12736173729964,483,21,103919.0,239261.0,0.0,0.0,8101.0,0.0,12.0,0.0,0.0,0.0,6.0,12.0,0.0,24.0,24.0,0.0,0.0,0.0,12.0,0.0
483,0,1,1280,1280,512,512,0,0,16,0,32,64,__amd_rocclr_copyBuffer,12736174094431,12736174096916,484,21,97520.0,210594.0,0.0,0.0,2721.0,0.0,2.0,0.0,0.0,0.0,1.0,2.0,0.0,24.0,24.0,0.0,0.0,0.0,2.0,0.0
484,0,1,1280,1280,512,512,0,0,16,0,32,64,__amd_rocclr_copyBuffer,12736174461223,12736174463749,485,21,97571.0,195936.0,0.0,0.0,2785.0,0.0,2.0,0.0,0.0,0.0,1.0,2.0,0.0,24.0,24.0,0.0,0.0,0.0,2.0,0.0
485,0,1,1280,1280,512,512,0,0,16,0,32,64,__amd_rocclr_copyBuffer,12736174831544,12736174833909,486,21,95676.0,196772.0,0.0,0.0,2593.0,0.0,2.0,0.0,0.0,0.0,1.0,2.0,0.0,24.0,24.0,0.0,0.0,0.0,2.0,0.0
486,0,1,1280,1280,1024,1024,0,0,16,0,32,64,__amd_rocclr_copyBuffer,12736175198978,12736175202185,487,21,99241.0,210055.0,0.0,0.0,4269.0,0.0,6.0,0.0,0.0,0.0,3.0,6.0,0.0,24.0,24.0,0.0,0.0,0.0,6.0,0.0
487,0,1,1280,1280,512,512,0,0,16,0,32,64,__amd_rocclr_copyBuffer,12736175567013,12736175569498,488,21,95661.0,195770.0,0.0,0.0,2785.0,0.0,2.0,0.0,0.0,0.0,1.0,2.0,0.0,24.0,24.0,0.0,0.0,0.0,2.0,0.0
488,0,1,1280,1280,512,512,0,0,16,0,32,64,__amd_rocclr_copyBuffer,12736175932723,12736175935209,489,21,95780.0,198542.0,0.0,0.0,2741.0,0.0,2.0,0.0,0.0,0.0,1.0,2.0,0.0,24.0,24.0,0.0,0.0,0.0,2.0,0.0
489,0,1,1280,1280,512,512,0,0,16,0,32,64,__amd_rocclr_copyBuffer,12736176300999,12736176303364,490,21,93363.0,191417.0,0.0,0.0,2597.0,0.0,2.0,0.0,0.0,0.0,1.0,2.0,0.0,24.0,24.0,0.0,0.0,0.0,2.0,0.0
490,0,1,1280,1280,512,512,0,0,16,0,32,64,__amd_rocclr_copyBuffer,12736176669716,12736176674847,491,21,103570.0,237523.0,0.0,0.0,8213.0,0.0,12.0,0.0,0.0,0.0,6.0,12.0,0.0,24.0,24.0,0.0,0.0,0.0,12.0,0.0
491,0,1,1280,1280,512,512,0,0,16,0,32,64,__amd_rocclr_copyBuffer,12736177041559,12736177044045,492,21,93903.0,199347.0,0.0,0.0,2625.0,0.0,2.0,0.0,0.0,0.0,1.0,2.0,0.0,24.0,24.0,0.0,0.0,0.0,2.0,0.0
492,0,1,1280,1280,512,512,0,0,16,0,32,64,__amd_rocclr_copyBuffer,12736177408592,12736177411038,493,21,94861.0,192193.0,0.0,0.0,2633.0,0.0,2.0,0.0,0.0,0.0,1.0,2.0,0.0,24.0,24.0,0.0,0.0,0.0,2.0,0.0
493,0,1,1280,1280,512,512,0,0,16,0,32,64,__amd_rocclr_copyBuffer,12736177780557,12736177783042,494,21,96300.0,196809.0,0.0,0.0,2665.0,0.0,2.0,0.0,0.0,0.0,1.0,2.0,0.0,24.0,24.0,0.0,0.0,0.0,2.0,0.0
494,0,1,1280,1280,1024,1024,0,0,16,0,32,64,__amd_rocclr_copyBuffer,12736178146307,12736178149634,495,21,98231.0,204120.0,0.0,0.0,4633.0,0.0,6.0,0.0,0.0,0.0,3.0,6.0,0.0,24.0,24.0,0.0,0.0,0.0,6.0,0.0
495,0,1,1280,1280,512,512,0,0,16,0,32,64,__amd_rocclr_copyBuffer,12736178513420,12736178515785,496,21,93475.0,196869.0,0.0,0.0,2641.0,0.0,2.0,0.0,0.0,0.0,1.0,2.0,0.0,24.0,24.0,0.0,0.0,0.0,2.0,0.0
496,0,1,1280,1280,512,512,0,0,16,0,32,64,__amd_rocclr_copyBuffer,12736178883861,12736178886346,497,21,96331.0,196010.0,0.0,0.0,2709.0,0.0,2.0,0.0,0.0,0.0,1.0,2.0,0.0,24.0,24.0,0.0,0.0,0.0,2.0,0.0
497,0,1,1280,1280,512,512,0,0,16,0,32,64,__amd_rocclr_copyBuffer,12736179252497,12736179254983,498,21,94319.0,191573.0,0.0,0.0,2609.0,0.0,2.0,0.0,0.0,0.0,1.0,2.0,0.0,24.0,24.0,0.0,0.0,0.0,2.0,0.0
