Dispatch_ID,GPU_ID,Queue_ID,PID,TID,Grid_Size,Workgroup_Size,LDS_Per_Workgroup,Scratch_Per_Workitem,Arch_VGPR,Accum_VGPR,SGPR,Wave_Size,Kernel_Name,Start_Timestamp,End_Timestamp,Correlation_ID,Kernel_ID,CPC_CPC_STAT_BUSY,CPC_CPC_TCIU_BUSY,CPF_CPF_STAT_BUSY,SQC_DCACHE_REQ_READ_4,SQC_ICACHE_MISSES_DUPLICATE,SQ_BUSY_CU_CYCLES,SQ_INSTS_VALU_MFMA_BF16,SQ_INSTS_VALU_TRANS_F64,SQ_INST_LEVEL_VMEM,SQ_ACCUM_PREV_HIRES,SQ_VALU_MFMA_BUSY_CYCLES,TA_BUFFER_TOTAL_CYCLES_sum,TA_FLAT_WAVEFRONTS_sum,TCC_EA0_ATOMIC_LEVEL[0],TCC_EA0_ATOMIC_LEVEL[100],TCC_EA0_ATOMIC_LEVEL[101],TCC_EA0_ATOMIC_LEVEL[102],TCC_EA0_ATOMIC_LEVEL[103],TCC_EA0_ATOMIC_LEVEL[104],TCC_EA0_ATOMIC_LEVEL[105],TCC_EA0_ATOMIC_LEVEL[106],TCC_EA0_ATOMIC_LEVEL[107],TCC_EA0_ATOMIC_LEVEL[108],TCC_EA0_ATOMIC_LEVEL[109],TCC_EA0_ATOMIC_LEVEL[10],TCC_EA0_ATOMIC_LEVEL[110],TCC_EA0_ATOMIC_LEVEL[111],TCC_EA0_ATOMIC_LEVEL[112],TCC_EA0_ATOMIC_LEVEL[113],TCC_EA0_ATOMIC_LEVEL[114],TCC_EA0_ATOMIC_LEVEL[115],TCC_EA0_ATOMIC_LEVEL[116],TCC_EA0_ATOMIC_LEVEL[117],TCC_EA0_ATOMIC_LEVEL[118],TCC_EA0_ATOMIC_LEVEL[119],TCC_EA0_ATOMIC_LEVEL[11],TCC_EA0_ATOMIC_LEVEL[120],TCC_EA0_ATOMIC_LEVEL[121],TCC_EA0_ATOMIC_LEVEL[122],TCC_EA0_ATOMIC_LEVEL[123],TCC_EA0_ATOMIC_LEVEL[124],TCC_EA0_ATOMIC_LEVEL[125],TCC_EA0_ATOMIC_LEVEL[126],TCC_EA0_ATOMIC_LEVEL[127],TCC_EA0_ATOMIC_LEVEL[12],TCC_EA0_ATOMIC_LEVEL[13],TCC_EA0_ATOMIC_LEVEL[14],TCC_EA0_ATOMIC_LEVEL[15],TCC_EA0_ATOMIC_LEVEL[16],TCC_EA0_ATOMIC_LEVEL[17],TCC_EA0_ATOMIC_LEVEL[18],TCC_EA0_ATOMIC_LEVEL[19],TCC_EA0_ATOMIC_LEVEL[1],TCC_EA0_ATOMIC_LEVEL[20],TCC_EA0_ATOMIC_LEVEL[21],TCC_EA0_ATOMIC_LEVEL[22],TCC_EA0_ATOMIC_LEVEL[23],TCC_EA0_ATOMIC_LEVEL[24],TCC_EA0_ATOMIC_LEVEL[25],TCC_EA0_ATOMIC_LEVEL[26],TCC_EA0_ATOMIC_LEVEL[27],TCC_EA0_ATOMIC_LEVEL[28],TCC_EA0_ATOMIC_LEVEL[29],TCC_EA0_ATOMIC_LEVEL[2],TCC_EA0_ATOMIC_LEVEL[30],TCC_EA0_ATOMIC_LEVEL[31],TCC_EA0_ATOMIC_LEVEL[32],TCC_EA0_ATOMIC_LEVEL[33],TCC_EA0_ATOMIC_LEVEL[34],TCC_EA0_ATOMIC_LEVEL[35],TCC_EA0_ATOMIC_LEVEL[36],TCC_EA0_ATOMIC_LEVEL[37],TCC_EA0_ATOMIC_LEVEL[38],TCC_EA0_ATOMIC_LEVEL[39],TCC_EA0_ATOMIC_LEVEL[3],TCC_EA0_ATOMIC_LEVEL[40],TCC_EA0_ATOMIC_LEVEL[41],TCC_EA0_ATOMIC_LEVEL[42],TCC_EA0_ATOMIC_LEVEL[43],TCC_EA0_ATOMIC_LEVEL[44],TCC_EA0_ATOMIC_LEVEL[45],TCC_EA0_ATOMIC_LEVEL[46],TCC_EA0_ATOMIC_LEVEL[47],TCC_EA0_ATOMIC_LEVEL[48],TCC_EA0_ATOMIC_LEVEL[49],TCC_EA0_ATOMIC_LEVEL[4],TCC_EA0_ATOMIC_LEVEL[50],TCC_EA0_ATOMIC_LEVEL[51],TCC_EA0_ATOMIC_LEVEL[52],TCC_EA0_ATOMIC_LEVEL[53],TCC_EA0_ATOMIC_LEVEL[54],TCC_EA0_ATOMIC_LEVEL[55],TCC_EA0_ATOMIC_LEVEL[56],TCC_EA0_ATOMIC_LEVEL[57],TCC_EA0_ATOMIC_LEVEL[58],TCC_EA0_ATOMIC_LEVEL[59],TCC_EA0_ATOMIC_LEVEL[5],TCC_EA0_ATOMIC_LEVEL[60],TCC_EA0_ATOMIC_LEVEL[61],TCC_EA0_ATOMIC_LEVEL[62],TCC_EA0_ATOMIC_LEVEL[63],TCC_EA0_ATOMIC_LEVEL[64],TCC_EA0_ATOMIC_LEVEL[65],TCC_EA0_ATOMIC_LEVEL[66],TCC_EA0_ATOMIC_LEVEL[67],TCC_EA0_ATOMIC_LEVEL[68],TCC_EA0_ATOMIC_LEVEL[69],TCC_EA0_ATOMIC_LEVEL[6],TCC_EA0_ATOMIC_LEVEL[70],TCC_EA0_ATOMIC_LEVEL[71],TCC_EA0_ATOMIC_LEVEL[72],TCC_EA0_ATOMIC_LEVEL[73],TCC_EA0_ATOMIC_LEVEL[74],TCC_EA0_ATOMIC_LEVEL[75],TCC_EA0_ATOMIC_LEVEL[76],TCC_EA0_ATOMIC_LEVEL[77],TCC_EA0_ATOMIC_LEVEL[78],TCC_EA0_ATOMIC_LEVEL[79],TCC_EA0_ATOMIC_LEVEL[7],TCC_EA0_ATOMIC_LEVEL[80],TCC_EA0_ATOMIC_LEVEL[81],TCC_EA0_ATOMIC_LEVEL[82],TCC_EA0_ATOMIC_LEVEL[83],TCC_EA0_ATOMIC_LEVEL[84],TCC_EA0_ATOMIC_LEVEL[85],TCC_EA0_ATOMIC_LEVEL[86],TCC_EA0_ATOMIC_LEVEL[87],TCC_EA0_ATOMIC_LEVEL[88],TCC_EA0_ATOMIC_LEVEL[89],TCC_EA0_ATOMIC_LEVEL[8],TCC_EA0_ATOMIC_LEVEL[90],TCC_EA0_ATOMIC_LEVEL[91],TCC_EA0_ATOMIC_LEVEL[92],TCC_EA0_ATOMIC_LEVEL[93],TCC_EA0_ATOMIC_LEVEL[94],TCC_EA0_ATOMIC_LEVEL[95],TCC_EA0_ATOMIC_LEVEL[96],TCC_EA0_ATOMIC_LEVEL[97],TCC_EA0_ATOMIC_LEVEL[98],TCC_EA0_ATOMIC_LEVEL[99],TCC_EA0_ATOMIC_LEVEL[9],TCC_EA0_ATOMIC_LEVEL_sum,TCC_REQ[0],TCC_REQ[100],TCC_REQ[101],TCC_REQ[102],TCC_REQ[103],TCC_REQ[104],TCC_REQ[105],TCC_REQ[106],TCC_REQ[107],TCC_REQ[108],TCC_REQ[109],TCC_REQ[10],TCC_REQ[110],TCC_REQ[111],TCC_REQ[112],TCC_REQ[113],TCC_REQ[114],TCC_REQ[115],TCC_REQ[116],TCC_REQ[117],TCC_REQ[118],TCC_REQ[119],TCC_REQ[11],TCC_REQ[120],TCC_REQ[121],TCC_REQ[122],TCC_REQ[123],TCC_REQ[124],TCC_REQ[125],TCC_REQ[126],TCC_REQ[127],TCC_REQ[12],TCC_REQ[13],TCC_REQ[14],TCC_REQ[15],TCC_REQ[16],TCC_REQ[17],TCC_REQ[18],TCC_REQ[19],TCC_REQ[1],TCC_REQ[20],TCC_REQ[21],TCC_REQ[22],TCC_REQ[23],TCC_REQ[24],TCC_REQ[25],TCC_REQ[26],TCC_REQ[27],TCC_REQ[28],TCC_REQ[29],TCC_REQ[2],TCC_REQ[30],TCC_REQ[31],TCC_REQ[32],TCC_REQ[33],TCC_REQ[34],TCC_REQ[35],TCC_REQ[36],TCC_REQ[37],TCC_REQ[38],TCC_REQ[39],TCC_REQ[3],TCC_REQ[40],TCC_REQ[41],TCC_REQ[42],TCC_REQ[43],TCC_REQ[44],TCC_REQ[45],TCC_REQ[46],TCC_REQ[47],TCC_REQ[48],TCC_REQ[49],TCC_REQ[4],TCC_REQ[50],TCC_REQ[51],TCC_REQ[52],TCC_REQ[53],TCC_REQ[54],TCC_REQ[55],TCC_REQ[56],TCC_REQ[57],TCC_REQ[58],TCC_REQ[59],TCC_REQ[5],TCC_REQ[60],TCC_REQ[61],TCC_REQ[62],TCC_REQ[63],TCC_REQ[64],TCC_REQ[65],TCC_REQ[66],TCC_REQ[67],TCC_REQ[68],TCC_REQ[69],TCC_REQ[6],TCC_REQ[70],TCC_REQ[71],TCC_REQ[72],TCC_REQ[73],TCC_REQ[74],TCC_REQ[75],TCC_REQ[76],TCC_REQ[77],TCC_REQ[78],TCC_REQ[79],TCC_REQ[7],TCC_REQ[80],TCC_REQ[81],TCC_REQ[82],TCC_REQ[83],TCC_REQ[84],TCC_REQ[85],TCC_REQ[86],TCC_REQ[87],TCC_REQ[88],TCC_REQ[89],TCC_REQ[8],TCC_REQ[90],TCC_REQ[91],TCC_REQ[92],TCC_REQ[93],TCC_REQ[94],TCC_REQ[95],TCC_REQ[96],TCC_REQ[97],TCC_REQ[98],TCC_REQ[99],TCC_REQ[9],TCC_WRITE_sum,TCP_GATE_EN2_sum,TCP_TCC_ATOMIC_WITH_RET_REQ_sum,TCP_TCC_RW_READ_REQ_sum,TCP_TOTAL_ATOMIC_WITH_RET_sum,TD_STORE_WAVEFRONT_sum
0,0,1,1300,1300,622592,256,0,0,56,0,48,64,"void at::native::(anonymous namespace)::distribution_elementwise_grid_stride_kernel<float, 4, at::native::templates::cuda::normal_and_transform<c10::Half, float, at::CUDAGeneratorImpl*, at::native::templates::cuda::normal_kernel<at::CUDAGeneratorImpl*>(at::TensorBase const&, double, double, at::CUDAGeneratorImpl*)::{lambda()#1}::operator()() const::{lambda()#3}::operator()() const::{lambda(float)#1}>(at::TensorIteratorBase&, at::CUDAGeneratorImpl*, at::native::templates::cuda::normal_kernel<at::CUDAGeneratorImpl*>(at::TensorBase const&, double, double, at::CUDAGeneratorImpl*)::{lambda()#1}::operator()() const::{lambda()#3}::operator()() const::{lambda(float)#1})::{lambda(hiprandStatePhilox4_32_10*)#2}, at::native::(anonymous namespace)::distribution_nullary_kernel<c10::Half, float, HIP_vector_type<float, 4u>, at::CUDAGeneratorImpl*, at::native::templates::cuda::normal_and_transform<c10::Half, float, at::CUDAGeneratorImpl*, at::native::templates::cuda::normal_kernel<at::CUDAGeneratorImpl*>(at::TensorBase const&, double, double, at::CUDAGeneratorImpl*)::{lambda()#1}::operator()() const::{lambda()#3}::operator()() const::{lambda(float)#1}>(at::TensorIteratorBase&, at::CUDAGeneratorImpl*, at::native::templates::cuda::normal_kernel<at::CUDAGeneratorImpl*>(at::TensorBase const&, double, double, at::CUDAGeneratorImpl*)::{lambda()#1}::operator()() const::{lambda()#3}::operator()() const::{lambda(float)#1})::{lambda(hiprandStatePhilox4_32_10*)#2}, at::native::templates::cuda::normal_kernel<at::CUDAGeneratorImpl*>(at::TensorBase const&, double, double, at::CUDAGeneratorImpl*)::{lambda()#1}::operator()() const::{lambda()#3}::operator()() const::{lambda(float)#1}>(at::TensorIteratorBase&, at::CUDAGeneratorImpl*, at::native::templates::cuda::normal_and_transform<c10::Half, float, at::CUDAGeneratorImpl*, at::native::templates::cuda::normal_kernel<at::CUDAGeneratorImpl*>(at::TensorBase const&, double, double, at::CUDAGeneratorImpl*)::{lambda()#1}::operator()() const::{lambda()#3}::operator()() const::{lambda(float)#1}>(at::TensorIteratorBase&, at::CUDAGeneratorImpl*, at::native::templates::cuda::normal_kernel<at::CUDAGeneratorImpl*>(at::TensorBase const&, double, double, at::CUDAGeneratorImpl*)::{lambda()#1}::operator()() const::{lambda()#3}::operator()() const::{lambda(float)#1})::{lambda(hiprandStatePhilox4_32_10*)#2} const&, at::native::templates::cuda::normal_kernel<at::CUDAGeneratorImpl*>(at::TensorBase const&, double, double, at::CUDAGeneratorImpl*)::{lambda()#1}::operator()() const::{lambda()#3}::operator()() const::{lambda(float)#1})::{lambda(int, float)#1}>(long, at::PhiloxCudaState, at::native::templates::cuda::normal_and_transform<c10::Half, float, at::CUDAGeneratorImpl*, at::native::templates::cuda::normal_kernel<at::CUDAGeneratorImpl*>(at::TensorBase const&, double, double, at::CUDAGeneratorImpl*)::{lambda()#1}::operator()() const::{lambda()#3}::operator()() const::{lambda(float)#1}>(at::TensorIteratorBase&, at::CUDAGeneratorImpl*, at::native::templates::cuda::normal_kernel<at::CUDAGeneratorImpl*>(at::TensorBase const&, double, double, at::CUDAGeneratorImpl*)::{lambda()#1}::operator()() const::{lambda()#3}::operator()() const::{lambda(float)#1})::{lambda(hiprandStatePhilox4_32_10*)#2}, at::native::(anonymous namespace)::distribution_nullary_kernel<c10::Half, float, HIP_vector_type<float, 4u>, at::CUDAGeneratorImpl*, at::native::templates::cuda::normal_and_transform<c10::Half, float, at::CUDAGeneratorImpl*, at::native::templates::cuda::normal_kernel<at::CUDAGeneratorImpl*>(at::TensorBase const&, double, double, at::CUDAGeneratorImpl*)::{lambda()#1}::operator()() const::{lambda()#3}::operator()() const::{lambda(float)#1}>(at::TensorIteratorBase&, at::CUDAGeneratorImpl*, at::native::templates::cuda::normal_kernel<at::CUDAGeneratorImpl*>(at::TensorBase const&, double, double, at::CUDAGeneratorImpl*)::{lambda()#1}::operator()() const::{lambda()#3}::operator()() const::{lambda(float)#1})::{lambda(hiprandStatePhilox4_32_10*)#2}, at::native::templates::cuda::normal_kernel<at::CUDAGeneratorImpl*>(at::TensorBase const&, double, double, at::CUDAGeneratorImpl*)::{lambda()#1}::operator()() const::{lambda()#3}::operator()() const::{lambda(float)#1}>(at::TensorIteratorBase&, at::CUDAGeneratorImpl*, at::native::templates::cuda::normal_and_transform<c10::Half, float, at::CUDAGeneratorImpl*, at::native::templates::cuda::normal_kernel<at::CUDAGeneratorImpl*>(at::TensorBase const&, double, double, at::CUDAGeneratorImpl*)::{lambda()#1}::operator()() const::{lambda()#3}::operator()() const::{lambda(float)#1}>(at::TensorIteratorBase&, at::CUDAGeneratorImpl*, at::native::templates::cuda::normal_kernel<at::CUDAGeneratorImpl*>(at::TensorBase const&, double, double, at::CUDAGeneratorImpl*)::{lambda()#1}::operator()() const::{lambda()#3}::operator()() const::{lambda(float)#1})::{lambda(hiprandStatePhilox4_32_10*)#2} const&, at::native::templates::cuda::normal_kernel<at::CUDAGeneratorImpl*>(at::TensorBase const&, double, double, at::CUDAGeneratorImpl*)::{lambda()#1}::operator()() const::{lambda()#3}::operator()() const::{lambda(float)#1})::{lambda(int, float)#1})",12739275016030,12739275024851,1,16,267834.0,1810.0,267834.0,19456.0,18551.0,3817846.0,0.0,0.0,4102158.0,4102158.0,0.0,0.0,16384.0,0.0,0.0,0.0,0.0,0.0,0.0,0.0,0.0,0.0,0.0,0.0,0.0,0.0,0.0,0.0,0.0,0.0,0.0,0.0,0.0,0.0,0.0,0.0,0.0,0.0,0.0,0.0,0.0,0.0,0.0,0.0,0.0,0.0,0.0,0.0,0.0,0.0,0.0,0.0,0.0,0.0,0.0,0.0,0.0,0.0,0.0,0.0,0.0,0.0,0.0,0.0,0.0,0.0,0.0,0.0,0.0,0.0,0.0,0.0,0.0,0.0,0.0,0.0,0.0,0.0,0.0,0.0,0.0,0.0,0.0,0.0,0.0,0.0,0.0,0.0,0.0,0.0,0.0,0.0,0.0,0.0,0.0,0.0,0.0,0.0,0.0,0.0,0.0,0.0,0.0,0.0,0.0,0.0,0.0,0.0,0.0,0.0,0.0,0.0,0.0,0.0,0.0,0.0,0.0,0.0,0.0,0.0,0.0,0.0,0.0,0.0,0.0,0.0,0.0,0.0,0.0,0.0,0.0,0.0,0.0,0.0,0.0,0.0,0.0,0.0,0.0,0.0,0.0,0.0,336.0,336.0,376.0,336.0,339.0,336.0,336.0,336.0,336.0,336.0,336.0,336.0,316.0,336.0,336.0,336.0,336.0,336.0,336.0,336.0,316.0,336.0,336.0,337.0,339.0,336.0,336.0,336.0,376.0,336.0,339.0,336.0,376.0,336.0,339.0,337.0,339.0,336.0,336.0,336.0,336.0,376.0,336.0,339.0,336.0,336.0,336.0,336.0,336.0,336.0,336.0,316.0,336.0,336.0,336.0,336.0,336.0,336.0,336.0,316.0,336.0,336.0,337.0,339.0,336.0,336.0,336.0,376.0,336.0,339.0,337.0,339.0,336.0,336.0,336.0,336.0,376.0,336.0,339.0,336.0,336.0,336.0,336.0,336.0,336.0,336.0,316.0,336.0,337.0,339.0,336.0,336.0,336.0,376.0,316.0,336.0,339.0,336.0,336.0,336.0,336.0,336.0,336.0,316.0,336.0,336.0,336.0,336.0,336.0,336.0,336.0,336.0,316.0,336.0,337.0,339.0,337.0,336.0,336.0,336.0,376.0,336.0,339.0,337.0,339.0,336.0,336.0,339.0,32768.0,1122589.0,0.0,0.0,0.0,16384.0
1,0,1,1300,1300,622592,256,0,0,56,0,48,64,"void at::native::(anonymous namespace)::distribution_elementwise_grid_stride_kernel<float, 4, at::native::templates::cuda::normal_and_transform<c10::Half, float, at::CUDAGeneratorImpl*, at::native::templates::cuda::normal_kernel<at::CUDAGeneratorImpl*>(at::TensorBase const&, double, double, at::CUDAGeneratorImpl*)::{lambda()#1}::operator()() const::{lambda()#3}::operator()() const::{lambda(float)#1}>(at::TensorIteratorBase&, at::CUDAGeneratorImpl*, at::native::templates::cuda::normal_kernel<at::CUDAGeneratorImpl*>(at::TensorBase const&, double, double, at::CUDAGeneratorImpl*)::{lambda()#1}::operator()() const::{lambda()#3}::operator()() const::{lambda(float)#1})::{lambda(hiprandStatePhilox4_32_10*)#2}, at::native::(anonymous namespace)::distribution_nullary_kernel<c10::Half, float, HIP_vector_type<float, 4u>, at::CUDAGeneratorImpl*, at::native::templates::cuda::normal_and_transform<c10::Half, float, at::CUDAGeneratorImpl*, at::native::templates::cuda::normal_kernel<at::CUDAGeneratorImpl*>(at::TensorBase const&, double, double, at::CUDAGeneratorImpl*)::{lambda()#1}::operator()() const::{lambda()#3}::operator()() const::{lambda(float)#1}>(at::TensorIteratorBase&, at::CUDAGeneratorImpl*, at::native::templates::cuda::normal_kernel<at::CUDAGeneratorImpl*>(at::TensorBase const&, double, double, at::CUDAGeneratorImpl*)::{lambda()#1}::operator()() const::{lambda()#3}::operator()() const::{lambda(float)#1})::{lambda(hiprandStatePhilox4_32_10*)#2}, at::native::templates::cuda::normal_kernel<at::CUDAGeneratorImpl*>(at::TensorBase const&, double, double, at::CUDAGeneratorImpl*)::{lambda()#1}::operator()() const::{lambda()#3}::operator()() const::{lambda(float)#1}>(at::TensorIteratorBase&, at::CUDAGeneratorImpl*, at::native::templates::cuda::normal_and_transform<c10::Half, float, at::CUDAGeneratorImpl*, at::native::templates::cuda::normal_kernel<at::CUDAGeneratorImpl*>(at::TensorBase const&, double, double, at::CUDAGeneratorImpl*)::{lambda()#1}::operator()() const::{lambda()#3}::operator()() const::{lambda(float)#1}>(at::TensorIteratorBase&, at::CUDAGeneratorImpl*, at::native::templates::cuda::normal_kernel<at::CUDAGeneratorImpl*>(at::TensorBase const&, double, double, at::CUDAGeneratorImpl*)::{lambda()#1}::operator()() const::{lambda()#3}::operator()() const::{lambda(float)#1})::{lambda(hiprandStatePhilox4_32_10*)#2} const&, at::native::templates::cuda::normal_kernel<at::CUDAGeneratorImpl*>(at::TensorBase const&, double, double, at::CUDAGeneratorImpl*)::{lambda()#1}::operator()() const::{lambda()#3}::operator()() const::{lambda(float)#1})::{lambda(int, float)#1}>(long, at::PhiloxCudaState, at::native::templates::cuda::normal_and_transform<c10::Half, float, at::CUDAGeneratorImpl*, at::native::templates::cuda::normal_kernel<at::CUDAGeneratorImpl*>(at::TensorBase const&, double, double, at::CUDAGeneratorImpl*)::{lambda()#1}::operator()() const::{lambda()#3}::operator()() const::{lambda(float)#1}>(at::TensorIteratorBase&, at::CUDAGeneratorImpl*, at::native::templates::cuda::normal_kernel<at::CUDAGeneratorImpl*>(at::TensorBase const&, double, double, at::CUDAGeneratorImpl*)::{lambda()#1}::operator()() const::{lambda()#3}::operator()() const::{lambda(float)#1})::{lambda(hiprandStatePhilox4_32_10*)#2}, at::native::(anonymous namespace)::distribution_nullary_kernel<c10::Half, float, HIP_vector_type<float, 4u>, at::CUDAGeneratorImpl*, at::native::templates::cuda::normal_and_transform<c10::Half, float, at::CUDAGeneratorImpl*, at::native::templates::cuda::normal_kernel<at::CUDAGeneratorImpl*>(at::TensorBase const&, double, double, at::CUDAGeneratorImpl*)::{lambda()#1}::operator()() const::{lambda()#3}::operator()() const::{lambda(float)#1}>(at::TensorIteratorBase&, at::CUDAGeneratorImpl*, at::native::templates::cuda::normal_kernel<at::CUDAGeneratorImpl*>(at::TensorBase const&, double, double, at::CUDAGeneratorImpl*)::{lambda()#1}::operator()() const::{lambda()#3}::operator()() const::{lambda(float)#1})::{lambda(hiprandStatePhilox4_32_10*)#2}, at::native::templates::cuda::normal_kernel<at::CUDAGeneratorImpl*>(at::TensorBase const&, double, double, at::CUDAGeneratorImpl*)::{lambda()#1}::operator()() const::{lambda()#3}::operator()() const::{lambda(float)#1}>(at::TensorIteratorBase&, at::CUDAGeneratorImpl*, at::native::templates::cuda::normal_and_transform<c10::Half, float, at::CUDAGeneratorImpl*, at::native::templates::cuda::normal_kernel<at::CUDAGeneratorImpl*>(at::TensorBase const&, double, double, at::CUDAGeneratorImpl*)::{lambda()#1}::operator()() const::{lambda()#3}::operator()() const::{lambda(float)#1}>(at::TensorIteratorBase&, at::CUDAGeneratorImpl*, at::native::templates::cuda::normal_kernel<at::CUDAGeneratorImpl*>(at::TensorBase const&, double, double, at::CUDAGeneratorImpl*)::{lambda()#1}::operator()() const::{lambda()#3}::operator()() const::{lambda(float)#1})::{lambda(hiprandStatePhilox4_32_10*)#2} const&, at::native::templates::cuda::normal_kernel<at::CUDAGeneratorImpl*>(at::TensorBase const&, double, double, at::CUDAGeneratorImpl*)::{lambda()#1}::operator()() const::{lambda()#3}::operator()() const::{lambda(float)#1})::{lambda(int, float)#1})",12739275447837,12739275455414,2,16,239171.0,1811.0,239171.0,19456.0,13728.0,3275649.0,0.0,0.0,5175434.0,5175434.0,0.0,0.0,16384.0,0.0,0.0,0.0,0.0,0.0,0.0,0.0,0.0,0.0,0.0,0.0,0.0,0.0,0.0,0.0,0.0,0.0,0.0,0.0,0.0,0.0,0.0,0.0,0.0,0.0,0.0,0.0,0.0,0.0,0.0,0.0,0.0,0.0,0.0,0.0,0.0,0.0,0.0,0.0,0.0,0.0,0.0,0.0,0.0,0.0,0.0,0.0,0.0,0.0,0.0,0.0,0.0,0.0,0.0,0.0,0.0,0.0,0.0,0.0,0.0,0.0,0.0,0.0,0.0,0.0,0.0,0.0,0.0,0.0,0.0,0.0,0.0,0.0,0.0,0.0,0.0,0.0,0.0,0.0,0.0,0.0,0.0,0.0,0.0,0.0,0.0,0.0,0.0,0.0,0.0,0.0,0.0,0.0,0.0,0.0,0.0,0.0,0.0,0.0,0.0,0.0,0.0,0.0,0.0,0.0,0.0,0.0,0.0,0.0,0.0,0.0,0.0,0.0,0.0,0.0,0.0,0.0,0.0,0.0,0.0,0.0,0.0,0.0,0.0,0.0,0.0,0.0,0.0,0.0,336.0,376.0,336.0,336.0,336.0,336.0,336.0,337.0,336.0,336.0,336.0,336.0,316.0,336.0,336.0,336.0,337.0,336.0,336.0,336.0,316.0,336.0,337.0,336.0,337.0,336.0,337.0,376.0,336.0,336.0,336.0,376.0,336.0,336.0,336.0,336.0,337.0,336.0,337.0,336.0,376.0,336.0,336.0,336.0,336.0,336.0,337.0,336.0,336.0,336.0,337.0,316.0,336.0,336.0,336.0,337.0,336.0,336.0,336.0,316.0,336.0,336.0,336.0,337.0,336.0,337.0,376.0,336.0,336.0,336.0,336.0,337.0,336.0,336.0,337.0,376.0,336.0,336.0,336.0,336.0,336.0,337.0,336.0,336.0,336.0,336.0,316.0,336.0,336.0,337.0,336.0,337.0,376.0,336.0,316.0,336.0,336.0,336.0,336.0,337.0,336.0,336.0,336.0,316.0,336.0,336.0,336.0,336.0,337.0,336.0,336.0,336.0,316.0,336.0,336.0,337.0,336.0,336.0,337.0,376.0,336.0,336.0,336.0,336.0,337.0,336.0,337.0,337.0,32768.0,1185930.0,0.0,0.0,0.0,16384.0
2,0,1,1300,1300,1024,256,0,0,56,0,48,64,"void at::native::(anonymous namespace)::distribution_elementwise_grid_stride_kernel<float, 4, at::native::templates::cuda::normal_and_transform<c10::Half, float, at::CUDAGeneratorImpl*, at::native::templates::cuda::normal_kernel<at::CUDAGeneratorImpl*>(at::TensorBase const&, double, double, at::CUDAGeneratorImpl*)::{lambda()#1}::operator()() const::{lambda()#3}::operator()() const::{lambda(float)#1}>(at::TensorIteratorBase&, at::CUDAGeneratorImpl*, at::native::templates::cuda::normal_kernel<at::CUDAGeneratorImpl*>(at::TensorBase const&, double, double, at::CUDAGeneratorImpl*)::{lambda()#1}::operator()() const::{lambda()#3}::operator()() const::{lambda(float)#1})::{lambda(hiprandStatePhilox4_32_10*)#2}, at::native::(anonymous namespace)::distribution_nullary_kernel<c10::Half, float, HIP_vector_type<float, 4u>, at::CUDAGeneratorImpl*, at::native::templates::cuda::normal_and_transform<c10::Half, float, at::CUDAGeneratorImpl*, at::native::templates::cuda::normal_kernel<at::CUDAGeneratorImpl*>(at::TensorBase const&, double, double, at::CUDAGeneratorImpl*)::{lambda()#1}::operator()() const::{lambda()#3}::operator()() const::{lambda(float)#1}>(at::TensorIteratorBase&, at::CUDAGeneratorImpl*, at::native::templates::cuda::normal_kernel<at::CUDAGeneratorImpl*>(at::TensorBase const&, double, double, at::CUDAGeneratorImpl*)::{lambda()#1}::operator()() const::{lambda()#3}::operator()() const::{lambda(float)#1})::{lambda(hiprandStatePhilox4_32_10*)#2}, at::native::templates::cuda::normal_kernel<at::CUDAGeneratorImpl*>(at::TensorBase const&, double, double, at::CUDAGeneratorImpl*)::{lambda()#1}::operator()() const::{lambda()#3}::operator()() const::{lambda(float)#1}>(at::TensorIteratorBase&, at::CUDAGeneratorImpl*, at::native::templates::cuda::normal_and_transform<c10::Half, float, at::CUDAGeneratorImpl*, at::native::templates::cuda::normal_kernel<at::CUDAGeneratorImpl*>(at::TensorBase const&, double, double, at::CUDAGeneratorImpl*)::{lambda()#1}::operator()() const::{lambda()#3}::operator()() const::{lambda(float)#1}>(at::TensorIteratorBase&, at::CUDAGeneratorImpl*, at::native::templates::cuda::normal_kernel<at::CUDAGeneratorImpl*>(at::TensorBase const&, double, double, at::CUDAGeneratorImpl*)::{lambda()#1}::operator()() const::{lambda()#3}::operator()() const::{lambda(float)#1})::{lambda(hiprandStatePhilox4_32_10*)#2} const&, at::native::templates::cuda::normal_kernel<at::CUDAGeneratorImpl*>(at::TensorBase const&, double, double, at::CUDAGeneratorImpl*)::{lambda()#1}::operator()() const::{lambda()#3}::operator()() const::{lambda(float)#1})::{lambda(int, float)#1}>(long, at::PhiloxCudaState, at::native::templates::cuda::normal_and_transform<c10::Half, float, at::CUDAGeneratorImpl*, at::native::templates::cuda::normal_kernel<at::CUDAGeneratorImpl*>(at::TensorBase const&, double, double, at::CUDAGeneratorImpl*)::{lambda()#1}::operator()() const::{lambda()#3}::operator()() const::{lambda(float)#1}>(at::TensorIteratorBase&, at::CUDAGeneratorImpl*, at::native::templates::cuda::normal_kernel<at::CUDAGeneratorImpl*>(at::TensorBase const&, double, double, at::CUDAGeneratorImpl*)::{lambda()#1}::operator()() const::{lambda()#3}::operator()() const::{lambda(float)#1})::{lambda(hiprandStatePhilox4_32_10*)#2}, at::native::(anonymous namespace)::distribution_nullary_kernel<c10::Half, float, HIP_vector_type<float, 4u>, at::CUDAGeneratorImpl*, at::native::templates::cuda::normal_and_transform<c10::Half, float, at::CUDAGeneratorImpl*, at::native::templates::cuda::normal_kernel<at::CUDAGeneratorImpl*>(at::TensorBase const&, double, double, at::CUDAGeneratorImpl*)::{lambda()#1}::operator()() const::{lambda()#3}::operator()() const::{lambda(float)#1}>(at::TensorIteratorBase&, at::CUDAGeneratorImpl*, at::native::templates::cuda::normal_kernel<at::CUDAGeneratorImpl*>(at::TensorBase const&, double, double, at::CUDAGeneratorImpl*)::{lambda()#1}::operator()() const::{lambda()#3}::operator()() const::{lambda(float)#1})::{lambda(hiprandStatePhilox4_32_10*)#2}, at::native::templates::cuda::normal_kernel<at::CUDAGeneratorImpl*>(at::TensorBase const&, double, double, at::CUDAGeneratorImpl*)::{lambda()#1}::operator()() const::{lambda()#3}::operator()() const::{lambda(float)#1}>(at::TensorIteratorBase&, at::CUDAGeneratorImpl*, at::native::templates::cuda::normal_and_transform<c10::Half, float, at::CUDAGeneratorImpl*, at::native::templates::cuda::normal_kernel<at::CUDAGeneratorImpl*>(at::TensorBase const&, double, double, at::CUDAGeneratorImpl*)::{lambda()#1}::operator()() const::{lambda()#3}::operator()() const::{lambda(float)#1}>(at::TensorIteratorBase&, at::CUDAGeneratorImpl*, at::native::templates::cuda::normal_kernel<at::CUDAGeneratorImpl*>(at::TensorBase const&, double, double, at::CUDAGeneratorImpl*)::{lambda()#1}::operator()() const::{lambda()#3}::operator()() const::{lambda(float)#1})::{lambda(hiprandStatePhilox4_32_10*)#2} const&, at::native::templates::cuda::normal_kernel<at::CUDAGeneratorImpl*>(at::TensorBase const&, double, double, at::CUDAGeneratorImpl*)::{lambda()#1}::operator()() const::{lambda()#3}::operator()() const::{lambda(float)#1})::{lambda(int, float)#1})",12739275824796,12739275828605,3,16,175158.0,1810.0,175158.0,32.0,50.0,23412.0,0.0,0.0,13844.0,13844.0,0.0,0.0,16.0,0.0,0.0,0.0,0.0,0.0,0.0,0.0,0.0,0.0,0.0,0.0,0.0,0.0,0.0,0.0,0.0,0.0,0.0,0.0,0.0,0.0,0.0,0.0,0.0,0.0,0.0,0.0,0.0,0.0,0.0,0.0,0.0,0.0,0.0,0.0,0.0,0.0,0.0,0.0,0.0,0.0,0.0,0.0,0.0,0.0,0.0,0.0,0.0,0.0,0.0,0.0,0.0,0.0,0.0,0.0,0.0,0.0,0.0,0.0,0.0,0.0,0.0,0.0,0.0,0.0,0.0,0.0,0.0,0.0,0.0,0.0,0.0,0.0,0.0,0.0,0.0,0.0,0.0,0.0,0.0,0.0,0.0,0.0,0.0,0.0,0.0,0.0,0.0,0.0,0.0,0.0,0.0,0.0,0.0,0.0,0.0,0.0,0.0,0.0,0.0,0.0,0.0,0.0,0.0,0.0,0.0,0.0,0.0,0.0,0.0,0.0,0.0,0.0,0.0,0.0,0.0,0.0,0.0,0.0,0.0,0.0,0.0,0.0,0.0,0.0,0.0,0.0,0.0,0.0,4.0,4.0,4.0,6.0,4.0,4.0,4.0,5.0,4.0,4.0,4.0,5.0,3.0,4.0,4.0,4.0,5.0,4.0,4.0,4.0,3.0,4.0,5.0,4.0,4.0,9.0,9.0,4.0,4.0,6.0,4.0,8.0,8.0,6.0,4.0,4.0,4.0,5.0,5.0,4.0,4.0,4.0,10.0,8.0,4.0,4.0,5.0,4.0,4.0,4.0,5.0,3.0,4.0,0.0,0.0,0.0,0.0,0.0,0.0,0.0,0.0,4.0,0.0,0.0,1.0,1.0,0.0,0.0,0.0,0.0,0.0,0.0,4.0,1.0,1.0,0.0,0.0,0.0,0.0,0.0,0.0,0.0,0.0,4.0,0.0,0.0,0.0,0.0,0.0,0.0,1.0,1.0,0.0,0.0,3.0,0.0,0.0,0.0,0.0,0.0,0.0,0.0,0.0,0.0,0.0,4.0,0.0,0.0,0.0,0.0,0.0,0.0,0.0,0.0,0.0,0.0,4.0,1.0,1.0,0.0,0.0,0.0,0.0,8.0,8.0,5.0,5.0,4.0,32.0,3849.0,0.0,0.0,0.0,16.0
3,0,1,1300,1300,16384,256,0,0,16,192,48,64,matmulbias_kernel,12739644013975,12739644048454,4,27,724932.0,2018.0,724932.0,0.0,671.0,4239034.0,0.0,0.0,53193130.0,53193130.0,4194304.0,622592.0,0.0,0.0,0.0,0.0,0.0,0.0,0.0,0.0,0.0,0.0,0.0,0.0,0.0,0.0,0.0,0.0,0.0,0.0,0.0,0.0,0.0,0.0,0.0,0.0,0.0,0.0,0.0,0.0,0.0,0.0,0.0,0.0,0.0,0.0,0.0,0.0,0.0,0.0,0.0,0.0,0.0,0.0,0.0,0.0,0.0,0.0,0.0,0.0,0.0,0.0,0.0,0.0,0.0,0.0,0.0,0.0,0.0,0.0,0.0,0.0,0.0,0.0,0.0,0.0,0.0,0.0,0.0,0.0,0.0,0.0,0.0,0.0,0.0,0.0,0.0,0.0,0.0,0.0,0.0,0.0,0.0,0.0,0.0,0.0,0.0,0.0,0.0,0.0,0.0,0.0,0.0,0.0,0.0,0.0,0.0,0.0,0.0,0.0,0.0,0.0,0.0,0.0,0.0,0.0,0.0,0.0,0.0,0.0,0.0,0.0,0.0,0.0,0.0,0.0,0.0,0.0,0.0,0.0,0.0,0.0,0.0,0.0,0.0,0.0,0.0,0.0,0.0,0.0,0.0,0.0,3120.0,3202.0,3202.0,3202.0,3202.0,3136.0,3136.0,3136.0,3136.0,3136.0,3136.0,3170.0,3136.0,3136.0,3104.0,3104.0,3104.0,3104.0,3104.0,3104.0,3104.0,3104.0,3170.0,3123.0,3107.0,3138.0,3138.0,3138.0,3138.0,3138.0,3138.0,3170.0,3170.0,3170.0,3170.0,3159.0,3131.0,3186.0,3186.0,3120.0,3186.0,3186.0,3186.0,3186.0,3128.0,3128.0,3128.0,3128.0,3128.0,3128.0,3120.0,3128.0,3128.0,3112.0,3112.0,3113.0,3112.0,3112.0,3112.0,3112.0,3112.0,3120.0,3135.0,3115.0,3154.0,3154.0,3154.0,3154.0,3154.0,3154.0,3135.0,3115.0,3120.0,3154.0,3154.0,3154.0,3154.0,3154.0,3154.0,3112.0,3112.0,3113.0,3112.0,3120.0,3112.0,3112.0,3112.0,3112.0,3159.0,3131.0,3186.0,3186.0,3186.0,3186.0,3120.0,3186.0,3186.0,3128.0,3128.0,3129.0,3128.0,3128.0,3128.0,3128.0,3128.0,3120.0,3120.0,3120.0,3121.0,3120.0,3120.0,3120.0,3120.0,3120.0,3147.0,3123.0,3147.0,3170.0,3170.0,3170.0,3170.0,3170.0,3170.0,3171.0,3139.0,3202.0,3202.0,3123.0,131072.0,3015410.0,0.0,262272.0,0.0,4096.0
4,0,1,1300,1300,4194304,256,0,0,12,4,32,64,"void at::native::vectorized_elementwise_kernel<4, at::native::FillFunctor<int>, std::array<char*, 1ul> >(int, at::native::FillFunctor<int>, std::array<char*, 1ul>)",12739657352415,12739657409946,5,85,1088936.0,1810.0,1088936.0,65536.0,4142.0,32965155.0,0.0,0.0,752639421.0,752639421.0,0.0,0.0,262144.0,0.0,0.0,0.0,0.0,0.0,0.0,0.0,0.0,0.0,0.0,0.0,0.0,0.0,0.0,0.0,0.0,0.0,0.0,0.0,0.0,0.0,0.0,0.0,0.0,0.0,0.0,0.0,0.0,0.0,0.0,0.0,0.0,0.0,0.0,0.0,0.0,0.0,0.0,0.0,0.0,0.0,0.0,0.0,0.0,0.0,0.0,0.0,0.0,0.0,0.0,0.0,0.0,0.0,0.0,0.0,0.0,0.0,0.0,0.0,0.0,0.0,0.0,0.0,0.0,0.0,0.0,0.0,0.0,0.0,0.0,0.0,0.0,0.0,0.0,0.0,0.0,0.0,0.0,0.0,0.0,0.0,0.0,0.0,0.0,0.0,0.0,0.0,0.0,0.0,0.0,0.0,0.0,0.0,0.0,0.0,0.0,0.0,0.0,0.0,0.0,0.0,0.0,0.0,0.0,0.0,0.0,0.0,0.0,0.0,0.0,0.0,0.0,0.0,0.0,0.0,0.0,0.0,0.0,0.0,0.0,0.0,0.0,0.0,0.0,0.0,0.0,0.0,0.0,0.0,32773.0,32768.0,32868.0,32768.0,32768.0,32772.0,32768.0,32848.0,32768.0,32849.0,32852.0,32768.0,32854.0,32852.0,32773.0,32768.0,32848.0,32768.0,32849.0,32854.0,32856.0,32853.0,32768.0,32768.0,32768.0,32768.0,32768.0,32768.0,32868.0,32768.0,32768.0,32768.0,32868.0,32768.0,32768.0,32768.0,32768.0,32768.0,32768.0,32768.0,32768.0,32868.0,32768.0,32768.0,32773.0,32768.0,32848.0,32768.0,32849.0,32854.0,32848.0,32853.0,32855.0,32773.0,32768.0,32848.0,32768.0,32849.0,32852.0,32853.0,32852.0,32768.0,32768.0,32768.0,32768.0,32768.0,32768.0,32868.0,32768.0,32768.0,32768.0,32768.0,32849.0,32768.0,32768.0,32768.0,32868.0,32768.0,32768.0,32773.0,32768.0,32848.0,32768.0,32853.0,32849.0,32855.0,32854.0,32852.0,32768.0,32768.0,32768.0,32768.0,32768.0,32868.0,32853.0,32768.0,32768.0,32774.0,32768.0,32848.0,32768.0,32849.0,32854.0,32854.0,32853.0,32853.0,32772.0,32768.0,32848.0,32768.0,32849.0,32854.0,32853.0,32853.0,32768.0,32768.0,32768.0,32768.0,32768.0,32768.0,32868.0,32768.0,32768.0,32768.0,32768.0,32768.0,32768.0,32768.0,4194304.0,32509589.0,0.0,0.0,0.0,262144.0
5,0,1,1300,1300,16384,256,0,0,16,192,48,64,matmulbias_kernel,12739657815949,12739657849746,6,27,697026.0,2018.0,697026.0,0.0,672.0,4179828.0,0.0,0.0,52209886.0,52209886.0,4194304.0,622592.0,0.0,0.0,0.0,0.0,0.0,0.0,0.0,0.0,0.0,0.0,0.0,0.0,0.0,0.0,0.0,0.0,0.0,0.0,0.0,0.0,0.0,0.0,0.0,0.0,0.0,0.0,0.0,0.0,0.0,0.0,0.0,0.0,0.0,0.0,0.0,0.0,0.0,0.0,0.0,0.0,0.0,0.0,0.0,0.0,0.0,0.0,0.0,0.0,0.0,0.0,0.0,0.0,0.0,0.0,0.0,0.0,0.0,0.0,0.0,0.0,0.0,0.0,0.0,0.0,0.0,0.0,0.0,0.0,0.0,0.0,0.0,0.0,0.0,0.0,0.0,0.0,0.0,0.0,0.0,0.0,0.0,0.0,0.0,0.0,0.0,0.0,0.0,0.0,0.0,0.0,0.0,0.0,0.0,0.0,0.0,0.0,0.0,0.0,0.0,0.0,0.0,0.0,0.0,0.0,0.0,0.0,0.0,0.0,0.0,0.0,0.0,0.0,0.0,0.0,0.0,0.0,0.0,0.0,0.0,0.0,0.0,0.0,0.0,0.0,0.0,0.0,0.0,0.0,0.0,0.0,3112.0,3170.0,3170.0,3170.0,3170.0,3120.0,3120.0,3120.0,3120.0,3120.0,3120.0,3154.0,3120.0,3120.0,3120.0,3120.0,3120.0,3120.0,3120.0,3120.0,3120.0,3120.0,3154.0,3146.0,3122.0,3170.0,3170.0,3170.0,3170.0,3170.0,3170.0,3154.0,3154.0,3154.0,3154.0,3146.0,3122.0,3170.0,3170.0,3112.0,3170.0,3170.0,3170.0,3170.0,3120.0,3120.0,3120.0,3120.0,3120.0,3120.0,3112.0,3120.0,3120.0,3120.0,3120.0,3120.0,3120.0,3120.0,3120.0,3120.0,3120.0,3112.0,3146.0,3122.0,3170.0,3170.0,3170.0,3170.0,3170.0,3170.0,3134.0,3114.0,3112.0,3154.0,3154.0,3154.0,3154.0,3154.0,3154.0,3112.0,3112.0,3112.0,3112.0,3112.0,3112.0,3112.0,3112.0,3112.0,3134.0,3114.0,3154.0,3154.0,3154.0,3154.0,3112.0,3154.0,3154.0,3112.0,3112.0,3112.0,3112.0,3112.0,3112.0,3112.0,3112.0,3112.0,3128.0,3128.0,3128.0,3128.0,3128.0,3128.0,3128.0,3128.0,3158.0,3130.0,3134.0,3186.0,3186.0,3186.0,3186.0,3186.0,3186.0,3146.0,3122.0,3170.0,3170.0,3114.0,131072.0,2957639.0,0.0,262272.0,0.0,4096.0
6,0,1,1300,1300,4194304,256,0,0,12,4,32,64,"void at::native::vectorized_elementwise_kernel<4, at::native::FillFunctor<int>, std::array<char*, 1ul> >(int, at::native::FillFunctor<int>, std::array<char*, 1ul>)",12739658244483,12739658301893,7,85,1079862.0,1810.0,1079862.0,65536.0,3405.0,32759377.0,0.0,0.0,751878931.0,751878931.0,0.0,0.0,262144.0,0.0,0.0,0.0,0.0,0.0,0.0,0.0,0.0,0.0,0.0,0.0,0.0,0.0,0.0,0.0,0.0,0.0,0.0,0.0,0.0,0.0,0.0,0.0,0.0,0.0,0.0,0.0,0.0,0.0,0.0,0.0,0.0,0.0,0.0,0.0,0.0,0.0,0.0,0.0,0.0,0.0,0.0,0.0,0.0,0.0,0.0,0.0,0.0,0.0,0.0,0.0,0.0,0.0,0.0,0.0,0.0,0.0,0.0,0.0,0.0,0.0,0.0,0.0,0.0,0.0,0.0,0.0,0.0,0.0,0.0,0.0,0.0,0.0,0.0,0.0,0.0,0.0,0.0,0.0,0.0,0.0,0.0,0.0,0.0,0.0,0.0,0.0,0.0,0.0,0.0,0.0,0.0,0.0,0.0,0.0,0.0,0.0,0.0,0.0,0.0,0.0,0.0,0.0,0.0,0.0,0.0,0.0,0.0,0.0,0.0,0.0,0.0,0.0,0.0,0.0,0.0,0.0,0.0,0.0,0.0,0.0,0.0,0.0,0.0,0.0,0.0,0.0,0.0,0.0,32768.0,32788.0,32848.0,32768.0,32768.0,32768.0,32768.0,32848.0,32768.0,32848.0,32848.0,32768.0,32848.0,32848.0,32768.0,32768.0,32848.0,32768.0,32848.0,32848.0,32848.0,32848.0,32768.0,32768.0,32768.0,32768.0,32768.0,32788.0,32848.0,32768.0,32768.0,32788.0,32848.0,32768.0,32768.0,32768.0,32768.0,32768.0,32768.0,32768.0,32788.0,32848.0,32768.0,32768.0,32768.0,32768.0,32848.0,32768.0,32848.0,32848.0,32848.0,32848.0,32848.0,32768.0,32768.0,32848.0,32768.0,32848.0,32848.0,32848.0,32848.0,32768.0,32768.0,32768.0,32768.0,32768.0,32788.0,32848.0,32768.0,32768.0,32768.0,32768.0,32848.0,32768.0,32768.0,32788.0,32848.0,32768.0,32768.0,32768.0,32768.0,32848.0,32768.0,32848.0,32848.0,32848.0,32848.0,32848.0,32768.0,32768.0,32768.0,32768.0,32788.0,32848.0,32848.0,32768.0,32768.0,32768.0,32768.0,32848.0,32768.0,32848.0,32848.0,32848.0,32848.0,32848.0,32768.0,32768.0,32848.0,32768.0,32848.0,32848.0,32848.0,32848.0,32768.0,32768.0,32768.0,32768.0,32768.0,32788.0,32848.0,32768.0,32768.0,32768.0,32768.0,32768.0,32768.0,32768.0,4194304.0,32358707.0,0.0,0.0,0.0,262144.0
7,0,1,1300,1300,16384,256,0,0,16,192,48,64,matmulbias_kernel,12739658695708,12739658730146,8,27,698532.0,2018.0,698532.0,0.0,674.0,4207723.0,0.0,0.0,52666269.0,52666269.0,4194304.0,622592.0,0.0,0.0,0.0,0.0,0.0,0.0,0.0,0.0,0.0,0.0,0.0,0.0,0.0,0.0,0.0,0.0,0.0,0.0,0.0,0.0,0.0,0.0,0.0,0.0,0.0,0.0,0.0,0.0,0.0,0.0,0.0,0.0,0.0,0.0,0.0,0.0,0.0,0.0,0.0,0.0,0.0,0.0,0.0,0.0,0.0,0.0,0.0,0.0,0.0,0.0,0.0,0.0,0.0,0.0,0.0,0.0,0.0,0.0,0.0,0.0,0.0,0.0,0.0,0.0,0.0,0.0,0.0,0.0,0.0,0.0,0.0,0.0,0.0,0.0,0.0,0.0,0.0,0.0,0.0,0.0,0.0,0.0,0.0,0.0,0.0,0.0,0.0,0.0,0.0,0.0,0.0,0.0,0.0,0.0,0.0,0.0,0.0,0.0,0.0,0.0,0.0,0.0,0.0,0.0,0.0,0.0,0.0,0.0,0.0,0.0,0.0,0.0,0.0,0.0,0.0,0.0,0.0,0.0,0.0,0.0,0.0,0.0,0.0,0.0,0.0,0.0,0.0,0.0,0.0,0.0,3128.0,3186.0,3186.0,3186.0,3186.0,3128.0,3128.0,3128.0,3128.0,3128.0,3128.0,3187.0,3128.0,3128.0,3120.0,3120.0,3120.0,3120.0,3120.0,3120.0,3120.0,3120.0,3186.0,3146.0,3123.0,3171.0,3170.0,3170.0,3170.0,3170.0,3170.0,3186.0,3186.0,3186.0,3186.0,3158.0,3131.0,3187.0,3186.0,3128.0,3186.0,3186.0,3186.0,3186.0,3128.0,3128.0,3128.0,3128.0,3128.0,3128.0,3128.0,3128.0,3128.0,3112.0,3112.0,3112.0,3112.0,3112.0,3112.0,3112.0,3112.0,3128.0,3134.0,3115.0,3155.0,3154.0,3154.0,3154.0,3154.0,3154.0,3158.0,3131.0,3128.0,3187.0,3186.0,3186.0,3186.0,3186.0,3186.0,3128.0,3128.0,3128.0,3128.0,3128.0,3128.0,3128.0,3128.0,3128.0,3134.0,3115.0,3155.0,3154.0,3154.0,3154.0,3128.0,3154.0,3154.0,3112.0,3112.0,3112.0,3112.0,3112.0,3112.0,3112.0,3112.0,3128.0,3120.0,3120.0,3120.0,3120.0,3120.0,3120.0,3120.0,3120.0,3146.0,3123.0,3158.0,3171.0,3170.0,3170.0,3170.0,3170.0,3170.0,3158.0,3131.0,3187.0,3186.0,3131.0,131072.0,2986501.0,0.0,262272.0,0.0,4096.0
8,0,1,1300,1300,4194304,256,0,0,12,4,32,64,"void at::native::vectorized_elementwise_kernel<4, at::native::FillFunctor<int>, std::array<char*, 1ul> >(int, at::native::FillFunctor<int>, std::array<char*, 1ul>)",12739659104637,12739659162048,9,85,1082646.0,1910.0,1082646.0,65536.0,3461.0,32527016.0,0.0,0.0,746182948.0,746182948.0,0.0,0.0,262144.0,0.0,0.0,0.0,0.0,0.0,0.0,0.0,0.0,0.0,0.0,0.0,0.0,0.0,0.0,0.0,0.0,0.0,0.0,0.0,0.0,0.0,0.0,0.0,0.0,0.0,0.0,0.0,0.0,0.0,0.0,0.0,0.0,0.0,0.0,0.0,0.0,0.0,0.0,0.0,0.0,0.0,0.0,0.0,0.0,0.0,0.0,0.0,0.0,0.0,0.0,0.0,0.0,0.0,0.0,0.0,0.0,0.0,0.0,0.0,0.0,0.0,0.0,0.0,0.0,0.0,0.0,0.0,0.0,0.0,0.0,0.0,0.0,0.0,0.0,0.0,0.0,0.0,0.0,0.0,0.0,0.0,0.0,0.0,0.0,0.0,0.0,0.0,0.0,0.0,0.0,0.0,0.0,0.0,0.0,0.0,0.0,0.0,0.0,0.0,0.0,0.0,0.0,0.0,0.0,0.0,0.0,0.0,0.0,0.0,0.0,0.0,0.0,0.0,0.0,0.0,0.0,0.0,0.0,0.0,0.0,0.0,0.0,0.0,0.0,0.0,0.0,0.0,0.0,0.0,32768.0,32768.0,32848.0,32768.0,32788.0,32768.0,32769.0,32848.0,32768.0,32848.0,32848.0,32768.0,32848.0,32848.0,32768.0,32769.0,32848.0,32768.0,32848.0,32848.0,32848.0,32848.0,32768.0,32768.0,32769.0,32768.0,32768.0,32768.0,32848.0,32768.0,32788.0,32768.0,32848.0,32768.0,32788.0,32768.0,32769.0,32768.0,32768.0,32769.0,32768.0,32848.0,32768.0,32788.0,32768.0,32769.0,32848.0,32768.0,32848.0,32848.0,32848.0,32848.0,32848.0,32768.0,32769.0,32848.0,32768.0,32848.0,32848.0,32848.0,32848.0,32768.0,32768.0,32769.0,32768.0,32768.0,32768.0,32848.0,32768.0,32788.0,32768.0,32769.0,32848.0,32768.0,32768.0,32768.0,32848.0,32768.0,32788.0,32768.0,32769.0,32848.0,32768.0,32848.0,32848.0,32848.0,32848.0,32848.0,32768.0,32769.0,32768.0,32768.0,32768.0,32848.0,32848.0,32768.0,32788.0,32768.0,32769.0,32848.0,32768.0,32848.0,32848.0,32848.0,32848.0,32848.0,32768.0,32769.0,32848.0,32768.0,32848.0,32848.0,32848.0,32848.0,32768.0,32769.0,32768.0,32768.0,32768.0,32768.0,32848.0,32768.0,32788.0,32768.0,32769.0,32768.0,32768.0,32769.0,4194304.0,32126285.0,0.0,0.0,0.0,262144.0
9,0,1,1300,1300,16384,256,0,0,16,192,48,64,matmulbias_kernel,12739659545559,12739659578915,10,27,693698.0,2018.0,693698.0,0.0,680.0,4168910.0,0.0,0.0,51659091.0,51659091.0,4194304.0,622592.0,0.0,0.0,0.0,0.0,0.0,0.0,0.0,0.0,0.0,0.0,0.0,0.0,0.0,0.0,0.0,0.0,0.0,0.0,0.0,0.0,0.0,0.0,0.0,0.0,0.0,0.0,0.0,0.0,0.0,0.0,0.0,0.0,0.0,0.0,0.0,0.0,0.0,0.0,0.0,0.0,0.0,0.0,0.0,0.0,0.0,0.0,0.0,0.0,0.0,0.0,0.0,0.0,0.0,0.0,0.0,0.0,0.0,0.0,0.0,0.0,0.0,0.0,0.0,0.0,0.0,0.0,0.0,0.0,0.0,0.0,0.0,0.0,0.0,0.0,0.0,0.0,0.0,0.0,0.0,0.0,0.0,0.0,0.0,0.0,0.0,0.0,0.0,0.0,0.0,0.0,0.0,0.0,0.0,0.0,0.0,0.0,0.0,0.0,0.0,0.0,0.0,0.0,0.0,0.0,0.0,0.0,0.0,0.0,0.0,0.0,0.0,0.0,0.0,0.0,0.0,0.0,0.0,0.0,0.0,0.0,0.0,0.0,0.0,0.0,0.0,0.0,0.0,0.0,0.0,0.0,3112.0,3170.0,3170.0,3170.0,3170.0,3120.0,3120.0,3120.0,3120.0,3120.0,3120.0,3154.0,3120.0,3120.0,3120.0,3120.0,3120.0,3120.0,3120.0,3120.0,3120.0,3120.0,3154.0,3146.0,3122.0,3170.0,3170.0,3170.0,3170.0,3170.0,3170.0,3154.0,3154.0,3154.0,3154.0,3134.0,3114.0,3154.0,3154.0,3112.0,3154.0,3154.0,3154.0,3154.0,3112.0,3112.0,3112.0,3112.0,3112.0,3112.0,3112.0,3112.0,3112.0,3120.0,3120.0,3120.0,3120.0,3120.0,3120.0,3120.0,3120.0,3112.0,3146.0,3122.0,3170.0,3170.0,3170.0,3170.0,3170.0,3170.0,3134.0,3114.0,3112.0,3154.0,3154.0,3154.0,3154.0,3154.0,3154.0,3112.0,3112.0,3112.0,3112.0,3112.0,3112.0,3112.0,3112.0,3112.0,3134.0,3114.0,3154.0,3154.0,3154.0,3154.0,3112.0,3154.0,3154.0,3112.0,3112.0,3112.0,3112.0,3112.0,3112.0,3112.0,3112.0,3112.0,3128.0,3128.0,3128.0,3128.0,3128.0,3128.0,3128.0,3128.0,3158.0,3130.0,3134.0,3186.0,3186.0,3186.0,3186.0,3186.0,3186.0,3146.0,3122.0,3170.0,3170.0,3114.0,131072.0,2950274.0,0.0,262272.0,0.0,4096.0
10,0,1,1300,1300,4194304,256,0,0,12,4,32,64,"void at::native::vectorized_elementwise_kernel<4, at::native::FillFunctor<int>, std::array<char*, 1ul> >(int, at::native::FillFunctor<int>, std::array<char*, 1ul>)",12739659972129,12739660029499,11,85,1081065.0,1810.0,1081065.0,65536.0,3428.0,32878063.0,0.0,0.0,753101715.0,753101715.0,0.0,0.0,262144.0,0.0,0.0,0.0,0.0,0.0,0.0,0.0,0.0,0.0,0.0,0.0,0.0,0.0,0.0,0.0,0.0,0.0,0.0,0.0,0.0,0.0,0.0,0.0,0.0,0.0,0.0,0.0,0.0,0.0,0.0,0.0,0.0,0.0,0.0,0.0,0.0,0.0,0.0,0.0,0.0,0.0,0.0,0.0,0.0,0.0,0.0,0.0,0.0,0.0,0.0,0.0,0.0,0.0,0.0,0.0,0.0,0.0,0.0,0.0,0.0,0.0,0.0,0.0,0.0,0.0,0.0,0.0,0.0,0.0,0.0,0.0,0.0,0.0,0.0,0.0,0.0,0.0,0.0,0.0,0.0,0.0,0.0,0.0,0.0,0.0,0.0,0.0,0.0,0.0,0.0,0.0,0.0,0.0,0.0,0.0,0.0,0.0,0.0,0.0,0.0,0.0,0.0,0.0,0.0,0.0,0.0,0.0,0.0,0.0,0.0,0.0,0.0,0.0,0.0,0.0,0.0,0.0,0.0,0.0,0.0,0.0,0.0,0.0,0.0,0.0,0.0,0.0,0.0,0.0,32768.0,32768.0,32848.0,32788.0,32768.0,32768.0,32769.0,32848.0,32768.0,32848.0,32848.0,32768.0,32848.0,32848.0,32768.0,32769.0,32848.0,32768.0,32848.0,32848.0,32848.0,32848.0,32769.0,32768.0,32768.0,32768.0,32769.0,32768.0,32848.0,32788.0,32768.0,32768.0,32848.0,32788.0,32768.0,32768.0,32768.0,32768.0,32769.0,32769.0,32768.0,32848.0,32788.0,32768.0,32768.0,32769.0,32848.0,32768.0,32848.0,32848.0,32848.0,32848.0,32848.0,32768.0,32769.0,32848.0,32768.0,32848.0,32848.0,32848.0,32848.0,32768.0,32768.0,32768.0,32768.0,32769.0,32768.0,32848.0,32788.0,32768.0,32768.0,32768.0,32848.0,32768.0,32769.0,32768.0,32848.0,32788.0,32768.0,32768.0,32769.0,32848.0,32768.0,32848.0,32848.0,32848.0,32848.0,32848.0,32768.0,32768.0,32768.0,32769.0,32768.0,32848.0,32848.0,32788.0,32768.0,32768.0,32769.0,32848.0,32768.0,32848.0,32848.0,32848.0,32848.0,32848.0,32768.0,32769.0,32848.0,32768.0,32848.0,32848.0,32848.0,32848.0,32768.0,32768.0,32768.0,32768.0,32769.0,32768.0,32848.0,32788.0,32768.0,32768.0,32768.0,32768.0,32769.0,32768.0,4194304.0,32425750.0,0.0,0.0,0.0,262144.0
11,0,1,1300,1300,16384,256,0,0,16,192,48,64,matmulbias_kernel,12739660406035,12739660440032,12,27,694433.0,2018.0,694433.0,0.0,667.0,4220225.0,0.0,0.0,52868922.0,52868922.0,4194304.0,622592.0,0.0,0.0,0.0,0.0,0.0,0.0,0.0,0.0,0.0,0.0,0.0,0.0,0.0,0.0,0.0,0.0,0.0,0.0,0.0,0.0,0.0,0.0,0.0,0.0,0.0,0.0,0.0,0.0,0.0,0.0,0.0,0.0,0.0,0.0,0.0,0.0,0.0,0.0,0.0,0.0,0.0,0.0,0.0,0.0,0.0,0.0,0.0,0.0,0.0,0.0,0.0,0.0,0.0,0.0,0.0,0.0,0.0,0.0,0.0,0.0,0.0,0.0,0.0,0.0,0.0,0.0,0.0,0.0,0.0,0.0,0.0,0.0,0.0,0.0,0.0,0.0,0.0,0.0,0.0,0.0,0.0,0.0,0.0,0.0,0.0,0.0,0.0,0.0,0.0,0.0,0.0,0.0,0.0,0.0,0.0,0.0,0.0,0.0,0.0,0.0,0.0,0.0,0.0,0.0,0.0,0.0,0.0,0.0,0.0,0.0,0.0,0.0,0.0,0.0,0.0,0.0,0.0,0.0,0.0,0.0,0.0,0.0,0.0,0.0,0.0,0.0,0.0,0.0,0.0,0.0,3128.0,3186.0,3186.0,3186.0,3186.0,3128.0,3128.0,3128.0,3128.0,3128.0,3128.0,3186.0,3128.0,3128.0,3136.0,3136.0,3136.0,3136.0,3136.0,3136.0,3136.0,3136.0,3186.0,3170.0,3138.0,3202.0,3202.0,3202.0,3202.0,3202.0,3202.0,3186.0,3186.0,3186.0,3186.0,3146.0,3122.0,3170.0,3170.0,3128.0,3170.0,3170.0,3170.0,3170.0,3120.0,3120.0,3120.0,3120.0,3120.0,3120.0,3128.0,3120.0,3120.0,3104.0,3104.0,3104.0,3104.0,3104.0,3104.0,3104.0,3104.0,3128.0,3122.0,3106.0,3138.0,3138.0,3138.0,3138.0,3138.0,3138.0,3146.0,3122.0,3128.0,3170.0,3170.0,3170.0,3170.0,3170.0,3170.0,3120.0,3120.0,3120.0,3120.0,3128.0,3120.0,3120.0,3120.0,3120.0,3158.0,3130.0,3186.0,3186.0,3186.0,3186.0,3128.0,3186.0,3186.0,3128.0,3128.0,3128.0,3128.0,3128.0,3128.0,3128.0,3128.0,3128.0,3128.0,3128.0,3128.0,3128.0,3128.0,3128.0,3128.0,3128.0,3158.0,3130.0,3158.0,3186.0,3186.0,3186.0,3186.0,3186.0,3186.0,3158.0,3130.0,3186.0,3186.0,3130.0,131072.0,2994798.0,0.0,262272.0,0.0,4096.0
12,0,1,1300,1300,4194304,256,0,0,12,4,32,64,"void at::native::vectorized_elementwise_kernel<4, at::native::FillFunctor<int>, std::array<char*, 1ul> >(int, at::native::FillFunctor<int>, std::array<char*, 1ul>)",12739660837455,12739661026244,13,85,3282994.0,1810.0,3282994.0,65536.0,3363.0,108141683.0,0.0,0.0,2401305259.0,2401305259.0,0.0,0.0,262144.0,0.0,0.0,0.0,0.0,0.0,0.0,0.0,0.0,0.0,0.0,0.0,0.0,0.0,0.0,0.0,0.0,0.0,0.0,0.0,0.0,0.0,0.0,0.0,0.0,0.0,0.0,0.0,0.0,0.0,0.0,0.0,0.0,0.0,0.0,0.0,0.0,0.0,0.0,0.0,0.0,0.0,0.0,0.0,0.0,0.0,0.0,0.0,0.0,0.0,0.0,0.0,0.0,0.0,0.0,0.0,0.0,0.0,0.0,0.0,0.0,0.0,0.0,0.0,0.0,0.0,0.0,0.0,0.0,0.0,0.0,0.0,0.0,0.0,0.0,0.0,0.0,0.0,0.0,0.0,0.0,0.0,0.0,0.0,0.0,0.0,0.0,0.0,0.0,0.0,0.0,0.0,0.0,0.0,0.0,0.0,0.0,0.0,0.0,0.0,0.0,0.0,0.0,0.0,0.0,0.0,0.0,0.0,0.0,0.0,0.0,0.0,0.0,0.0,0.0,0.0,0.0,0.0,0.0,0.0,0.0,0.0,0.0,0.0,0.0,0.0,0.0,0.0,0.0,0.0,32768.0,32768.0,32849.0,32768.0,32768.0,32768.0,32769.0,32848.0,32768.0,32848.0,32848.0,32768.0,32848.0,32848.0,32768.0,32769.0,32848.0,32768.0,32848.0,32848.0,32848.0,32848.0,32768.0,32768.0,32788.0,32768.0,32768.0,32768.0,32849.0,32768.0,32768.0,32768.0,32849.0,32768.0,32768.0,32768.0,32788.0,32768.0,32768.0,32769.0,32768.0,32849.0,32768.0,32768.0,32768.0,32769.0,32848.0,32768.0,32848.0,32848.0,32848.0,32848.0,32848.0,32768.0,32769.0,32848.0,32768.0,32848.0,32848.0,32848.0,32848.0,32768.0,32768.0,32788.0,32768.0,32768.0,32768.0,32849.0,32768.0,32768.0,32768.0,32788.0,32848.0,32768.0,32768.0,32768.0,32849.0,32768.0,32768.0,32768.0,32769.0,32848.0,32768.0,32848.0,32848.0,32848.0,32848.0,32848.0,32768.0,32788.0,32768.0,32768.0,32768.0,32849.0,32848.0,32768.0,32768.0,32768.0,32769.0,32848.0,32768.0,32848.0,32848.0,32848.0,32848.0,32848.0,32768.0,32769.0,32848.0,32768.0,32848.0,32848.0,32848.0,32848.0,32768.0,32788.0,32768.0,32768.0,32768.0,32768.0,32849.0,32768.0,32768.0,32768.0,32788.0,32768.0,32768.0,32788.0,4194304.0,108029773.0,0.0,0.0,0.0,262144.0
13,0,1,1300,1300,16384,256,0,0,16,192,48,64,matmulbias_kernel,12739661397167,12739661429120,14,27,647579.0,2018.0,647579.0,0.0,681.0,3990891.0,0.0,0.0,48867975.0,48867975.0,4194304.0,622592.0,0.0,0.0,0.0,0.0,0.0,0.0,0.0,0.0,0.0,0.0,0.0,0.0,0.0,0.0,0.0,0.0,0.0,0.0,0.0,0.0,0.0,0.0,0.0,0.0,0.0,0.0,0.0,0.0,0.0,0.0,0.0,0.0,0.0,0.0,0.0,0.0,0.0,0.0,0.0,0.0,0.0,0.0,0.0,0.0,0.0,0.0,0.0,0.0,0.0,0.0,0.0,0.0,0.0,0.0,0.0,0.0,0.0,0.0,0.0,0.0,0.0,0.0,0.0,0.0,0.0,0.0,0.0,0.0,0.0,0.0,0.0,0.0,0.0,0.0,0.0,0.0,0.0,0.0,0.0,0.0,0.0,0.0,0.0,0.0,0.0,0.0,0.0,0.0,0.0,0.0,0.0,0.0,0.0,0.0,0.0,0.0,0.0,0.0,0.0,0.0,0.0,0.0,0.0,0.0,0.0,0.0,0.0,0.0,0.0,0.0,0.0,0.0,0.0,0.0,0.0,0.0,0.0,0.0,0.0,0.0,0.0,0.0,0.0,0.0,0.0,0.0,0.0,0.0,0.0,0.0,3128.0,3170.0,3170.0,3170.0,3170.0,3120.0,3120.0,3120.0,3120.0,3120.0,3120.0,3186.0,3120.0,3120.0,3120.0,3120.0,3120.0,3120.0,3120.0,3120.0,3120.0,3120.0,3187.0,3146.0,3123.0,3170.0,3171.0,3170.0,3170.0,3170.0,3170.0,3186.0,3186.0,3186.0,3186.0,3158.0,3131.0,3186.0,3187.0,3128.0,3186.0,3186.0,3186.0,3186.0,3128.0,3128.0,3128.0,3128.0,3128.0,3128.0,3128.0,3128.0,3128.0,3120.0,3120.0,3120.0,3120.0,3120.0,3120.0,3120.0,3120.0,3128.0,3146.0,3123.0,3170.0,3171.0,3170.0,3170.0,3170.0,3170.0,3146.0,3123.0,3128.0,3170.0,3171.0,3170.0,3170.0,3170.0,3170.0,3120.0,3120.0,3120.0,3120.0,3128.0,3120.0,3120.0,3120.0,3120.0,3146.0,3123.0,3170.0,3171.0,3170.0,3170.0,3128.0,3170.0,3170.0,3120.0,3120.0,3120.0,3120.0,3120.0,3120.0,3120.0,3120.0,3128.0,3128.0,3128.0,3128.0,3128.0,3128.0,3128.0,3128.0,3128.0,3158.0,3131.0,3158.0,3186.0,3187.0,3186.0,3186.0,3186.0,3186.0,3146.0,3123.0,3170.0,3171.0,3131.0,131072.0,2778048.0,0.0,262272.0,0.0,4096.0
14,0,1,1300,1300,16384,256,0,0,16,192,48,64,matmulbias_kernel,12739662045320,12739662075268,15,27,628076.0,2018.0,628076.0,0.0,672.0,3730751.0,0.0,0.0,43898036.0,43898036.0,4194304.0,622592.0,0.0,0.0,0.0,0.0,0.0,0.0,0.0,0.0,0.0,0.0,0.0,0.0,0.0,0.0,0.0,0.0,0.0,0.0,0.0,0.0,0.0,0.0,0.0,0.0,0.0,0.0,0.0,0.0,0.0,0.0,0.0,0.0,0.0,0.0,0.0,0.0,0.0,0.0,0.0,0.0,0.0,0.0,0.0,0.0,0.0,0.0,0.0,0.0,0.0,0.0,0.0,0.0,0.0,0.0,0.0,0.0,0.0,0.0,0.0,0.0,0.0,0.0,0.0,0.0,0.0,0.0,0.0,0.0,0.0,0.0,0.0,0.0,0.0,0.0,0.0,0.0,0.0,0.0,0.0,0.0,0.0,0.0,0.0,0.0,0.0,0.0,0.0,0.0,0.0,0.0,0.0,0.0,0.0,0.0,0.0,0.0,0.0,0.0,0.0,0.0,0.0,0.0,0.0,0.0,0.0,0.0,0.0,0.0,0.0,0.0,0.0,0.0,0.0,0.0,0.0,0.0,0.0,0.0,0.0,0.0,0.0,0.0,0.0,0.0,0.0,0.0,0.0,0.0,0.0,0.0,3120.0,3170.0,3170.0,3170.0,3170.0,3120.0,3120.0,3120.0,3120.0,3120.0,3120.0,3170.0,3120.0,3120.0,3112.0,3112.0,3112.0,3112.0,3112.0,3112.0,3112.0,3112.0,3170.0,3134.0,3114.0,3154.0,3154.0,3154.0,3154.0,3154.0,3154.0,3170.0,3170.0,3170.0,3170.0,3146.0,3122.0,3170.0,3170.0,3120.0,3170.0,3170.0,3170.0,3170.0,3120.0,3120.0,3120.0,3120.0,3120.0,3120.0,3120.0,3120.0,3120.0,3120.0,3120.0,3120.0,3120.0,3120.0,3120.0,3120.0,3120.0,3120.0,3146.0,3122.0,3170.0,3170.0,3170.0,3170.0,3170.0,3170.0,3134.0,3114.0,3120.0,3154.0,3154.0,3154.0,3154.0,3154.0,3154.0,3112.0,3112.0,3112.0,3112.0,3120.0,3112.0,3112.0,3112.0,3112.0,3158.0,3130.0,3186.0,3186.0,3186.0,3186.0,3120.0,3186.0,3186.0,3128.0,3128.0,3128.0,3128.0,3128.0,3128.0,3128.0,3128.0,3120.0,3128.0,3128.0,3128.0,3128.0,3128.0,3128.0,3128.0,3128.0,3158.0,3130.0,3146.0,3186.0,3186.0,3186.0,3186.0,3186.0,3186.0,3146.0,3122.0,3170.0,3170.0,3122.0,131072.0,2529075.0,0.0,262272.0,0.0,4096.0
15,0,1,1300,1300,16384,256,0,0,16,192,48,64,matmulbias_kernel,12739662444226,12739662474816,16,27,631682.0,2018.0,631682.0,0.0,687.0,3765264.0,0.0,0.0,44540092.0,44540092.0,4194304.0,622592.0,0.0,0.0,0.0,0.0,0.0,0.0,0.0,0.0,0.0,0.0,0.0,0.0,0.0,0.0,0.0,0.0,0.0,0.0,0.0,0.0,0.0,0.0,0.0,0.0,0.0,0.0,0.0,0.0,0.0,0.0,0.0,0.0,0.0,0.0,0.0,0.0,0.0,0.0,0.0,0.0,0.0,0.0,0.0,0.0,0.0,0.0,0.0,0.0,0.0,0.0,0.0,0.0,0.0,0.0,0.0,0.0,0.0,0.0,0.0,0.0,0.0,0.0,0.0,0.0,0.0,0.0,0.0,0.0,0.0,0.0,0.0,0.0,0.0,0.0,0.0,0.0,0.0,0.0,0.0,0.0,0.0,0.0,0.0,0.0,0.0,0.0,0.0,0.0,0.0,0.0,0.0,0.0,0.0,0.0,0.0,0.0,0.0,0.0,0.0,0.0,0.0,0.0,0.0,0.0,0.0,0.0,0.0,0.0,0.0,0.0,0.0,0.0,0.0,0.0,0.0,0.0,0.0,0.0,0.0,0.0,0.0,0.0,0.0,0.0,0.0,0.0,0.0,0.0,0.0,0.0,3120.0,3170.0,3170.0,3170.0,3170.0,3120.0,3120.0,3120.0,3120.0,3120.0,3120.0,3170.0,3120.0,3120.0,3112.0,3112.0,3112.0,3112.0,3112.0,3112.0,3112.0,3112.0,3170.0,3134.0,3114.0,3154.0,3154.0,3154.0,3154.0,3154.0,3154.0,3170.0,3170.0,3170.0,3170.0,3146.0,3122.0,3170.0,3170.0,3120.0,3170.0,3170.0,3170.0,3170.0,3120.0,3120.0,3120.0,3120.0,3120.0,3120.0,3120.0,3120.0,3120.0,3120.0,3120.0,3120.0,3120.0,3120.0,3120.0,3120.0,3120.0,3120.0,3146.0,3122.0,3170.0,3170.0,3170.0,3170.0,3170.0,3170.0,3134.0,3114.0,3120.0,3154.0,3154.0,3154.0,3154.0,3154.0,3154.0,3112.0,3112.0,3112.0,3112.0,3120.0,3112.0,3112.0,3112.0,3112.0,3146.0,3122.0,3170.0,3170.0,3170.0,3170.0,3120.0,3170.0,3170.0,3120.0,3120.0,3120.0,3120.0,3120.0,3120.0,3120.0,3120.0,3120.0,3128.0,3128.0,3128.0,3128.0,3128.0,3128.0,3128.0,3128.0,3158.0,3130.0,3146.0,3186.0,3186.0,3186.0,3186.0,3186.0,3186.0,3146.0,3122.0,3170.0,3170.0,3122.0,131072.0,2565637.0,0.0,262272.0,0.0,4096.0
16,0,1,1300,1300,16384,256,0,0,16,192,48,64,matmulbias_kernel,12739662860653,12739662891563,17,27,638659.0,2068.0,638659.0,0.0,698.0,3780877.0,0.0,0.0,44811824.0,44811824.0,4194304.0,622592.0,0.0,0.0,0.0,0.0,0.0,0.0,0.0,0.0,0.0,0.0,0.0,0.0,0.0,0.0,0.0,0.0,0.0,0.0,0.0,0.0,0.0,0.0,0.0,0.0,0.0,0.0,0.0,0.0,0.0,0.0,0.0,0.0,0.0,0.0,0.0,0.0,0.0,0.0,0.0,0.0,0.0,0.0,0.0,0.0,0.0,0.0,0.0,0.0,0.0,0.0,0.0,0.0,0.0,0.0,0.0,0.0,0.0,0.0,0.0,0.0,0.0,0.0,0.0,0.0,0.0,0.0,0.0,0.0,0.0,0.0,0.0,0.0,0.0,0.0,0.0,0.0,0.0,0.0,0.0,0.0,0.0,0.0,0.0,0.0,0.0,0.0,0.0,0.0,0.0,0.0,0.0,0.0,0.0,0.0,0.0,0.0,0.0,0.0,0.0,0.0,0.0,0.0,0.0,0.0,0.0,0.0,0.0,0.0,0.0,0.0,0.0,0.0,0.0,0.0,0.0,0.0,0.0,0.0,0.0,0.0,0.0,0.0,0.0,0.0,0.0,0.0,0.0,0.0,0.0,0.0,3120.0,3170.0,3170.0,3170.0,3170.0,3120.0,3120.0,3120.0,3120.0,3120.0,3120.0,3170.0,3120.0,3120.0,3112.0,3112.0,3112.0,3112.0,3112.0,3112.0,3112.0,3112.0,3170.0,3134.0,3114.0,3154.0,3154.0,3154.0,3154.0,3154.0,3154.0,3170.0,3170.0,3170.0,3170.0,3146.0,3122.0,3170.0,3170.0,3120.0,3170.0,3170.0,3170.0,3170.0,3120.0,3120.0,3120.0,3120.0,3120.0,3120.0,3120.0,3120.0,3120.0,3128.0,3128.0,3128.0,3128.0,3128.0,3128.0,3128.0,3128.0,3120.0,3158.0,3130.0,3186.0,3186.0,3186.0,3186.0,3186.0,3186.0,3134.0,3114.0,3120.0,3154.0,3154.0,3154.0,3154.0,3154.0,3154.0,3112.0,3112.0,3112.0,3112.0,3120.0,3112.0,3112.0,3112.0,3112.0,3146.0,3122.0,3170.0,3170.0,3170.0,3170.0,3120.0,3170.0,3170.0,3120.0,3120.0,3120.0,3120.0,3120.0,3120.0,3120.0,3120.0,3120.0,3128.0,3128.0,3128.0,3128.0,3128.0,3128.0,3128.0,3128.0,3158.0,3130.0,3146.0,3186.0,3186.0,3186.0,3186.0,3186.0,3186.0,3146.0,3122.0,3170.0,3170.0,3122.0,131072.0,2569189.0,0.0,262272.0,0.0,4096.0
17,0,1,1300,1300,16384,256,0,0,16,192,48,64,matmulbias_kernel,12739663248895,12739663279044,18,27,625753.0,2093.0,625753.0,0.0,690.0,3755683.0,0.0,0.0,44265191.0,44265191.0,4194304.0,622592.0,0.0,0.0,0.0,0.0,0.0,0.0,0.0,0.0,0.0,0.0,0.0,0.0,0.0,0.0,0.0,0.0,0.0,0.0,0.0,0.0,0.0,0.0,0.0,0.0,0.0,0.0,0.0,0.0,0.0,0.0,0.0,0.0,0.0,0.0,0.0,0.0,0.0,0.0,0.0,0.0,0.0,0.0,0.0,0.0,0.0,0.0,0.0,0.0,0.0,0.0,0.0,0.0,0.0,0.0,0.0,0.0,0.0,0.0,0.0,0.0,0.0,0.0,0.0,0.0,0.0,0.0,0.0,0.0,0.0,0.0,0.0,0.0,0.0,0.0,0.0,0.0,0.0,0.0,0.0,0.0,0.0,0.0,0.0,0.0,0.0,0.0,0.0,0.0,0.0,0.0,0.0,0.0,0.0,0.0,0.0,0.0,0.0,0.0,0.0,0.0,0.0,0.0,0.0,0.0,0.0,0.0,0.0,0.0,0.0,0.0,0.0,0.0,0.0,0.0,0.0,0.0,0.0,0.0,0.0,0.0,0.0,0.0,0.0,0.0,0.0,0.0,0.0,0.0,0.0,0.0,3112.0,3154.0,3154.0,3154.0,3154.0,3112.0,3112.0,3112.0,3112.0,3112.0,3112.0,3154.0,3112.0,3112.0,3120.0,3120.0,3120.0,3120.0,3120.0,3120.0,3120.0,3120.0,3154.0,3146.0,3122.0,3170.0,3170.0,3170.0,3170.0,3170.0,3170.0,3154.0,3154.0,3154.0,3154.0,3158.0,3130.0,3186.0,3186.0,3112.0,3186.0,3186.0,3186.0,3186.0,3128.0,3128.0,3128.0,3128.0,3128.0,3128.0,3112.0,3128.0,3128.0,3128.0,3128.0,3128.0,3128.0,3128.0,3128.0,3128.0,3128.0,3112.0,3158.0,3130.0,3186.0,3186.0,3186.0,3186.0,3186.0,3186.0,3146.0,3122.0,3112.0,3170.0,3170.0,3170.0,3170.0,3170.0,3170.0,3120.0,3120.0,3120.0,3120.0,3112.0,3120.0,3120.0,3120.0,3120.0,3146.0,3122.0,3170.0,3170.0,3170.0,3170.0,3112.0,3170.0,3170.0,3120.0,3120.0,3120.0,3120.0,3120.0,3120.0,3120.0,3120.0,3112.0,3136.0,3136.0,3136.0,3136.0,3136.0,3136.0,3136.0,3136.0,3170.0,3138.0,3134.0,3202.0,3202.0,3202.0,3202.0,3202.0,3202.0,3134.0,3114.0,3154.0,3154.0,3114.0,131072.0,2542744.0,0.0,262272.0,0.0,4096.0
18,0,1,1300,1300,16384,256,0,0,16,192,48,64,matmulbias_kernel,12739663647160,12739663677469,19,27,633378.0,2018.0,633378.0,0.0,679.0,3784751.0,0.0,0.0,44735646.0,44735646.0,4194304.0,622592.0,0.0,0.0,0.0,0.0,0.0,0.0,0.0,0.0,0.0,0.0,0.0,0.0,0.0,0.0,0.0,0.0,0.0,0.0,0.0,0.0,0.0,0.0,0.0,0.0,0.0,0.0,0.0,0.0,0.0,0.0,0.0,0.0,0.0,0.0,0.0,0.0,0.0,0.0,0.0,0.0,0.0,0.0,0.0,0.0,0.0,0.0,0.0,0.0,0.0,0.0,0.0,0.0,0.0,0.0,0.0,0.0,0.0,0.0,0.0,0.0,0.0,0.0,0.0,0.0,0.0,0.0,0.0,0.0,0.0,0.0,0.0,0.0,0.0,0.0,0.0,0.0,0.0,0.0,0.0,0.0,0.0,0.0,0.0,0.0,0.0,0.0,0.0,0.0,0.0,0.0,0.0,0.0,0.0,0.0,0.0,0.0,0.0,0.0,0.0,0.0,0.0,0.0,0.0,0.0,0.0,0.0,0.0,0.0,0.0,0.0,0.0,0.0,0.0,0.0,0.0,0.0,0.0,0.0,0.0,0.0,0.0,0.0,0.0,0.0,0.0,0.0,0.0,0.0,0.0,0.0,3120.0,3138.0,3138.0,3138.0,3138.0,3104.0,3104.0,3104.0,3104.0,3104.0,3104.0,3170.0,3104.0,3104.0,3128.0,3128.0,3128.0,3128.0,3128.0,3128.0,3128.0,3128.0,3170.0,3158.0,3130.0,3186.0,3186.0,3186.0,3186.0,3186.0,3186.0,3170.0,3170.0,3170.0,3170.0,3170.0,3138.0,3202.0,3202.0,3120.0,3202.0,3202.0,3202.0,3202.0,3136.0,3136.0,3136.0,3136.0,3136.0,3136.0,3120.0,3136.0,3136.0,3120.0,3120.0,3120.0,3120.0,3120.0,3120.0,3120.0,3120.0,3120.0,3146.0,3122.0,3170.0,3170.0,3170.0,3170.0,3170.0,3170.0,3158.0,3130.0,3120.0,3186.0,3186.0,3186.0,3186.0,3186.0,3186.0,3128.0,3128.0,3128.0,3128.0,3120.0,3128.0,3128.0,3128.0,3128.0,3146.0,3122.0,3170.0,3170.0,3170.0,3170.0,3120.0,3170.0,3170.0,3120.0,3120.0,3120.0,3120.0,3120.0,3120.0,3120.0,3120.0,3120.0,3128.0,3128.0,3128.0,3128.0,3128.0,3128.0,3128.0,3128.0,3158.0,3130.0,3146.0,3186.0,3186.0,3186.0,3186.0,3186.0,3186.0,3122.0,3106.0,3138.0,3138.0,3122.0,131072.0,2571308.0,0.0,262272.0,0.0,4096.0
19,0,1,1300,1300,16384,256,0,0,16,192,48,64,matmulbias_kernel,12739664060981,12739664091249,20,27,638145.0,2045.0,638145.0,0.0,679.0,3787016.0,0.0,0.0,44970454.0,44970454.0,4194304.0,622592.0,0.0,0.0,0.0,0.0,0.0,0.0,0.0,0.0,0.0,0.0,0.0,0.0,0.0,0.0,0.0,0.0,0.0,0.0,0.0,0.0,0.0,0.0,0.0,0.0,0.0,0.0,0.0,0.0,0.0,0.0,0.0,0.0,0.0,0.0,0.0,0.0,0.0,0.0,0.0,0.0,0.0,0.0,0.0,0.0,0.0,0.0,0.0,0.0,0.0,0.0,0.0,0.0,0.0,0.0,0.0,0.0,0.0,0.0,0.0,0.0,0.0,0.0,0.0,0.0,0.0,0.0,0.0,0.0,0.0,0.0,0.0,0.0,0.0,0.0,0.0,0.0,0.0,0.0,0.0,0.0,0.0,0.0,0.0,0.0,0.0,0.0,0.0,0.0,0.0,0.0,0.0,0.0,0.0,0.0,0.0,0.0,0.0,0.0,0.0,0.0,0.0,0.0,0.0,0.0,0.0,0.0,0.0,0.0,0.0,0.0,0.0,0.0,0.0,0.0,0.0,0.0,0.0,0.0,0.0,0.0,0.0,0.0,0.0,0.0,0.0,0.0,0.0,0.0,0.0,0.0,3120.0,3138.0,3138.0,3138.0,3138.0,3104.0,3104.0,3104.0,3104.0,3104.0,3104.0,3170.0,3104.0,3104.0,3128.0,3128.0,3128.0,3128.0,3128.0,3128.0,3128.0,3128.0,3170.0,3158.0,3130.0,3186.0,3186.0,3186.0,3186.0,3186.0,3186.0,3170.0,3170.0,3170.0,3170.0,3170.0,3138.0,3202.0,3202.0,3120.0,3202.0,3202.0,3202.0,3202.0,3136.0,3136.0,3136.0,3136.0,3136.0,3136.0,3120.0,3136.0,3136.0,3120.0,3120.0,3120.0,3120.0,3120.0,3120.0,3120.0,3120.0,3120.0,3146.0,3122.0,3170.0,3170.0,3170.0,3170.0,3170.0,3170.0,3158.0,3130.0,3120.0,3186.0,3186.0,3186.0,3186.0,3186.0,3186.0,3128.0,3128.0,3128.0,3128.0,3120.0,3128.0,3128.0,3128.0,3128.0,3146.0,3122.0,3170.0,3170.0,3170.0,3170.0,3120.0,3170.0,3170.0,3120.0,3120.0,3120.0,3120.0,3120.0,3120.0,3120.0,3120.0,3120.0,3128.0,3128.0,3128.0,3128.0,3128.0,3128.0,3128.0,3128.0,3158.0,3130.0,3146.0,3186.0,3186.0,3186.0,3186.0,3186.0,3186.0,3122.0,3106.0,3138.0,3138.0,3122.0,131072.0,2575707.0,0.0,262272.0,0.0,4096.0
20,0,1,1300,1300,16384,256,0,0,16,192,48,64,matmulbias_kernel,12739664461451,12739664491679,21,27,615588.0,2018.0,615588.0,0.0,683.0,3799464.0,0.0,0.0,45177400.0,45177400.0,4194304.0,622592.0,0.0,0.0,0.0,0.0,0.0,0.0,0.0,0.0,0.0,0.0,0.0,0.0,0.0,0.0,0.0,0.0,0.0,0.0,0.0,0.0,0.0,0.0,0.0,0.0,0.0,0.0,0.0,0.0,0.0,0.0,0.0,0.0,0.0,0.0,0.0,0.0,0.0,0.0,0.0,0.0,0.0,0.0,0.0,0.0,0.0,0.0,0.0,0.0,0.0,0.0,0.0,0.0,0.0,0.0,0.0,0.0,0.0,0.0,0.0,0.0,0.0,0.0,0.0,0.0,0.0,0.0,0.0,0.0,0.0,0.0,0.0,0.0,0.0,0.0,0.0,0.0,0.0,0.0,0.0,0.0,0.0,0.0,0.0,0.0,0.0,0.0,0.0,0.0,0.0,0.0,0.0,0.0,0.0,0.0,0.0,0.0,0.0,0.0,0.0,0.0,0.0,0.0,0.0,0.0,0.0,0.0,0.0,0.0,0.0,0.0,0.0,0.0,0.0,0.0,0.0,0.0,0.0,0.0,0.0,0.0,0.0,0.0,0.0,0.0,0.0,0.0,0.0,0.0,0.0,0.0,3120.0,3138.0,3138.0,3138.0,3138.0,3104.0,3104.0,3104.0,3104.0,3104.0,3104.0,3170.0,3104.0,3104.0,3128.0,3128.0,3128.0,3128.0,3128.0,3128.0,3128.0,3128.0,3170.0,3158.0,3130.0,3186.0,3186.0,3186.0,3186.0,3186.0,3186.0,3170.0,3170.0,3170.0,3170.0,3170.0,3138.0,3202.0,3202.0,3120.0,3202.0,3202.0,3202.0,3202.0,3136.0,3136.0,3136.0,3136.0,3136.0,3136.0,3120.0,3136.0,3136.0,3120.0,3120.0,3120.0,3120.0,3120.0,3120.0,3120.0,3120.0,3120.0,3146.0,3122.0,3170.0,3170.0,3170.0,3170.0,3170.0,3170.0,3158.0,3130.0,3120.0,3186.0,3186.0,3186.0,3186.0,3186.0,3186.0,3128.0,3128.0,3128.0,3128.0,3120.0,3128.0,3128.0,3128.0,3128.0,3146.0,3122.0,3170.0,3170.0,3170.0,3170.0,3120.0,3170.0,3170.0,3120.0,3120.0,3120.0,3120.0,3120.0,3120.0,3120.0,3120.0,3120.0,3128.0,3128.0,3128.0,3128.0,3128.0,3128.0,3128.0,3128.0,3158.0,3130.0,3146.0,3186.0,3186.0,3186.0,3186.0,3186.0,3186.0,3122.0,3106.0,3138.0,3138.0,3122.0,131072.0,2590998.0,0.0,262272.0,0.0,4096.0
21,0,1,1300,1300,4194304,256,0,0,12,4,32,64,"void at::native::vectorized_elementwise_kernel<4, at::native::FillFunctor<int>, std::array<char*, 1ul> >(int, at::native::FillFunctor<int>, std::array<char*, 1ul>)",12739664862362,12739664904978,22,85,834569.0,1860.0,834569.0,65536.0,2873.0,24045397.0,0.0,0.0,557811610.0,557811610.0,0.0,0.0,262144.0,0.0,0.0,0.0,0.0,0.0,0.0,0.0,0.0,0.0,0.0,0.0,0.0,0.0,0.0,0.0,0.0,0.0,0.0,0.0,0.0,0.0,0.0,0.0,0.0,0.0,0.0,0.0,0.0,0.0,0.0,0.0,0.0,0.0,0.0,0.0,0.0,0.0,0.0,0.0,0.0,0.0,0.0,0.0,0.0,0.0,0.0,0.0,0.0,0.0,0.0,0.0,0.0,0.0,0.0,0.0,0.0,0.0,0.0,0.0,0.0,0.0,0.0,0.0,0.0,0.0,0.0,0.0,0.0,0.0,0.0,0.0,0.0,0.0,0.0,0.0,0.0,0.0,0.0,0.0,0.0,0.0,0.0,0.0,0.0,0.0,0.0,0.0,0.0,0.0,0.0,0.0,0.0,0.0,0.0,0.0,0.0,0.0,0.0,0.0,0.0,0.0,0.0,0.0,0.0,0.0,0.0,0.0,0.0,0.0,0.0,0.0,0.0,0.0,0.0,0.0,0.0,0.0,0.0,0.0,0.0,0.0,0.0,0.0,0.0,0.0,0.0,0.0,0.0,0.0,32768.0,32768.0,32848.0,32768.0,32768.0,32768.0,32788.0,32848.0,32768.0,32848.0,32848.0,32768.0,32848.0,32848.0,32768.0,32788.0,32848.0,32768.0,32848.0,32848.0,32848.0,32848.0,32768.0,32768.0,32768.0,32768.0,32768.0,32768.0,32848.0,32768.0,32768.0,32768.0,32848.0,32768.0,32768.0,32768.0,32768.0,32768.0,32768.0,32788.0,32768.0,32848.0,32768.0,32768.0,32768.0,32788.0,32848.0,32768.0,32848.0,32848.0,32848.0,32848.0,32848.0,32768.0,32788.0,32848.0,32768.0,32848.0,32848.0,32848.0,32848.0,32768.0,32768.0,32768.0,32768.0,32768.0,32768.0,32848.0,32768.0,32768.0,32768.0,32768.0,32848.0,32768.0,32768.0,32768.0,32848.0,32768.0,32768.0,32768.0,32788.0,32848.0,32768.0,32848.0,32848.0,32848.0,32848.0,32848.0,32768.0,32768.0,32768.0,32768.0,32768.0,32848.0,32848.0,32768.0,32768.0,32768.0,32788.0,32848.0,32768.0,32848.0,32848.0,32848.0,32848.0,32848.0,32768.0,32788.0,32848.0,32768.0,32848.0,32848.0,32848.0,32848.0,32768.0,32768.0,32768.0,32768.0,32768.0,32768.0,32848.0,32768.0,32768.0,32768.0,32768.0,32768.0,32768.0,32768.0,4194304.0,23710424.0,0.0,0.0,0.0,262144.0
22,0,1,1300,1300,16384,256,0,0,16,192,48,64,matmulbias_kernel,12739665293822,12739665324131,23,27,632584.0,2018.0,632584.0,0.0,672.0,3775451.0,0.0,0.0,44882571.0,44882571.0,4194304.0,622592.0,0.0,0.0,0.0,0.0,0.0,0.0,0.0,0.0,0.0,0.0,0.0,0.0,0.0,0.0,0.0,0.0,0.0,0.0,0.0,0.0,0.0,0.0,0.0,0.0,0.0,0.0,0.0,0.0,0.0,0.0,0.0,0.0,0.0,0.0,0.0,0.0,0.0,0.0,0.0,0.0,0.0,0.0,0.0,0.0,0.0,0.0,0.0,0.0,0.0,0.0,0.0,0.0,0.0,0.0,0.0,0.0,0.0,0.0,0.0,0.0,0.0,0.0,0.0,0.0,0.0,0.0,0.0,0.0,0.0,0.0,0.0,0.0,0.0,0.0,0.0,0.0,0.0,0.0,0.0,0.0,0.0,0.0,0.0,0.0,0.0,0.0,0.0,0.0,0.0,0.0,0.0,0.0,0.0,0.0,0.0,0.0,0.0,0.0,0.0,0.0,0.0,0.0,0.0,0.0,0.0,0.0,0.0,0.0,0.0,0.0,0.0,0.0,0.0,0.0,0.0,0.0,0.0,0.0,0.0,0.0,0.0,0.0,0.0,0.0,0.0,0.0,0.0,0.0,0.0,0.0,3112.0,3170.0,3170.0,3170.0,3170.0,3120.0,3120.0,3120.0,3120.0,3120.0,3120.0,3154.0,3120.0,3120.0,3128.0,3128.0,3128.0,3128.0,3128.0,3128.0,3128.0,3128.0,3156.0,3158.0,3130.0,3186.0,3188.0,3186.0,3186.0,3186.0,3186.0,3154.0,3154.0,3154.0,3154.0,3170.0,3138.0,3202.0,3204.0,3112.0,3202.0,3202.0,3202.0,3202.0,3136.0,3136.0,3136.0,3136.0,3136.0,3136.0,3112.0,3136.0,3136.0,3128.0,3128.0,3128.0,3128.0,3128.0,3128.0,3128.0,3128.0,3112.0,3158.0,3130.0,3186.0,3188.0,3186.0,3186.0,3186.0,3186.0,3158.0,3130.0,3112.0,3186.0,3188.0,3186.0,3186.0,3186.0,3186.0,3128.0,3128.0,3128.0,3128.0,3112.0,3128.0,3128.0,3128.0,3128.0,3158.0,3130.0,3186.0,3188.0,3186.0,3186.0,3112.0,3186.0,3186.0,3128.0,3128.0,3128.0,3128.0,3128.0,3128.0,3128.0,3128.0,3112.0,3128.0,3128.0,3128.0,3128.0,3128.0,3128.0,3128.0,3128.0,3158.0,3130.0,3134.0,3186.0,3188.0,3186.0,3186.0,3186.0,3186.0,3146.0,3122.0,3170.0,3172.0,3114.0,131072.0,2568358.0,0.0,262272.0,0.0,4096.0
23,0,1,1300,1300,4194304,256,0,0,12,4,32,64,"void at::native::vectorized_elementwise_kernel<4, at::native::FillFunctor<int>, std::array<char*, 1ul> >(int, at::native::FillFunctor<int>, std::array<char*, 1ul>)",12739665700827,12739665743724,24,85,833928.0,1810.0,833928.0,65536.0,3138.0,23989471.0,0.0,0.0,556015694.0,556015694.0,0.0,0.0,262144.0,0.0,0.0,0.0,0.0,0.0,0.0,0.0,0.0,0.0,0.0,0.0,0.0,0.0,0.0,0.0,0.0,0.0,0.0,0.0,0.0,0.0,0.0,0.0,0.0,0.0,0.0,0.0,0.0,0.0,0.0,0.0,0.0,0.0,0.0,0.0,0.0,0.0,0.0,0.0,0.0,0.0,0.0,0.0,0.0,0.0,0.0,0.0,0.0,0.0,0.0,0.0,0.0,0.0,0.0,0.0,0.0,0.0,0.0,0.0,0.0,0.0,0.0,0.0,0.0,0.0,0.0,0.0,0.0,0.0,0.0,0.0,0.0,0.0,0.0,0.0,0.0,0.0,0.0,0.0,0.0,0.0,0.0,0.0,0.0,0.0,0.0,0.0,0.0,0.0,0.0,0.0,0.0,0.0,0.0,0.0,0.0,0.0,0.0,0.0,0.0,0.0,0.0,0.0,0.0,0.0,0.0,0.0,0.0,0.0,0.0,0.0,0.0,0.0,0.0,0.0,0.0,0.0,0.0,0.0,0.0,0.0,0.0,0.0,0.0,0.0,0.0,0.0,0.0,0.0,32788.0,32768.0,32849.0,32768.0,32768.0,32788.0,32768.0,32848.0,32768.0,32848.0,32848.0,32768.0,32848.0,32848.0,32788.0,32768.0,32848.0,32768.0,32848.0,32848.0,32848.0,32848.0,32769.0,32768.0,32768.0,32768.0,32769.0,32768.0,32849.0,32768.0,32768.0,32768.0,32849.0,32768.0,32768.0,32768.0,32768.0,32768.0,32769.0,32768.0,32768.0,32849.0,32768.0,32768.0,32788.0,32768.0,32848.0,32768.0,32848.0,32848.0,32848.0,32848.0,32848.0,32788.0,32768.0,32848.0,32768.0,32848.0,32848.0,32848.0,32848.0,32768.0,32768.0,32768.0,32768.0,32769.0,32768.0,32849.0,32768.0,32768.0,32768.0,32768.0,32848.0,32768.0,32769.0,32768.0,32849.0,32768.0,32768.0,32788.0,32768.0,32848.0,32768.0,32848.0,32848.0,32848.0,32848.0,32848.0,32768.0,32768.0,32768.0,32769.0,32768.0,32849.0,32848.0,32768.0,32768.0,32788.0,32768.0,32848.0,32768.0,32848.0,32848.0,32848.0,32848.0,32848.0,32788.0,32768.0,32848.0,32768.0,32848.0,32848.0,32848.0,32848.0,32768.0,32768.0,32768.0,32768.0,32769.0,32768.0,32849.0,32768.0,32768.0,32768.0,32768.0,32768.0,32769.0,32768.0,4194304.0,23637435.0,0.0,0.0,0.0,262144.0
24,0,1,1300,1300,16384,256,0,0,16,192,48,64,matmulbias_kernel,12739666124269,12739666154538,25,27,617310.0,2068.0,617310.0,0.0,677.0,3784526.0,0.0,0.0,44595984.0,44595984.0,4194304.0,622592.0,0.0,0.0,0.0,0.0,0.0,0.0,0.0,0.0,0.0,0.0,0.0,0.0,0.0,0.0,0.0,0.0,0.0,0.0,0.0,0.0,0.0,0.0,0.0,0.0,0.0,0.0,0.0,0.0,0.0,0.0,0.0,0.0,0.0,0.0,0.0,0.0,0.0,0.0,0.0,0.0,0.0,0.0,0.0,0.0,0.0,0.0,0.0,0.0,0.0,0.0,0.0,0.0,0.0,0.0,0.0,0.0,0.0,0.0,0.0,0.0,0.0,0.0,0.0,0.0,0.0,0.0,0.0,0.0,0.0,0.0,0.0,0.0,0.0,0.0,0.0,0.0,0.0,0.0,0.0,0.0,0.0,0.0,0.0,0.0,0.0,0.0,0.0,0.0,0.0,0.0,0.0,0.0,0.0,0.0,0.0,0.0,0.0,0.0,0.0,0.0,0.0,0.0,0.0,0.0,0.0,0.0,0.0,0.0,0.0,0.0,0.0,0.0,0.0,0.0,0.0,0.0,0.0,0.0,0.0,0.0,0.0,0.0,0.0,0.0,0.0,0.0,0.0,0.0,0.0,0.0,3128.0,3170.0,3170.0,3170.0,3170.0,3120.0,3120.0,3120.0,3120.0,3120.0,3120.0,3186.0,3120.0,3120.0,3112.0,3112.0,3112.0,3112.0,3112.0,3112.0,3112.0,3112.0,3186.0,3134.0,3114.0,3154.0,3154.0,3154.0,3154.0,3154.0,3154.0,3186.0,3186.0,3186.0,3186.0,3158.0,3130.0,3186.0,3186.0,3128.0,3186.0,3186.0,3186.0,3186.0,3128.0,3128.0,3128.0,3128.0,3128.0,3128.0,3128.0,3128.0,3128.0,3136.0,3136.0,3136.0,3136.0,3136.0,3136.0,3136.0,3136.0,3128.0,3170.0,3138.0,3202.0,3202.0,3202.0,3202.0,3202.0,3202.0,3146.0,3122.0,3128.0,3170.0,3170.0,3170.0,3170.0,3170.0,3170.0,3120.0,3120.0,3120.0,3120.0,3128.0,3120.0,3120.0,3120.0,3120.0,3146.0,3122.0,3170.0,3170.0,3170.0,3170.0,3128.0,3170.0,3170.0,3120.0,3120.0,3120.0,3120.0,3120.0,3120.0,3120.0,3120.0,3128.0,3136.0,3136.0,3136.0,3136.0,3136.0,3136.0,3136.0,3136.0,3170.0,3138.0,3158.0,3202.0,3202.0,3202.0,3202.0,3202.0,3202.0,3146.0,3122.0,3170.0,3170.0,3130.0,131072.0,2563075.0,0.0,262272.0,0.0,4096.0
25,0,1,1300,1300,4194304,256,0,0,12,4,32,64,"void at::native::vectorized_elementwise_kernel<4, at::native::FillFunctor<int>, std::array<char*, 1ul> >(int, at::native::FillFunctor<int>, std::array<char*, 1ul>)",12739666525060,12739666567637,26,85,830357.0,1810.0,830357.0,65536.0,2895.0,24056637.0,0.0,0.0,556824634.0,556824634.0,0.0,0.0,262144.0,0.0,0.0,0.0,0.0,0.0,0.0,0.0,0.0,0.0,0.0,0.0,0.0,0.0,0.0,0.0,0.0,0.0,0.0,0.0,0.0,0.0,0.0,0.0,0.0,0.0,0.0,0.0,0.0,0.0,0.0,0.0,0.0,0.0,0.0,0.0,0.0,0.0,0.0,0.0,0.0,0.0,0.0,0.0,0.0,0.0,0.0,0.0,0.0,0.0,0.0,0.0,0.0,0.0,0.0,0.0,0.0,0.0,0.0,0.0,0.0,0.0,0.0,0.0,0.0,0.0,0.0,0.0,0.0,0.0,0.0,0.0,0.0,0.0,0.0,0.0,0.0,0.0,0.0,0.0,0.0,0.0,0.0,0.0,0.0,0.0,0.0,0.0,0.0,0.0,0.0,0.0,0.0,0.0,0.0,0.0,0.0,0.0,0.0,0.0,0.0,0.0,0.0,0.0,0.0,0.0,0.0,0.0,0.0,0.0,0.0,0.0,0.0,0.0,0.0,0.0,0.0,0.0,0.0,0.0,0.0,0.0,0.0,0.0,0.0,0.0,0.0,0.0,0.0,0.0,32768.0,32768.0,32848.0,32768.0,32768.0,32768.0,32768.0,32848.0,32789.0,32848.0,32848.0,32768.0,32848.0,32848.0,32768.0,32768.0,32848.0,32789.0,32848.0,32848.0,32848.0,32848.0,32769.0,32768.0,32768.0,32768.0,32769.0,32768.0,32848.0,32768.0,32768.0,32768.0,32848.0,32768.0,32768.0,32768.0,32768.0,32768.0,32769.0,32768.0,32768.0,32848.0,32768.0,32768.0,32768.0,32768.0,32848.0,32789.0,32848.0,32848.0,32848.0,32848.0,32848.0,32768.0,32768.0,32848.0,32789.0,32848.0,32848.0,32848.0,32848.0,32789.0,32768.0,32768.0,32768.0,32769.0,32768.0,32848.0,32768.0,32768.0,32768.0,32768.0,32848.0,32768.0,32769.0,32768.0,32848.0,32768.0,32768.0,32768.0,32768.0,32848.0,32789.0,32848.0,32848.0,32848.0,32848.0,32848.0,32768.0,32768.0,32768.0,32769.0,32768.0,32848.0,32848.0,32768.0,32768.0,32768.0,32768.0,32848.0,32789.0,32848.0,32848.0,32848.0,32848.0,32848.0,32768.0,32768.0,32848.0,32789.0,32848.0,32848.0,32848.0,32848.0,32768.0,32768.0,32768.0,32768.0,32769.0,32768.0,32848.0,32768.0,32768.0,32768.0,32768.0,32768.0,32769.0,32768.0,4194304.0,23679559.0,0.0,0.0,0.0,262144.0
26,0,1,1300,1300,16384,256,0,0,16,192,48,64,matmulbias_kernel,12739666953193,12739666983662,27,27,633148.0,2018.0,633148.0,0.0,665.0,3780877.0,0.0,0.0,44670218.0,44670218.0,4194304.0,622592.0,0.0,0.0,0.0,0.0,0.0,0.0,0.0,0.0,0.0,0.0,0.0,0.0,0.0,0.0,0.0,0.0,0.0,0.0,0.0,0.0,0.0,0.0,0.0,0.0,0.0,0.0,0.0,0.0,0.0,0.0,0.0,0.0,0.0,0.0,0.0,0.0,0.0,0.0,0.0,0.0,0.0,0.0,0.0,0.0,0.0,0.0,0.0,0.0,0.0,0.0,0.0,0.0,0.0,0.0,0.0,0.0,0.0,0.0,0.0,0.0,0.0,0.0,0.0,0.0,0.0,0.0,0.0,0.0,0.0,0.0,0.0,0.0,0.0,0.0,0.0,0.0,0.0,0.0,0.0,0.0,0.0,0.0,0.0,0.0,0.0,0.0,0.0,0.0,0.0,0.0,0.0,0.0,0.0,0.0,0.0,0.0,0.0,0.0,0.0,0.0,0.0,0.0,0.0,0.0,0.0,0.0,0.0,0.0,0.0,0.0,0.0,0.0,0.0,0.0,0.0,0.0,0.0,0.0,0.0,0.0,0.0,0.0,0.0,0.0,0.0,0.0,0.0,0.0,0.0,0.0,3128.0,3186.0,3186.0,3186.0,3186.0,3128.0,3128.0,3128.0,3128.0,3128.0,3128.0,3186.0,3128.0,3128.0,3120.0,3120.0,3120.0,3120.0,3120.0,3120.0,3120.0,3120.0,3186.0,3146.0,3122.0,3170.0,3170.0,3170.0,3170.0,3170.0,3170.0,3186.0,3186.0,3186.0,3186.0,3158.0,3130.0,3186.0,3186.0,3128.0,3186.0,3186.0,3186.0,3186.0,3128.0,3128.0,3128.0,3128.0,3128.0,3128.0,3128.0,3128.0,3128.0,3128.0,3128.0,3128.0,3128.0,3128.0,3128.0,3128.0,3128.0,3128.0,3158.0,3130.0,3186.0,3186.0,3186.0,3186.0,3186.0,3186.0,3158.0,3130.0,3128.0,3186.0,3186.0,3186.0,3186.0,3186.0,3186.0,3128.0,3128.0,3128.0,3128.0,3128.0,3128.0,3128.0,3128.0,3128.0,3158.0,3130.0,3186.0,3186.0,3186.0,3186.0,3128.0,3186.0,3186.0,3128.0,3128.0,3128.0,3128.0,3128.0,3128.0,3128.0,3128.0,3128.0,3120.0,3120.0,3120.0,3120.0,3120.0,3120.0,3120.0,3120.0,3146.0,3122.0,3158.0,3170.0,3170.0,3170.0,3170.0,3170.0,3170.0,3158.0,3130.0,3186.0,3186.0,3130.0,131072.0,2567400.0,0.0,262272.0,0.0,4096.0
27,0,1,1300,1300,4194304,256,0,0,12,4,32,64,"void at::native::vectorized_elementwise_kernel<4, at::native::FillFunctor<int>, std::array<char*, 1ul> >(int, at::native::FillFunctor<int>, std::array<char*, 1ul>)",12739667371183,12739667413880,28,85,821881.0,1860.0,821881.0,65536.0,2885.0,23966870.0,0.0,0.0,556246312.0,556246312.0,0.0,0.0,262144.0,0.0,0.0,0.0,0.0,0.0,0.0,0.0,0.0,0.0,0.0,0.0,0.0,0.0,0.0,0.0,0.0,0.0,0.0,0.0,0.0,0.0,0.0,0.0,0.0,0.0,0.0,0.0,0.0,0.0,0.0,0.0,0.0,0.0,0.0,0.0,0.0,0.0,0.0,0.0,0.0,0.0,0.0,0.0,0.0,0.0,0.0,0.0,0.0,0.0,0.0,0.0,0.0,0.0,0.0,0.0,0.0,0.0,0.0,0.0,0.0,0.0,0.0,0.0,0.0,0.0,0.0,0.0,0.0,0.0,0.0,0.0,0.0,0.0,0.0,0.0,0.0,0.0,0.0,0.0,0.0,0.0,0.0,0.0,0.0,0.0,0.0,0.0,0.0,0.0,0.0,0.0,0.0,0.0,0.0,0.0,0.0,0.0,0.0,0.0,0.0,0.0,0.0,0.0,0.0,0.0,0.0,0.0,0.0,0.0,0.0,0.0,0.0,0.0,0.0,0.0,0.0,0.0,0.0,0.0,0.0,0.0,0.0,0.0,0.0,0.0,0.0,0.0,0.0,0.0,32768.0,32768.0,32848.0,32768.0,32768.0,32768.0,32769.0,32868.0,32768.0,32848.0,32848.0,32768.0,32848.0,32848.0,32768.0,32769.0,32868.0,32768.0,32848.0,32848.0,32848.0,32848.0,32769.0,32768.0,32768.0,32768.0,32769.0,32768.0,32848.0,32768.0,32768.0,32768.0,32848.0,32768.0,32768.0,32768.0,32768.0,32768.0,32769.0,32769.0,32768.0,32848.0,32768.0,32768.0,32768.0,32769.0,32868.0,32768.0,32848.0,32848.0,32868.0,32848.0,32848.0,32768.0,32769.0,32868.0,32768.0,32848.0,32848.0,32848.0,32848.0,32768.0,32768.0,32768.0,32768.0,32769.0,32768.0,32848.0,32768.0,32768.0,32768.0,32768.0,32848.0,32768.0,32769.0,32768.0,32848.0,32768.0,32768.0,32768.0,32769.0,32868.0,32768.0,32848.0,32848.0,32848.0,32848.0,32848.0,32768.0,32768.0,32768.0,32769.0,32768.0,32848.0,32848.0,32768.0,32768.0,32768.0,32769.0,32868.0,32768.0,32848.0,32848.0,32848.0,32848.0,32848.0,32768.0,32769.0,32868.0,32768.0,32848.0,32848.0,32848.0,32848.0,32768.0,32768.0,32768.0,32768.0,32769.0,32768.0,32848.0,32768.0,32768.0,32768.0,32768.0,32768.0,32769.0,32768.0,4194304.0,23646206.0,0.0,0.0,0.0,262144.0
28,0,1,1300,1300,16384,256,0,0,16,192,48,64,matmulbias_kernel,12739667798113,12739667828382,29,27,629110.0,2018.0,629110.0,0.0,676.0,3773130.0,0.0,0.0,44689115.0,44689115.0,4194304.0,622592.0,0.0,0.0,0.0,0.0,0.0,0.0,0.0,0.0,0.0,0.0,0.0,0.0,0.0,0.0,0.0,0.0,0.0,0.0,0.0,0.0,0.0,0.0,0.0,0.0,0.0,0.0,0.0,0.0,0.0,0.0,0.0,0.0,0.0,0.0,0.0,0.0,0.0,0.0,0.0,0.0,0.0,0.0,0.0,0.0,0.0,0.0,0.0,0.0,0.0,0.0,0.0,0.0,0.0,0.0,0.0,0.0,0.0,0.0,0.0,0.0,0.0,0.0,0.0,0.0,0.0,0.0,0.0,0.0,0.0,0.0,0.0,0.0,0.0,0.0,0.0,0.0,0.0,0.0,0.0,0.0,0.0,0.0,0.0,0.0,0.0,0.0,0.0,0.0,0.0,0.0,0.0,0.0,0.0,0.0,0.0,0.0,0.0,0.0,0.0,0.0,0.0,0.0,0.0,0.0,0.0,0.0,0.0,0.0,0.0,0.0,0.0,0.0,0.0,0.0,0.0,0.0,0.0,0.0,0.0,0.0,0.0,0.0,0.0,0.0,0.0,0.0,0.0,0.0,0.0,0.0,3120.0,3202.0,3202.0,3202.0,3202.0,3136.0,3136.0,3136.0,3136.0,3136.0,3136.0,3170.0,3136.0,3136.0,3120.0,3120.0,3120.0,3120.0,3120.0,3120.0,3120.0,3120.0,3170.0,3146.0,3122.0,3170.0,3170.0,3170.0,3170.0,3170.0,3170.0,3170.0,3170.0,3170.0,3170.0,3134.0,3114.0,3154.0,3154.0,3120.0,3154.0,3154.0,3154.0,3154.0,3112.0,3112.0,3112.0,3112.0,3112.0,3112.0,3120.0,3112.0,3112.0,3120.0,3120.0,3120.0,3120.0,3120.0,3120.0,3120.0,3120.0,3120.0,3146.0,3122.0,3170.0,3170.0,3170.0,3170.0,3170.0,3170.0,3158.0,3130.0,3120.0,3186.0,3186.0,3186.0,3186.0,3186.0,3186.0,3128.0,3128.0,3128.0,3128.0,3120.0,3128.0,3128.0,3128.0,3128.0,3146.0,3122.0,3170.0,3170.0,3170.0,3170.0,3120.0,3170.0,3170.0,3120.0,3120.0,3120.0,3120.0,3120.0,3120.0,3120.0,3120.0,3120.0,3128.0,3128.0,3128.0,3128.0,3128.0,3128.0,3128.0,3128.0,3158.0,3130.0,3146.0,3186.0,3186.0,3186.0,3186.0,3186.0,3186.0,3170.0,3138.0,3202.0,3202.0,3122.0,131072.0,2562291.0,0.0,262272.0,0.0,4096.0
29,0,1,1300,1300,4194304,256,0,0,12,4,32,64,"void at::native::vectorized_elementwise_kernel<4, at::native::FillFunctor<int>, std::array<char*, 1ul> >(int, at::native::FillFunctor<int>, std::array<char*, 1ul>)",12739668205799,12739668248296,30,85,840374.0,1810.0,840374.0,65536.0,2874.0,24030536.0,0.0,0.0,555645065.0,555645065.0,0.0,0.0,262144.0,0.0,0.0,0.0,0.0,0.0,0.0,0.0,0.0,0.0,0.0,0.0,0.0,0.0,0.0,0.0,0.0,0.0,0.0,0.0,0.0,0.0,0.0,0.0,0.0,0.0,0.0,0.0,0.0,0.0,0.0,0.0,0.0,0.0,0.0,0.0,0.0,0.0,0.0,0.0,0.0,0.0,0.0,0.0,0.0,0.0,0.0,0.0,0.0,0.0,0.0,0.0,0.0,0.0,0.0,0.0,0.0,0.0,0.0,0.0,0.0,0.0,0.0,0.0,0.0,0.0,0.0,0.0,0.0,0.0,0.0,0.0,0.0,0.0,0.0,0.0,0.0,0.0,0.0,0.0,0.0,0.0,0.0,0.0,0.0,0.0,0.0,0.0,0.0,0.0,0.0,0.0,0.0,0.0,0.0,0.0,0.0,0.0,0.0,0.0,0.0,0.0,0.0,0.0,0.0,0.0,0.0,0.0,0.0,0.0,0.0,0.0,0.0,0.0,0.0,0.0,0.0,0.0,0.0,0.0,0.0,0.0,0.0,0.0,0.0,0.0,0.0,0.0,0.0,0.0,32768.0,32768.0,32848.0,32768.0,32768.0,32768.0,32768.0,32848.0,32768.0,32848.0,32868.0,32768.0,32848.0,32849.0,32768.0,32768.0,32848.0,32768.0,32848.0,32868.0,32848.0,32849.0,32769.0,32768.0,32768.0,32768.0,32769.0,32768.0,32848.0,32768.0,32768.0,32768.0,32848.0,32768.0,32768.0,32768.0,32768.0,32768.0,32769.0,32768.0,32768.0,32848.0,32768.0,32768.0,32768.0,32768.0,32848.0,32768.0,32848.0,32868.0,32848.0,32848.0,32849.0,32768.0,32768.0,32848.0,32768.0,32848.0,32868.0,32848.0,32849.0,32768.0,32768.0,32768.0,32768.0,32769.0,32768.0,32848.0,32768.0,32768.0,32768.0,32768.0,32848.0,32768.0,32769.0,32768.0,32848.0,32768.0,32768.0,32768.0,32768.0,32848.0,32768.0,32868.0,32848.0,32868.0,32848.0,32849.0,32768.0,32768.0,32768.0,32769.0,32768.0,32848.0,32848.0,32768.0,32768.0,32768.0,32768.0,32848.0,32768.0,32848.0,32868.0,32848.0,32849.0,32849.0,32768.0,32768.0,32848.0,32768.0,32848.0,32868.0,32848.0,32849.0,32768.0,32768.0,32768.0,32768.0,32769.0,32768.0,32848.0,32768.0,32768.0,32768.0,32768.0,32768.0,32769.0,32768.0,4194304.0,23611272.0,0.0,0.0,0.0,262144.0
30,0,1,1300,1300,16384,256,0,0,16,192,48,64,matmulbias_kernel,12739668628480,12739668658548,31,27,625545.0,2018.0,625545.0,0.0,675.0,3773458.0,0.0,0.0,44560347.0,44560347.0,4194304.0,622592.0,0.0,0.0,0.0,0.0,0.0,0.0,0.0,0.0,0.0,0.0,0.0,0.0,0.0,0.0,0.0,0.0,0.0,0.0,0.0,0.0,0.0,0.0,0.0,0.0,0.0,0.0,0.0,0.0,0.0,0.0,0.0,0.0,0.0,0.0,0.0,0.0,0.0,0.0,0.0,0.0,0.0,0.0,0.0,0.0,0.0,0.0,0.0,0.0,0.0,0.0,0.0,0.0,0.0,0.0,0.0,0.0,0.0,0.0,0.0,0.0,0.0,0.0,0.0,0.0,0.0,0.0,0.0,0.0,0.0,0.0,0.0,0.0,0.0,0.0,0.0,0.0,0.0,0.0,0.0,0.0,0.0,0.0,0.0,0.0,0.0,0.0,0.0,0.0,0.0,0.0,0.0,0.0,0.0,0.0,0.0,0.0,0.0,0.0,0.0,0.0,0.0,0.0,0.0,0.0,0.0,0.0,0.0,0.0,0.0,0.0,0.0,0.0,0.0,0.0,0.0,0.0,0.0,0.0,0.0,0.0,0.0,0.0,0.0,0.0,0.0,0.0,0.0,0.0,0.0,0.0,3128.0,3186.0,3186.0,3186.0,3186.0,3128.0,3128.0,3128.0,3128.0,3128.0,3129.0,3186.0,3128.0,3128.0,3120.0,3120.0,3120.0,3120.0,3120.0,3121.0,3120.0,3120.0,3187.0,3146.0,3122.0,3170.0,3171.0,3170.0,3170.0,3170.0,3170.0,3186.0,3186.0,3186.0,3186.0,3146.0,3122.0,3170.0,3171.0,3128.0,3170.0,3170.0,3170.0,3170.0,3120.0,3120.0,3120.0,3120.0,3120.0,3121.0,3128.0,3120.0,3120.0,3128.0,3128.0,3128.0,3128.0,3128.0,3129.0,3128.0,3128.0,3128.0,3158.0,3130.0,3186.0,3187.0,3186.0,3186.0,3186.0,3186.0,3158.0,3130.0,3128.0,3186.0,3187.0,3186.0,3186.0,3186.0,3186.0,3128.0,3128.0,3128.0,3128.0,3129.0,3128.0,3129.0,3128.0,3128.0,3146.0,3122.0,3170.0,3171.0,3170.0,3170.0,3128.0,3170.0,3170.0,3120.0,3120.0,3120.0,3120.0,3120.0,3121.0,3120.0,3120.0,3128.0,3128.0,3128.0,3128.0,3128.0,3128.0,3129.0,3128.0,3128.0,3158.0,3130.0,3158.0,3186.0,3187.0,3186.0,3186.0,3186.0,3186.0,3158.0,3130.0,3186.0,3187.0,3130.0,131072.0,2563868.0,0.0,262272.0,0.0,4096.0
31,0,1,1300,1300,4194304,256,0,0,12,4,32,64,"void at::native::vectorized_elementwise_kernel<4, at::native::FillFunctor<int>, std::array<char*, 1ul> >(int, at::native::FillFunctor<int>, std::array<char*, 1ul>)",12739669037690,12739669080267,32,85,823456.0,1810.0,823456.0,65536.0,2881.0,24014095.0,0.0,0.0,557207056.0,557207056.0,0.0,0.0,262144.0,0.0,0.0,0.0,0.0,0.0,0.0,0.0,0.0,0.0,0.0,0.0,0.0,0.0,0.0,0.0,0.0,0.0,0.0,0.0,0.0,0.0,0.0,0.0,0.0,0.0,0.0,0.0,0.0,0.0,0.0,0.0,0.0,0.0,0.0,0.0,0.0,0.0,0.0,0.0,0.0,0.0,0.0,0.0,0.0,0.0,0.0,0.0,0.0,0.0,0.0,0.0,0.0,0.0,0.0,0.0,0.0,0.0,0.0,0.0,0.0,0.0,0.0,0.0,0.0,0.0,0.0,0.0,0.0,0.0,0.0,0.0,0.0,0.0,0.0,0.0,0.0,0.0,0.0,0.0,0.0,0.0,0.0,0.0,0.0,0.0,0.0,0.0,0.0,0.0,0.0,0.0,0.0,0.0,0.0,0.0,0.0,0.0,0.0,0.0,0.0,0.0,0.0,0.0,0.0,0.0,0.0,0.0,0.0,0.0,0.0,0.0,0.0,0.0,0.0,0.0,0.0,0.0,0.0,0.0,0.0,0.0,0.0,0.0,0.0,0.0,0.0,0.0,0.0,0.0,32768.0,32768.0,32848.0,32768.0,32768.0,32768.0,32768.0,32848.0,32768.0,32868.0,32848.0,32768.0,32848.0,32848.0,32768.0,32768.0,32848.0,32768.0,32868.0,32848.0,32848.0,32848.0,32768.0,32768.0,32768.0,32768.0,32768.0,32768.0,32848.0,32768.0,32768.0,32768.0,32848.0,32768.0,32768.0,32768.0,32768.0,32768.0,32768.0,32768.0,32768.0,32848.0,32768.0,32768.0,32768.0,32768.0,32848.0,32768.0,32868.0,32848.0,32848.0,32848.0,32848.0,32768.0,32768.0,32848.0,32768.0,32868.0,32848.0,32848.0,32848.0,32768.0,32768.0,32768.0,32768.0,32768.0,32768.0,32848.0,32768.0,32768.0,32768.0,32768.0,32868.0,32768.0,32768.0,32768.0,32848.0,32768.0,32768.0,32768.0,32768.0,32848.0,32768.0,32848.0,32868.0,32848.0,32848.0,32848.0,32768.0,32768.0,32768.0,32768.0,32768.0,32848.0,32848.0,32768.0,32768.0,32768.0,32768.0,32848.0,32768.0,32868.0,32848.0,32848.0,32848.0,32848.0,32768.0,32768.0,32848.0,32768.0,32868.0,32848.0,32848.0,32848.0,32768.0,32768.0,32768.0,32768.0,32768.0,32768.0,32848.0,32768.0,32768.0,32768.0,32768.0,32768.0,32768.0,32768.0,4194304.0,23693291.0,0.0,0.0,0.0,262144.0
32,0,1,1300,1300,16384,256,0,0,16,192,48,64,matmulbias_kernel,12739669452833,12739669482821,33,27,625352.0,2068.0,625352.0,0.0,687.0,3751174.0,0.0,0.0,44100638.0,44100638.0,4194304.0,622592.0,0.0,0.0,0.0,0.0,0.0,0.0,0.0,0.0,0.0,0.0,0.0,0.0,0.0,0.0,0.0,0.0,0.0,0.0,0.0,0.0,0.0,0.0,0.0,0.0,0.0,0.0,0.0,0.0,0.0,0.0,0.0,0.0,0.0,0.0,0.0,0.0,0.0,0.0,0.0,0.0,0.0,0.0,0.0,0.0,0.0,0.0,0.0,0.0,0.0,0.0,0.0,0.0,0.0,0.0,0.0,0.0,0.0,0.0,0.0,0.0,0.0,0.0,0.0,0.0,0.0,0.0,0.0,0.0,0.0,0.0,0.0,0.0,0.0,0.0,0.0,0.0,0.0,0.0,0.0,0.0,0.0,0.0,0.0,0.0,0.0,0.0,0.0,0.0,0.0,0.0,0.0,0.0,0.0,0.0,0.0,0.0,0.0,0.0,0.0,0.0,0.0,0.0,0.0,0.0,0.0,0.0,0.0,0.0,0.0,0.0,0.0,0.0,0.0,0.0,0.0,0.0,0.0,0.0,0.0,0.0,0.0,0.0,0.0,0.0,0.0,0.0,0.0,0.0,0.0,0.0,3112.0,3138.0,3138.0,3138.0,3139.0,3104.0,3104.0,3104.0,3104.0,3104.0,3104.0,3154.0,3104.0,3104.0,3120.0,3120.0,3120.0,3120.0,3120.0,3120.0,3120.0,3120.0,3155.0,3146.0,3122.0,3170.0,3171.0,3170.0,3170.0,3170.0,3171.0,3154.0,3154.0,3154.0,3155.0,3146.0,3122.0,3170.0,3171.0,3112.0,3170.0,3170.0,3170.0,3171.0,3120.0,3120.0,3120.0,3120.0,3120.0,3120.0,3112.0,3120.0,3120.0,3120.0,3120.0,3120.0,3120.0,3120.0,3120.0,3120.0,3120.0,3112.0,3146.0,3122.0,3170.0,3171.0,3170.0,3170.0,3170.0,3171.0,3170.0,3138.0,3112.0,3202.0,3203.0,3202.0,3202.0,3202.0,3203.0,3136.0,3136.0,3136.0,3136.0,3112.0,3136.0,3136.0,3136.0,3136.0,3146.0,3122.0,3170.0,3171.0,3170.0,3170.0,3112.0,3170.0,3171.0,3120.0,3120.0,3120.0,3120.0,3120.0,3120.0,3120.0,3120.0,3112.0,3128.0,3128.0,3128.0,3128.0,3128.0,3128.0,3128.0,3128.0,3158.0,3130.0,3134.0,3186.0,3187.0,3186.0,3186.0,3186.0,3187.0,3122.0,3106.0,3138.0,3139.0,3114.0,131072.0,2538233.0,0.0,262272.0,0.0,4096.0
33,0,1,1300,1300,4194304,256,0,0,12,4,32,64,"void at::native::vectorized_elementwise_kernel<4, at::native::FillFunctor<int>, std::array<char*, 1ul> >(int, at::native::FillFunctor<int>, std::array<char*, 1ul>)",12739669861201,12739669903538,34,85,828351.0,1810.0,828351.0,65536.0,3165.0,23934284.0,0.0,0.0,555387563.0,555387563.0,0.0,0.0,262144.0,0.0,0.0,0.0,0.0,0.0,0.0,0.0,0.0,0.0,0.0,0.0,0.0,0.0,0.0,0.0,0.0,0.0,0.0,0.0,0.0,0.0,0.0,0.0,0.0,0.0,0.0,0.0,0.0,0.0,0.0,0.0,0.0,0.0,0.0,0.0,0.0,0.0,0.0,0.0,0.0,0.0,0.0,0.0,0.0,0.0,0.0,0.0,0.0,0.0,0.0,0.0,0.0,0.0,0.0,0.0,0.0,0.0,0.0,0.0,0.0,0.0,0.0,0.0,0.0,0.0,0.0,0.0,0.0,0.0,0.0,0.0,0.0,0.0,0.0,0.0,0.0,0.0,0.0,0.0,0.0,0.0,0.0,0.0,0.0,0.0,0.0,0.0,0.0,0.0,0.0,0.0,0.0,0.0,0.0,0.0,0.0,0.0,0.0,0.0,0.0,0.0,0.0,0.0,0.0,0.0,0.0,0.0,0.0,0.0,0.0,0.0,0.0,0.0,0.0,0.0,0.0,0.0,0.0,0.0,0.0,0.0,0.0,0.0,0.0,0.0,0.0,0.0,0.0,0.0,32768.0,32768.0,32848.0,32768.0,32768.0,32768.0,32768.0,32848.0,32768.0,32848.0,32848.0,32768.0,32848.0,32868.0,32768.0,32768.0,32848.0,32768.0,32848.0,32848.0,32848.0,32868.0,32768.0,32768.0,32768.0,32768.0,32768.0,32768.0,32848.0,32768.0,32768.0,32768.0,32848.0,32768.0,32768.0,32768.0,32768.0,32768.0,32768.0,32768.0,32768.0,32848.0,32768.0,32768.0,32768.0,32768.0,32848.0,32768.0,32848.0,32848.0,32848.0,32848.0,32868.0,32768.0,32768.0,32848.0,32768.0,32848.0,32848.0,32848.0,32868.0,32768.0,32768.0,32768.0,32768.0,32768.0,32768.0,32848.0,32768.0,32768.0,32768.0,32768.0,32848.0,32768.0,32768.0,32768.0,32848.0,32768.0,32768.0,32768.0,32768.0,32848.0,32768.0,32848.0,32848.0,32848.0,32848.0,32868.0,32768.0,32768.0,32768.0,32768.0,32768.0,32848.0,32848.0,32768.0,32768.0,32768.0,32768.0,32848.0,32768.0,32848.0,32848.0,32848.0,32868.0,32868.0,32768.0,32768.0,32848.0,32768.0,32848.0,32848.0,32848.0,32868.0,32768.0,32768.0,32768.0,32768.0,32768.0,32768.0,32848.0,32768.0,32768.0,32768.0,32768.0,32768.0,32768.0,32768.0,4194304.0,23606714.0,0.0,0.0,0.0,262144.0
34,0,1,1300,1300,16384,256,0,0,16,192,48,64,matmulbias_kernel,12739670289174,12739670319723,35,27,639012.0,2018.0,639012.0,0.0,674.0,3797513.0,0.0,0.0,45191677.0,45191677.0,4194304.0,622592.0,0.0,0.0,0.0,0.0,0.0,0.0,0.0,0.0,0.0,0.0,0.0,0.0,0.0,0.0,0.0,0.0,0.0,0.0,0.0,0.0,0.0,0.0,0.0,0.0,0.0,0.0,0.0,0.0,0.0,0.0,0.0,0.0,0.0,0.0,0.0,0.0,0.0,0.0,0.0,0.0,0.0,0.0,0.0,0.0,0.0,0.0,0.0,0.0,0.0,0.0,0.0,0.0,0.0,0.0,0.0,0.0,0.0,0.0,0.0,0.0,0.0,0.0,0.0,0.0,0.0,0.0,0.0,0.0,0.0,0.0,0.0,0.0,0.0,0.0,0.0,0.0,0.0,0.0,0.0,0.0,0.0,0.0,0.0,0.0,0.0,0.0,0.0,0.0,0.0,0.0,0.0,0.0,0.0,0.0,0.0,0.0,0.0,0.0,0.0,0.0,0.0,0.0,0.0,0.0,0.0,0.0,0.0,0.0,0.0,0.0,0.0,0.0,0.0,0.0,0.0,0.0,0.0,0.0,0.0,0.0,0.0,0.0,0.0,0.0,0.0,0.0,0.0,0.0,0.0,0.0,3120.0,3186.0,3187.0,3186.0,3186.0,3128.0,3128.0,3128.0,3128.0,3128.0,3128.0,3170.0,3128.0,3128.0,3120.0,3120.0,3120.0,3120.0,3120.0,3120.0,3120.0,3120.0,3171.0,3146.0,3122.0,3170.0,3171.0,3170.0,3171.0,3170.0,3170.0,3170.0,3171.0,3170.0,3170.0,3146.0,3122.0,3170.0,3171.0,3120.0,3170.0,3171.0,3170.0,3170.0,3120.0,3120.0,3120.0,3120.0,3120.0,3120.0,3120.0,3120.0,3120.0,3112.0,3112.0,3112.0,3112.0,3112.0,3112.0,3112.0,3112.0,3120.0,3134.0,3114.0,3154.0,3155.0,3154.0,3155.0,3154.0,3154.0,3134.0,3114.0,3120.0,3154.0,3155.0,3154.0,3155.0,3154.0,3154.0,3112.0,3112.0,3112.0,3112.0,3120.0,3112.0,3112.0,3112.0,3112.0,3170.0,3138.0,3202.0,3203.0,3202.0,3203.0,3120.0,3202.0,3202.0,3136.0,3136.0,3136.0,3136.0,3136.0,3136.0,3136.0,3136.0,3120.0,3112.0,3112.0,3112.0,3112.0,3112.0,3112.0,3112.0,3112.0,3134.0,3114.0,3146.0,3154.0,3155.0,3154.0,3155.0,3154.0,3154.0,3158.0,3130.0,3186.0,3187.0,3122.0,131072.0,2586269.0,0.0,262272.0,0.0,4096.0
35,0,1,1300,1300,4194304,256,0,0,12,4,32,64,"void at::native::vectorized_elementwise_kernel<4, at::native::FillFunctor<int>, std::array<char*, 1ul> >(int, at::native::FillFunctor<int>, std::array<char*, 1ul>)",12739670699105,12739670741923,36,85,823626.0,1810.0,823626.0,65536.0,3652.0,24026430.0,0.0,0.0,556304371.0,556304371.0,0.0,0.0,262144.0,0.0,0.0,0.0,0.0,0.0,0.0,0.0,0.0,0.0,0.0,0.0,0.0,0.0,0.0,0.0,0.0,0.0,0.0,0.0,0.0,0.0,0.0,0.0,0.0,0.0,0.0,0.0,0.0,0.0,0.0,0.0,0.0,0.0,0.0,0.0,0.0,0.0,0.0,0.0,0.0,0.0,0.0,0.0,0.0,0.0,0.0,0.0,0.0,0.0,0.0,0.0,0.0,0.0,0.0,0.0,0.0,0.0,0.0,0.0,0.0,0.0,0.0,0.0,0.0,0.0,0.0,0.0,0.0,0.0,0.0,0.0,0.0,0.0,0.0,0.0,0.0,0.0,0.0,0.0,0.0,0.0,0.0,0.0,0.0,0.0,0.0,0.0,0.0,0.0,0.0,0.0,0.0,0.0,0.0,0.0,0.0,0.0,0.0,0.0,0.0,0.0,0.0,0.0,0.0,0.0,0.0,0.0,0.0,0.0,0.0,0.0,0.0,0.0,0.0,0.0,0.0,0.0,0.0,0.0,0.0,0.0,0.0,0.0,0.0,0.0,0.0,0.0,0.0,0.0,32768.0,32768.0,32848.0,32768.0,32768.0,32768.0,32768.0,32848.0,32768.0,32848.0,32848.0,32768.0,32868.0,32848.0,32768.0,32768.0,32848.0,32768.0,32848.0,32848.0,32868.0,32848.0,32768.0,32768.0,32768.0,32768.0,32768.0,32768.0,32848.0,32768.0,32768.0,32768.0,32848.0,32768.0,32768.0,32768.0,32768.0,32768.0,32768.0,32768.0,32768.0,32848.0,32768.0,32768.0,32768.0,32768.0,32848.0,32768.0,32848.0,32848.0,32848.0,32868.0,32848.0,32768.0,32768.0,32848.0,32768.0,32848.0,32848.0,32868.0,32848.0,32768.0,32768.0,32768.0,32768.0,32768.0,32768.0,32848.0,32768.0,32768.0,32768.0,32768.0,32848.0,32768.0,32768.0,32768.0,32848.0,32768.0,32768.0,32768.0,32768.0,32848.0,32768.0,32848.0,32848.0,32848.0,32868.0,32848.0,32768.0,32768.0,32768.0,32768.0,32768.0,32848.0,32868.0,32768.0,32768.0,32768.0,32768.0,32848.0,32768.0,32848.0,32848.0,32868.0,32848.0,32848.0,32768.0,32768.0,32848.0,32768.0,32848.0,32848.0,32868.0,32848.0,32768.0,32768.0,32768.0,32768.0,32768.0,32768.0,32848.0,32768.0,32768.0,32768.0,32768.0,32768.0,32768.0,32768.0,4194304.0,23645046.0,0.0,0.0,0.0,262144.0
36,0,1,1300,1300,16384,256,0,0,16,192,48,64,matmulbias_kernel,12739671128642,12739671159151,37,27,633464.0,2018.0,633464.0,0.0,768.0,3837552.0,0.0,0.0,45376107.0,45376107.0,4194304.0,622592.0,0.0,0.0,0.0,0.0,0.0,0.0,0.0,0.0,0.0,0.0,0.0,0.0,0.0,0.0,0.0,0.0,0.0,0.0,0.0,0.0,0.0,0.0,0.0,0.0,0.0,0.0,0.0,0.0,0.0,0.0,0.0,0.0,0.0,0.0,0.0,0.0,0.0,0.0,0.0,0.0,0.0,0.0,0.0,0.0,0.0,0.0,0.0,0.0,0.0,0.0,0.0,0.0,0.0,0.0,0.0,0.0,0.0,0.0,0.0,0.0,0.0,0.0,0.0,0.0,0.0,0.0,0.0,0.0,0.0,0.0,0.0,0.0,0.0,0.0,0.0,0.0,0.0,0.0,0.0,0.0,0.0,0.0,0.0,0.0,0.0,0.0,0.0,0.0,0.0,0.0,0.0,0.0,0.0,0.0,0.0,0.0,0.0,0.0,0.0,0.0,0.0,0.0,0.0,0.0,0.0,0.0,0.0,0.0,0.0,0.0,0.0,0.0,0.0,0.0,0.0,0.0,0.0,0.0,0.0,0.0,0.0,0.0,0.0,0.0,0.0,0.0,0.0,0.0,0.0,0.0,3112.0,3154.0,3154.0,3154.0,3154.0,3112.0,3112.0,3112.0,3112.0,3112.0,3112.0,3154.0,3112.0,3112.0,3120.0,3120.0,3120.0,3120.0,3120.0,3120.0,3120.0,3120.0,3156.0,3146.0,3122.0,3170.0,3172.0,3170.0,3170.0,3170.0,3170.0,3154.0,3154.0,3154.0,3154.0,3158.0,3130.0,3186.0,3188.0,3112.0,3186.0,3186.0,3186.0,3186.0,3128.0,3128.0,3128.0,3128.0,3128.0,3128.0,3112.0,3128.0,3128.0,3112.0,3112.0,3112.0,3112.0,3112.0,3112.0,3112.0,3112.0,3112.0,3134.0,3114.0,3154.0,3156.0,3154.0,3154.0,3154.0,3154.0,3158.0,3130.0,3112.0,3186.0,3188.0,3186.0,3186.0,3186.0,3186.0,3128.0,3128.0,3128.0,3128.0,3112.0,3128.0,3128.0,3128.0,3128.0,3146.0,3122.0,3170.0,3172.0,3170.0,3170.0,3112.0,3170.0,3170.0,3120.0,3120.0,3120.0,3120.0,3120.0,3120.0,3120.0,3120.0,3112.0,3120.0,3120.0,3120.0,3120.0,3120.0,3120.0,3120.0,3120.0,3146.0,3122.0,3134.0,3170.0,3172.0,3170.0,3170.0,3170.0,3170.0,3134.0,3114.0,3154.0,3156.0,3114.0,131072.0,2619128.0,0.0,262272.0,0.0,4096.0
37,0,1,1300,1300,4194304,256,0,0,12,4,32,64,"void at::native::vectorized_elementwise_kernel<4, at::native::FillFunctor<int>, std::array<char*, 1ul> >(int, at::native::FillFunctor<int>, std::array<char*, 1ul>)",12739671544306,12739671586522,38,85,822698.0,1810.0,822698.0,65536.0,2877.0,23948605.0,0.0,0.0,555290706.0,555290706.0,0.0,0.0,262144.0,0.0,0.0,0.0,0.0,0.0,0.0,0.0,0.0,0.0,0.0,0.0,0.0,0.0,0.0,0.0,0.0,0.0,0.0,0.0,0.0,0.0,0.0,0.0,0.0,0.0,0.0,0.0,0.0,0.0,0.0,0.0,0.0,0.0,0.0,0.0,0.0,0.0,0.0,0.0,0.0,0.0,0.0,0.0,0.0,0.0,0.0,0.0,0.0,0.0,0.0,0.0,0.0,0.0,0.0,0.0,0.0,0.0,0.0,0.0,0.0,0.0,0.0,0.0,0.0,0.0,0.0,0.0,0.0,0.0,0.0,0.0,0.0,0.0,0.0,0.0,0.0,0.0,0.0,0.0,0.0,0.0,0.0,0.0,0.0,0.0,0.0,0.0,0.0,0.0,0.0,0.0,0.0,0.0,0.0,0.0,0.0,0.0,0.0,0.0,0.0,0.0,0.0,0.0,0.0,0.0,0.0,0.0,0.0,0.0,0.0,0.0,0.0,0.0,0.0,0.0,0.0,0.0,0.0,0.0,0.0,0.0,0.0,0.0,0.0,0.0,0.0,0.0,0.0,0.0,32768.0,32768.0,32868.0,32768.0,32768.0,32768.0,32769.0,32848.0,32768.0,32848.0,32848.0,32768.0,32848.0,32848.0,32768.0,32769.0,32848.0,32768.0,32848.0,32848.0,32848.0,32848.0,32769.0,32768.0,32768.0,32768.0,32769.0,32768.0,32868.0,32768.0,32768.0,32768.0,32868.0,32768.0,32768.0,32768.0,32768.0,32768.0,32769.0,32769.0,32768.0,32868.0,32768.0,32768.0,32768.0,32769.0,32848.0,32768.0,32848.0,32848.0,32848.0,32848.0,32848.0,32768.0,32769.0,32848.0,32768.0,32848.0,32848.0,32848.0,32848.0,32768.0,32768.0,32768.0,32768.0,32769.0,32768.0,32868.0,32768.0,32768.0,32768.0,32768.0,32848.0,32768.0,32769.0,32768.0,32868.0,32768.0,32768.0,32768.0,32769.0,32848.0,32768.0,32848.0,32848.0,32848.0,32848.0,32848.0,32768.0,32768.0,32768.0,32769.0,32768.0,32868.0,32848.0,32768.0,32768.0,32768.0,32769.0,32848.0,32768.0,32848.0,32848.0,32848.0,32848.0,32848.0,32768.0,32769.0,32848.0,32768.0,32848.0,32848.0,32848.0,32848.0,32768.0,32768.0,32768.0,32768.0,32769.0,32768.0,32868.0,32768.0,32768.0,32768.0,32768.0,32768.0,32769.0,32768.0,4194304.0,23579594.0,0.0,0.0,0.0,262144.0
38,0,1,1300,1300,16384,256,0,0,16,192,48,64,matmulbias_kernel,12739671965864,12739671999340,39,27,667250.0,2018.0,667250.0,0.0,691.0,4180579.0,0.0,0.0,54239217.0,54239217.0,4194304.0,622592.0,0.0,0.0,0.0,0.0,0.0,0.0,0.0,0.0,0.0,0.0,0.0,0.0,0.0,0.0,0.0,0.0,0.0,0.0,0.0,0.0,0.0,0.0,0.0,0.0,0.0,0.0,0.0,0.0,0.0,0.0,0.0,0.0,0.0,0.0,0.0,0.0,0.0,0.0,0.0,0.0,0.0,0.0,0.0,0.0,0.0,0.0,0.0,0.0,0.0,0.0,0.0,0.0,0.0,0.0,0.0,0.0,0.0,0.0,0.0,0.0,0.0,0.0,0.0,0.0,0.0,0.0,0.0,0.0,0.0,0.0,0.0,0.0,0.0,0.0,0.0,0.0,0.0,0.0,0.0,0.0,0.0,0.0,0.0,0.0,0.0,0.0,0.0,0.0,0.0,0.0,0.0,0.0,0.0,0.0,0.0,0.0,0.0,0.0,0.0,0.0,0.0,0.0,0.0,0.0,0.0,0.0,0.0,0.0,0.0,0.0,0.0,0.0,0.0,0.0,0.0,0.0,0.0,0.0,0.0,0.0,0.0,0.0,0.0,0.0,0.0,0.0,0.0,0.0,0.0,0.0,3120.0,3154.0,3154.0,3154.0,3154.0,3112.0,3112.0,3112.0,3112.0,3112.0,3112.0,3170.0,3112.0,3112.0,3136.0,3136.0,3136.0,3136.0,3136.0,3136.0,3136.0,3136.0,3170.0,3170.0,3138.0,3202.0,3202.0,3202.0,3202.0,3202.0,3202.0,3170.0,3170.0,3170.0,3170.0,3146.0,3122.0,3170.0,3170.0,3120.0,3170.0,3170.0,3170.0,3170.0,3120.0,3120.0,3120.0,3120.0,3120.0,3120.0,3120.0,3120.0,3120.0,3120.0,3120.0,3120.0,3120.0,3120.0,3120.0,3120.0,3120.0,3120.0,3146.0,3122.0,3170.0,3170.0,3170.0,3170.0,3170.0,3170.0,3134.0,3114.0,3120.0,3154.0,3154.0,3154.0,3154.0,3154.0,3154.0,3112.0,3112.0,3112.0,3112.0,3120.0,3112.0,3112.0,3112.0,3112.0,3134.0,3114.0,3154.0,3154.0,3154.0,3154.0,3120.0,3154.0,3154.0,3112.0,3112.0,3112.0,3112.0,3112.0,3112.0,3112.0,3112.0,3120.0,3128.0,3128.0,3128.0,3128.0,3128.0,3128.0,3128.0,3128.0,3158.0,3130.0,3146.0,3186.0,3186.0,3186.0,3186.0,3186.0,3186.0,3134.0,3114.0,3154.0,3154.0,3122.0,131072.0,2976078.0,0.0,262272.0,0.0,4096.0
39,0,1,1300,1300,4194304,256,0,0,12,4,32,64,"void at::native::vectorized_elementwise_kernel<4, at::native::FillFunctor<int>, std::array<char*, 1ul> >(int, at::native::FillFunctor<int>, std::array<char*, 1ul>)",12739672379404,12739672422141,40,85,832178.0,1810.0,832178.0,65536.0,2899.0,23934544.0,0.0,0.0,554483337.0,554483337.0,0.0,0.0,262144.0,0.0,0.0,0.0,0.0,0.0,0.0,0.0,0.0,0.0,0.0,0.0,0.0,0.0,0.0,0.0,0.0,0.0,0.0,0.0,0.0,0.0,0.0,0.0,0.0,0.0,0.0,0.0,0.0,0.0,0.0,0.0,0.0,0.0,0.0,0.0,0.0,0.0,0.0,0.0,0.0,0.0,0.0,0.0,0.0,0.0,0.0,0.0,0.0,0.0,0.0,0.0,0.0,0.0,0.0,0.0,0.0,0.0,0.0,0.0,0.0,0.0,0.0,0.0,0.0,0.0,0.0,0.0,0.0,0.0,0.0,0.0,0.0,0.0,0.0,0.0,0.0,0.0,0.0,0.0,0.0,0.0,0.0,0.0,0.0,0.0,0.0,0.0,0.0,0.0,0.0,0.0,0.0,0.0,0.0,0.0,0.0,0.0,0.0,0.0,0.0,0.0,0.0,0.0,0.0,0.0,0.0,0.0,0.0,0.0,0.0,0.0,0.0,0.0,0.0,0.0,0.0,0.0,0.0,0.0,0.0,0.0,0.0,0.0,0.0,0.0,0.0,0.0,0.0,0.0,32768.0,32788.0,32848.0,32768.0,32768.0,32768.0,32768.0,32848.0,32768.0,32848.0,32848.0,32768.0,32848.0,32848.0,32768.0,32768.0,32848.0,32768.0,32848.0,32848.0,32848.0,32848.0,32768.0,32768.0,32768.0,32768.0,32768.0,32788.0,32848.0,32768.0,32768.0,32788.0,32848.0,32768.0,32768.0,32768.0,32768.0,32768.0,32768.0,32768.0,32788.0,32848.0,32768.0,32768.0,32768.0,32768.0,32848.0,32768.0,32848.0,32848.0,32848.0,32848.0,32848.0,32768.0,32768.0,32848.0,32768.0,32848.0,32848.0,32848.0,32848.0,32768.0,32768.0,32768.0,32768.0,32768.0,32788.0,32848.0,32768.0,32768.0,32768.0,32768.0,32848.0,32768.0,32768.0,32788.0,32848.0,32768.0,32768.0,32768.0,32768.0,32848.0,32768.0,32848.0,32848.0,32848.0,32848.0,32848.0,32768.0,32768.0,32768.0,32768.0,32788.0,32848.0,32848.0,32768.0,32768.0,32768.0,32768.0,32848.0,32768.0,32848.0,32848.0,32848.0,32848.0,32848.0,32768.0,32768.0,32848.0,32768.0,32848.0,32848.0,32848.0,32848.0,32768.0,32768.0,32768.0,32768.0,32768.0,32788.0,32848.0,32768.0,32768.0,32768.0,32768.0,32768.0,32768.0,32768.0,4194304.0,23568178.0,0.0,0.0,0.0,262144.0
40,0,1,1300,1300,16384,256,0,0,16,192,48,64,matmulbias_kernel,12739672814192,12739672849151,41,27,708438.0,2018.0,708438.0,0.0,660.0,4377890.0,0.0,0.0,59732829.0,59732829.0,4194304.0,622592.0,0.0,0.0,0.0,0.0,0.0,0.0,0.0,0.0,0.0,0.0,0.0,0.0,0.0,0.0,0.0,0.0,0.0,0.0,0.0,0.0,0.0,0.0,0.0,0.0,0.0,0.0,0.0,0.0,0.0,0.0,0.0,0.0,0.0,0.0,0.0,0.0,0.0,0.0,0.0,0.0,0.0,0.0,0.0,0.0,0.0,0.0,0.0,0.0,0.0,0.0,0.0,0.0,0.0,0.0,0.0,0.0,0.0,0.0,0.0,0.0,0.0,0.0,0.0,0.0,0.0,0.0,0.0,0.0,0.0,0.0,0.0,0.0,0.0,0.0,0.0,0.0,0.0,0.0,0.0,0.0,0.0,0.0,0.0,0.0,0.0,0.0,0.0,0.0,0.0,0.0,0.0,0.0,0.0,0.0,0.0,0.0,0.0,0.0,0.0,0.0,0.0,0.0,0.0,0.0,0.0,0.0,0.0,0.0,0.0,0.0,0.0,0.0,0.0,0.0,0.0,0.0,0.0,0.0,0.0,0.0,0.0,0.0,0.0,0.0,0.0,0.0,0.0,0.0,0.0,0.0,3120.0,3154.0,3154.0,3154.0,3154.0,3112.0,3112.0,3112.0,3113.0,3112.0,3112.0,3170.0,3112.0,3112.0,3120.0,3120.0,3120.0,3121.0,3120.0,3120.0,3120.0,3120.0,3171.0,3146.0,3122.0,3170.0,3171.0,3170.0,3170.0,3170.0,3170.0,3170.0,3170.0,3170.0,3170.0,3158.0,3130.0,3186.0,3187.0,3120.0,3186.0,3186.0,3186.0,3186.0,3128.0,3128.0,3128.0,3129.0,3128.0,3128.0,3120.0,3128.0,3128.0,3120.0,3120.0,3120.0,3121.0,3120.0,3120.0,3120.0,3120.0,3121.0,3146.0,3122.0,3170.0,3171.0,3170.0,3170.0,3170.0,3170.0,3146.0,3122.0,3120.0,3170.0,3171.0,3170.0,3170.0,3170.0,3170.0,3120.0,3120.0,3120.0,3121.0,3120.0,3120.0,3120.0,3120.0,3120.0,3134.0,3114.0,3154.0,3155.0,3154.0,3154.0,3120.0,3154.0,3154.0,3112.0,3112.0,3112.0,3113.0,3112.0,3112.0,3112.0,3112.0,3120.0,3120.0,3120.0,3120.0,3121.0,3120.0,3120.0,3120.0,3120.0,3146.0,3122.0,3146.0,3170.0,3171.0,3170.0,3170.0,3170.0,3170.0,3134.0,3114.0,3154.0,3155.0,3122.0,131072.0,3172929.0,0.0,262272.0,0.0,4096.0
41,0,1,1300,1300,4194304,256,0,0,12,4,32,64,"void at::native::vectorized_elementwise_kernel<4, at::native::FillFunctor<int>, std::array<char*, 1ul> >(int, at::native::FillFunctor<int>, std::array<char*, 1ul>)",12739673236792,12739673279329,42,85,817774.0,1859.0,817774.0,65536.0,3127.0,24021992.0,0.0,0.0,556545308.0,556545308.0,0.0,0.0,262144.0,0.0,0.0,0.0,0.0,0.0,0.0,0.0,0.0,0.0,0.0,0.0,0.0,0.0,0.0,0.0,0.0,0.0,0.0,0.0,0.0,0.0,0.0,0.0,0.0,0.0,0.0,0.0,0.0,0.0,0.0,0.0,0.0,0.0,0.0,0.0,0.0,0.0,0.0,0.0,0.0,0.0,0.0,0.0,0.0,0.0,0.0,0.0,0.0,0.0,0.0,0.0,0.0,0.0,0.0,0.0,0.0,0.0,0.0,0.0,0.0,0.0,0.0,0.0,0.0,0.0,0.0,0.0,0.0,0.0,0.0,0.0,0.0,0.0,0.0,0.0,0.0,0.0,0.0,0.0,0.0,0.0,0.0,0.0,0.0,0.0,0.0,0.0,0.0,0.0,0.0,0.0,0.0,0.0,0.0,0.0,0.0,0.0,0.0,0.0,0.0,0.0,0.0,0.0,0.0,0.0,0.0,0.0,0.0,0.0,0.0,0.0,0.0,0.0,0.0,0.0,0.0,0.0,0.0,0.0,0.0,0.0,0.0,0.0,0.0,0.0,0.0,0.0,0.0,0.0,32768.0,32768.0,32848.0,32768.0,32788.0,32768.0,32768.0,32848.0,32768.0,32848.0,32848.0,32768.0,32848.0,32848.0,32768.0,32768.0,32848.0,32768.0,32848.0,32848.0,32848.0,32848.0,32768.0,32768.0,32768.0,32768.0,32768.0,32768.0,32848.0,32768.0,32788.0,32768.0,32848.0,32768.0,32788.0,32768.0,32768.0,32768.0,32768.0,32768.0,32768.0,32848.0,32768.0,32788.0,32768.0,32768.0,32848.0,32768.0,32848.0,32848.0,32848.0,32848.0,32848.0,32768.0,32768.0,32848.0,32768.0,32848.0,32848.0,32848.0,32848.0,32768.0,32768.0,32768.0,32768.0,32768.0,32768.0,32848.0,32768.0,32788.0,32768.0,32768.0,32848.0,32768.0,32768.0,32768.0,32848.0,32768.0,32788.0,32768.0,32768.0,32848.0,32768.0,32848.0,32848.0,32848.0,32848.0,32848.0,32768.0,32768.0,32768.0,32768.0,32768.0,32848.0,32848.0,32768.0,32788.0,32768.0,32768.0,32848.0,32768.0,32848.0,32848.0,32848.0,32848.0,32848.0,32768.0,32768.0,32848.0,32768.0,32848.0,32848.0,32848.0,32848.0,32768.0,32768.0,32768.0,32768.0,32768.0,32768.0,32848.0,32768.0,32788.0,32768.0,32768.0,32768.0,32768.0,32768.0,4194304.0,23657071.0,0.0,0.0,0.0,262144.0
42,0,1,1300,1300,16384,256,0,0,16,192,48,64,matmulbias_kernel,12739673664003,12739673698722,43,27,696966.0,2018.0,696966.0,0.0,696.0,4363560.0,0.0,0.0,59219994.0,59219994.0,4194304.0,622592.0,0.0,0.0,0.0,0.0,0.0,0.0,0.0,0.0,0.0,0.0,0.0,0.0,0.0,0.0,0.0,0.0,0.0,0.0,0.0,0.0,0.0,0.0,0.0,0.0,0.0,0.0,0.0,0.0,0.0,0.0,0.0,0.0,0.0,0.0,0.0,0.0,0.0,0.0,0.0,0.0,0.0,0.0,0.0,0.0,0.0,0.0,0.0,0.0,0.0,0.0,0.0,0.0,0.0,0.0,0.0,0.0,0.0,0.0,0.0,0.0,0.0,0.0,0.0,0.0,0.0,0.0,0.0,0.0,0.0,0.0,0.0,0.0,0.0,0.0,0.0,0.0,0.0,0.0,0.0,0.0,0.0,0.0,0.0,0.0,0.0,0.0,0.0,0.0,0.0,0.0,0.0,0.0,0.0,0.0,0.0,0.0,0.0,0.0,0.0,0.0,0.0,0.0,0.0,0.0,0.0,0.0,0.0,0.0,0.0,0.0,0.0,0.0,0.0,0.0,0.0,0.0,0.0,0.0,0.0,0.0,0.0,0.0,0.0,0.0,0.0,0.0,0.0,0.0,0.0,0.0,3136.0,3170.0,3170.0,3170.0,3170.0,3120.0,3120.0,3120.0,3120.0,3120.0,3121.0,3202.0,3120.0,3120.0,3112.0,3112.0,3112.0,3112.0,3112.0,3113.0,3112.0,3112.0,3203.0,3134.0,3114.0,3154.0,3155.0,3154.0,3154.0,3154.0,3154.0,3202.0,3202.0,3202.0,3202.0,3134.0,3114.0,3154.0,3155.0,3136.0,3154.0,3154.0,3154.0,3154.0,3112.0,3112.0,3112.0,3112.0,3112.0,3113.0,3136.0,3112.0,3112.0,3120.0,3120.0,3120.0,3120.0,3120.0,3121.0,3120.0,3120.0,3136.0,3146.0,3122.0,3170.0,3171.0,3170.0,3170.0,3170.0,3170.0,3146.0,3122.0,3136.0,3170.0,3171.0,3170.0,3170.0,3170.0,3170.0,3120.0,3120.0,3120.0,3120.0,3137.0,3120.0,3121.0,3120.0,3120.0,3134.0,3114.0,3154.0,3155.0,3154.0,3154.0,3136.0,3154.0,3154.0,3112.0,3112.0,3112.0,3112.0,3112.0,3113.0,3112.0,3112.0,3136.0,3112.0,3112.0,3112.0,3112.0,3112.0,3113.0,3112.0,3112.0,3134.0,3114.0,3170.0,3154.0,3155.0,3154.0,3154.0,3154.0,3154.0,3146.0,3122.0,3170.0,3171.0,3138.0,131072.0,3161682.0,0.0,262272.0,0.0,4096.0
43,0,1,1300,1300,4194304,256,0,0,12,4,32,64,"void at::native::vectorized_elementwise_kernel<4, at::native::FillFunctor<int>, std::array<char*, 1ul> >(int, at::native::FillFunctor<int>, std::array<char*, 1ul>)",12739674086684,12739674129220,44,85,822824.0,1810.0,822824.0,65536.0,3106.0,24123015.0,0.0,0.0,558425436.0,558425436.0,0.0,0.0,262144.0,0.0,0.0,0.0,0.0,0.0,0.0,0.0,0.0,0.0,0.0,0.0,0.0,0.0,0.0,0.0,0.0,0.0,0.0,0.0,0.0,0.0,0.0,0.0,0.0,0.0,0.0,0.0,0.0,0.0,0.0,0.0,0.0,0.0,0.0,0.0,0.0,0.0,0.0,0.0,0.0,0.0,0.0,0.0,0.0,0.0,0.0,0.0,0.0,0.0,0.0,0.0,0.0,0.0,0.0,0.0,0.0,0.0,0.0,0.0,0.0,0.0,0.0,0.0,0.0,0.0,0.0,0.0,0.0,0.0,0.0,0.0,0.0,0.0,0.0,0.0,0.0,0.0,0.0,0.0,0.0,0.0,0.0,0.0,0.0,0.0,0.0,0.0,0.0,0.0,0.0,0.0,0.0,0.0,0.0,0.0,0.0,0.0,0.0,0.0,0.0,0.0,0.0,0.0,0.0,0.0,0.0,0.0,0.0,0.0,0.0,0.0,0.0,0.0,0.0,0.0,0.0,0.0,0.0,0.0,0.0,0.0,0.0,0.0,0.0,0.0,0.0,0.0,0.0,0.0,32768.0,32768.0,32848.0,32788.0,32768.0,32768.0,32768.0,32848.0,32768.0,32848.0,32848.0,32768.0,32848.0,32848.0,32768.0,32768.0,32848.0,32768.0,32848.0,32848.0,32848.0,32848.0,32768.0,32768.0,32768.0,32768.0,32768.0,32768.0,32848.0,32788.0,32768.0,32768.0,32848.0,32788.0,32768.0,32768.0,32768.0,32768.0,32768.0,32768.0,32768.0,32848.0,32788.0,32768.0,32768.0,32768.0,32848.0,32768.0,32848.0,32848.0,32848.0,32848.0,32848.0,32768.0,32768.0,32848.0,32768.0,32848.0,32848.0,32848.0,32848.0,32768.0,32768.0,32768.0,32768.0,32768.0,32768.0,32848.0,32788.0,32768.0,32768.0,32768.0,32848.0,32768.0,32768.0,32768.0,32848.0,32788.0,32768.0,32768.0,32768.0,32848.0,32768.0,32848.0,32848.0,32848.0,32848.0,32848.0,32768.0,32768.0,32768.0,32768.0,32768.0,32848.0,32848.0,32788.0,32768.0,32768.0,32768.0,32848.0,32768.0,32848.0,32848.0,32848.0,32848.0,32848.0,32768.0,32768.0,32848.0,32768.0,32848.0,32848.0,32848.0,32848.0,32768.0,32768.0,32768.0,32768.0,32768.0,32768.0,32848.0,32788.0,32768.0,32768.0,32768.0,32768.0,32768.0,32768.0,4194304.0,23754656.0,0.0,0.0,0.0,262144.0
44,0,1,1300,1300,16384,256,0,0,16,192,48,64,matmulbias_kernel,12739674520830,12739674555589,45,27,736871.0,2018.0,736871.0,0.0,708.0,4344915.0,0.0,0.0,59075164.0,59075164.0,4194304.0,622592.0,0.0,0.0,0.0,0.0,0.0,0.0,0.0,0.0,0.0,0.0,0.0,0.0,0.0,0.0,0.0,0.0,0.0,0.0,0.0,0.0,0.0,0.0,0.0,0.0,0.0,0.0,0.0,0.0,0.0,0.0,0.0,0.0,0.0,0.0,0.0,0.0,0.0,0.0,0.0,0.0,0.0,0.0,0.0,0.0,0.0,0.0,0.0,0.0,0.0,0.0,0.0,0.0,0.0,0.0,0.0,0.0,0.0,0.0,0.0,0.0,0.0,0.0,0.0,0.0,0.0,0.0,0.0,0.0,0.0,0.0,0.0,0.0,0.0,0.0,0.0,0.0,0.0,0.0,0.0,0.0,0.0,0.0,0.0,0.0,0.0,0.0,0.0,0.0,0.0,0.0,0.0,0.0,0.0,0.0,0.0,0.0,0.0,0.0,0.0,0.0,0.0,0.0,0.0,0.0,0.0,0.0,0.0,0.0,0.0,0.0,0.0,0.0,0.0,0.0,0.0,0.0,0.0,0.0,0.0,0.0,0.0,0.0,0.0,0.0,0.0,0.0,0.0,0.0,0.0,0.0,3120.0,3138.0,3138.0,3138.0,3138.0,3104.0,3104.0,3104.0,3104.0,3104.0,3104.0,3170.0,3104.0,3105.0,3120.0,3120.0,3120.0,3120.0,3120.0,3120.0,3120.0,3121.0,3171.0,3146.0,3122.0,3170.0,3171.0,3170.0,3170.0,3170.0,3170.0,3170.0,3170.0,3170.0,3170.0,3146.0,3122.0,3170.0,3171.0,3120.0,3170.0,3170.0,3170.0,3170.0,3120.0,3120.0,3120.0,3120.0,3120.0,3120.0,3120.0,3120.0,3121.0,3112.0,3112.0,3112.0,3112.0,3112.0,3112.0,3112.0,3113.0,3120.0,3134.0,3114.0,3154.0,3155.0,3154.0,3154.0,3154.0,3154.0,3122.0,3106.0,3120.0,3138.0,3139.0,3138.0,3138.0,3138.0,3138.0,3104.0,3104.0,3104.0,3104.0,3120.0,3104.0,3104.0,3104.0,3105.0,3146.0,3122.0,3170.0,3171.0,3170.0,3170.0,3120.0,3170.0,3170.0,3120.0,3120.0,3120.0,3120.0,3120.0,3120.0,3120.0,3121.0,3121.0,3128.0,3128.0,3128.0,3128.0,3128.0,3128.0,3128.0,3129.0,3158.0,3130.0,3146.0,3186.0,3187.0,3186.0,3186.0,3186.0,3186.0,3122.0,3106.0,3138.0,3139.0,3122.0,131072.0,3139594.0,0.0,262272.0,0.0,4096.0
45,0,1,1300,1300,4194304,256,0,0,12,4,32,64,"void at::native::vectorized_elementwise_kernel<4, at::native::FillFunctor<int>, std::array<char*, 1ul> >(int, at::native::FillFunctor<int>, std::array<char*, 1ul>)",12739674940103,12739674983041,46,85,822101.0,1810.0,822101.0,65536.0,2888.0,24054289.0,0.0,0.0,557198156.0,557198156.0,0.0,0.0,262144.0,0.0,0.0,0.0,0.0,0.0,0.0,0.0,0.0,0.0,0.0,0.0,0.0,0.0,0.0,0.0,0.0,0.0,0.0,0.0,0.0,0.0,0.0,0.0,0.0,0.0,0.0,0.0,0.0,0.0,0.0,0.0,0.0,0.0,0.0,0.0,0.0,0.0,0.0,0.0,0.0,0.0,0.0,0.0,0.0,0.0,0.0,0.0,0.0,0.0,0.0,0.0,0.0,0.0,0.0,0.0,0.0,0.0,0.0,0.0,0.0,0.0,0.0,0.0,0.0,0.0,0.0,0.0,0.0,0.0,0.0,0.0,0.0,0.0,0.0,0.0,0.0,0.0,0.0,0.0,0.0,0.0,0.0,0.0,0.0,0.0,0.0,0.0,0.0,0.0,0.0,0.0,0.0,0.0,0.0,0.0,0.0,0.0,0.0,0.0,0.0,0.0,0.0,0.0,0.0,0.0,0.0,0.0,0.0,0.0,0.0,0.0,0.0,0.0,0.0,0.0,0.0,0.0,0.0,0.0,0.0,0.0,0.0,0.0,0.0,0.0,0.0,0.0,0.0,0.0,32768.0,32768.0,32848.0,32768.0,32768.0,32768.0,32768.0,32848.0,32768.0,32848.0,32848.0,32768.0,32848.0,32848.0,32768.0,32768.0,32848.0,32768.0,32848.0,32848.0,32848.0,32848.0,32768.0,32768.0,32788.0,32768.0,32768.0,32768.0,32848.0,32768.0,32768.0,32768.0,32848.0,32768.0,32768.0,32768.0,32788.0,32768.0,32768.0,32768.0,32768.0,32848.0,32768.0,32768.0,32768.0,32768.0,32848.0,32768.0,32848.0,32848.0,32848.0,32848.0,32848.0,32768.0,32768.0,32848.0,32768.0,32848.0,32848.0,32848.0,32848.0,32768.0,32768.0,32788.0,32768.0,32768.0,32768.0,32848.0,32768.0,32768.0,32768.0,32788.0,32848.0,32768.0,32768.0,32768.0,32848.0,32768.0,32768.0,32768.0,32768.0,32848.0,32768.0,32848.0,32848.0,32848.0,32848.0,32848.0,32768.0,32788.0,32768.0,32768.0,32768.0,32848.0,32848.0,32768.0,32768.0,32768.0,32768.0,32848.0,32768.0,32848.0,32848.0,32848.0,32848.0,32848.0,32768.0,32768.0,32848.0,32768.0,32848.0,32848.0,32848.0,32848.0,32768.0,32788.0,32768.0,32768.0,32768.0,32768.0,32848.0,32768.0,32768.0,32768.0,32788.0,32768.0,32768.0,32788.0,4194304.0,23677527.0,0.0,0.0,0.0,262144.0
46,0,1,1300,1300,16384,256,0,0,16,192,48,64,matmulbias_kernel,12739675363184,12739675398024,47,27,708704.0,2018.0,708704.0,0.0,670.0,4332353.0,0.0,0.0,59258478.0,59258478.0,4194304.0,622592.0,0.0,0.0,0.0,0.0,0.0,0.0,0.0,0.0,0.0,0.0,0.0,0.0,0.0,0.0,0.0,0.0,0.0,0.0,0.0,0.0,0.0,0.0,0.0,0.0,0.0,0.0,0.0,0.0,0.0,0.0,0.0,0.0,0.0,0.0,0.0,0.0,0.0,0.0,0.0,0.0,0.0,0.0,0.0,0.0,0.0,0.0,0.0,0.0,0.0,0.0,0.0,0.0,0.0,0.0,0.0,0.0,0.0,0.0,0.0,0.0,0.0,0.0,0.0,0.0,0.0,0.0,0.0,0.0,0.0,0.0,0.0,0.0,0.0,0.0,0.0,0.0,0.0,0.0,0.0,0.0,0.0,0.0,0.0,0.0,0.0,0.0,0.0,0.0,0.0,0.0,0.0,0.0,0.0,0.0,0.0,0.0,0.0,0.0,0.0,0.0,0.0,0.0,0.0,0.0,0.0,0.0,0.0,0.0,0.0,0.0,0.0,0.0,0.0,0.0,0.0,0.0,0.0,0.0,0.0,0.0,0.0,0.0,0.0,0.0,0.0,0.0,0.0,0.0,0.0,0.0,3120.0,3170.0,3170.0,3170.0,3170.0,3120.0,3120.0,3120.0,3120.0,3120.0,3121.0,3170.0,3120.0,3120.0,3128.0,3128.0,3128.0,3128.0,3128.0,3129.0,3128.0,3128.0,3171.0,3158.0,3130.0,3186.0,3187.0,3186.0,3186.0,3186.0,3186.0,3170.0,3170.0,3170.0,3170.0,3134.0,3114.0,3154.0,3155.0,3120.0,3154.0,3154.0,3154.0,3154.0,3112.0,3112.0,3112.0,3112.0,3112.0,3113.0,3120.0,3112.0,3112.0,3112.0,3112.0,3112.0,3112.0,3112.0,3113.0,3112.0,3112.0,3120.0,3134.0,3114.0,3154.0,3155.0,3154.0,3154.0,3154.0,3154.0,3158.0,3130.0,3120.0,3186.0,3187.0,3186.0,3186.0,3186.0,3186.0,3128.0,3128.0,3128.0,3128.0,3121.0,3128.0,3129.0,3128.0,3128.0,3122.0,3106.0,3138.0,3139.0,3138.0,3138.0,3120.0,3138.0,3138.0,3104.0,3104.0,3104.0,3104.0,3104.0,3105.0,3104.0,3104.0,3120.0,3120.0,3120.0,3120.0,3120.0,3120.0,3121.0,3120.0,3120.0,3146.0,3122.0,3146.0,3170.0,3171.0,3170.0,3170.0,3170.0,3170.0,3146.0,3122.0,3170.0,3171.0,3122.0,131072.0,3138967.0,0.0,262272.0,0.0,4096.0
47,0,1,1300,1300,4194304,256,0,0,12,4,32,64,"void at::native::vectorized_elementwise_kernel<4, at::native::FillFunctor<int>, std::array<char*, 1ul> >(int, at::native::FillFunctor<int>, std::array<char*, 1ul>)",12739675779571,12739675822228,48,85,823701.0,1810.0,823701.0,65536.0,2880.0,24085299.0,0.0,0.0,557435087.0,557435087.0,0.0,0.0,262144.0,0.0,0.0,0.0,0.0,0.0,0.0,0.0,0.0,0.0,0.0,0.0,0.0,0.0,0.0,0.0,0.0,0.0,0.0,0.0,0.0,0.0,0.0,0.0,0.0,0.0,0.0,0.0,0.0,0.0,0.0,0.0,0.0,0.0,0.0,0.0,0.0,0.0,0.0,0.0,0.0,0.0,0.0,0.0,0.0,0.0,0.0,0.0,0.0,0.0,0.0,0.0,0.0,0.0,0.0,0.0,0.0,0.0,0.0,0.0,0.0,0.0,0.0,0.0,0.0,0.0,0.0,0.0,0.0,0.0,0.0,0.0,0.0,0.0,0.0,0.0,0.0,0.0,0.0,0.0,0.0,0.0,0.0,0.0,0.0,0.0,0.0,0.0,0.0,0.0,0.0,0.0,0.0,0.0,0.0,0.0,0.0,0.0,0.0,0.0,0.0,0.0,0.0,0.0,0.0,0.0,0.0,0.0,0.0,0.0,0.0,0.0,0.0,0.0,0.0,0.0,0.0,0.0,0.0,0.0,0.0,0.0,0.0,0.0,0.0,0.0,0.0,0.0,0.0,0.0,32768.0,32768.0,32848.0,32768.0,32768.0,32768.0,32768.0,32848.0,32768.0,32848.0,32848.0,32768.0,32848.0,32848.0,32768.0,32768.0,32848.0,32768.0,32848.0,32848.0,32848.0,32848.0,32768.0,32788.0,32768.0,32768.0,32768.0,32768.0,32848.0,32768.0,32768.0,32768.0,32848.0,32768.0,32768.0,32788.0,32768.0,32768.0,32768.0,32768.0,32768.0,32848.0,32768.0,32768.0,32768.0,32768.0,32848.0,32768.0,32848.0,32848.0,32848.0,32848.0,32848.0,32768.0,32768.0,32848.0,32768.0,32848.0,32848.0,32848.0,32848.0,32768.0,32788.0,32768.0,32768.0,32768.0,32768.0,32848.0,32768.0,32768.0,32788.0,32768.0,32848.0,32768.0,32768.0,32768.0,32848.0,32768.0,32768.0,32768.0,32768.0,32848.0,32768.0,32848.0,32848.0,32848.0,32848.0,32848.0,32788.0,32768.0,32768.0,32768.0,32768.0,32848.0,32848.0,32768.0,32768.0,32768.0,32768.0,32848.0,32768.0,32848.0,32848.0,32848.0,32848.0,32848.0,32768.0,32768.0,32848.0,32768.0,32848.0,32848.0,32848.0,32848.0,32788.0,32768.0,32788.0,32768.0,32768.0,32768.0,32848.0,32768.0,32768.0,32788.0,32768.0,32768.0,32768.0,32768.0,4194304.0,23711791.0,0.0,0.0,0.0,262144.0
48,0,1,1300,1300,16384,256,0,0,16,192,48,64,matmulbias_kernel,12739676203053,12739676237812,49,27,700570.0,2018.0,700570.0,0.0,680.0,4363493.0,0.0,0.0,59658204.0,59658204.0,4194304.0,622592.0,0.0,0.0,0.0,0.0,0.0,0.0,0.0,0.0,0.0,0.0,0.0,0.0,0.0,0.0,0.0,0.0,0.0,0.0,0.0,0.0,0.0,0.0,0.0,0.0,0.0,0.0,0.0,0.0,0.0,0.0,0.0,0.0,0.0,0.0,0.0,0.0,0.0,0.0,0.0,0.0,0.0,0.0,0.0,0.0,0.0,0.0,0.0,0.0,0.0,0.0,0.0,0.0,0.0,0.0,0.0,0.0,0.0,0.0,0.0,0.0,0.0,0.0,0.0,0.0,0.0,0.0,0.0,0.0,0.0,0.0,0.0,0.0,0.0,0.0,0.0,0.0,0.0,0.0,0.0,0.0,0.0,0.0,0.0,0.0,0.0,0.0,0.0,0.0,0.0,0.0,0.0,0.0,0.0,0.0,0.0,0.0,0.0,0.0,0.0,0.0,0.0,0.0,0.0,0.0,0.0,0.0,0.0,0.0,0.0,0.0,0.0,0.0,0.0,0.0,0.0,0.0,0.0,0.0,0.0,0.0,0.0,0.0,0.0,0.0,0.0,0.0,0.0,0.0,0.0,0.0,3128.0,3186.0,3186.0,3186.0,3186.0,3128.0,3128.0,3128.0,3129.0,3128.0,3128.0,3186.0,3128.0,3128.0,3120.0,3120.0,3120.0,3121.0,3120.0,3120.0,3120.0,3120.0,3187.0,3146.0,3122.0,3170.0,3171.0,3170.0,3170.0,3170.0,3170.0,3186.0,3186.0,3186.0,3186.0,3170.0,3138.0,3202.0,3203.0,3128.0,3202.0,3202.0,3202.0,3202.0,3136.0,3136.0,3136.0,3137.0,3136.0,3136.0,3128.0,3136.0,3136.0,3128.0,3128.0,3128.0,3129.0,3128.0,3128.0,3128.0,3128.0,3129.0,3158.0,3130.0,3186.0,3187.0,3186.0,3186.0,3186.0,3186.0,3134.0,3114.0,3128.0,3154.0,3155.0,3154.0,3154.0,3154.0,3154.0,3112.0,3112.0,3112.0,3113.0,3128.0,3112.0,3112.0,3112.0,3112.0,3134.0,3114.0,3154.0,3155.0,3154.0,3154.0,3128.0,3154.0,3154.0,3112.0,3112.0,3112.0,3113.0,3112.0,3112.0,3112.0,3112.0,3128.0,3120.0,3120.0,3120.0,3121.0,3120.0,3120.0,3120.0,3120.0,3146.0,3122.0,3158.0,3170.0,3171.0,3170.0,3170.0,3170.0,3170.0,3158.0,3130.0,3186.0,3187.0,3130.0,131072.0,3160180.0,0.0,262272.0,0.0,4096.0
49,0,1,1300,1300,4194304,256,0,0,12,4,32,64,"void at::native::vectorized_elementwise_kernel<4, at::native::FillFunctor<int>, std::array<char*, 1ul> >(int, at::native::FillFunctor<int>, std::array<char*, 1ul>)",12739676623408,12739676665865,50,85,820664.0,1810.0,820664.0,65536.0,2919.0,23985556.0,0.0,0.0,555444126.0,555444126.0,0.0,0.0,262144.0,0.0,0.0,0.0,0.0,0.0,0.0,0.0,0.0,0.0,0.0,0.0,0.0,0.0,0.0,0.0,0.0,0.0,0.0,0.0,0.0,0.0,0.0,0.0,0.0,0.0,0.0,0.0,0.0,0.0,0.0,0.0,0.0,0.0,0.0,0.0,0.0,0.0,0.0,0.0,0.0,0.0,0.0,0.0,0.0,0.0,0.0,0.0,0.0,0.0,0.0,0.0,0.0,0.0,0.0,0.0,0.0,0.0,0.0,0.0,0.0,0.0,0.0,0.0,0.0,0.0,0.0,0.0,0.0,0.0,0.0,0.0,0.0,0.0,0.0,0.0,0.0,0.0,0.0,0.0,0.0,0.0,0.0,0.0,0.0,0.0,0.0,0.0,0.0,0.0,0.0,0.0,0.0,0.0,0.0,0.0,0.0,0.0,0.0,0.0,0.0,0.0,0.0,0.0,0.0,0.0,0.0,0.0,0.0,0.0,0.0,0.0,0.0,0.0,0.0,0.0,0.0,0.0,0.0,0.0,0.0,0.0,0.0,0.0,0.0,0.0,0.0,0.0,0.0,0.0,32768.0,32768.0,32848.0,32768.0,32768.0,32768.0,32768.0,32848.0,32768.0,32848.0,32848.0,32768.0,32848.0,32848.0,32768.0,32768.0,32848.0,32768.0,32848.0,32848.0,32848.0,32848.0,32788.0,32768.0,32768.0,32768.0,32788.0,32768.0,32848.0,32768.0,32768.0,32768.0,32848.0,32768.0,32768.0,32768.0,32768.0,32768.0,32788.0,32768.0,32768.0,32848.0,32768.0,32768.0,32768.0,32768.0,32848.0,32768.0,32848.0,32848.0,32848.0,32848.0,32848.0,32768.0,32768.0,32848.0,32768.0,32848.0,32848.0,32848.0,32848.0,32768.0,32768.0,32768.0,32768.0,32788.0,32768.0,32848.0,32768.0,32768.0,32768.0,32768.0,32848.0,32768.0,32788.0,32768.0,32848.0,32768.0,32768.0,32768.0,32768.0,32848.0,32768.0,32848.0,32848.0,32848.0,32848.0,32848.0,32768.0,32768.0,32768.0,32788.0,32768.0,32848.0,32848.0,32768.0,32768.0,32768.0,32768.0,32848.0,32768.0,32848.0,32848.0,32848.0,32848.0,32848.0,32768.0,32768.0,32848.0,32768.0,32848.0,32848.0,32848.0,32848.0,32768.0,32768.0,32768.0,32768.0,32788.0,32768.0,32848.0,32768.0,32768.0,32768.0,32768.0,32768.0,32788.0,32768.0,4194304.0,23609162.0,0.0,0.0,0.0,262144.0
50,0,1,1300,1300,16384,256,0,0,16,192,48,64,matmulbias_kernel,12739677048695,12739677084296,51,27,725415.0,2018.0,725415.0,0.0,694.0,4457630.0,0.0,0.0,61738455.0,61738455.0,4194304.0,622592.0,0.0,0.0,0.0,0.0,0.0,0.0,0.0,0.0,0.0,0.0,0.0,0.0,0.0,0.0,0.0,0.0,0.0,0.0,0.0,0.0,0.0,0.0,0.0,0.0,0.0,0.0,0.0,0.0,0.0,0.0,0.0,0.0,0.0,0.0,0.0,0.0,0.0,0.0,0.0,0.0,0.0,0.0,0.0,0.0,0.0,0.0,0.0,0.0,0.0,0.0,0.0,0.0,0.0,0.0,0.0,0.0,0.0,0.0,0.0,0.0,0.0,0.0,0.0,0.0,0.0,0.0,0.0,0.0,0.0,0.0,0.0,0.0,0.0,0.0,0.0,0.0,0.0,0.0,0.0,0.0,0.0,0.0,0.0,0.0,0.0,0.0,0.0,0.0,0.0,0.0,0.0,0.0,0.0,0.0,0.0,0.0,0.0,0.0,0.0,0.0,0.0,0.0,0.0,0.0,0.0,0.0,0.0,0.0,0.0,0.0,0.0,0.0,0.0,0.0,0.0,0.0,0.0,0.0,0.0,0.0,0.0,0.0,0.0,0.0,0.0,0.0,0.0,0.0,0.0,0.0,3128.0,3154.0,3154.0,3154.0,3154.0,3112.0,3112.0,3112.0,3112.0,3113.0,3112.0,3186.0,3112.0,3112.0,3128.0,3128.0,3128.0,3128.0,3129.0,3128.0,3128.0,3128.0,3187.0,3158.0,3130.0,3186.0,3187.0,3186.0,3186.0,3186.0,3186.0,3186.0,3186.0,3186.0,3186.0,3146.0,3122.0,3170.0,3171.0,3128.0,3170.0,3170.0,3170.0,3170.0,3120.0,3120.0,3120.0,3120.0,3121.0,3120.0,3128.0,3120.0,3120.0,3120.0,3120.0,3120.0,3120.0,3121.0,3120.0,3120.0,3120.0,3128.0,3146.0,3122.0,3170.0,3171.0,3170.0,3170.0,3170.0,3170.0,3146.0,3122.0,3129.0,3170.0,3171.0,3170.0,3170.0,3170.0,3170.0,3120.0,3120.0,3120.0,3120.0,3128.0,3121.0,3120.0,3120.0,3120.0,3134.0,3114.0,3154.0,3155.0,3154.0,3154.0,3128.0,3154.0,3154.0,3112.0,3112.0,3112.0,3112.0,3113.0,3112.0,3112.0,3112.0,3128.0,3120.0,3120.0,3120.0,3120.0,3121.0,3120.0,3120.0,3120.0,3146.0,3122.0,3158.0,3170.0,3171.0,3170.0,3170.0,3170.0,3170.0,3134.0,3114.0,3154.0,3155.0,3130.0,131072.0,3251155.0,0.0,262272.0,0.0,4096.0
51,0,1,1300,1300,4194304,256,0,0,12,4,32,64,"void at::native::vectorized_elementwise_kernel<4, at::native::FillFunctor<int>, std::array<char*, 1ul> >(int, at::native::FillFunctor<int>, std::array<char*, 1ul>)",12739677468569,12739677511386,52,85,825232.0,1810.0,825232.0,65536.0,2878.0,23978043.0,0.0,0.0,556653850.0,556653850.0,0.0,0.0,262144.0,0.0,0.0,0.0,0.0,0.0,0.0,0.0,0.0,0.0,0.0,0.0,0.0,0.0,0.0,0.0,0.0,0.0,0.0,0.0,0.0,0.0,0.0,0.0,0.0,0.0,0.0,0.0,0.0,0.0,0.0,0.0,0.0,0.0,0.0,0.0,0.0,0.0,0.0,0.0,0.0,0.0,0.0,0.0,0.0,0.0,0.0,0.0,0.0,0.0,0.0,0.0,0.0,0.0,0.0,0.0,0.0,0.0,0.0,0.0,0.0,0.0,0.0,0.0,0.0,0.0,0.0,0.0,0.0,0.0,0.0,0.0,0.0,0.0,0.0,0.0,0.0,0.0,0.0,0.0,0.0,0.0,0.0,0.0,0.0,0.0,0.0,0.0,0.0,0.0,0.0,0.0,0.0,0.0,0.0,0.0,0.0,0.0,0.0,0.0,0.0,0.0,0.0,0.0,0.0,0.0,0.0,0.0,0.0,0.0,0.0,0.0,0.0,0.0,0.0,0.0,0.0,0.0,0.0,0.0,0.0,0.0,0.0,0.0,0.0,0.0,0.0,0.0,0.0,0.0,32768.0,32768.0,32848.0,32768.0,32768.0,32768.0,32768.0,32848.0,32768.0,32848.0,32848.0,32788.0,32848.0,32848.0,32768.0,32768.0,32848.0,32768.0,32848.0,32848.0,32848.0,32848.0,32768.0,32768.0,32768.0,32788.0,32768.0,32768.0,32848.0,32768.0,32768.0,32768.0,32848.0,32768.0,32768.0,32768.0,32768.0,32788.0,32768.0,32768.0,32768.0,32848.0,32768.0,32768.0,32768.0,32768.0,32848.0,32768.0,32848.0,32848.0,32848.0,32848.0,32848.0,32768.0,32768.0,32848.0,32768.0,32848.0,32848.0,32848.0,32848.0,32768.0,32768.0,32768.0,32788.0,32768.0,32768.0,32848.0,32768.0,32768.0,32768.0,32768.0,32848.0,32788.0,32768.0,32768.0,32848.0,32768.0,32768.0,32768.0,32768.0,32848.0,32768.0,32848.0,32848.0,32848.0,32848.0,32848.0,32768.0,32768.0,32788.0,32768.0,32768.0,32848.0,32848.0,32768.0,32768.0,32768.0,32768.0,32848.0,32768.0,32848.0,32848.0,32848.0,32848.0,32848.0,32768.0,32768.0,32848.0,32768.0,32848.0,32848.0,32848.0,32848.0,32768.0,32768.0,32768.0,32788.0,32768.0,32768.0,32848.0,32768.0,32768.0,32768.0,32768.0,32788.0,32768.0,32768.0,4194304.0,23662261.0,0.0,0.0,0.0,262144.0
52,0,1,1300,1300,16384,256,0,0,16,192,48,64,matmulbias_kernel,12739677899468,12739677934428,53,27,710772.0,2018.0,710772.0,0.0,675.0,4371653.0,0.0,0.0,59990772.0,59990772.0,4194304.0,622592.0,0.0,0.0,0.0,0.0,0.0,0.0,0.0,0.0,0.0,0.0,0.0,0.0,0.0,0.0,0.0,0.0,0.0,0.0,0.0,0.0,0.0,0.0,0.0,0.0,0.0,0.0,0.0,0.0,0.0,0.0,0.0,0.0,0.0,0.0,0.0,0.0,0.0,0.0,0.0,0.0,0.0,0.0,0.0,0.0,0.0,0.0,0.0,0.0,0.0,0.0,0.0,0.0,0.0,0.0,0.0,0.0,0.0,0.0,0.0,0.0,0.0,0.0,0.0,0.0,0.0,0.0,0.0,0.0,0.0,0.0,0.0,0.0,0.0,0.0,0.0,0.0,0.0,0.0,0.0,0.0,0.0,0.0,0.0,0.0,0.0,0.0,0.0,0.0,0.0,0.0,0.0,0.0,0.0,0.0,0.0,0.0,0.0,0.0,0.0,0.0,0.0,0.0,0.0,0.0,0.0,0.0,0.0,0.0,0.0,0.0,0.0,0.0,0.0,0.0,0.0,0.0,0.0,0.0,0.0,0.0,0.0,0.0,0.0,0.0,0.0,0.0,0.0,0.0,0.0,0.0,3136.0,3170.0,3170.0,3170.0,3170.0,3120.0,3120.0,3120.0,3120.0,3120.0,3120.0,3202.0,3121.0,3120.0,3112.0,3112.0,3112.0,3112.0,3112.0,3112.0,3113.0,3112.0,3203.0,3134.0,3114.0,3154.0,3155.0,3154.0,3154.0,3154.0,3154.0,3202.0,3202.0,3202.0,3202.0,3146.0,3122.0,3170.0,3171.0,3136.0,3170.0,3170.0,3170.0,3170.0,3120.0,3120.0,3120.0,3120.0,3120.0,3120.0,3136.0,3121.0,3120.0,3128.0,3128.0,3128.0,3128.0,3128.0,3128.0,3129.0,3128.0,3136.0,3158.0,3130.0,3186.0,3187.0,3186.0,3186.0,3186.0,3186.0,3146.0,3122.0,3136.0,3170.0,3171.0,3170.0,3170.0,3170.0,3170.0,3120.0,3120.0,3120.0,3120.0,3136.0,3120.0,3120.0,3121.0,3120.0,3170.0,3138.0,3202.0,3203.0,3202.0,3202.0,3137.0,3202.0,3202.0,3136.0,3136.0,3136.0,3136.0,3136.0,3136.0,3137.0,3136.0,3136.0,3120.0,3120.0,3120.0,3120.0,3120.0,3120.0,3121.0,3120.0,3146.0,3122.0,3170.0,3170.0,3171.0,3170.0,3170.0,3170.0,3170.0,3146.0,3122.0,3170.0,3171.0,3138.0,131072.0,3167151.0,0.0,262272.0,0.0,4096.0
53,0,1,1300,1300,4194304,256,0,0,12,4,32,64,"void at::native::vectorized_elementwise_kernel<4, at::native::FillFunctor<int>, std::array<char*, 1ul> >(int, at::native::FillFunctor<int>, std::array<char*, 1ul>)",12739678317779,12739678360235,54,85,827904.0,1810.0,827904.0,65536.0,3152.0,24034704.0,0.0,0.0,556794205.0,556794205.0,0.0,0.0,262144.0,0.0,0.0,0.0,0.0,0.0,0.0,0.0,0.0,0.0,0.0,0.0,0.0,0.0,0.0,0.0,0.0,0.0,0.0,0.0,0.0,0.0,0.0,0.0,0.0,0.0,0.0,0.0,0.0,0.0,0.0,0.0,0.0,0.0,0.0,0.0,0.0,0.0,0.0,0.0,0.0,0.0,0.0,0.0,0.0,0.0,0.0,0.0,0.0,0.0,0.0,0.0,0.0,0.0,0.0,0.0,0.0,0.0,0.0,0.0,0.0,0.0,0.0,0.0,0.0,0.0,0.0,0.0,0.0,0.0,0.0,0.0,0.0,0.0,0.0,0.0,0.0,0.0,0.0,0.0,0.0,0.0,0.0,0.0,0.0,0.0,0.0,0.0,0.0,0.0,0.0,0.0,0.0,0.0,0.0,0.0,0.0,0.0,0.0,0.0,0.0,0.0,0.0,0.0,0.0,0.0,0.0,0.0,0.0,0.0,0.0,0.0,0.0,0.0,0.0,0.0,0.0,0.0,0.0,0.0,0.0,0.0,0.0,0.0,0.0,0.0,0.0,0.0,0.0,0.0,32768.0,32768.0,32848.0,32768.0,32768.0,32768.0,32788.0,32848.0,32768.0,32848.0,32848.0,32768.0,32848.0,32848.0,32768.0,32788.0,32848.0,32768.0,32848.0,32848.0,32848.0,32848.0,32768.0,32768.0,32768.0,32768.0,32768.0,32768.0,32848.0,32768.0,32768.0,32768.0,32848.0,32768.0,32768.0,32768.0,32768.0,32768.0,32768.0,32788.0,32768.0,32848.0,32768.0,32768.0,32768.0,32788.0,32848.0,32768.0,32848.0,32848.0,32848.0,32848.0,32848.0,32768.0,32788.0,32848.0,32768.0,32848.0,32848.0,32848.0,32848.0,32768.0,32768.0,32768.0,32768.0,32768.0,32768.0,32848.0,32768.0,32768.0,32768.0,32768.0,32848.0,32768.0,32768.0,32768.0,32848.0,32768.0,32768.0,32768.0,32788.0,32848.0,32768.0,32848.0,32848.0,32848.0,32848.0,32848.0,32768.0,32768.0,32768.0,32768.0,32768.0,32848.0,32848.0,32768.0,32768.0,32768.0,32788.0,32848.0,32768.0,32848.0,32848.0,32848.0,32848.0,32848.0,32768.0,32788.0,32848.0,32768.0,32848.0,32848.0,32848.0,32848.0,32768.0,32768.0,32768.0,32768.0,32768.0,32768.0,32848.0,32768.0,32768.0,32768.0,32768.0,32768.0,32768.0,32768.0,4194304.0,23667386.0,0.0,0.0,0.0,262144.0
54,0,1,1300,1300,16384,256,0,0,16,192,48,64,matmulbias_kernel,12739678736129,12739678770808,55,27,711352.0,2018.0,711352.0,0.0,680.0,4327845.0,0.0,0.0,58591544.0,58591544.0,4194304.0,622592.0,0.0,0.0,0.0,0.0,0.0,0.0,0.0,0.0,0.0,0.0,0.0,0.0,0.0,0.0,0.0,0.0,0.0,0.0,0.0,0.0,0.0,0.0,0.0,0.0,0.0,0.0,0.0,0.0,0.0,0.0,0.0,0.0,0.0,0.0,0.0,0.0,0.0,0.0,0.0,0.0,0.0,0.0,0.0,0.0,0.0,0.0,0.0,0.0,0.0,0.0,0.0,0.0,0.0,0.0,0.0,0.0,0.0,0.0,0.0,0.0,0.0,0.0,0.0,0.0,0.0,0.0,0.0,0.0,0.0,0.0,0.0,0.0,0.0,0.0,0.0,0.0,0.0,0.0,0.0,0.0,0.0,0.0,0.0,0.0,0.0,0.0,0.0,0.0,0.0,0.0,0.0,0.0,0.0,0.0,0.0,0.0,0.0,0.0,0.0,0.0,0.0,0.0,0.0,0.0,0.0,0.0,0.0,0.0,0.0,0.0,0.0,0.0,0.0,0.0,0.0,0.0,0.0,0.0,0.0,0.0,0.0,0.0,0.0,0.0,0.0,0.0,0.0,0.0,0.0,0.0,3137.0,3170.0,3170.0,3170.0,3170.0,3121.0,3120.0,3120.0,3120.0,3120.0,3120.0,3202.0,3120.0,3120.0,3121.0,3120.0,3120.0,3120.0,3120.0,3120.0,3120.0,3120.0,3203.0,3146.0,3122.0,3170.0,3171.0,3170.0,3170.0,3170.0,3170.0,3202.0,3202.0,3202.0,3202.0,3158.0,3130.0,3186.0,3187.0,3136.0,3186.0,3186.0,3186.0,3186.0,3129.0,3128.0,3128.0,3128.0,3128.0,3128.0,3136.0,3128.0,3128.0,3129.0,3128.0,3128.0,3128.0,3128.0,3128.0,3128.0,3128.0,3136.0,3158.0,3130.0,3186.0,3187.0,3186.0,3186.0,3186.0,3186.0,3146.0,3122.0,3136.0,3170.0,3171.0,3170.0,3170.0,3170.0,3170.0,3121.0,3120.0,3120.0,3120.0,3136.0,3120.0,3120.0,3120.0,3120.0,3158.0,3130.0,3186.0,3187.0,3186.0,3186.0,3136.0,3186.0,3186.0,3129.0,3128.0,3128.0,3128.0,3128.0,3128.0,3128.0,3128.0,3136.0,3113.0,3112.0,3112.0,3112.0,3112.0,3112.0,3112.0,3112.0,3134.0,3114.0,3170.0,3154.0,3155.0,3154.0,3154.0,3154.0,3154.0,3146.0,3122.0,3170.0,3171.0,3138.0,131072.0,3121932.0,0.0,262272.0,0.0,4096.0
55,0,1,1300,1300,4194304,256,0,0,12,4,32,64,"void at::native::vectorized_elementwise_kernel<4, at::native::FillFunctor<int>, std::array<char*, 1ul> >(int, at::native::FillFunctor<int>, std::array<char*, 1ul>)",12739679153678,12739679196736,56,85,835279.0,1810.0,835279.0,65536.0,2825.0,24166501.0,0.0,0.0,559713354.0,559713354.0,0.0,0.0,262144.0,0.0,0.0,0.0,0.0,0.0,0.0,0.0,0.0,0.0,0.0,0.0,0.0,0.0,0.0,0.0,0.0,0.0,0.0,0.0,0.0,0.0,0.0,0.0,0.0,0.0,0.0,0.0,0.0,0.0,0.0,0.0,0.0,0.0,0.0,0.0,0.0,0.0,0.0,0.0,0.0,0.0,0.0,0.0,0.0,0.0,0.0,0.0,0.0,0.0,0.0,0.0,0.0,0.0,0.0,0.0,0.0,0.0,0.0,0.0,0.0,0.0,0.0,0.0,0.0,0.0,0.0,0.0,0.0,0.0,0.0,0.0,0.0,0.0,0.0,0.0,0.0,0.0,0.0,0.0,0.0,0.0,0.0,0.0,0.0,0.0,0.0,0.0,0.0,0.0,0.0,0.0,0.0,0.0,0.0,0.0,0.0,0.0,0.0,0.0,0.0,0.0,0.0,0.0,0.0,0.0,0.0,0.0,0.0,0.0,0.0,0.0,0.0,0.0,0.0,0.0,0.0,0.0,0.0,0.0,0.0,0.0,0.0,0.0,0.0,0.0,0.0,0.0,0.0,0.0,32788.0,32768.0,32848.0,32768.0,32768.0,32788.0,32768.0,32848.0,32768.0,32848.0,32848.0,32768.0,32848.0,32848.0,32788.0,32768.0,32848.0,32768.0,32848.0,32848.0,32848.0,32848.0,32768.0,32768.0,32768.0,32768.0,32768.0,32768.0,32848.0,32768.0,32768.0,32768.0,32848.0,32768.0,32768.0,32768.0,32768.0,32768.0,32768.0,32768.0,32768.0,32848.0,32768.0,32768.0,32788.0,32768.0,32848.0,32768.0,32848.0,32848.0,32848.0,32848.0,32848.0,32788.0,32768.0,32848.0,32768.0,32848.0,32848.0,32848.0,32848.0,32768.0,32768.0,32768.0,32768.0,32768.0,32768.0,32848.0,32768.0,32768.0,32768.0,32768.0,32848.0,32768.0,32768.0,32768.0,32848.0,32768.0,32768.0,32788.0,32768.0,32848.0,32768.0,32848.0,32848.0,32848.0,32848.0,32848.0,32768.0,32768.0,32768.0,32768.0,32768.0,32848.0,32848.0,32768.0,32768.0,32788.0,32768.0,32848.0,32768.0,32848.0,32848.0,32848.0,32848.0,32848.0,32788.0,32768.0,32848.0,32768.0,32848.0,32848.0,32848.0,32848.0,32768.0,32768.0,32768.0,32768.0,32768.0,32768.0,32848.0,32768.0,32768.0,32768.0,32768.0,32768.0,32768.0,32768.0,4194304.0,23794251.0,0.0,0.0,0.0,262144.0
56,0,1,1300,1300,16384,256,0,0,16,192,48,64,matmulbias_kernel,12739679584978,12739679620659,57,27,736855.0,2018.0,736855.0,0.0,665.0,4493010.0,0.0,0.0,62970750.0,62970750.0,4194304.0,622592.0,0.0,0.0,0.0,0.0,0.0,0.0,0.0,0.0,0.0,0.0,0.0,0.0,0.0,0.0,0.0,0.0,0.0,0.0,0.0,0.0,0.0,0.0,0.0,0.0,0.0,0.0,0.0,0.0,0.0,0.0,0.0,0.0,0.0,0.0,0.0,0.0,0.0,0.0,0.0,0.0,0.0,0.0,0.0,0.0,0.0,0.0,0.0,0.0,0.0,0.0,0.0,0.0,0.0,0.0,0.0,0.0,0.0,0.0,0.0,0.0,0.0,0.0,0.0,0.0,0.0,0.0,0.0,0.0,0.0,0.0,0.0,0.0,0.0,0.0,0.0,0.0,0.0,0.0,0.0,0.0,0.0,0.0,0.0,0.0,0.0,0.0,0.0,0.0,0.0,0.0,0.0,0.0,0.0,0.0,0.0,0.0,0.0,0.0,0.0,0.0,0.0,0.0,0.0,0.0,0.0,0.0,0.0,0.0,0.0,0.0,0.0,0.0,0.0,0.0,0.0,0.0,0.0,0.0,0.0,0.0,0.0,0.0,0.0,0.0,0.0,0.0,0.0,0.0,0.0,0.0,3120.0,3170.0,3170.0,3170.0,3170.0,3120.0,3120.0,3121.0,3120.0,3120.0,3120.0,3170.0,3120.0,3120.0,3136.0,3136.0,3137.0,3136.0,3136.0,3136.0,3136.0,3136.0,3171.0,3170.0,3138.0,3202.0,3203.0,3202.0,3202.0,3202.0,3202.0,3170.0,3170.0,3170.0,3170.0,3146.0,3122.0,3170.0,3171.0,3120.0,3170.0,3170.0,3170.0,3170.0,3120.0,3120.0,3121.0,3120.0,3120.0,3120.0,3121.0,3120.0,3120.0,3120.0,3120.0,3121.0,3120.0,3120.0,3120.0,3120.0,3120.0,3120.0,3146.0,3122.0,3170.0,3171.0,3170.0,3170.0,3170.0,3170.0,3170.0,3138.0,3120.0,3202.0,3203.0,3202.0,3202.0,3202.0,3202.0,3136.0,3136.0,3137.0,3136.0,3120.0,3136.0,3136.0,3136.0,3136.0,3170.0,3138.0,3202.0,3203.0,3202.0,3202.0,3120.0,3202.0,3202.0,3136.0,3136.0,3137.0,3136.0,3136.0,3136.0,3136.0,3136.0,3120.0,3120.0,3120.0,3121.0,3120.0,3120.0,3120.0,3120.0,3120.0,3146.0,3122.0,3146.0,3170.0,3171.0,3170.0,3170.0,3170.0,3170.0,3146.0,3122.0,3170.0,3171.0,3122.0,131072.0,3292841.0,0.0,262272.0,0.0,4096.0
57,0,1,1300,1300,4194304,256,0,0,12,4,32,64,"void at::native::vectorized_elementwise_kernel<4, at::native::FillFunctor<int>, std::array<char*, 1ul> >(int, at::native::FillFunctor<int>, std::array<char*, 1ul>)",12739679998959,12739680042137,58,85,840805.0,1810.0,840805.0,65536.0,2861.0,24143424.0,0.0,0.0,559382680.0,559382680.0,0.0,0.0,262144.0,0.0,0.0,0.0,0.0,0.0,0.0,0.0,0.0,0.0,0.0,0.0,0.0,0.0,0.0,0.0,0.0,0.0,0.0,0.0,0.0,0.0,0.0,0.0,0.0,0.0,0.0,0.0,0.0,0.0,0.0,0.0,0.0,0.0,0.0,0.0,0.0,0.0,0.0,0.0,0.0,0.0,0.0,0.0,0.0,0.0,0.0,0.0,0.0,0.0,0.0,0.0,0.0,0.0,0.0,0.0,0.0,0.0,0.0,0.0,0.0,0.0,0.0,0.0,0.0,0.0,0.0,0.0,0.0,0.0,0.0,0.0,0.0,0.0,0.0,0.0,0.0,0.0,0.0,0.0,0.0,0.0,0.0,0.0,0.0,0.0,0.0,0.0,0.0,0.0,0.0,0.0,0.0,0.0,0.0,0.0,0.0,0.0,0.0,0.0,0.0,0.0,0.0,0.0,0.0,0.0,0.0,0.0,0.0,0.0,0.0,0.0,0.0,0.0,0.0,0.0,0.0,0.0,0.0,0.0,0.0,0.0,0.0,0.0,0.0,0.0,0.0,0.0,0.0,0.0,32768.0,32768.0,32848.0,32768.0,32768.0,32768.0,32768.0,32848.0,32788.0,32848.0,32848.0,32768.0,32848.0,32848.0,32768.0,32768.0,32848.0,32788.0,32848.0,32848.0,32848.0,32848.0,32768.0,32768.0,32768.0,32768.0,32768.0,32768.0,32848.0,32768.0,32768.0,32768.0,32848.0,32768.0,32768.0,32768.0,32768.0,32768.0,32768.0,32768.0,32768.0,32848.0,32768.0,32768.0,32768.0,32768.0,32848.0,32788.0,32848.0,32848.0,32848.0,32848.0,32848.0,32768.0,32768.0,32848.0,32788.0,32848.0,32848.0,32848.0,32848.0,32788.0,32768.0,32768.0,32768.0,32768.0,32768.0,32848.0,32768.0,32768.0,32768.0,32768.0,32848.0,32768.0,32768.0,32768.0,32848.0,32768.0,32768.0,32768.0,32768.0,32848.0,32788.0,32848.0,32848.0,32848.0,32848.0,32848.0,32768.0,32768.0,32768.0,32768.0,32768.0,32848.0,32848.0,32768.0,32768.0,32768.0,32768.0,32848.0,32788.0,32848.0,32848.0,32848.0,32848.0,32848.0,32768.0,32768.0,32848.0,32788.0,32848.0,32848.0,32848.0,32848.0,32768.0,32768.0,32768.0,32768.0,32768.0,32768.0,32848.0,32768.0,32768.0,32768.0,32768.0,32768.0,32768.0,32768.0,4194304.0,23770285.0,0.0,0.0,0.0,262144.0
58,0,1,1300,1300,16384,256,0,0,16,192,48,64,matmulbias_kernel,12739680424326,12739680458804,59,27,691502.0,2018.0,691502.0,0.0,680.0,4341351.0,0.0,0.0,59040770.0,59040770.0,4194304.0,622592.0,0.0,0.0,0.0,0.0,0.0,0.0,0.0,0.0,0.0,0.0,0.0,0.0,0.0,0.0,0.0,0.0,0.0,0.0,0.0,0.0,0.0,0.0,0.0,0.0,0.0,0.0,0.0,0.0,0.0,0.0,0.0,0.0,0.0,0.0,0.0,0.0,0.0,0.0,0.0,0.0,0.0,0.0,0.0,0.0,0.0,0.0,0.0,0.0,0.0,0.0,0.0,0.0,0.0,0.0,0.0,0.0,0.0,0.0,0.0,0.0,0.0,0.0,0.0,0.0,0.0,0.0,0.0,0.0,0.0,0.0,0.0,0.0,0.0,0.0,0.0,0.0,0.0,0.0,0.0,0.0,0.0,0.0,0.0,0.0,0.0,0.0,0.0,0.0,0.0,0.0,0.0,0.0,0.0,0.0,0.0,0.0,0.0,0.0,0.0,0.0,0.0,0.0,0.0,0.0,0.0,0.0,0.0,0.0,0.0,0.0,0.0,0.0,0.0,0.0,0.0,0.0,0.0,0.0,0.0,0.0,0.0,0.0,0.0,0.0,0.0,0.0,0.0,0.0,0.0,0.0,3112.0,3154.0,3154.0,3154.0,3154.0,3112.0,3112.0,3112.0,3112.0,3112.0,3112.0,3154.0,3112.0,3112.0,3128.0,3128.0,3128.0,3128.0,3128.0,3128.0,3128.0,3128.0,3155.0,3159.0,3130.0,3186.0,3187.0,3186.0,3186.0,3186.0,3186.0,3154.0,3154.0,3154.0,3154.0,3135.0,3114.0,3154.0,3155.0,3112.0,3154.0,3154.0,3154.0,3154.0,3112.0,3112.0,3112.0,3112.0,3112.0,3112.0,3112.0,3112.0,3112.0,3128.0,3128.0,3128.0,3128.0,3128.0,3128.0,3128.0,3128.0,3112.0,3159.0,3130.0,3186.0,3187.0,3186.0,3186.0,3186.0,3186.0,3171.0,3138.0,3112.0,3202.0,3203.0,3202.0,3202.0,3202.0,3202.0,3136.0,3136.0,3136.0,3136.0,3112.0,3136.0,3136.0,3136.0,3136.0,3147.0,3122.0,3170.0,3171.0,3170.0,3170.0,3112.0,3170.0,3170.0,3120.0,3120.0,3120.0,3120.0,3120.0,3120.0,3120.0,3120.0,3112.0,3112.0,3112.0,3112.0,3112.0,3112.0,3112.0,3112.0,3112.0,3135.0,3114.0,3135.0,3154.0,3155.0,3154.0,3154.0,3154.0,3154.0,3135.0,3114.0,3154.0,3155.0,3114.0,131072.0,3142434.0,0.0,262272.0,0.0,4096.0
59,0,1,1300,1300,4194304,256,0,0,12,4,32,64,"void at::native::vectorized_elementwise_kernel<4, at::native::FillFunctor<int>, std::array<char*, 1ul> >(int, at::native::FillFunctor<int>, std::array<char*, 1ul>)",12739680843158,12739680885935,60,85,825913.0,1810.0,825913.0,65536.0,2868.0,24111030.0,0.0,0.0,559828926.0,559828926.0,0.0,0.0,262144.0,0.0,0.0,0.0,0.0,0.0,0.0,0.0,0.0,0.0,0.0,0.0,0.0,0.0,0.0,0.0,0.0,0.0,0.0,0.0,0.0,0.0,0.0,0.0,0.0,0.0,0.0,0.0,0.0,0.0,0.0,0.0,0.0,0.0,0.0,0.0,0.0,0.0,0.0,0.0,0.0,0.0,0.0,0.0,0.0,0.0,0.0,0.0,0.0,0.0,0.0,0.0,0.0,0.0,0.0,0.0,0.0,0.0,0.0,0.0,0.0,0.0,0.0,0.0,0.0,0.0,0.0,0.0,0.0,0.0,0.0,0.0,0.0,0.0,0.0,0.0,0.0,0.0,0.0,0.0,0.0,0.0,0.0,0.0,0.0,0.0,0.0,0.0,0.0,0.0,0.0,0.0,0.0,0.0,0.0,0.0,0.0,0.0,0.0,0.0,0.0,0.0,0.0,0.0,0.0,0.0,0.0,0.0,0.0,0.0,0.0,0.0,0.0,0.0,0.0,0.0,0.0,0.0,0.0,0.0,0.0,0.0,0.0,0.0,0.0,0.0,0.0,0.0,0.0,0.0,32768.0,32768.0,32848.0,32768.0,32768.0,32768.0,32768.0,32868.0,32768.0,32848.0,32848.0,32768.0,32848.0,32848.0,32768.0,32768.0,32868.0,32768.0,32848.0,32848.0,32848.0,32848.0,32768.0,32768.0,32768.0,32768.0,32768.0,32768.0,32848.0,32768.0,32768.0,32768.0,32848.0,32768.0,32768.0,32768.0,32768.0,32768.0,32768.0,32768.0,32768.0,32848.0,32768.0,32768.0,32768.0,32768.0,32868.0,32768.0,32848.0,32848.0,32868.0,32848.0,32848.0,32768.0,32768.0,32868.0,32768.0,32848.0,32848.0,32848.0,32848.0,32768.0,32768.0,32768.0,32768.0,32768.0,32768.0,32848.0,32768.0,32768.0,32768.0,32768.0,32848.0,32768.0,32768.0,32768.0,32848.0,32768.0,32768.0,32768.0,32768.0,32868.0,32768.0,32848.0,32848.0,32848.0,32848.0,32848.0,32768.0,32768.0,32768.0,32768.0,32768.0,32848.0,32848.0,32768.0,32768.0,32768.0,32768.0,32868.0,32768.0,32848.0,32848.0,32848.0,32848.0,32848.0,32768.0,32768.0,32868.0,32768.0,32848.0,32848.0,32848.0,32848.0,32768.0,32768.0,32768.0,32768.0,32768.0,32768.0,32848.0,32768.0,32768.0,32768.0,32768.0,32768.0,32768.0,32768.0,4194304.0,23795964.0,0.0,0.0,0.0,262144.0
60,0,1,1300,1300,16384,256,0,0,16,192,48,64,matmulbias_kernel,12739681264635,12739681299354,61,27,711862.0,2018.0,711862.0,0.0,694.0,4398002.0,0.0,0.0,60114861.0,60114861.0,4194304.0,622592.0,0.0,0.0,0.0,0.0,0.0,0.0,0.0,0.0,0.0,0.0,0.0,0.0,0.0,0.0,0.0,0.0,0.0,0.0,0.0,0.0,0.0,0.0,0.0,0.0,0.0,0.0,0.0,0.0,0.0,0.0,0.0,0.0,0.0,0.0,0.0,0.0,0.0,0.0,0.0,0.0,0.0,0.0,0.0,0.0,0.0,0.0,0.0,0.0,0.0,0.0,0.0,0.0,0.0,0.0,0.0,0.0,0.0,0.0,0.0,0.0,0.0,0.0,0.0,0.0,0.0,0.0,0.0,0.0,0.0,0.0,0.0,0.0,0.0,0.0,0.0,0.0,0.0,0.0,0.0,0.0,0.0,0.0,0.0,0.0,0.0,0.0,0.0,0.0,0.0,0.0,0.0,0.0,0.0,0.0,0.0,0.0,0.0,0.0,0.0,0.0,0.0,0.0,0.0,0.0,0.0,0.0,0.0,0.0,0.0,0.0,0.0,0.0,0.0,0.0,0.0,0.0,0.0,0.0,0.0,0.0,0.0,0.0,0.0,0.0,0.0,0.0,0.0,0.0,0.0,0.0,3136.0,3170.0,3170.0,3170.0,3170.0,3120.0,3120.0,3120.0,3120.0,3120.0,3120.0,3203.0,3120.0,3120.0,3120.0,3120.0,3120.0,3120.0,3120.0,3120.0,3120.0,3120.0,3203.0,3146.0,3122.0,3171.0,3171.0,3170.0,3170.0,3170.0,3170.0,3202.0,3202.0,3202.0,3202.0,3134.0,3114.0,3155.0,3155.0,3136.0,3154.0,3154.0,3154.0,3154.0,3112.0,3112.0,3112.0,3112.0,3112.0,3112.0,3136.0,3112.0,3112.0,3128.0,3128.0,3128.0,3128.0,3128.0,3128.0,3128.0,3128.0,3136.0,3158.0,3130.0,3187.0,3187.0,3186.0,3186.0,3186.0,3186.0,3134.0,3114.0,3136.0,3155.0,3155.0,3154.0,3154.0,3154.0,3154.0,3112.0,3112.0,3112.0,3112.0,3136.0,3112.0,3112.0,3112.0,3112.0,3122.0,3106.0,3139.0,3139.0,3138.0,3138.0,3136.0,3138.0,3138.0,3104.0,3104.0,3104.0,3104.0,3104.0,3104.0,3104.0,3104.0,3136.0,3120.0,3120.0,3120.0,3120.0,3120.0,3120.0,3120.0,3120.0,3146.0,3122.0,3170.0,3171.0,3171.0,3170.0,3170.0,3170.0,3170.0,3146.0,3122.0,3171.0,3171.0,3138.0,131072.0,3193808.0,0.0,262272.0,0.0,4096.0
61,0,1,1300,1300,4194304,256,0,0,12,4,32,64,"void at::native::vectorized_elementwise_kernel<4, at::native::FillFunctor<int>, std::array<char*, 1ul> >(int, at::native::FillFunctor<int>, std::array<char*, 1ul>)",12739681681463,12739681723839,62,85,831212.0,1810.0,831212.0,65536.0,2864.0,23980119.0,0.0,0.0,556621174.0,556621174.0,0.0,0.0,262144.0,0.0,0.0,0.0,0.0,0.0,0.0,0.0,0.0,0.0,0.0,0.0,0.0,0.0,0.0,0.0,0.0,0.0,0.0,0.0,0.0,0.0,0.0,0.0,0.0,0.0,0.0,0.0,0.0,0.0,0.0,0.0,0.0,0.0,0.0,0.0,0.0,0.0,0.0,0.0,0.0,0.0,0.0,0.0,0.0,0.0,0.0,0.0,0.0,0.0,0.0,0.0,0.0,0.0,0.0,0.0,0.0,0.0,0.0,0.0,0.0,0.0,0.0,0.0,0.0,0.0,0.0,0.0,0.0,0.0,0.0,0.0,0.0,0.0,0.0,0.0,0.0,0.0,0.0,0.0,0.0,0.0,0.0,0.0,0.0,0.0,0.0,0.0,0.0,0.0,0.0,0.0,0.0,0.0,0.0,0.0,0.0,0.0,0.0,0.0,0.0,0.0,0.0,0.0,0.0,0.0,0.0,0.0,0.0,0.0,0.0,0.0,0.0,0.0,0.0,0.0,0.0,0.0,0.0,0.0,0.0,0.0,0.0,0.0,0.0,0.0,0.0,0.0,0.0,0.0,32768.0,32768.0,32848.0,32768.0,32768.0,32768.0,32768.0,32848.0,32768.0,32848.0,32868.0,32768.0,32848.0,32848.0,32768.0,32768.0,32848.0,32768.0,32848.0,32868.0,32848.0,32848.0,32768.0,32768.0,32768.0,32768.0,32768.0,32768.0,32848.0,32768.0,32768.0,32768.0,32848.0,32768.0,32768.0,32768.0,32768.0,32768.0,32768.0,32768.0,32768.0,32848.0,32768.0,32768.0,32768.0,32768.0,32848.0,32768.0,32848.0,32868.0,32848.0,32848.0,32848.0,32768.0,32768.0,32848.0,32768.0,32848.0,32868.0,32848.0,32848.0,32768.0,32768.0,32768.0,32768.0,32768.0,32768.0,32848.0,32768.0,32768.0,32768.0,32768.0,32848.0,32768.0,32768.0,32768.0,32848.0,32768.0,32768.0,32768.0,32768.0,32848.0,32768.0,32868.0,32848.0,32868.0,32848.0,32848.0,32768.0,32768.0,32768.0,32768.0,32768.0,32848.0,32848.0,32768.0,32768.0,32768.0,32768.0,32848.0,32768.0,32848.0,32868.0,32848.0,32848.0,32848.0,32768.0,32768.0,32848.0,32768.0,32848.0,32868.0,32848.0,32848.0,32768.0,32768.0,32768.0,32768.0,32768.0,32768.0,32848.0,32768.0,32768.0,32768.0,32768.0,32768.0,32768.0,32768.0,4194304.0,23664771.0,0.0,0.0,0.0,262144.0
62,0,1,1300,1300,16384,256,0,0,16,192,48,64,matmulbias_kernel,12739682108794,12739682143432,63,27,697842.0,2018.0,697842.0,0.0,698.0,4365420.0,0.0,0.0,59362900.0,59362900.0,4194304.0,622592.0,0.0,0.0,0.0,0.0,0.0,0.0,0.0,0.0,0.0,0.0,0.0,0.0,0.0,0.0,0.0,0.0,0.0,0.0,0.0,0.0,0.0,0.0,0.0,0.0,0.0,0.0,0.0,0.0,0.0,0.0,0.0,0.0,0.0,0.0,0.0,0.0,0.0,0.0,0.0,0.0,0.0,0.0,0.0,0.0,0.0,0.0,0.0,0.0,0.0,0.0,0.0,0.0,0.0,0.0,0.0,0.0,0.0,0.0,0.0,0.0,0.0,0.0,0.0,0.0,0.0,0.0,0.0,0.0,0.0,0.0,0.0,0.0,0.0,0.0,0.0,0.0,0.0,0.0,0.0,0.0,0.0,0.0,0.0,0.0,0.0,0.0,0.0,0.0,0.0,0.0,0.0,0.0,0.0,0.0,0.0,0.0,0.0,0.0,0.0,0.0,0.0,0.0,0.0,0.0,0.0,0.0,0.0,0.0,0.0,0.0,0.0,0.0,0.0,0.0,0.0,0.0,0.0,0.0,0.0,0.0,0.0,0.0,0.0,0.0,0.0,0.0,0.0,0.0,0.0,0.0,3104.0,3170.0,3170.0,3170.0,3170.0,3120.0,3120.0,3120.0,3120.0,3120.0,3120.0,3138.0,3120.0,3120.0,3112.0,3112.0,3112.0,3112.0,3112.0,3112.0,3112.0,3112.0,3138.0,3134.0,3114.0,3154.0,3154.0,3154.0,3154.0,3154.0,3154.0,3138.0,3138.0,3138.0,3138.0,3122.0,3106.0,3138.0,3138.0,3104.0,3138.0,3138.0,3138.0,3138.0,3104.0,3104.0,3104.0,3104.0,3104.0,3104.0,3104.0,3104.0,3104.0,3120.0,3120.0,3120.0,3120.0,3120.0,3120.0,3120.0,3120.0,3104.0,3146.0,3122.0,3170.0,3170.0,3170.0,3170.0,3170.0,3170.0,3134.0,3114.0,3104.0,3154.0,3154.0,3154.0,3154.0,3154.0,3154.0,3112.0,3112.0,3112.0,3112.0,3104.0,3112.0,3112.0,3112.0,3112.0,3158.0,3130.0,3186.0,3186.0,3186.0,3186.0,3104.0,3186.0,3186.0,3128.0,3128.0,3128.0,3128.0,3128.0,3128.0,3128.0,3128.0,3104.0,3128.0,3128.0,3128.0,3128.0,3128.0,3128.0,3128.0,3128.0,3158.0,3130.0,3122.0,3186.0,3186.0,3186.0,3186.0,3186.0,3186.0,3146.0,3122.0,3170.0,3170.0,3106.0,131072.0,3164010.0,0.0,262272.0,0.0,4096.0
63,0,1,1300,1300,4194304,256,0,0,12,4,32,64,"void at::native::vectorized_elementwise_kernel<4, at::native::FillFunctor<int>, std::array<char*, 1ul> >(int, at::native::FillFunctor<int>, std::array<char*, 1ul>)",12739682528828,12739682571605,64,85,837669.0,1810.0,837669.0,65536.0,2854.0,23968698.0,0.0,0.0,556329950.0,556329950.0,0.0,0.0,262144.0,0.0,0.0,0.0,0.0,0.0,0.0,0.0,0.0,0.0,0.0,0.0,0.0,0.0,0.0,0.0,0.0,0.0,0.0,0.0,0.0,0.0,0.0,0.0,0.0,0.0,0.0,0.0,0.0,0.0,0.0,0.0,0.0,0.0,0.0,0.0,0.0,0.0,0.0,0.0,0.0,0.0,0.0,0.0,0.0,0.0,0.0,0.0,0.0,0.0,0.0,0.0,0.0,0.0,0.0,0.0,0.0,0.0,0.0,0.0,0.0,0.0,0.0,0.0,0.0,0.0,0.0,0.0,0.0,0.0,0.0,0.0,0.0,0.0,0.0,0.0,0.0,0.0,0.0,0.0,0.0,0.0,0.0,0.0,0.0,0.0,0.0,0.0,0.0,0.0,0.0,0.0,0.0,0.0,0.0,0.0,0.0,0.0,0.0,0.0,0.0,0.0,0.0,0.0,0.0,0.0,0.0,0.0,0.0,0.0,0.0,0.0,0.0,0.0,0.0,0.0,0.0,0.0,0.0,0.0,0.0,0.0,0.0,0.0,0.0,0.0,0.0,0.0,0.0,0.0,32768.0,32769.0,32848.0,32768.0,32768.0,32768.0,32768.0,32848.0,32768.0,32868.0,32848.0,32768.0,32848.0,32848.0,32768.0,32768.0,32848.0,32768.0,32868.0,32848.0,32848.0,32848.0,32769.0,32768.0,32768.0,32768.0,32769.0,32769.0,32848.0,32768.0,32768.0,32769.0,32848.0,32768.0,32768.0,32768.0,32768.0,32768.0,32769.0,32768.0,32769.0,32848.0,32768.0,32768.0,32768.0,32768.0,32848.0,32768.0,32868.0,32848.0,32848.0,32848.0,32848.0,32768.0,32768.0,32848.0,32768.0,32868.0,32848.0,32848.0,32848.0,32768.0,32768.0,32768.0,32768.0,32769.0,32769.0,32848.0,32768.0,32768.0,32768.0,32768.0,32868.0,32768.0,32769.0,32769.0,32848.0,32768.0,32768.0,32768.0,32768.0,32848.0,32768.0,32848.0,32868.0,32848.0,32848.0,32848.0,32768.0,32768.0,32768.0,32769.0,32769.0,32848.0,32848.0,32768.0,32768.0,32768.0,32768.0,32848.0,32768.0,32868.0,32848.0,32848.0,32848.0,32848.0,32768.0,32768.0,32848.0,32768.0,32868.0,32848.0,32848.0,32848.0,32768.0,32768.0,32768.0,32768.0,32769.0,32769.0,32848.0,32768.0,32768.0,32768.0,32768.0,32768.0,32769.0,32768.0,4194304.0,23648073.0,0.0,0.0,0.0,262144.0
64,0,1,1300,1300,16384,256,0,0,16,192,48,64,matmulbias_kernel,12739682952391,12739682987711,65,27,708702.0,2018.0,708702.0,0.0,678.0,4437180.0,0.0,0.0,61021597.0,61021597.0,4194304.0,622592.0,0.0,0.0,0.0,0.0,0.0,0.0,0.0,0.0,0.0,0.0,0.0,0.0,0.0,0.0,0.0,0.0,0.0,0.0,0.0,0.0,0.0,0.0,0.0,0.0,0.0,0.0,0.0,0.0,0.0,0.0,0.0,0.0,0.0,0.0,0.0,0.0,0.0,0.0,0.0,0.0,0.0,0.0,0.0,0.0,0.0,0.0,0.0,0.0,0.0,0.0,0.0,0.0,0.0,0.0,0.0,0.0,0.0,0.0,0.0,0.0,0.0,0.0,0.0,0.0,0.0,0.0,0.0,0.0,0.0,0.0,0.0,0.0,0.0,0.0,0.0,0.0,0.0,0.0,0.0,0.0,0.0,0.0,0.0,0.0,0.0,0.0,0.0,0.0,0.0,0.0,0.0,0.0,0.0,0.0,0.0,0.0,0.0,0.0,0.0,0.0,0.0,0.0,0.0,0.0,0.0,0.0,0.0,0.0,0.0,0.0,0.0,0.0,0.0,0.0,0.0,0.0,0.0,0.0,0.0,0.0,0.0,0.0,0.0,0.0,0.0,0.0,0.0,0.0,0.0,0.0,3128.0,3186.0,3186.0,3186.0,3186.0,3128.0,3128.0,3128.0,3128.0,3128.0,3128.0,3186.0,3128.0,3128.0,3120.0,3120.0,3120.0,3120.0,3120.0,3120.0,3120.0,3120.0,3188.0,3146.0,3122.0,3170.0,3172.0,3170.0,3170.0,3170.0,3170.0,3186.0,3186.0,3186.0,3186.0,3146.0,3122.0,3170.0,3172.0,3128.0,3170.0,3170.0,3170.0,3170.0,3120.0,3120.0,3120.0,3120.0,3120.0,3120.0,3128.0,3120.0,3120.0,3120.0,3120.0,3120.0,3120.0,3120.0,3120.0,3120.0,3120.0,3128.0,3146.0,3122.0,3170.0,3172.0,3170.0,3170.0,3170.0,3170.0,3146.0,3122.0,3128.0,3170.0,3172.0,3170.0,3170.0,3170.0,3170.0,3120.0,3120.0,3120.0,3120.0,3128.0,3120.0,3120.0,3120.0,3120.0,3158.0,3130.0,3186.0,3188.0,3186.0,3186.0,3128.0,3186.0,3186.0,3128.0,3128.0,3128.0,3128.0,3128.0,3128.0,3128.0,3128.0,3128.0,3120.0,3120.0,3120.0,3120.0,3120.0,3120.0,3120.0,3120.0,3146.0,3122.0,3158.0,3170.0,3172.0,3170.0,3170.0,3170.0,3170.0,3158.0,3130.0,3186.0,3188.0,3130.0,131072.0,3231622.0,0.0,262272.0,0.0,4096.0
65,0,1,1300,1300,4194304,256,0,0,12,4,32,64,"void at::native::vectorized_elementwise_kernel<4, at::native::FillFunctor<int>, std::array<char*, 1ul> >(int, at::native::FillFunctor<int>, std::array<char*, 1ul>)",12739683366331,12739683409149,66,85,828875.0,1810.0,828875.0,65536.0,2876.0,24092964.0,0.0,0.0,559197831.0,559197831.0,0.0,0.0,262144.0,0.0,0.0,0.0,0.0,0.0,0.0,0.0,0.0,0.0,0.0,0.0,0.0,0.0,0.0,0.0,0.0,0.0,0.0,0.0,0.0,0.0,0.0,0.0,0.0,0.0,0.0,0.0,0.0,0.0,0.0,0.0,0.0,0.0,0.0,0.0,0.0,0.0,0.0,0.0,0.0,0.0,0.0,0.0,0.0,0.0,0.0,0.0,0.0,0.0,0.0,0.0,0.0,0.0,0.0,0.0,0.0,0.0,0.0,0.0,0.0,0.0,0.0,0.0,0.0,0.0,0.0,0.0,0.0,0.0,0.0,0.0,0.0,0.0,0.0,0.0,0.0,0.0,0.0,0.0,0.0,0.0,0.0,0.0,0.0,0.0,0.0,0.0,0.0,0.0,0.0,0.0,0.0,0.0,0.0,0.0,0.0,0.0,0.0,0.0,0.0,0.0,0.0,0.0,0.0,0.0,0.0,0.0,0.0,0.0,0.0,0.0,0.0,0.0,0.0,0.0,0.0,0.0,0.0,0.0,0.0,0.0,0.0,0.0,0.0,0.0,0.0,0.0,0.0,0.0,32769.0,32768.0,32848.0,32768.0,32768.0,32769.0,32768.0,32848.0,32768.0,32848.0,32848.0,32768.0,32848.0,32868.0,32769.0,32768.0,32848.0,32768.0,32848.0,32848.0,32848.0,32868.0,32768.0,32768.0,32769.0,32768.0,32768.0,32768.0,32848.0,32768.0,32768.0,32768.0,32848.0,32768.0,32768.0,32768.0,32769.0,32768.0,32768.0,32768.0,32768.0,32848.0,32768.0,32768.0,32769.0,32768.0,32848.0,32768.0,32848.0,32848.0,32848.0,32848.0,32868.0,32769.0,32768.0,32848.0,32768.0,32848.0,32848.0,32848.0,32868.0,32768.0,32768.0,32769.0,32768.0,32768.0,32768.0,32848.0,32768.0,32768.0,32768.0,32769.0,32848.0,32768.0,32768.0,32768.0,32848.0,32768.0,32768.0,32769.0,32768.0,32848.0,32768.0,32848.0,32848.0,32848.0,32848.0,32868.0,32768.0,32769.0,32768.0,32768.0,32768.0,32848.0,32848.0,32768.0,32768.0,32769.0,32768.0,32848.0,32768.0,32848.0,32848.0,32848.0,32868.0,32868.0,32769.0,32768.0,32848.0,32768.0,32848.0,32848.0,32848.0,32868.0,32768.0,32769.0,32768.0,32768.0,32768.0,32768.0,32848.0,32768.0,32768.0,32768.0,32769.0,32768.0,32768.0,32769.0,4194304.0,23781173.0,0.0,0.0,0.0,262144.0
66,0,1,1300,1300,16384,256,0,0,16,192,48,64,matmulbias_kernel,12739683795587,12739683830306,67,27,703690.0,2018.0,703690.0,0.0,730.0,4361212.0,0.0,0.0,59004027.0,59004027.0,4194304.0,622592.0,0.0,0.0,0.0,0.0,0.0,0.0,0.0,0.0,0.0,0.0,0.0,0.0,0.0,0.0,0.0,0.0,0.0,0.0,0.0,0.0,0.0,0.0,0.0,0.0,0.0,0.0,0.0,0.0,0.0,0.0,0.0,0.0,0.0,0.0,0.0,0.0,0.0,0.0,0.0,0.0,0.0,0.0,0.0,0.0,0.0,0.0,0.0,0.0,0.0,0.0,0.0,0.0,0.0,0.0,0.0,0.0,0.0,0.0,0.0,0.0,0.0,0.0,0.0,0.0,0.0,0.0,0.0,0.0,0.0,0.0,0.0,0.0,0.0,0.0,0.0,0.0,0.0,0.0,0.0,0.0,0.0,0.0,0.0,0.0,0.0,0.0,0.0,0.0,0.0,0.0,0.0,0.0,0.0,0.0,0.0,0.0,0.0,0.0,0.0,0.0,0.0,0.0,0.0,0.0,0.0,0.0,0.0,0.0,0.0,0.0,0.0,0.0,0.0,0.0,0.0,0.0,0.0,0.0,0.0,0.0,0.0,0.0,0.0,0.0,0.0,0.0,0.0,0.0,0.0,0.0,3128.0,3186.0,3186.0,3186.0,3186.0,3128.0,3128.0,3128.0,3128.0,3128.0,3128.0,3186.0,3128.0,3128.0,3112.0,3112.0,3112.0,3112.0,3112.0,3112.0,3112.0,3112.0,3186.0,3134.0,3114.0,3154.0,3154.0,3154.0,3154.0,3154.0,3154.0,3186.0,3186.0,3186.0,3186.0,3170.0,3138.0,3202.0,3202.0,3128.0,3202.0,3202.0,3202.0,3202.0,3136.0,3136.0,3136.0,3136.0,3136.0,3136.0,3128.0,3136.0,3136.0,3120.0,3120.0,3120.0,3120.0,3120.0,3120.0,3120.0,3120.0,3128.0,3146.0,3122.0,3170.0,3170.0,3170.0,3170.0,3170.0,3170.0,3134.0,3114.0,3128.0,3154.0,3154.0,3154.0,3154.0,3154.0,3154.0,3112.0,3112.0,3112.0,3112.0,3128.0,3112.0,3112.0,3112.0,3112.0,3158.0,3130.0,3186.0,3186.0,3186.0,3186.0,3128.0,3186.0,3186.0,3128.0,3128.0,3128.0,3128.0,3128.0,3128.0,3128.0,3128.0,3128.0,3120.0,3120.0,3120.0,3120.0,3120.0,3120.0,3120.0,3120.0,3146.0,3122.0,3158.0,3170.0,3170.0,3170.0,3170.0,3170.0,3170.0,3158.0,3130.0,3186.0,3186.0,3130.0,131072.0,3145801.0,0.0,262272.0,0.0,4096.0
67,0,1,1300,1300,4194304,256,0,0,12,4,32,64,"void at::native::vectorized_elementwise_kernel<4, at::native::FillFunctor<int>, std::array<char*, 1ul> >(int, at::native::FillFunctor<int>, std::array<char*, 1ul>)",12739684212615,12739684254871,68,85,826702.0,1810.0,826702.0,65536.0,2919.0,23998530.0,0.0,0.0,556860339.0,556860339.0,0.0,0.0,262144.0,0.0,0.0,0.0,0.0,0.0,0.0,0.0,0.0,0.0,0.0,0.0,0.0,0.0,0.0,0.0,0.0,0.0,0.0,0.0,0.0,0.0,0.0,0.0,0.0,0.0,0.0,0.0,0.0,0.0,0.0,0.0,0.0,0.0,0.0,0.0,0.0,0.0,0.0,0.0,0.0,0.0,0.0,0.0,0.0,0.0,0.0,0.0,0.0,0.0,0.0,0.0,0.0,0.0,0.0,0.0,0.0,0.0,0.0,0.0,0.0,0.0,0.0,0.0,0.0,0.0,0.0,0.0,0.0,0.0,0.0,0.0,0.0,0.0,0.0,0.0,0.0,0.0,0.0,0.0,0.0,0.0,0.0,0.0,0.0,0.0,0.0,0.0,0.0,0.0,0.0,0.0,0.0,0.0,0.0,0.0,0.0,0.0,0.0,0.0,0.0,0.0,0.0,0.0,0.0,0.0,0.0,0.0,0.0,0.0,0.0,0.0,0.0,0.0,0.0,0.0,0.0,0.0,0.0,0.0,0.0,0.0,0.0,0.0,0.0,0.0,0.0,0.0,0.0,0.0,32768.0,32768.0,32848.0,32768.0,32768.0,32768.0,32768.0,32849.0,32768.0,32848.0,32848.0,32768.0,32868.0,32848.0,32768.0,32768.0,32849.0,32768.0,32848.0,32848.0,32868.0,32848.0,32768.0,32768.0,32769.0,32768.0,32768.0,32768.0,32848.0,32768.0,32768.0,32768.0,32848.0,32768.0,32768.0,32768.0,32769.0,32768.0,32768.0,32768.0,32768.0,32848.0,32768.0,32768.0,32768.0,32768.0,32849.0,32768.0,32848.0,32848.0,32849.0,32868.0,32848.0,32768.0,32768.0,32849.0,32768.0,32848.0,32848.0,32868.0,32848.0,32768.0,32768.0,32769.0,32768.0,32768.0,32768.0,32848.0,32768.0,32768.0,32768.0,32769.0,32848.0,32768.0,32768.0,32768.0,32848.0,32768.0,32768.0,32768.0,32768.0,32849.0,32768.0,32848.0,32848.0,32848.0,32868.0,32848.0,32768.0,32769.0,32768.0,32768.0,32768.0,32848.0,32868.0,32768.0,32768.0,32768.0,32768.0,32849.0,32768.0,32848.0,32848.0,32868.0,32848.0,32848.0,32768.0,32768.0,32849.0,32768.0,32848.0,32848.0,32868.0,32848.0,32768.0,32769.0,32768.0,32768.0,32768.0,32768.0,32848.0,32768.0,32768.0,32768.0,32769.0,32768.0,32768.0,32769.0,4194304.0,23678013.0,0.0,0.0,0.0,262144.0
68,0,1,1300,1300,16384,256,0,0,16,192,48,64,matmulbias_kernel,12739684637099,12739684673221,69,27,720891.0,2018.0,720891.0,0.0,665.0,4502524.0,0.0,0.0,62877679.0,62877679.0,4194304.0,622592.0,0.0,0.0,0.0,0.0,0.0,0.0,0.0,0.0,0.0,0.0,0.0,0.0,0.0,0.0,0.0,0.0,0.0,0.0,0.0,0.0,0.0,0.0,0.0,0.0,0.0,0.0,0.0,0.0,0.0,0.0,0.0,0.0,0.0,0.0,0.0,0.0,0.0,0.0,0.0,0.0,0.0,0.0,0.0,0.0,0.0,0.0,0.0,0.0,0.0,0.0,0.0,0.0,0.0,0.0,0.0,0.0,0.0,0.0,0.0,0.0,0.0,0.0,0.0,0.0,0.0,0.0,0.0,0.0,0.0,0.0,0.0,0.0,0.0,0.0,0.0,0.0,0.0,0.0,0.0,0.0,0.0,0.0,0.0,0.0,0.0,0.0,0.0,0.0,0.0,0.0,0.0,0.0,0.0,0.0,0.0,0.0,0.0,0.0,0.0,0.0,0.0,0.0,0.0,0.0,0.0,0.0,0.0,0.0,0.0,0.0,0.0,0.0,0.0,0.0,0.0,0.0,0.0,0.0,0.0,0.0,0.0,0.0,0.0,0.0,0.0,0.0,0.0,0.0,0.0,0.0,3120.0,3154.0,3154.0,3154.0,3154.0,3112.0,3112.0,3112.0,3112.0,3112.0,3112.0,3170.0,3112.0,3112.0,3112.0,3112.0,3112.0,3112.0,3112.0,3112.0,3112.0,3112.0,3170.0,3134.0,3114.0,3154.0,3154.0,3154.0,3154.0,3154.0,3154.0,3170.0,3170.0,3170.0,3170.0,3158.0,3130.0,3186.0,3186.0,3120.0,3186.0,3186.0,3186.0,3186.0,3128.0,3128.0,3128.0,3128.0,3128.0,3128.0,3120.0,3128.0,3128.0,3128.0,3128.0,3128.0,3128.0,3128.0,3128.0,3128.0,3128.0,3120.0,3158.0,3130.0,3186.0,3186.0,3186.0,3186.0,3186.0,3186.0,3158.0,3130.0,3120.0,3186.0,3186.0,3186.0,3186.0,3186.0,3186.0,3128.0,3128.0,3128.0,3128.0,3120.0,3128.0,3128.0,3128.0,3128.0,3146.0,3122.0,3170.0,3170.0,3170.0,3170.0,3120.0,3170.0,3170.0,3120.0,3120.0,3120.0,3120.0,3120.0,3120.0,3120.0,3120.0,3120.0,3128.0,3128.0,3128.0,3128.0,3128.0,3128.0,3128.0,3128.0,3158.0,3130.0,3146.0,3186.0,3186.0,3186.0,3186.0,3186.0,3186.0,3134.0,3114.0,3154.0,3154.0,3122.0,131072.0,3302058.0,0.0,262272.0,0.0,4096.0
69,0,1,1300,1300,4194304,256,0,0,12,4,32,64,"void at::native::vectorized_elementwise_kernel<4, at::native::FillFunctor<int>, std::array<char*, 1ul> >(int, at::native::FillFunctor<int>, std::array<char*, 1ul>)",12739685057214,12739685099871,70,85,823109.0,1810.0,823109.0,65536.0,2800.0,23980446.0,0.0,0.0,555065127.0,555065127.0,0.0,0.0,262144.0,0.0,0.0,0.0,0.0,0.0,0.0,0.0,0.0,0.0,0.0,0.0,0.0,0.0,0.0,0.0,0.0,0.0,0.0,0.0,0.0,0.0,0.0,0.0,0.0,0.0,0.0,0.0,0.0,0.0,0.0,0.0,0.0,0.0,0.0,0.0,0.0,0.0,0.0,0.0,0.0,0.0,0.0,0.0,0.0,0.0,0.0,0.0,0.0,0.0,0.0,0.0,0.0,0.0,0.0,0.0,0.0,0.0,0.0,0.0,0.0,0.0,0.0,0.0,0.0,0.0,0.0,0.0,0.0,0.0,0.0,0.0,0.0,0.0,0.0,0.0,0.0,0.0,0.0,0.0,0.0,0.0,0.0,0.0,0.0,0.0,0.0,0.0,0.0,0.0,0.0,0.0,0.0,0.0,0.0,0.0,0.0,0.0,0.0,0.0,0.0,0.0,0.0,0.0,0.0,0.0,0.0,0.0,0.0,0.0,0.0,0.0,0.0,0.0,0.0,0.0,0.0,0.0,0.0,0.0,0.0,0.0,0.0,0.0,0.0,0.0,0.0,0.0,0.0,0.0,32768.0,32768.0,32868.0,32768.0,32769.0,32768.0,32768.0,32848.0,32768.0,32849.0,32848.0,32768.0,32848.0,32848.0,32768.0,32768.0,32848.0,32768.0,32849.0,32848.0,32848.0,32848.0,32768.0,32768.0,32768.0,32768.0,32768.0,32768.0,32868.0,32768.0,32769.0,32768.0,32868.0,32768.0,32769.0,32768.0,32768.0,32768.0,32768.0,32768.0,32768.0,32868.0,32768.0,32769.0,32768.0,32768.0,32848.0,32768.0,32849.0,32848.0,32848.0,32848.0,32848.0,32768.0,32768.0,32848.0,32768.0,32849.0,32848.0,32848.0,32848.0,32768.0,32768.0,32768.0,32768.0,32768.0,32768.0,32868.0,32768.0,32769.0,32768.0,32768.0,32849.0,32768.0,32768.0,32768.0,32868.0,32768.0,32769.0,32768.0,32768.0,32848.0,32768.0,32848.0,32849.0,32848.0,32848.0,32848.0,32768.0,32768.0,32768.0,32768.0,32768.0,32868.0,32848.0,32768.0,32769.0,32768.0,32768.0,32848.0,32768.0,32849.0,32848.0,32848.0,32848.0,32848.0,32768.0,32768.0,32848.0,32768.0,32849.0,32848.0,32848.0,32848.0,32768.0,32768.0,32768.0,32768.0,32768.0,32768.0,32868.0,32768.0,32769.0,32768.0,32768.0,32768.0,32768.0,32768.0,4194304.0,23598540.0,0.0,0.0,0.0,262144.0
70,0,1,1300,1300,16384,256,0,0,16,192,48,64,matmulbias_kernel,12739685481899,12739685517259,71,27,721556.0,2018.0,721556.0,0.0,664.0,4427153.0,0.0,0.0,61102583.0,61102583.0,4194304.0,622592.0,0.0,0.0,0.0,0.0,0.0,0.0,0.0,0.0,0.0,0.0,0.0,0.0,0.0,0.0,0.0,0.0,0.0,0.0,0.0,0.0,0.0,0.0,0.0,0.0,0.0,0.0,0.0,0.0,0.0,0.0,0.0,0.0,0.0,0.0,0.0,0.0,0.0,0.0,0.0,0.0,0.0,0.0,0.0,0.0,0.0,0.0,0.0,0.0,0.0,0.0,0.0,0.0,0.0,0.0,0.0,0.0,0.0,0.0,0.0,0.0,0.0,0.0,0.0,0.0,0.0,0.0,0.0,0.0,0.0,0.0,0.0,0.0,0.0,0.0,0.0,0.0,0.0,0.0,0.0,0.0,0.0,0.0,0.0,0.0,0.0,0.0,0.0,0.0,0.0,0.0,0.0,0.0,0.0,0.0,0.0,0.0,0.0,0.0,0.0,0.0,0.0,0.0,0.0,0.0,0.0,0.0,0.0,0.0,0.0,0.0,0.0,0.0,0.0,0.0,0.0,0.0,0.0,0.0,0.0,0.0,0.0,0.0,0.0,0.0,0.0,0.0,0.0,0.0,0.0,0.0,3120.0,3202.0,3202.0,3202.0,3202.0,3136.0,3137.0,3136.0,3136.0,3136.0,3136.0,3170.0,3136.0,3136.0,3112.0,3113.0,3112.0,3112.0,3112.0,3112.0,3112.0,3112.0,3171.0,3134.0,3114.0,3154.0,3155.0,3154.0,3154.0,3154.0,3154.0,3170.0,3170.0,3170.0,3170.0,3158.0,3130.0,3186.0,3187.0,3121.0,3186.0,3186.0,3186.0,3186.0,3128.0,3129.0,3128.0,3128.0,3128.0,3128.0,3120.0,3128.0,3128.0,3112.0,3113.0,3112.0,3112.0,3112.0,3112.0,3112.0,3112.0,3120.0,3134.0,3114.0,3154.0,3155.0,3154.0,3154.0,3154.0,3154.0,3158.0,3130.0,3120.0,3186.0,3187.0,3186.0,3186.0,3186.0,3186.0,3128.0,3129.0,3128.0,3128.0,3120.0,3128.0,3128.0,3128.0,3128.0,3146.0,3122.0,3170.0,3171.0,3170.0,3170.0,3120.0,3170.0,3170.0,3120.0,3121.0,3120.0,3120.0,3120.0,3120.0,3120.0,3120.0,3120.0,3120.0,3121.0,3120.0,3120.0,3120.0,3120.0,3120.0,3120.0,3146.0,3122.0,3146.0,3170.0,3171.0,3170.0,3170.0,3170.0,3170.0,3170.0,3138.0,3202.0,3203.0,3122.0,131072.0,3223057.0,0.0,262272.0,0.0,4096.0
71,0,1,1300,1300,4194304,256,0,0,12,4,32,64,"void at::native::vectorized_elementwise_kernel<4, at::native::FillFunctor<int>, std::array<char*, 1ul> >(int, at::native::FillFunctor<int>, std::array<char*, 1ul>)",12739685902896,12739685945352,72,85,824031.0,1810.0,824031.0,65536.0,2897.0,24110523.0,0.0,0.0,557983496.0,557983496.0,0.0,0.0,262144.0,0.0,0.0,0.0,0.0,0.0,0.0,0.0,0.0,0.0,0.0,0.0,0.0,0.0,0.0,0.0,0.0,0.0,0.0,0.0,0.0,0.0,0.0,0.0,0.0,0.0,0.0,0.0,0.0,0.0,0.0,0.0,0.0,0.0,0.0,0.0,0.0,0.0,0.0,0.0,0.0,0.0,0.0,0.0,0.0,0.0,0.0,0.0,0.0,0.0,0.0,0.0,0.0,0.0,0.0,0.0,0.0,0.0,0.0,0.0,0.0,0.0,0.0,0.0,0.0,0.0,0.0,0.0,0.0,0.0,0.0,0.0,0.0,0.0,0.0,0.0,0.0,0.0,0.0,0.0,0.0,0.0,0.0,0.0,0.0,0.0,0.0,0.0,0.0,0.0,0.0,0.0,0.0,0.0,0.0,0.0,0.0,0.0,0.0,0.0,0.0,0.0,0.0,0.0,0.0,0.0,0.0,0.0,0.0,0.0,0.0,0.0,0.0,0.0,0.0,0.0,0.0,0.0,0.0,0.0,0.0,0.0,0.0,0.0,0.0,0.0,0.0,0.0,0.0,0.0,32768.0,32788.0,32848.0,32768.0,32769.0,32768.0,32768.0,32848.0,32768.0,32848.0,32848.0,32768.0,32849.0,32848.0,32768.0,32768.0,32848.0,32768.0,32848.0,32848.0,32849.0,32848.0,32768.0,32768.0,32768.0,32768.0,32768.0,32788.0,32848.0,32768.0,32769.0,32788.0,32848.0,32768.0,32769.0,32768.0,32768.0,32768.0,32768.0,32768.0,32788.0,32848.0,32768.0,32769.0,32768.0,32768.0,32848.0,32768.0,32848.0,32848.0,32848.0,32849.0,32848.0,32768.0,32768.0,32848.0,32768.0,32848.0,32848.0,32849.0,32848.0,32768.0,32768.0,32768.0,32768.0,32768.0,32788.0,32848.0,32768.0,32769.0,32768.0,32768.0,32848.0,32768.0,32768.0,32788.0,32848.0,32768.0,32769.0,32768.0,32768.0,32848.0,32768.0,32848.0,32848.0,32848.0,32849.0,32848.0,32768.0,32768.0,32768.0,32768.0,32788.0,32848.0,32849.0,32768.0,32769.0,32768.0,32768.0,32848.0,32768.0,32848.0,32848.0,32849.0,32848.0,32848.0,32768.0,32768.0,32848.0,32768.0,32848.0,32848.0,32849.0,32848.0,32768.0,32768.0,32768.0,32768.0,32768.0,32788.0,32848.0,32768.0,32769.0,32768.0,32768.0,32768.0,32768.0,32768.0,4194304.0,23727468.0,0.0,0.0,0.0,262144.0
72,0,1,1300,1300,16384,256,0,0,16,192,48,64,matmulbias_kernel,12739686325857,12739686361418,73,27,715670.0,2018.0,715670.0,0.0,687.0,4392717.0,0.0,0.0,60322661.0,60322661.0,4194304.0,622592.0,0.0,0.0,0.0,0.0,0.0,0.0,0.0,0.0,0.0,0.0,0.0,0.0,0.0,0.0,0.0,0.0,0.0,0.0,0.0,0.0,0.0,0.0,0.0,0.0,0.0,0.0,0.0,0.0,0.0,0.0,0.0,0.0,0.0,0.0,0.0,0.0,0.0,0.0,0.0,0.0,0.0,0.0,0.0,0.0,0.0,0.0,0.0,0.0,0.0,0.0,0.0,0.0,0.0,0.0,0.0,0.0,0.0,0.0,0.0,0.0,0.0,0.0,0.0,0.0,0.0,0.0,0.0,0.0,0.0,0.0,0.0,0.0,0.0,0.0,0.0,0.0,0.0,0.0,0.0,0.0,0.0,0.0,0.0,0.0,0.0,0.0,0.0,0.0,0.0,0.0,0.0,0.0,0.0,0.0,0.0,0.0,0.0,0.0,0.0,0.0,0.0,0.0,0.0,0.0,0.0,0.0,0.0,0.0,0.0,0.0,0.0,0.0,0.0,0.0,0.0,0.0,0.0,0.0,0.0,0.0,0.0,0.0,0.0,0.0,0.0,0.0,0.0,0.0,0.0,0.0,3128.0,3202.0,3202.0,3202.0,3202.0,3136.0,3136.0,3136.0,3136.0,3136.0,3136.0,3186.0,3136.0,3136.0,3120.0,3120.0,3120.0,3120.0,3120.0,3120.0,3120.0,3120.0,3186.0,3146.0,3122.0,3170.0,3170.0,3170.0,3170.0,3170.0,3170.0,3186.0,3186.0,3186.0,3186.0,3158.0,3130.0,3186.0,3186.0,3128.0,3186.0,3186.0,3186.0,3186.0,3128.0,3128.0,3128.0,3128.0,3128.0,3128.0,3128.0,3128.0,3128.0,3112.0,3112.0,3112.0,3112.0,3112.0,3112.0,3112.0,3112.0,3128.0,3134.0,3114.0,3154.0,3154.0,3154.0,3154.0,3154.0,3154.0,3122.0,3106.0,3128.0,3138.0,3138.0,3138.0,3138.0,3138.0,3138.0,3104.0,3104.0,3104.0,3104.0,3128.0,3104.0,3104.0,3104.0,3104.0,3134.0,3114.0,3154.0,3154.0,3154.0,3154.0,3128.0,3154.0,3154.0,3112.0,3112.0,3112.0,3112.0,3112.0,3112.0,3112.0,3112.0,3128.0,3120.0,3120.0,3120.0,3120.0,3120.0,3120.0,3120.0,3120.0,3146.0,3122.0,3158.0,3170.0,3170.0,3170.0,3170.0,3170.0,3170.0,3170.0,3138.0,3202.0,3202.0,3130.0,131072.0,3189410.0,0.0,262272.0,0.0,4096.0
73,0,1,1300,1300,4194304,256,0,0,12,4,32,64,"void at::native::vectorized_elementwise_kernel<4, at::native::FillFunctor<int>, std::array<char*, 1ul> >(int, at::native::FillFunctor<int>, std::array<char*, 1ul>)",12739686738434,12739686780650,74,85,826050.0,1810.0,826050.0,65536.0,3113.0,23955721.0,0.0,0.0,554396781.0,554396781.0,0.0,0.0,262144.0,0.0,0.0,0.0,0.0,0.0,0.0,0.0,0.0,0.0,0.0,0.0,0.0,0.0,0.0,0.0,0.0,0.0,0.0,0.0,0.0,0.0,0.0,0.0,0.0,0.0,0.0,0.0,0.0,0.0,0.0,0.0,0.0,0.0,0.0,0.0,0.0,0.0,0.0,0.0,0.0,0.0,0.0,0.0,0.0,0.0,0.0,0.0,0.0,0.0,0.0,0.0,0.0,0.0,0.0,0.0,0.0,0.0,0.0,0.0,0.0,0.0,0.0,0.0,0.0,0.0,0.0,0.0,0.0,0.0,0.0,0.0,0.0,0.0,0.0,0.0,0.0,0.0,0.0,0.0,0.0,0.0,0.0,0.0,0.0,0.0,0.0,0.0,0.0,0.0,0.0,0.0,0.0,0.0,0.0,0.0,0.0,0.0,0.0,0.0,0.0,0.0,0.0,0.0,0.0,0.0,0.0,0.0,0.0,0.0,0.0,0.0,0.0,0.0,0.0,0.0,0.0,0.0,0.0,0.0,0.0,0.0,0.0,0.0,0.0,0.0,0.0,0.0,0.0,0.0,32769.0,32768.0,32848.0,32768.0,32789.0,32769.0,32768.0,32848.0,32768.0,32848.0,32848.0,32768.0,32848.0,32848.0,32769.0,32768.0,32848.0,32768.0,32848.0,32848.0,32848.0,32848.0,32768.0,32768.0,32768.0,32768.0,32768.0,32768.0,32848.0,32768.0,32789.0,32768.0,32848.0,32768.0,32789.0,32768.0,32768.0,32768.0,32768.0,32768.0,32768.0,32848.0,32768.0,32789.0,32769.0,32768.0,32848.0,32768.0,32848.0,32848.0,32848.0,32848.0,32848.0,32769.0,32768.0,32848.0,32768.0,32848.0,32848.0,32848.0,32848.0,32768.0,32768.0,32768.0,32768.0,32768.0,32768.0,32848.0,32768.0,32789.0,32768.0,32768.0,32848.0,32768.0,32768.0,32768.0,32848.0,32768.0,32789.0,32769.0,32768.0,32848.0,32768.0,32848.0,32848.0,32848.0,32848.0,32848.0,32768.0,32768.0,32768.0,32768.0,32768.0,32848.0,32848.0,32768.0,32789.0,32769.0,32768.0,32848.0,32768.0,32848.0,32848.0,32848.0,32848.0,32848.0,32769.0,32768.0,32848.0,32768.0,32848.0,32848.0,32848.0,32848.0,32768.0,32768.0,32768.0,32768.0,32768.0,32768.0,32848.0,32768.0,32789.0,32768.0,32768.0,32768.0,32768.0,32768.0,4194304.0,23575971.0,0.0,0.0,0.0,262144.0
74,0,1,1300,1300,16384,256,0,0,16,192,48,64,matmulbias_kernel,12739687161275,12739687196555,75,27,722219.0,2018.0,722219.0,0.0,686.0,4433638.0,0.0,0.0,60971634.0,60971634.0,4194304.0,622592.0,0.0,0.0,0.0,0.0,0.0,0.0,0.0,0.0,0.0,0.0,0.0,0.0,0.0,0.0,0.0,0.0,0.0,0.0,0.0,0.0,0.0,0.0,0.0,0.0,0.0,0.0,0.0,0.0,0.0,0.0,0.0,0.0,0.0,0.0,0.0,0.0,0.0,0.0,0.0,0.0,0.0,0.0,0.0,0.0,0.0,0.0,0.0,0.0,0.0,0.0,0.0,0.0,0.0,0.0,0.0,0.0,0.0,0.0,0.0,0.0,0.0,0.0,0.0,0.0,0.0,0.0,0.0,0.0,0.0,0.0,0.0,0.0,0.0,0.0,0.0,0.0,0.0,0.0,0.0,0.0,0.0,0.0,0.0,0.0,0.0,0.0,0.0,0.0,0.0,0.0,0.0,0.0,0.0,0.0,0.0,0.0,0.0,0.0,0.0,0.0,0.0,0.0,0.0,0.0,0.0,0.0,0.0,0.0,0.0,0.0,0.0,0.0,0.0,0.0,0.0,0.0,0.0,0.0,0.0,0.0,0.0,0.0,0.0,0.0,0.0,0.0,0.0,0.0,0.0,0.0,3128.0,3170.0,3170.0,3170.0,3170.0,3120.0,3120.0,3120.0,3120.0,3120.0,3120.0,3186.0,3120.0,3120.0,3120.0,3120.0,3120.0,3120.0,3120.0,3120.0,3120.0,3120.0,3186.0,3146.0,3122.0,3170.0,3170.0,3170.0,3170.0,3170.0,3170.0,3186.0,3186.0,3186.0,3186.0,3146.0,3122.0,3170.0,3170.0,3128.0,3170.0,3170.0,3170.0,3170.0,3120.0,3120.0,3120.0,3120.0,3120.0,3120.0,3128.0,3120.0,3120.0,3120.0,3120.0,3120.0,3120.0,3120.0,3120.0,3120.0,3120.0,3128.0,3146.0,3122.0,3170.0,3170.0,3170.0,3170.0,3170.0,3170.0,3146.0,3122.0,3128.0,3170.0,3170.0,3170.0,3170.0,3170.0,3170.0,3120.0,3120.0,3120.0,3120.0,3128.0,3120.0,3120.0,3120.0,3120.0,3146.0,3122.0,3170.0,3170.0,3170.0,3170.0,3128.0,3170.0,3170.0,3120.0,3120.0,3120.0,3120.0,3120.0,3120.0,3120.0,3120.0,3128.0,3112.0,3112.0,3112.0,3112.0,3112.0,3112.0,3112.0,3112.0,3134.0,3114.0,3158.0,3154.0,3154.0,3154.0,3154.0,3154.0,3154.0,3146.0,3122.0,3170.0,3170.0,3130.0,131072.0,3229392.0,0.0,262272.0,0.0,4096.0
75,0,1,1300,1300,4194304,256,0,0,12,4,32,64,"void at::native::vectorized_elementwise_kernel<4, at::native::FillFunctor<int>, std::array<char*, 1ul> >(int, at::native::FillFunctor<int>, std::array<char*, 1ul>)",12739687582593,12739687625290,76,85,831417.0,1810.0,831417.0,65536.0,2937.0,24195352.0,0.0,0.0,560109657.0,560109657.0,0.0,0.0,262144.0,0.0,0.0,0.0,0.0,0.0,0.0,0.0,0.0,0.0,0.0,0.0,0.0,0.0,0.0,0.0,0.0,0.0,0.0,0.0,0.0,0.0,0.0,0.0,0.0,0.0,0.0,0.0,0.0,0.0,0.0,0.0,0.0,0.0,0.0,0.0,0.0,0.0,0.0,0.0,0.0,0.0,0.0,0.0,0.0,0.0,0.0,0.0,0.0,0.0,0.0,0.0,0.0,0.0,0.0,0.0,0.0,0.0,0.0,0.0,0.0,0.0,0.0,0.0,0.0,0.0,0.0,0.0,0.0,0.0,0.0,0.0,0.0,0.0,0.0,0.0,0.0,0.0,0.0,0.0,0.0,0.0,0.0,0.0,0.0,0.0,0.0,0.0,0.0,0.0,0.0,0.0,0.0,0.0,0.0,0.0,0.0,0.0,0.0,0.0,0.0,0.0,0.0,0.0,0.0,0.0,0.0,0.0,0.0,0.0,0.0,0.0,0.0,0.0,0.0,0.0,0.0,0.0,0.0,0.0,0.0,0.0,0.0,0.0,0.0,0.0,0.0,0.0,0.0,0.0,32768.0,32768.0,32848.0,32788.0,32769.0,32768.0,32768.0,32849.0,32768.0,32848.0,32848.0,32768.0,32848.0,32848.0,32768.0,32768.0,32849.0,32768.0,32848.0,32848.0,32848.0,32848.0,32768.0,32768.0,32768.0,32768.0,32768.0,32768.0,32848.0,32788.0,32769.0,32768.0,32848.0,32788.0,32769.0,32768.0,32768.0,32768.0,32768.0,32768.0,32768.0,32848.0,32788.0,32769.0,32768.0,32768.0,32849.0,32768.0,32848.0,32848.0,32849.0,32848.0,32848.0,32768.0,32768.0,32849.0,32768.0,32848.0,32848.0,32848.0,32848.0,32768.0,32768.0,32768.0,32768.0,32768.0,32768.0,32848.0,32788.0,32769.0,32768.0,32768.0,32848.0,32768.0,32768.0,32768.0,32848.0,32788.0,32769.0,32768.0,32768.0,32849.0,32768.0,32848.0,32848.0,32848.0,32848.0,32848.0,32768.0,32768.0,32768.0,32768.0,32768.0,32848.0,32848.0,32788.0,32769.0,32768.0,32768.0,32849.0,32768.0,32848.0,32848.0,32848.0,32848.0,32848.0,32768.0,32768.0,32849.0,32768.0,32848.0,32848.0,32848.0,32848.0,32768.0,32768.0,32768.0,32768.0,32768.0,32768.0,32848.0,32788.0,32769.0,32768.0,32768.0,32768.0,32768.0,32768.0,4194304.0,23809619.0,0.0,0.0,0.0,262144.0
76,0,1,1300,1300,16384,256,0,0,16,192,48,64,matmulbias_kernel,12739687998698,12739688033337,77,27,697740.0,2018.0,697740.0,0.0,699.0,4375346.0,0.0,0.0,59689598.0,59689598.0,4194304.0,622592.0,0.0,0.0,0.0,0.0,0.0,0.0,0.0,0.0,0.0,0.0,0.0,0.0,0.0,0.0,0.0,0.0,0.0,0.0,0.0,0.0,0.0,0.0,0.0,0.0,0.0,0.0,0.0,0.0,0.0,0.0,0.0,0.0,0.0,0.0,0.0,0.0,0.0,0.0,0.0,0.0,0.0,0.0,0.0,0.0,0.0,0.0,0.0,0.0,0.0,0.0,0.0,0.0,0.0,0.0,0.0,0.0,0.0,0.0,0.0,0.0,0.0,0.0,0.0,0.0,0.0,0.0,0.0,0.0,0.0,0.0,0.0,0.0,0.0,0.0,0.0,0.0,0.0,0.0,0.0,0.0,0.0,0.0,0.0,0.0,0.0,0.0,0.0,0.0,0.0,0.0,0.0,0.0,0.0,0.0,0.0,0.0,0.0,0.0,0.0,0.0,0.0,0.0,0.0,0.0,0.0,0.0,0.0,0.0,0.0,0.0,0.0,0.0,0.0,0.0,0.0,0.0,0.0,0.0,0.0,0.0,0.0,0.0,0.0,0.0,0.0,0.0,0.0,0.0,0.0,0.0,3120.0,3154.0,3154.0,3154.0,3154.0,3112.0,3112.0,3112.0,3113.0,3112.0,3112.0,3170.0,3112.0,3112.0,3112.0,3112.0,3112.0,3113.0,3112.0,3112.0,3112.0,3112.0,3171.0,3134.0,3114.0,3154.0,3155.0,3154.0,3154.0,3154.0,3154.0,3170.0,3170.0,3170.0,3170.0,3122.0,3106.0,3138.0,3139.0,3120.0,3138.0,3138.0,3138.0,3138.0,3104.0,3104.0,3104.0,3105.0,3104.0,3104.0,3120.0,3104.0,3104.0,3112.0,3112.0,3112.0,3113.0,3112.0,3112.0,3112.0,3112.0,3121.0,3134.0,3114.0,3154.0,3155.0,3154.0,3154.0,3154.0,3154.0,3146.0,3122.0,3120.0,3170.0,3171.0,3170.0,3170.0,3170.0,3170.0,3120.0,3120.0,3120.0,3121.0,3120.0,3120.0,3120.0,3120.0,3120.0,3158.0,3130.0,3186.0,3187.0,3186.0,3186.0,3120.0,3186.0,3186.0,3128.0,3128.0,3128.0,3129.0,3128.0,3128.0,3128.0,3128.0,3120.0,3136.0,3136.0,3136.0,3137.0,3136.0,3136.0,3136.0,3136.0,3170.0,3138.0,3146.0,3202.0,3203.0,3202.0,3202.0,3202.0,3202.0,3134.0,3114.0,3154.0,3155.0,3122.0,131072.0,3170021.0,0.0,262272.0,0.0,4096.0
77,0,1,1300,1300,4194304,256,0,0,12,4,32,64,"void at::native::vectorized_elementwise_kernel<4, at::native::FillFunctor<int>, std::array<char*, 1ul> >(int, at::native::FillFunctor<int>, std::array<char*, 1ul>)",12739688415606,12739688457822,78,85,821294.0,1810.0,821294.0,65536.0,2854.0,23960277.0,0.0,0.0,554167279.0,554167279.0,0.0,0.0,262144.0,0.0,0.0,0.0,0.0,0.0,0.0,0.0,0.0,0.0,0.0,0.0,0.0,0.0,0.0,0.0,0.0,0.0,0.0,0.0,0.0,0.0,0.0,0.0,0.0,0.0,0.0,0.0,0.0,0.0,0.0,0.0,0.0,0.0,0.0,0.0,0.0,0.0,0.0,0.0,0.0,0.0,0.0,0.0,0.0,0.0,0.0,0.0,0.0,0.0,0.0,0.0,0.0,0.0,0.0,0.0,0.0,0.0,0.0,0.0,0.0,0.0,0.0,0.0,0.0,0.0,0.0,0.0,0.0,0.0,0.0,0.0,0.0,0.0,0.0,0.0,0.0,0.0,0.0,0.0,0.0,0.0,0.0,0.0,0.0,0.0,0.0,0.0,0.0,0.0,0.0,0.0,0.0,0.0,0.0,0.0,0.0,0.0,0.0,0.0,0.0,0.0,0.0,0.0,0.0,0.0,0.0,0.0,0.0,0.0,0.0,0.0,0.0,0.0,0.0,0.0,0.0,0.0,0.0,0.0,0.0,0.0,0.0,0.0,0.0,0.0,0.0,0.0,0.0,0.0,32768.0,32768.0,32848.0,32768.0,32769.0,32768.0,32768.0,32848.0,32768.0,32848.0,32848.0,32768.0,32848.0,32848.0,32768.0,32768.0,32848.0,32768.0,32848.0,32848.0,32848.0,32848.0,32768.0,32769.0,32788.0,32768.0,32768.0,32768.0,32848.0,32768.0,32769.0,32768.0,32848.0,32768.0,32769.0,32769.0,32788.0,32768.0,32768.0,32768.0,32768.0,32848.0,32768.0,32769.0,32768.0,32768.0,32848.0,32768.0,32848.0,32848.0,32848.0,32848.0,32848.0,32768.0,32768.0,32848.0,32768.0,32848.0,32848.0,32848.0,32848.0,32768.0,32769.0,32788.0,32768.0,32768.0,32768.0,32848.0,32768.0,32769.0,32769.0,32788.0,32848.0,32768.0,32768.0,32768.0,32848.0,32768.0,32769.0,32768.0,32768.0,32848.0,32768.0,32848.0,32848.0,32848.0,32848.0,32848.0,32769.0,32788.0,32768.0,32768.0,32768.0,32848.0,32848.0,32768.0,32769.0,32768.0,32768.0,32848.0,32768.0,32848.0,32848.0,32848.0,32848.0,32848.0,32768.0,32768.0,32848.0,32768.0,32848.0,32848.0,32848.0,32848.0,32769.0,32788.0,32769.0,32768.0,32768.0,32768.0,32848.0,32768.0,32769.0,32769.0,32788.0,32768.0,32768.0,32788.0,4194304.0,23575525.0,0.0,0.0,0.0,262144.0
78,0,1,1300,1300,16384,256,0,0,16,192,48,64,matmulbias_kernel,12739688820085,12739688854804,79,27,709913.0,2018.0,709913.0,0.0,676.0,4336250.0,0.0,0.0,59337223.0,59337223.0,4194304.0,622592.0,0.0,0.0,0.0,0.0,0.0,0.0,0.0,0.0,0.0,0.0,0.0,0.0,0.0,0.0,0.0,0.0,0.0,0.0,0.0,0.0,0.0,0.0,0.0,0.0,0.0,0.0,0.0,0.0,0.0,0.0,0.0,0.0,0.0,0.0,0.0,0.0,0.0,0.0,0.0,0.0,0.0,0.0,0.0,0.0,0.0,0.0,0.0,0.0,0.0,0.0,0.0,0.0,0.0,0.0,0.0,0.0,0.0,0.0,0.0,0.0,0.0,0.0,0.0,0.0,0.0,0.0,0.0,0.0,0.0,0.0,0.0,0.0,0.0,0.0,0.0,0.0,0.0,0.0,0.0,0.0,0.0,0.0,0.0,0.0,0.0,0.0,0.0,0.0,0.0,0.0,0.0,0.0,0.0,0.0,0.0,0.0,0.0,0.0,0.0,0.0,0.0,0.0,0.0,0.0,0.0,0.0,0.0,0.0,0.0,0.0,0.0,0.0,0.0,0.0,0.0,0.0,0.0,0.0,0.0,0.0,0.0,0.0,0.0,0.0,0.0,0.0,0.0,0.0,0.0,0.0,3112.0,3170.0,3170.0,3170.0,3170.0,3120.0,3120.0,3120.0,3120.0,3120.0,3120.0,3154.0,3120.0,3120.0,3120.0,3120.0,3120.0,3120.0,3120.0,3120.0,3120.0,3120.0,3154.0,3146.0,3122.0,3170.0,3170.0,3170.0,3170.0,3170.0,3170.0,3154.0,3154.0,3154.0,3154.0,3158.0,3130.0,3186.0,3186.0,3112.0,3186.0,3186.0,3186.0,3186.0,3128.0,3128.0,3128.0,3128.0,3128.0,3128.0,3112.0,3128.0,3128.0,3120.0,3120.0,3120.0,3120.0,3120.0,3120.0,3120.0,3120.0,3112.0,3146.0,3122.0,3170.0,3170.0,3170.0,3170.0,3170.0,3170.0,3146.0,3122.0,3112.0,3170.0,3170.0,3170.0,3170.0,3170.0,3170.0,3120.0,3120.0,3120.0,3120.0,3112.0,3120.0,3120.0,3120.0,3120.0,3158.0,3130.0,3186.0,3186.0,3186.0,3186.0,3112.0,3186.0,3186.0,3128.0,3128.0,3128.0,3128.0,3128.0,3128.0,3128.0,3128.0,3112.0,3112.0,3112.0,3112.0,3112.0,3112.0,3112.0,3112.0,3112.0,3134.0,3114.0,3134.0,3154.0,3154.0,3154.0,3154.0,3154.0,3154.0,3146.0,3122.0,3170.0,3170.0,3114.0,131072.0,3144017.0,0.0,262272.0,0.0,4096.0
79,0,1,1300,1300,32768,512,0,0,108,4,48,64,matmulbias_kernel,12739691283663,12739691306676,80,196,530584.0,2018.0,530584.0,0.0,749.0,2809276.0,0.0,0.0,32488837.0,32488837.0,4194304.0,622592.0,0.0,0.0,0.0,0.0,0.0,0.0,0.0,0.0,0.0,0.0,0.0,0.0,0.0,0.0,0.0,0.0,0.0,0.0,0.0,0.0,0.0,0.0,0.0,0.0,0.0,0.0,0.0,0.0,0.0,0.0,0.0,0.0,0.0,0.0,0.0,0.0,0.0,0.0,0.0,0.0,0.0,0.0,0.0,0.0,0.0,0.0,0.0,0.0,0.0,0.0,0.0,0.0,0.0,0.0,0.0,0.0,0.0,0.0,0.0,0.0,0.0,0.0,0.0,0.0,0.0,0.0,0.0,0.0,0.0,0.0,0.0,0.0,0.0,0.0,0.0,0.0,0.0,0.0,0.0,0.0,0.0,0.0,0.0,0.0,0.0,0.0,0.0,0.0,0.0,0.0,0.0,0.0,0.0,0.0,0.0,0.0,0.0,0.0,0.0,0.0,0.0,0.0,0.0,0.0,0.0,0.0,0.0,0.0,0.0,0.0,0.0,0.0,0.0,0.0,0.0,0.0,0.0,0.0,0.0,0.0,0.0,0.0,0.0,0.0,0.0,0.0,0.0,0.0,0.0,0.0,3092.0,3138.0,3138.0,3138.0,3106.0,3104.0,3104.0,3104.0,3104.0,3104.0,3104.0,3115.0,3104.0,3104.0,3096.0,3096.0,3096.0,3096.0,3096.0,3096.0,3096.0,3096.0,3114.0,3110.0,3123.0,3123.0,3122.0,3122.0,3122.0,3122.0,3098.0,3114.0,3114.0,3114.0,3094.0,3116.0,3131.0,3131.0,3130.0,3092.0,3130.0,3130.0,3130.0,3102.0,3100.0,3100.0,3100.0,3100.0,3100.0,3100.0,3092.0,3100.0,3100.0,3096.0,3096.0,3096.0,3096.0,3096.0,3096.0,3096.0,3096.0,3092.0,3110.0,3123.0,3123.0,3122.0,3122.0,3122.0,3122.0,3098.0,3116.0,3131.0,3092.0,3131.0,3130.0,3130.0,3130.0,3130.0,3102.0,3100.0,3100.0,3100.0,3100.0,3092.0,3100.0,3100.0,3100.0,3100.0,3116.0,3131.0,3131.0,3130.0,3130.0,3130.0,3092.0,3130.0,3102.0,3100.0,3100.0,3100.0,3100.0,3100.0,3100.0,3100.0,3100.0,3092.0,3096.0,3096.0,3096.0,3096.0,3096.0,3096.0,3096.0,3096.0,3110.0,3123.0,3104.0,3123.0,3122.0,3122.0,3122.0,3122.0,3098.0,3122.0,3139.0,3139.0,3138.0,3115.0,131072.0,2459324.0,0.0,262272.0,0.0,4096.0
80,0,1,1300,1300,4194304,256,0,0,12,4,32,64,"void at::native::vectorized_elementwise_kernel<4, at::native::FillFunctor<int>, std::array<char*, 1ul> >(int, at::native::FillFunctor<int>, std::array<char*, 1ul>)",12739691800959,12739691843095,81,85,816152.0,1810.0,816152.0,65536.0,2879.0,23845133.0,0.0,0.0,553801022.0,553801022.0,0.0,0.0,262144.0,0.0,0.0,0.0,0.0,0.0,0.0,0.0,0.0,0.0,0.0,0.0,0.0,0.0,0.0,0.0,0.0,0.0,0.0,0.0,0.0,0.0,0.0,0.0,0.0,0.0,0.0,0.0,0.0,0.0,0.0,0.0,0.0,0.0,0.0,0.0,0.0,0.0,0.0,0.0,0.0,0.0,0.0,0.0,0.0,0.0,0.0,0.0,0.0,0.0,0.0,0.0,0.0,0.0,0.0,0.0,0.0,0.0,0.0,0.0,0.0,0.0,0.0,0.0,0.0,0.0,0.0,0.0,0.0,0.0,0.0,0.0,0.0,0.0,0.0,0.0,0.0,0.0,0.0,0.0,0.0,0.0,0.0,0.0,0.0,0.0,0.0,0.0,0.0,0.0,0.0,0.0,0.0,0.0,0.0,0.0,0.0,0.0,0.0,0.0,0.0,0.0,0.0,0.0,0.0,0.0,0.0,0.0,0.0,0.0,0.0,0.0,0.0,0.0,0.0,0.0,0.0,0.0,0.0,0.0,0.0,0.0,0.0,0.0,0.0,0.0,0.0,0.0,0.0,0.0,32768.0,32768.0,32868.0,32768.0,32768.0,32768.0,32768.0,32848.0,32768.0,32848.0,32848.0,32768.0,32848.0,32848.0,32768.0,32768.0,32848.0,32768.0,32848.0,32848.0,32848.0,32848.0,32768.0,32768.0,32768.0,32768.0,32768.0,32768.0,32868.0,32768.0,32768.0,32768.0,32868.0,32768.0,32768.0,32768.0,32768.0,32768.0,32768.0,32768.0,32768.0,32868.0,32768.0,32768.0,32768.0,32768.0,32848.0,32768.0,32848.0,32848.0,32848.0,32848.0,32848.0,32768.0,32768.0,32848.0,32768.0,32848.0,32848.0,32848.0,32848.0,32768.0,32768.0,32768.0,32768.0,32768.0,32768.0,32868.0,32768.0,32768.0,32768.0,32768.0,32848.0,32768.0,32768.0,32768.0,32868.0,32768.0,32768.0,32768.0,32768.0,32848.0,32768.0,32848.0,32848.0,32848.0,32848.0,32848.0,32768.0,32768.0,32768.0,32768.0,32768.0,32868.0,32848.0,32768.0,32768.0,32768.0,32768.0,32848.0,32768.0,32848.0,32848.0,32848.0,32848.0,32848.0,32768.0,32768.0,32848.0,32768.0,32848.0,32848.0,32848.0,32848.0,32768.0,32768.0,32768.0,32768.0,32768.0,32768.0,32868.0,32768.0,32768.0,32768.0,32768.0,32768.0,32768.0,32768.0,4194304.0,23513411.0,0.0,0.0,0.0,262144.0
81,0,1,1300,1300,32768,512,0,0,108,4,48,64,matmulbias_kernel,12739692215140,12739692239034,82,196,512057.0,2018.0,512057.0,0.0,828.0,2940942.0,0.0,0.0,33555457.0,33555457.0,4194304.0,622592.0,0.0,0.0,0.0,0.0,0.0,0.0,0.0,0.0,0.0,0.0,0.0,0.0,0.0,0.0,0.0,0.0,0.0,0.0,0.0,0.0,0.0,0.0,0.0,0.0,0.0,0.0,0.0,0.0,0.0,0.0,0.0,0.0,0.0,0.0,0.0,0.0,0.0,0.0,0.0,0.0,0.0,0.0,0.0,0.0,0.0,0.0,0.0,0.0,0.0,0.0,0.0,0.0,0.0,0.0,0.0,0.0,0.0,0.0,0.0,0.0,0.0,0.0,0.0,0.0,0.0,0.0,0.0,0.0,0.0,0.0,0.0,0.0,0.0,0.0,0.0,0.0,0.0,0.0,0.0,0.0,0.0,0.0,0.0,0.0,0.0,0.0,0.0,0.0,0.0,0.0,0.0,0.0,0.0,0.0,0.0,0.0,0.0,0.0,0.0,0.0,0.0,0.0,0.0,0.0,0.0,0.0,0.0,0.0,0.0,0.0,0.0,0.0,0.0,0.0,0.0,0.0,0.0,0.0,0.0,0.0,0.0,0.0,0.0,0.0,0.0,0.0,0.0,0.0,0.0,0.0,3096.0,3122.0,3122.0,3122.0,3098.0,3096.0,3096.0,3096.0,3096.0,3096.0,3096.0,3122.0,3096.0,3096.0,3096.0,3096.0,3096.0,3096.0,3096.0,3096.0,3096.0,3096.0,3122.0,3110.0,3122.0,3122.0,3122.0,3122.0,3122.0,3122.0,3098.0,3122.0,3122.0,3122.0,3098.0,3104.0,3114.0,3114.0,3114.0,3096.0,3114.0,3114.0,3114.0,3094.0,3092.0,3092.0,3092.0,3092.0,3092.0,3092.0,3096.0,3092.0,3092.0,3092.0,3092.0,3092.0,3092.0,3092.0,3092.0,3092.0,3092.0,3096.0,3104.0,3114.0,3114.0,3114.0,3114.0,3114.0,3114.0,3094.0,3110.0,3122.0,3096.0,3122.0,3122.0,3122.0,3122.0,3122.0,3098.0,3096.0,3096.0,3096.0,3096.0,3096.0,3096.0,3096.0,3096.0,3096.0,3110.0,3122.0,3122.0,3122.0,3122.0,3122.0,3096.0,3122.0,3098.0,3096.0,3096.0,3096.0,3096.0,3096.0,3096.0,3096.0,3096.0,3096.0,3100.0,3100.0,3100.0,3100.0,3100.0,3100.0,3100.0,3100.0,3116.0,3130.0,3110.0,3130.0,3130.0,3130.0,3130.0,3130.0,3102.0,3110.0,3122.0,3122.0,3122.0,3122.0,131072.0,2503070.0,0.0,262272.0,0.0,4096.0
82,0,1,1300,1300,4194304,256,0,0,12,4,32,64,"void at::native::vectorized_elementwise_kernel<4, at::native::FillFunctor<int>, std::array<char*, 1ul> >(int, at::native::FillFunctor<int>, std::array<char*, 1ul>)",12739692619459,12739692662156,83,85,846224.0,1810.0,846224.0,65536.0,2878.0,23969956.0,0.0,0.0,555932096.0,555932096.0,0.0,0.0,262144.0,0.0,0.0,0.0,0.0,0.0,0.0,0.0,0.0,0.0,0.0,0.0,0.0,0.0,0.0,0.0,0.0,0.0,0.0,0.0,0.0,0.0,0.0,0.0,0.0,0.0,0.0,0.0,0.0,0.0,0.0,0.0,0.0,0.0,0.0,0.0,0.0,0.0,0.0,0.0,0.0,0.0,0.0,0.0,0.0,0.0,0.0,0.0,0.0,0.0,0.0,0.0,0.0,0.0,0.0,0.0,0.0,0.0,0.0,0.0,0.0,0.0,0.0,0.0,0.0,0.0,0.0,0.0,0.0,0.0,0.0,0.0,0.0,0.0,0.0,0.0,0.0,0.0,0.0,0.0,0.0,0.0,0.0,0.0,0.0,0.0,0.0,0.0,0.0,0.0,0.0,0.0,0.0,0.0,0.0,0.0,0.0,0.0,0.0,0.0,0.0,0.0,0.0,0.0,0.0,0.0,0.0,0.0,0.0,0.0,0.0,0.0,0.0,0.0,0.0,0.0,0.0,0.0,0.0,0.0,0.0,0.0,0.0,0.0,0.0,0.0,0.0,0.0,0.0,0.0,32768.0,32788.0,32848.0,32768.0,32768.0,32768.0,32768.0,32848.0,32768.0,32848.0,32848.0,32768.0,32848.0,32848.0,32768.0,32768.0,32848.0,32768.0,32848.0,32848.0,32848.0,32848.0,32768.0,32768.0,32768.0,32768.0,32768.0,32788.0,32848.0,32768.0,32768.0,32788.0,32848.0,32768.0,32768.0,32768.0,32768.0,32768.0,32768.0,32768.0,32788.0,32848.0,32768.0,32768.0,32768.0,32768.0,32848.0,32768.0,32848.0,32848.0,32848.0,32848.0,32848.0,32768.0,32768.0,32848.0,32768.0,32848.0,32848.0,32848.0,32848.0,32768.0,32768.0,32768.0,32768.0,32768.0,32788.0,32848.0,32768.0,32768.0,32768.0,32768.0,32848.0,32768.0,32768.0,32788.0,32848.0,32768.0,32768.0,32768.0,32768.0,32848.0,32768.0,32848.0,32848.0,32848.0,32848.0,32848.0,32768.0,32768.0,32768.0,32768.0,32788.0,32848.0,32848.0,32768.0,32768.0,32768.0,32768.0,32848.0,32768.0,32848.0,32848.0,32848.0,32848.0,32848.0,32768.0,32768.0,32848.0,32768.0,32848.0,32848.0,32848.0,32848.0,32768.0,32768.0,32768.0,32768.0,32768.0,32788.0,32848.0,32768.0,32768.0,32768.0,32768.0,32768.0,32768.0,32768.0,4194304.0,23633827.0,0.0,0.0,0.0,262144.0
83,0,1,1300,1300,32768,512,0,0,108,4,48,64,matmulbias_kernel,12739693035645,12739693059018,84,196,504826.0,2018.0,504826.0,0.0,791.0,2882714.0,0.0,0.0,35290229.0,35290229.0,4194304.0,622592.0,0.0,0.0,0.0,0.0,0.0,0.0,0.0,0.0,0.0,0.0,0.0,0.0,0.0,0.0,0.0,0.0,0.0,0.0,0.0,0.0,0.0,0.0,0.0,0.0,0.0,0.0,0.0,0.0,0.0,0.0,0.0,0.0,0.0,0.0,0.0,0.0,0.0,0.0,0.0,0.0,0.0,0.0,0.0,0.0,0.0,0.0,0.0,0.0,0.0,0.0,0.0,0.0,0.0,0.0,0.0,0.0,0.0,0.0,0.0,0.0,0.0,0.0,0.0,0.0,0.0,0.0,0.0,0.0,0.0,0.0,0.0,0.0,0.0,0.0,0.0,0.0,0.0,0.0,0.0,0.0,0.0,0.0,0.0,0.0,0.0,0.0,0.0,0.0,0.0,0.0,0.0,0.0,0.0,0.0,0.0,0.0,0.0,0.0,0.0,0.0,0.0,0.0,0.0,0.0,0.0,0.0,0.0,0.0,0.0,0.0,0.0,0.0,0.0,0.0,0.0,0.0,0.0,0.0,0.0,0.0,0.0,0.0,0.0,0.0,0.0,0.0,0.0,0.0,0.0,0.0,3096.0,3138.0,3138.0,3138.0,3106.0,3104.0,3104.0,3104.0,3104.0,3104.0,3104.0,3122.0,3104.0,3104.0,3088.0,3088.0,3088.0,3088.0,3088.0,3088.0,3088.0,3088.0,3122.0,3098.0,3106.0,3106.0,3106.0,3106.0,3106.0,3106.0,3090.0,3122.0,3122.0,3122.0,3098.0,3122.0,3138.0,3138.0,3138.0,3096.0,3138.0,3138.0,3138.0,3106.0,3104.0,3104.0,3104.0,3104.0,3104.0,3104.0,3096.0,3104.0,3104.0,3096.0,3096.0,3096.0,3096.0,3096.0,3096.0,3096.0,3096.0,3096.0,3110.0,3122.0,3122.0,3122.0,3122.0,3122.0,3122.0,3098.0,3110.0,3122.0,3096.0,3122.0,3122.0,3122.0,3122.0,3122.0,3098.0,3096.0,3096.0,3096.0,3096.0,3096.0,3096.0,3096.0,3096.0,3096.0,3104.0,3114.0,3114.0,3114.0,3114.0,3114.0,3096.0,3114.0,3094.0,3092.0,3092.0,3092.0,3092.0,3092.0,3092.0,3092.0,3092.0,3096.0,3100.0,3100.0,3100.0,3100.0,3100.0,3100.0,3100.0,3100.0,3116.0,3130.0,3110.0,3130.0,3130.0,3130.0,3130.0,3130.0,3102.0,3122.0,3138.0,3138.0,3138.0,3122.0,131072.0,2585724.0,0.0,262272.0,0.0,4096.0
84,0,1,1300,1300,4194304,256,0,0,12,4,32,64,"void at::native::vectorized_elementwise_kernel<4, at::native::FillFunctor<int>, std::array<char*, 1ul> >(int, at::native::FillFunctor<int>, std::array<char*, 1ul>)",12739693441367,12739693483703,85,85,821586.0,1810.0,821586.0,65536.0,3161.0,23954044.0,0.0,0.0,554351217.0,554351217.0,0.0,0.0,262144.0,0.0,0.0,0.0,0.0,0.0,0.0,0.0,0.0,0.0,0.0,0.0,0.0,0.0,0.0,0.0,0.0,0.0,0.0,0.0,0.0,0.0,0.0,0.0,0.0,0.0,0.0,0.0,0.0,0.0,0.0,0.0,0.0,0.0,0.0,0.0,0.0,0.0,0.0,0.0,0.0,0.0,0.0,0.0,0.0,0.0,0.0,0.0,0.0,0.0,0.0,0.0,0.0,0.0,0.0,0.0,0.0,0.0,0.0,0.0,0.0,0.0,0.0,0.0,0.0,0.0,0.0,0.0,0.0,0.0,0.0,0.0,0.0,0.0,0.0,0.0,0.0,0.0,0.0,0.0,0.0,0.0,0.0,0.0,0.0,0.0,0.0,0.0,0.0,0.0,0.0,0.0,0.0,0.0,0.0,0.0,0.0,0.0,0.0,0.0,0.0,0.0,0.0,0.0,0.0,0.0,0.0,0.0,0.0,0.0,0.0,0.0,0.0,0.0,0.0,0.0,0.0,0.0,0.0,0.0,0.0,0.0,0.0,0.0,0.0,0.0,0.0,0.0,0.0,0.0,32768.0,32768.0,32848.0,32768.0,32788.0,32768.0,32768.0,32848.0,32768.0,32848.0,32848.0,32768.0,32848.0,32848.0,32768.0,32768.0,32848.0,32768.0,32848.0,32848.0,32848.0,32848.0,32768.0,32768.0,32768.0,32768.0,32768.0,32768.0,32848.0,32768.0,32788.0,32768.0,32848.0,32768.0,32788.0,32768.0,32768.0,32768.0,32768.0,32768.0,32768.0,32848.0,32768.0,32788.0,32768.0,32768.0,32848.0,32768.0,32848.0,32848.0,32848.0,32848.0,32848.0,32768.0,32768.0,32848.0,32768.0,32848.0,32848.0,32848.0,32848.0,32768.0,32768.0,32768.0,32768.0,32768.0,32768.0,32848.0,32768.0,32788.0,32768.0,32768.0,32848.0,32768.0,32768.0,32768.0,32848.0,32768.0,32788.0,32768.0,32768.0,32848.0,32768.0,32848.0,32848.0,32848.0,32848.0,32848.0,32768.0,32768.0,32768.0,32768.0,32768.0,32848.0,32848.0,32768.0,32788.0,32768.0,32768.0,32848.0,32768.0,32848.0,32848.0,32848.0,32848.0,32848.0,32768.0,32768.0,32848.0,32768.0,32848.0,32848.0,32848.0,32848.0,32768.0,32768.0,32768.0,32768.0,32768.0,32768.0,32848.0,32768.0,32788.0,32768.0,32768.0,32768.0,32768.0,32768.0,4194304.0,23575347.0,0.0,0.0,0.0,262144.0
85,0,1,1300,1300,32768,512,0,0,108,4,48,64,matmulbias_kernel,12739693868257,12739693892111,86,196,512923.0,2018.0,512923.0,0.0,764.0,2934441.0,0.0,0.0,36547719.0,36547719.0,4194304.0,622592.0,0.0,0.0,0.0,0.0,0.0,0.0,0.0,0.0,0.0,0.0,0.0,0.0,0.0,0.0,0.0,0.0,0.0,0.0,0.0,0.0,0.0,0.0,0.0,0.0,0.0,0.0,0.0,0.0,0.0,0.0,0.0,0.0,0.0,0.0,0.0,0.0,0.0,0.0,0.0,0.0,0.0,0.0,0.0,0.0,0.0,0.0,0.0,0.0,0.0,0.0,0.0,0.0,0.0,0.0,0.0,0.0,0.0,0.0,0.0,0.0,0.0,0.0,0.0,0.0,0.0,0.0,0.0,0.0,0.0,0.0,0.0,0.0,0.0,0.0,0.0,0.0,0.0,0.0,0.0,0.0,0.0,0.0,0.0,0.0,0.0,0.0,0.0,0.0,0.0,0.0,0.0,0.0,0.0,0.0,0.0,0.0,0.0,0.0,0.0,0.0,0.0,0.0,0.0,0.0,0.0,0.0,0.0,0.0,0.0,0.0,0.0,0.0,0.0,0.0,0.0,0.0,0.0,0.0,0.0,0.0,0.0,0.0,0.0,0.0,0.0,0.0,0.0,0.0,0.0,0.0,3100.0,3122.0,3122.0,3122.0,3098.0,3096.0,3096.0,3096.0,3096.0,3096.0,3096.0,3130.0,3096.0,3096.0,3096.0,3096.0,3096.0,3096.0,3096.0,3096.0,3096.0,3096.0,3130.0,3110.0,3122.0,3122.0,3122.0,3122.0,3122.0,3122.0,3098.0,3130.0,3130.0,3130.0,3102.0,3110.0,3122.0,3122.0,3122.0,3100.0,3122.0,3122.0,3122.0,3098.0,3096.0,3096.0,3096.0,3096.0,3096.0,3096.0,3100.0,3096.0,3096.0,3092.0,3092.0,3092.0,3092.0,3092.0,3092.0,3092.0,3092.0,3100.0,3104.0,3114.0,3114.0,3114.0,3114.0,3114.0,3114.0,3094.0,3116.0,3130.0,3100.0,3130.0,3130.0,3130.0,3130.0,3130.0,3102.0,3100.0,3100.0,3100.0,3100.0,3100.0,3100.0,3100.0,3100.0,3100.0,3110.0,3122.0,3122.0,3122.0,3122.0,3122.0,3100.0,3122.0,3098.0,3096.0,3096.0,3096.0,3096.0,3096.0,3096.0,3096.0,3096.0,3100.0,3096.0,3096.0,3096.0,3096.0,3096.0,3096.0,3096.0,3096.0,3110.0,3122.0,3116.0,3122.0,3122.0,3122.0,3122.0,3122.0,3098.0,3110.0,3122.0,3122.0,3122.0,3130.0,131072.0,2633009.0,0.0,262272.0,0.0,4096.0
86,0,1,1300,1300,4194304,256,0,0,12,4,32,64,"void at::native::vectorized_elementwise_kernel<4, at::native::FillFunctor<int>, std::array<char*, 1ul> >(int, at::native::FillFunctor<int>, std::array<char*, 1ul>)",12739694268486,12739694311143,87,85,828532.0,1810.0,828532.0,65536.0,2880.0,24193228.0,0.0,0.0,559737405.0,559737405.0,0.0,0.0,262144.0,0.0,0.0,0.0,0.0,0.0,0.0,0.0,0.0,0.0,0.0,0.0,0.0,0.0,0.0,0.0,0.0,0.0,0.0,0.0,0.0,0.0,0.0,0.0,0.0,0.0,0.0,0.0,0.0,0.0,0.0,0.0,0.0,0.0,0.0,0.0,0.0,0.0,0.0,0.0,0.0,0.0,0.0,0.0,0.0,0.0,0.0,0.0,0.0,0.0,0.0,0.0,0.0,0.0,0.0,0.0,0.0,0.0,0.0,0.0,0.0,0.0,0.0,0.0,0.0,0.0,0.0,0.0,0.0,0.0,0.0,0.0,0.0,0.0,0.0,0.0,0.0,0.0,0.0,0.0,0.0,0.0,0.0,0.0,0.0,0.0,0.0,0.0,0.0,0.0,0.0,0.0,0.0,0.0,0.0,0.0,0.0,0.0,0.0,0.0,0.0,0.0,0.0,0.0,0.0,0.0,0.0,0.0,0.0,0.0,0.0,0.0,0.0,0.0,0.0,0.0,0.0,0.0,0.0,0.0,0.0,0.0,0.0,0.0,0.0,0.0,0.0,0.0,0.0,0.0,32768.0,32768.0,32848.0,32788.0,32768.0,32768.0,32768.0,32848.0,32768.0,32848.0,32848.0,32768.0,32848.0,32848.0,32768.0,32768.0,32848.0,32768.0,32848.0,32848.0,32848.0,32848.0,32768.0,32768.0,32768.0,32768.0,32768.0,32768.0,32848.0,32788.0,32768.0,32768.0,32848.0,32788.0,32768.0,32768.0,32768.0,32768.0,32768.0,32768.0,32768.0,32848.0,32788.0,32768.0,32768.0,32768.0,32848.0,32768.0,32848.0,32848.0,32848.0,32848.0,32848.0,32768.0,32768.0,32848.0,32768.0,32848.0,32848.0,32848.0,32848.0,32768.0,32768.0,32768.0,32768.0,32768.0,32768.0,32848.0,32788.0,32768.0,32768.0,32768.0,32848.0,32768.0,32768.0,32768.0,32848.0,32788.0,32768.0,32768.0,32768.0,32848.0,32768.0,32848.0,32848.0,32848.0,32848.0,32848.0,32768.0,32768.0,32768.0,32768.0,32768.0,32848.0,32848.0,32788.0,32768.0,32768.0,32768.0,32848.0,32768.0,32848.0,32848.0,32848.0,32848.0,32848.0,32768.0,32768.0,32848.0,32768.0,32848.0,32848.0,32848.0,32848.0,32768.0,32768.0,32768.0,32768.0,32768.0,32768.0,32848.0,32788.0,32768.0,32768.0,32768.0,32768.0,32768.0,32768.0,4194304.0,23814127.0,0.0,0.0,0.0,262144.0
87,0,1,1300,1300,32768,512,0,0,108,4,48,64,matmulbias_kernel,12739694687398,12739694711092,88,196,510708.0,2018.0,510708.0,0.0,732.0,2920855.0,0.0,0.0,37546894.0,37546894.0,4194304.0,622592.0,0.0,0.0,0.0,0.0,0.0,0.0,0.0,0.0,0.0,0.0,0.0,0.0,0.0,0.0,0.0,0.0,0.0,0.0,0.0,0.0,0.0,0.0,0.0,0.0,0.0,0.0,0.0,0.0,0.0,0.0,0.0,0.0,0.0,0.0,0.0,0.0,0.0,0.0,0.0,0.0,0.0,0.0,0.0,0.0,0.0,0.0,0.0,0.0,0.0,0.0,0.0,0.0,0.0,0.0,0.0,0.0,0.0,0.0,0.0,0.0,0.0,0.0,0.0,0.0,0.0,0.0,0.0,0.0,0.0,0.0,0.0,0.0,0.0,0.0,0.0,0.0,0.0,0.0,0.0,0.0,0.0,0.0,0.0,0.0,0.0,0.0,0.0,0.0,0.0,0.0,0.0,0.0,0.0,0.0,0.0,0.0,0.0,0.0,0.0,0.0,0.0,0.0,0.0,0.0,0.0,0.0,0.0,0.0,0.0,0.0,0.0,0.0,0.0,0.0,0.0,0.0,0.0,0.0,0.0,0.0,0.0,0.0,0.0,0.0,0.0,0.0,0.0,0.0,0.0,0.0,3096.0,3122.0,3122.0,3122.0,3098.0,3096.0,3096.0,3096.0,3096.0,3096.0,3096.0,3122.0,3096.0,3096.0,3096.0,3096.0,3096.0,3096.0,3096.0,3096.0,3096.0,3096.0,3122.0,3110.0,3122.0,3122.0,3122.0,3122.0,3122.0,3122.0,3098.0,3122.0,3122.0,3122.0,3098.0,3116.0,3130.0,3130.0,3130.0,3096.0,3130.0,3130.0,3130.0,3102.0,3100.0,3100.0,3100.0,3100.0,3100.0,3100.0,3096.0,3100.0,3100.0,3100.0,3100.0,3100.0,3100.0,3100.0,3100.0,3100.0,3100.0,3096.0,3116.0,3130.0,3130.0,3130.0,3130.0,3130.0,3130.0,3102.0,3110.0,3122.0,3096.0,3122.0,3122.0,3122.0,3122.0,3122.0,3098.0,3096.0,3096.0,3096.0,3096.0,3096.0,3096.0,3096.0,3096.0,3096.0,3122.0,3138.0,3138.0,3138.0,3138.0,3138.0,3096.0,3138.0,3106.0,3104.0,3104.0,3104.0,3104.0,3104.0,3104.0,3104.0,3104.0,3096.0,3100.0,3100.0,3100.0,3100.0,3100.0,3100.0,3100.0,3100.0,3116.0,3130.0,3110.0,3130.0,3130.0,3130.0,3130.0,3130.0,3102.0,3110.0,3122.0,3122.0,3122.0,3122.0,131072.0,2658169.0,0.0,262272.0,0.0,4096.0
88,0,1,1300,1300,4194304,256,0,0,12,4,32,64,"void at::native::vectorized_elementwise_kernel<4, at::native::FillFunctor<int>, std::array<char*, 1ul> >(int, at::native::FillFunctor<int>, std::array<char*, 1ul>)",12739695088109,12739695131167,89,85,838270.0,1810.0,838270.0,65536.0,2839.0,24092886.0,0.0,0.0,557410874.0,557410874.0,0.0,0.0,262144.0,0.0,0.0,0.0,0.0,0.0,0.0,0.0,0.0,0.0,0.0,0.0,0.0,0.0,0.0,0.0,0.0,0.0,0.0,0.0,0.0,0.0,0.0,0.0,0.0,0.0,0.0,0.0,0.0,0.0,0.0,0.0,0.0,0.0,0.0,0.0,0.0,0.0,0.0,0.0,0.0,0.0,0.0,0.0,0.0,0.0,0.0,0.0,0.0,0.0,0.0,0.0,0.0,0.0,0.0,0.0,0.0,0.0,0.0,0.0,0.0,0.0,0.0,0.0,0.0,0.0,0.0,0.0,0.0,0.0,0.0,0.0,0.0,0.0,0.0,0.0,0.0,0.0,0.0,0.0,0.0,0.0,0.0,0.0,0.0,0.0,0.0,0.0,0.0,0.0,0.0,0.0,0.0,0.0,0.0,0.0,0.0,0.0,0.0,0.0,0.0,0.0,0.0,0.0,0.0,0.0,0.0,0.0,0.0,0.0,0.0,0.0,0.0,0.0,0.0,0.0,0.0,0.0,0.0,0.0,0.0,0.0,0.0,0.0,0.0,0.0,0.0,0.0,0.0,0.0,32768.0,32768.0,32848.0,32768.0,32768.0,32768.0,32768.0,32848.0,32768.0,32848.0,32848.0,32768.0,32848.0,32848.0,32768.0,32768.0,32848.0,32768.0,32848.0,32848.0,32848.0,32848.0,32768.0,32768.0,32788.0,32768.0,32768.0,32768.0,32848.0,32768.0,32768.0,32768.0,32848.0,32768.0,32768.0,32768.0,32788.0,32768.0,32768.0,32768.0,32768.0,32848.0,32768.0,32768.0,32768.0,32768.0,32848.0,32768.0,32848.0,32848.0,32848.0,32848.0,32848.0,32768.0,32768.0,32848.0,32768.0,32848.0,32848.0,32848.0,32848.0,32768.0,32768.0,32788.0,32768.0,32768.0,32768.0,32848.0,32768.0,32768.0,32768.0,32788.0,32848.0,32768.0,32768.0,32768.0,32848.0,32768.0,32768.0,32768.0,32768.0,32848.0,32768.0,32848.0,32848.0,32848.0,32848.0,32848.0,32768.0,32788.0,32768.0,32768.0,32768.0,32848.0,32848.0,32768.0,32768.0,32768.0,32768.0,32848.0,32768.0,32848.0,32848.0,32848.0,32848.0,32848.0,32768.0,32768.0,32848.0,32768.0,32848.0,32848.0,32848.0,32848.0,32768.0,32788.0,32768.0,32768.0,32768.0,32768.0,32848.0,32768.0,32768.0,32768.0,32788.0,32768.0,32768.0,32788.0,4194304.0,23714532.0,0.0,0.0,0.0,262144.0
89,0,1,1300,1300,32768,512,0,0,108,4,48,64,matmulbias_kernel,12739695512233,12739695536488,90,196,523916.0,2018.0,523916.0,0.0,774.0,2997411.0,0.0,0.0,41324857.0,41324857.0,4194304.0,622592.0,0.0,0.0,0.0,0.0,0.0,0.0,0.0,0.0,0.0,0.0,0.0,0.0,0.0,0.0,0.0,0.0,0.0,0.0,0.0,0.0,0.0,0.0,0.0,0.0,0.0,0.0,0.0,0.0,0.0,0.0,0.0,0.0,0.0,0.0,0.0,0.0,0.0,0.0,0.0,0.0,0.0,0.0,0.0,0.0,0.0,0.0,0.0,0.0,0.0,0.0,0.0,0.0,0.0,0.0,0.0,0.0,0.0,0.0,0.0,0.0,0.0,0.0,0.0,0.0,0.0,0.0,0.0,0.0,0.0,0.0,0.0,0.0,0.0,0.0,0.0,0.0,0.0,0.0,0.0,0.0,0.0,0.0,0.0,0.0,0.0,0.0,0.0,0.0,0.0,0.0,0.0,0.0,0.0,0.0,0.0,0.0,0.0,0.0,0.0,0.0,0.0,0.0,0.0,0.0,0.0,0.0,0.0,0.0,0.0,0.0,0.0,0.0,0.0,0.0,0.0,0.0,0.0,0.0,0.0,0.0,0.0,0.0,0.0,0.0,0.0,0.0,0.0,0.0,0.0,0.0,3104.0,3114.0,3114.0,3114.0,3094.0,3092.0,3092.0,3092.0,3092.0,3092.0,3092.0,3138.0,3092.0,3092.0,3096.0,3096.0,3096.0,3096.0,3096.0,3096.0,3096.0,3096.0,3138.0,3110.0,3122.0,3122.0,3122.0,3122.0,3122.0,3122.0,3098.0,3138.0,3138.0,3138.0,3106.0,3122.0,3138.0,3138.0,3138.0,3104.0,3138.0,3138.0,3138.0,3106.0,3104.0,3104.0,3104.0,3104.0,3104.0,3104.0,3104.0,3104.0,3104.0,3092.0,3092.0,3092.0,3092.0,3092.0,3092.0,3092.0,3092.0,3104.0,3104.0,3114.0,3114.0,3114.0,3114.0,3114.0,3114.0,3094.0,3104.0,3114.0,3104.0,3114.0,3114.0,3114.0,3114.0,3114.0,3094.0,3092.0,3092.0,3092.0,3092.0,3104.0,3092.0,3092.0,3092.0,3092.0,3104.0,3114.0,3114.0,3114.0,3114.0,3114.0,3104.0,3114.0,3094.0,3092.0,3092.0,3092.0,3092.0,3092.0,3092.0,3092.0,3092.0,3104.0,3092.0,3092.0,3092.0,3092.0,3092.0,3092.0,3092.0,3092.0,3104.0,3114.0,3122.0,3114.0,3114.0,3114.0,3114.0,3114.0,3094.0,3104.0,3114.0,3114.0,3114.0,3138.0,131072.0,2736784.0,0.0,262272.0,0.0,4096.0
90,0,1,1300,1300,32768,512,0,0,108,4,48,64,matmulbias_kernel,12739696179429,12739696202401,91,196,521710.0,2018.0,521710.0,0.0,777.0,2823871.0,0.0,0.0,32792846.0,32792846.0,4194304.0,622592.0,0.0,0.0,0.0,0.0,0.0,0.0,0.0,0.0,0.0,0.0,0.0,0.0,0.0,0.0,0.0,0.0,0.0,0.0,0.0,0.0,0.0,0.0,0.0,0.0,0.0,0.0,0.0,0.0,0.0,0.0,0.0,0.0,0.0,0.0,0.0,0.0,0.0,0.0,0.0,0.0,0.0,0.0,0.0,0.0,0.0,0.0,0.0,0.0,0.0,0.0,0.0,0.0,0.0,0.0,0.0,0.0,0.0,0.0,0.0,0.0,0.0,0.0,0.0,0.0,0.0,0.0,0.0,0.0,0.0,0.0,0.0,0.0,0.0,0.0,0.0,0.0,0.0,0.0,0.0,0.0,0.0,0.0,0.0,0.0,0.0,0.0,0.0,0.0,0.0,0.0,0.0,0.0,0.0,0.0,0.0,0.0,0.0,0.0,0.0,0.0,0.0,0.0,0.0,0.0,0.0,0.0,0.0,0.0,0.0,0.0,0.0,0.0,0.0,0.0,0.0,0.0,0.0,0.0,0.0,0.0,0.0,0.0,0.0,0.0,0.0,0.0,0.0,0.0,0.0,0.0,3104.0,3122.0,3122.0,3122.0,3098.0,3096.0,3096.0,3096.0,3096.0,3096.0,3096.0,3138.0,3096.0,3096.0,3096.0,3096.0,3096.0,3096.0,3096.0,3096.0,3096.0,3096.0,3138.0,3110.0,3122.0,3122.0,3122.0,3122.0,3122.0,3122.0,3098.0,3138.0,3138.0,3138.0,3106.0,3122.0,3138.0,3138.0,3138.0,3104.0,3138.0,3138.0,3138.0,3106.0,3104.0,3104.0,3104.0,3104.0,3104.0,3104.0,3104.0,3104.0,3104.0,3092.0,3092.0,3092.0,3092.0,3092.0,3092.0,3092.0,3092.0,3104.0,3104.0,3114.0,3114.0,3114.0,3114.0,3114.0,3114.0,3094.0,3110.0,3122.0,3104.0,3122.0,3122.0,3122.0,3122.0,3122.0,3098.0,3096.0,3096.0,3096.0,3096.0,3104.0,3096.0,3096.0,3096.0,3096.0,3110.0,3122.0,3122.0,3122.0,3122.0,3122.0,3104.0,3122.0,3098.0,3096.0,3096.0,3096.0,3096.0,3096.0,3096.0,3096.0,3096.0,3104.0,3092.0,3092.0,3092.0,3092.0,3092.0,3092.0,3092.0,3092.0,3104.0,3114.0,3122.0,3114.0,3114.0,3114.0,3114.0,3114.0,3094.0,3110.0,3122.0,3122.0,3122.0,3138.0,131072.0,2469577.0,0.0,262272.0,0.0,4096.0
91,0,1,1300,1300,32768,512,0,0,108,4,48,64,matmulbias_kernel,12739696586193,12739696609205,92,196,506122.0,2018.0,506122.0,0.0,781.0,2823113.0,0.0,0.0,32945037.0,32945037.0,4194304.0,622592.0,0.0,0.0,0.0,0.0,0.0,0.0,0.0,0.0,0.0,0.0,0.0,0.0,0.0,0.0,0.0,0.0,0.0,0.0,0.0,0.0,0.0,0.0,0.0,0.0,0.0,0.0,0.0,0.0,0.0,0.0,0.0,0.0,0.0,0.0,0.0,0.0,0.0,0.0,0.0,0.0,0.0,0.0,0.0,0.0,0.0,0.0,0.0,0.0,0.0,0.0,0.0,0.0,0.0,0.0,0.0,0.0,0.0,0.0,0.0,0.0,0.0,0.0,0.0,0.0,0.0,0.0,0.0,0.0,0.0,0.0,0.0,0.0,0.0,0.0,0.0,0.0,0.0,0.0,0.0,0.0,0.0,0.0,0.0,0.0,0.0,0.0,0.0,0.0,0.0,0.0,0.0,0.0,0.0,0.0,0.0,0.0,0.0,0.0,0.0,0.0,0.0,0.0,0.0,0.0,0.0,0.0,0.0,0.0,0.0,0.0,0.0,0.0,0.0,0.0,0.0,0.0,0.0,0.0,0.0,0.0,0.0,0.0,0.0,0.0,0.0,0.0,0.0,0.0,0.0,0.0,3104.0,3122.0,3122.0,3122.0,3098.0,3096.0,3096.0,3096.0,3096.0,3096.0,3096.0,3138.0,3096.0,3096.0,3100.0,3100.0,3100.0,3100.0,3100.0,3100.0,3100.0,3100.0,3138.0,3116.0,3130.0,3130.0,3130.0,3130.0,3130.0,3130.0,3102.0,3138.0,3138.0,3138.0,3106.0,3122.0,3138.0,3138.0,3138.0,3104.0,3138.0,3138.0,3138.0,3106.0,3104.0,3104.0,3104.0,3104.0,3104.0,3104.0,3104.0,3104.0,3104.0,3092.0,3092.0,3092.0,3092.0,3092.0,3092.0,3092.0,3092.0,3104.0,3104.0,3114.0,3114.0,3114.0,3114.0,3114.0,3114.0,3094.0,3110.0,3122.0,3104.0,3122.0,3122.0,3122.0,3122.0,3122.0,3098.0,3096.0,3096.0,3096.0,3096.0,3104.0,3096.0,3096.0,3096.0,3096.0,3110.0,3122.0,3122.0,3122.0,3122.0,3122.0,3104.0,3122.0,3098.0,3096.0,3096.0,3096.0,3096.0,3096.0,3096.0,3096.0,3096.0,3104.0,3092.0,3092.0,3092.0,3092.0,3092.0,3092.0,3092.0,3092.0,3104.0,3114.0,3122.0,3114.0,3114.0,3114.0,3114.0,3114.0,3094.0,3110.0,3122.0,3122.0,3122.0,3138.0,131072.0,2474862.0,0.0,262272.0,0.0,4096.0
92,0,1,1300,1300,32768,512,0,0,108,4,48,64,matmulbias_kernel,12739697009355,12739697032287,93,196,496563.0,2018.0,496563.0,0.0,773.0,2803651.0,0.0,0.0,32764489.0,32764489.0,4194304.0,622592.0,0.0,0.0,0.0,0.0,0.0,0.0,0.0,0.0,0.0,0.0,0.0,0.0,0.0,0.0,0.0,0.0,0.0,0.0,0.0,0.0,0.0,0.0,0.0,0.0,0.0,0.0,0.0,0.0,0.0,0.0,0.0,0.0,0.0,0.0,0.0,0.0,0.0,0.0,0.0,0.0,0.0,0.0,0.0,0.0,0.0,0.0,0.0,0.0,0.0,0.0,0.0,0.0,0.0,0.0,0.0,0.0,0.0,0.0,0.0,0.0,0.0,0.0,0.0,0.0,0.0,0.0,0.0,0.0,0.0,0.0,0.0,0.0,0.0,0.0,0.0,0.0,0.0,0.0,0.0,0.0,0.0,0.0,0.0,0.0,0.0,0.0,0.0,0.0,0.0,0.0,0.0,0.0,0.0,0.0,0.0,0.0,0.0,0.0,0.0,0.0,0.0,0.0,0.0,0.0,0.0,0.0,0.0,0.0,0.0,0.0,0.0,0.0,0.0,0.0,0.0,0.0,0.0,0.0,0.0,0.0,0.0,0.0,0.0,0.0,0.0,0.0,0.0,0.0,0.0,0.0,3100.0,3114.0,3114.0,3114.0,3094.0,3092.0,3092.0,3092.0,3092.0,3092.0,3092.0,3130.0,3092.0,3092.0,3100.0,3100.0,3100.0,3100.0,3100.0,3100.0,3100.0,3100.0,3130.0,3116.0,3130.0,3130.0,3130.0,3130.0,3130.0,3130.0,3102.0,3130.0,3130.0,3130.0,3102.0,3116.0,3130.0,3130.0,3130.0,3100.0,3130.0,3130.0,3130.0,3102.0,3100.0,3100.0,3100.0,3100.0,3100.0,3100.0,3100.0,3100.0,3100.0,3096.0,3096.0,3096.0,3096.0,3096.0,3096.0,3096.0,3096.0,3100.0,3110.0,3122.0,3122.0,3122.0,3122.0,3122.0,3122.0,3098.0,3110.0,3122.0,3100.0,3122.0,3122.0,3122.0,3122.0,3122.0,3098.0,3096.0,3096.0,3096.0,3096.0,3100.0,3096.0,3096.0,3096.0,3096.0,3110.0,3122.0,3122.0,3122.0,3122.0,3122.0,3100.0,3122.0,3098.0,3096.0,3096.0,3096.0,3096.0,3096.0,3096.0,3096.0,3096.0,3100.0,3092.0,3092.0,3092.0,3092.0,3092.0,3092.0,3092.0,3092.0,3104.0,3114.0,3116.0,3114.0,3114.0,3114.0,3114.0,3114.0,3094.0,3104.0,3114.0,3114.0,3114.0,3130.0,131072.0,2458790.0,0.0,262272.0,0.0,4096.0
93,0,1,1300,1300,32768,512,0,0,108,4,48,64,matmulbias_kernel,12739697407700,12739697430672,94,196,503422.0,2018.0,503422.0,0.0,798.0,2794112.0,0.0,0.0,32320259.0,32320259.0,4194304.0,622592.0,0.0,0.0,0.0,0.0,0.0,0.0,0.0,0.0,0.0,0.0,0.0,0.0,0.0,0.0,0.0,0.0,0.0,0.0,0.0,0.0,0.0,0.0,0.0,0.0,0.0,0.0,0.0,0.0,0.0,0.0,0.0,0.0,0.0,0.0,0.0,0.0,0.0,0.0,0.0,0.0,0.0,0.0,0.0,0.0,0.0,0.0,0.0,0.0,0.0,0.0,0.0,0.0,0.0,0.0,0.0,0.0,0.0,0.0,0.0,0.0,0.0,0.0,0.0,0.0,0.0,0.0,0.0,0.0,0.0,0.0,0.0,0.0,0.0,0.0,0.0,0.0,0.0,0.0,0.0,0.0,0.0,0.0,0.0,0.0,0.0,0.0,0.0,0.0,0.0,0.0,0.0,0.0,0.0,0.0,0.0,0.0,0.0,0.0,0.0,0.0,0.0,0.0,0.0,0.0,0.0,0.0,0.0,0.0,0.0,0.0,0.0,0.0,0.0,0.0,0.0,0.0,0.0,0.0,0.0,0.0,0.0,0.0,0.0,0.0,0.0,0.0,0.0,0.0,0.0,0.0,3096.0,3114.0,3114.0,3114.0,3094.0,3092.0,3092.0,3092.0,3092.0,3092.0,3092.0,3122.0,3092.0,3092.0,3096.0,3096.0,3096.0,3096.0,3096.0,3096.0,3096.0,3096.0,3122.0,3110.0,3122.0,3122.0,3122.0,3122.0,3122.0,3122.0,3098.0,3122.0,3122.0,3122.0,3098.0,3110.0,3122.0,3122.0,3122.0,3096.0,3122.0,3122.0,3122.0,3098.0,3096.0,3096.0,3096.0,3096.0,3096.0,3096.0,3096.0,3096.0,3096.0,3092.0,3092.0,3092.0,3092.0,3092.0,3092.0,3092.0,3092.0,3096.0,3104.0,3114.0,3114.0,3114.0,3114.0,3114.0,3114.0,3094.0,3110.0,3122.0,3096.0,3122.0,3122.0,3122.0,3122.0,3122.0,3098.0,3096.0,3096.0,3096.0,3096.0,3096.0,3096.0,3096.0,3096.0,3096.0,3116.0,3130.0,3130.0,3130.0,3130.0,3130.0,3096.0,3130.0,3102.0,3100.0,3100.0,3100.0,3100.0,3100.0,3100.0,3100.0,3100.0,3096.0,3096.0,3096.0,3096.0,3096.0,3096.0,3096.0,3096.0,3096.0,3110.0,3122.0,3110.0,3122.0,3122.0,3122.0,3122.0,3122.0,3098.0,3104.0,3114.0,3114.0,3114.0,3122.0,131072.0,2435096.0,0.0,262272.0,0.0,4096.0
94,0,1,1300,1300,32768,512,0,0,108,4,48,64,matmulbias_kernel,12739697815386,12739697838158,95,196,500217.0,2018.0,500217.0,0.0,794.0,2787408.0,0.0,0.0,32918174.0,32918174.0,4194304.0,622592.0,0.0,0.0,0.0,0.0,0.0,0.0,0.0,0.0,0.0,0.0,0.0,0.0,0.0,0.0,0.0,0.0,0.0,0.0,0.0,0.0,0.0,0.0,0.0,0.0,0.0,0.0,0.0,0.0,0.0,0.0,0.0,0.0,0.0,0.0,0.0,0.0,0.0,0.0,0.0,0.0,0.0,0.0,0.0,0.0,0.0,0.0,0.0,0.0,0.0,0.0,0.0,0.0,0.0,0.0,0.0,0.0,0.0,0.0,0.0,0.0,0.0,0.0,0.0,0.0,0.0,0.0,0.0,0.0,0.0,0.0,0.0,0.0,0.0,0.0,0.0,0.0,0.0,0.0,0.0,0.0,0.0,0.0,0.0,0.0,0.0,0.0,0.0,0.0,0.0,0.0,0.0,0.0,0.0,0.0,0.0,0.0,0.0,0.0,0.0,0.0,0.0,0.0,0.0,0.0,0.0,0.0,0.0,0.0,0.0,0.0,0.0,0.0,0.0,0.0,0.0,0.0,0.0,0.0,0.0,0.0,0.0,0.0,0.0,0.0,0.0,0.0,0.0,0.0,0.0,0.0,3096.0,3114.0,3114.0,3114.0,3094.0,3092.0,3092.0,3092.0,3092.0,3092.0,3092.0,3122.0,3092.0,3092.0,3096.0,3096.0,3096.0,3096.0,3096.0,3096.0,3096.0,3096.0,3122.0,3110.0,3122.0,3122.0,3122.0,3122.0,3122.0,3122.0,3098.0,3122.0,3122.0,3122.0,3098.0,3110.0,3122.0,3122.0,3122.0,3096.0,3122.0,3122.0,3122.0,3098.0,3096.0,3096.0,3096.0,3096.0,3096.0,3096.0,3096.0,3096.0,3096.0,3092.0,3092.0,3092.0,3092.0,3092.0,3092.0,3092.0,3092.0,3096.0,3104.0,3114.0,3114.0,3114.0,3114.0,3114.0,3114.0,3094.0,3104.0,3114.0,3096.0,3114.0,3114.0,3114.0,3114.0,3114.0,3094.0,3092.0,3092.0,3092.0,3092.0,3096.0,3092.0,3092.0,3092.0,3092.0,3116.0,3130.0,3130.0,3130.0,3130.0,3130.0,3096.0,3130.0,3102.0,3100.0,3100.0,3100.0,3100.0,3100.0,3100.0,3100.0,3100.0,3096.0,3092.0,3092.0,3092.0,3092.0,3092.0,3092.0,3092.0,3092.0,3104.0,3114.0,3110.0,3114.0,3114.0,3114.0,3114.0,3114.0,3094.0,3104.0,3114.0,3114.0,3114.0,3122.0,131072.0,2475082.0,0.0,262272.0,0.0,4096.0
95,0,1,1300,1300,32768,512,0,0,108,4,48,64,matmulbias_kernel,12739698221750,12739698244642,96,196,502522.0,2018.0,502522.0,0.0,776.0,2798377.0,0.0,0.0,32717961.0,32717961.0,4194304.0,622592.0,0.0,0.0,0.0,0.0,0.0,0.0,0.0,0.0,0.0,0.0,0.0,0.0,0.0,0.0,0.0,0.0,0.0,0.0,0.0,0.0,0.0,0.0,0.0,0.0,0.0,0.0,0.0,0.0,0.0,0.0,0.0,0.0,0.0,0.0,0.0,0.0,0.0,0.0,0.0,0.0,0.0,0.0,0.0,0.0,0.0,0.0,0.0,0.0,0.0,0.0,0.0,0.0,0.0,0.0,0.0,0.0,0.0,0.0,0.0,0.0,0.0,0.0,0.0,0.0,0.0,0.0,0.0,0.0,0.0,0.0,0.0,0.0,0.0,0.0,0.0,0.0,0.0,0.0,0.0,0.0,0.0,0.0,0.0,0.0,0.0,0.0,0.0,0.0,0.0,0.0,0.0,0.0,0.0,0.0,0.0,0.0,0.0,0.0,0.0,0.0,0.0,0.0,0.0,0.0,0.0,0.0,0.0,0.0,0.0,0.0,0.0,0.0,0.0,0.0,0.0,0.0,0.0,0.0,0.0,0.0,0.0,0.0,0.0,0.0,0.0,0.0,0.0,0.0,0.0,0.0,3096.0,3106.0,3106.0,3106.0,3090.0,3088.0,3088.0,3088.0,3088.0,3088.0,3088.0,3122.0,3088.0,3088.0,3096.0,3096.0,3096.0,3096.0,3096.0,3096.0,3096.0,3096.0,3122.0,3110.0,3122.0,3122.0,3122.0,3122.0,3122.0,3122.0,3098.0,3122.0,3122.0,3122.0,3098.0,3110.0,3122.0,3122.0,3122.0,3096.0,3122.0,3122.0,3122.0,3098.0,3096.0,3096.0,3096.0,3096.0,3096.0,3096.0,3096.0,3096.0,3096.0,3092.0,3092.0,3092.0,3092.0,3092.0,3092.0,3092.0,3092.0,3096.0,3104.0,3114.0,3114.0,3114.0,3114.0,3114.0,3114.0,3094.0,3098.0,3106.0,3096.0,3106.0,3106.0,3106.0,3106.0,3106.0,3090.0,3088.0,3088.0,3088.0,3088.0,3096.0,3088.0,3088.0,3088.0,3088.0,3110.0,3122.0,3122.0,3122.0,3122.0,3122.0,3096.0,3122.0,3098.0,3096.0,3096.0,3096.0,3096.0,3096.0,3096.0,3096.0,3096.0,3096.0,3092.0,3092.0,3092.0,3092.0,3092.0,3092.0,3092.0,3092.0,3104.0,3114.0,3110.0,3114.0,3114.0,3114.0,3114.0,3114.0,3094.0,3098.0,3106.0,3106.0,3106.0,3122.0,131072.0,2467996.0,0.0,262272.0,0.0,4096.0
96,0,1,1300,1300,32768,512,0,0,108,4,48,64,matmulbias_kernel,12739698629717,12739698652729,97,196,503902.0,2018.0,503902.0,0.0,802.0,2798871.0,0.0,0.0,32643515.0,32643515.0,4194304.0,622592.0,0.0,0.0,0.0,0.0,0.0,0.0,0.0,0.0,0.0,0.0,0.0,0.0,0.0,0.0,0.0,0.0,0.0,0.0,0.0,0.0,0.0,0.0,0.0,0.0,0.0,0.0,0.0,0.0,0.0,0.0,0.0,0.0,0.0,0.0,0.0,0.0,0.0,0.0,0.0,0.0,0.0,0.0,0.0,0.0,0.0,0.0,0.0,0.0,0.0,0.0,0.0,0.0,0.0,0.0,0.0,0.0,0.0,0.0,0.0,0.0,0.0,0.0,0.0,0.0,0.0,0.0,0.0,0.0,0.0,0.0,0.0,0.0,0.0,0.0,0.0,0.0,0.0,0.0,0.0,0.0,0.0,0.0,0.0,0.0,0.0,0.0,0.0,0.0,0.0,0.0,0.0,0.0,0.0,0.0,0.0,0.0,0.0,0.0,0.0,0.0,0.0,0.0,0.0,0.0,0.0,0.0,0.0,0.0,0.0,0.0,0.0,0.0,0.0,0.0,0.0,0.0,0.0,0.0,0.0,0.0,0.0,0.0,0.0,0.0,0.0,0.0,0.0,0.0,0.0,0.0,3100.0,3114.0,3114.0,3114.0,3094.0,3092.0,3092.0,3092.0,3092.0,3092.0,3092.0,3130.0,3092.0,3092.0,3092.0,3092.0,3092.0,3092.0,3092.0,3092.0,3092.0,3092.0,3130.0,3104.0,3114.0,3114.0,3114.0,3114.0,3114.0,3114.0,3094.0,3130.0,3130.0,3130.0,3102.0,3116.0,3130.0,3130.0,3130.0,3100.0,3130.0,3130.0,3130.0,3102.0,3100.0,3100.0,3100.0,3100.0,3100.0,3100.0,3100.0,3100.0,3100.0,3092.0,3092.0,3092.0,3092.0,3092.0,3092.0,3092.0,3092.0,3100.0,3104.0,3114.0,3114.0,3114.0,3114.0,3114.0,3114.0,3094.0,3098.0,3106.0,3100.0,3106.0,3106.0,3106.0,3106.0,3106.0,3090.0,3088.0,3088.0,3088.0,3088.0,3100.0,3088.0,3088.0,3088.0,3088.0,3110.0,3122.0,3122.0,3122.0,3122.0,3122.0,3100.0,3122.0,3098.0,3096.0,3096.0,3096.0,3096.0,3096.0,3096.0,3096.0,3096.0,3100.0,3092.0,3092.0,3092.0,3092.0,3092.0,3092.0,3092.0,3092.0,3104.0,3114.0,3116.0,3114.0,3114.0,3114.0,3114.0,3114.0,3094.0,3104.0,3114.0,3114.0,3114.0,3130.0,131072.0,2456652.0,0.0,262272.0,0.0,4096.0
97,0,1,1300,1300,32768,512,0,0,108,4,48,64,matmulbias_kernel,12739699035599,12739699058451,98,196,497996.0,2018.0,497996.0,0.0,764.0,2789700.0,0.0,0.0,32411795.0,32411795.0,4194304.0,622592.0,0.0,0.0,0.0,0.0,0.0,0.0,0.0,0.0,0.0,0.0,0.0,0.0,0.0,0.0,0.0,0.0,0.0,0.0,0.0,0.0,0.0,0.0,0.0,0.0,0.0,0.0,0.0,0.0,0.0,0.0,0.0,0.0,0.0,0.0,0.0,0.0,0.0,0.0,0.0,0.0,0.0,0.0,0.0,0.0,0.0,0.0,0.0,0.0,0.0,0.0,0.0,0.0,0.0,0.0,0.0,0.0,0.0,0.0,0.0,0.0,0.0,0.0,0.0,0.0,0.0,0.0,0.0,0.0,0.0,0.0,0.0,0.0,0.0,0.0,0.0,0.0,0.0,0.0,0.0,0.0,0.0,0.0,0.0,0.0,0.0,0.0,0.0,0.0,0.0,0.0,0.0,0.0,0.0,0.0,0.0,0.0,0.0,0.0,0.0,0.0,0.0,0.0,0.0,0.0,0.0,0.0,0.0,0.0,0.0,0.0,0.0,0.0,0.0,0.0,0.0,0.0,0.0,0.0,0.0,0.0,0.0,0.0,0.0,0.0,0.0,0.0,0.0,0.0,0.0,0.0,3104.0,3114.0,3114.0,3114.0,3094.0,3092.0,3092.0,3092.0,3092.0,3092.0,3092.0,3138.0,3092.0,3092.0,3096.0,3096.0,3096.0,3096.0,3096.0,3096.0,3096.0,3096.0,3138.0,3110.0,3122.0,3122.0,3122.0,3122.0,3122.0,3122.0,3098.0,3138.0,3138.0,3138.0,3106.0,3122.0,3138.0,3138.0,3138.0,3104.0,3138.0,3138.0,3138.0,3106.0,3104.0,3104.0,3104.0,3104.0,3104.0,3104.0,3104.0,3104.0,3104.0,3092.0,3092.0,3092.0,3092.0,3092.0,3092.0,3092.0,3092.0,3104.0,3104.0,3114.0,3114.0,3114.0,3114.0,3114.0,3114.0,3094.0,3098.0,3106.0,3104.0,3106.0,3106.0,3106.0,3106.0,3106.0,3090.0,3088.0,3088.0,3088.0,3088.0,3104.0,3088.0,3088.0,3088.0,3088.0,3110.0,3122.0,3122.0,3122.0,3122.0,3122.0,3104.0,3122.0,3098.0,3096.0,3096.0,3096.0,3096.0,3096.0,3096.0,3096.0,3096.0,3104.0,3092.0,3092.0,3092.0,3092.0,3092.0,3092.0,3092.0,3092.0,3104.0,3114.0,3122.0,3114.0,3114.0,3114.0,3114.0,3114.0,3094.0,3104.0,3114.0,3114.0,3114.0,3138.0,131072.0,2452725.0,0.0,262272.0,0.0,4096.0
98,0,1,1300,1300,32768,512,0,0,108,4,48,64,matmulbias_kernel,12739699447736,12739699470668,99,196,500811.0,2018.0,500811.0,0.0,795.0,2786648.0,0.0,0.0,32107816.0,32107816.0,4194304.0,622592.0,0.0,0.0,0.0,0.0,0.0,0.0,0.0,0.0,0.0,0.0,0.0,0.0,0.0,0.0,0.0,0.0,0.0,0.0,0.0,0.0,0.0,0.0,0.0,0.0,0.0,0.0,0.0,0.0,0.0,0.0,0.0,0.0,0.0,0.0,0.0,0.0,0.0,0.0,0.0,0.0,0.0,0.0,0.0,0.0,0.0,0.0,0.0,0.0,0.0,0.0,0.0,0.0,0.0,0.0,0.0,0.0,0.0,0.0,0.0,0.0,0.0,0.0,0.0,0.0,0.0,0.0,0.0,0.0,0.0,0.0,0.0,0.0,0.0,0.0,0.0,0.0,0.0,0.0,0.0,0.0,0.0,0.0,0.0,0.0,0.0,0.0,0.0,0.0,0.0,0.0,0.0,0.0,0.0,0.0,0.0,0.0,0.0,0.0,0.0,0.0,0.0,0.0,0.0,0.0,0.0,0.0,0.0,0.0,0.0,0.0,0.0,0.0,0.0,0.0,0.0,0.0,0.0,0.0,0.0,0.0,0.0,0.0,0.0,0.0,0.0,0.0,0.0,0.0,0.0,0.0,3104.0,3114.0,3114.0,3114.0,3094.0,3092.0,3092.0,3092.0,3092.0,3092.0,3092.0,3138.0,3092.0,3092.0,3096.0,3096.0,3096.0,3096.0,3096.0,3096.0,3096.0,3096.0,3138.0,3110.0,3122.0,3122.0,3122.0,3122.0,3122.0,3122.0,3098.0,3138.0,3138.0,3138.0,3106.0,3122.0,3138.0,3138.0,3138.0,3104.0,3138.0,3138.0,3138.0,3106.0,3104.0,3104.0,3104.0,3104.0,3104.0,3104.0,3104.0,3104.0,3104.0,3092.0,3092.0,3092.0,3092.0,3092.0,3092.0,3092.0,3092.0,3104.0,3104.0,3114.0,3114.0,3114.0,3114.0,3114.0,3114.0,3094.0,3104.0,3114.0,3104.0,3114.0,3114.0,3114.0,3114.0,3114.0,3094.0,3092.0,3092.0,3092.0,3092.0,3104.0,3092.0,3092.0,3092.0,3092.0,3104.0,3114.0,3114.0,3114.0,3114.0,3114.0,3104.0,3114.0,3094.0,3092.0,3092.0,3092.0,3092.0,3092.0,3092.0,3092.0,3092.0,3104.0,3092.0,3092.0,3092.0,3092.0,3092.0,3092.0,3092.0,3092.0,3104.0,3114.0,3122.0,3114.0,3114.0,3114.0,3114.0,3114.0,3094.0,3104.0,3114.0,3114.0,3114.0,3138.0,131072.0,2425818.0,0.0,262272.0,0.0,4096.0
99,0,1,1300,1300,32768,512,0,0,108,4,48,64,matmulbias_kernel,12739699840909,12739699863561,100,196,505966.0,2018.0,505966.0,0.0,780.0,2794862.0,0.0,0.0,32722237.0,32722237.0,4194304.0,622592.0,0.0,0.0,0.0,0.0,0.0,0.0,0.0,0.0,0.0,0.0,0.0,0.0,0.0,0.0,0.0,0.0,0.0,0.0,0.0,0.0,0.0,0.0,0.0,0.0,0.0,0.0,0.0,0.0,0.0,0.0,0.0,0.0,0.0,0.0,0.0,0.0,0.0,0.0,0.0,0.0,0.0,0.0,0.0,0.0,0.0,0.0,0.0,0.0,0.0,0.0,0.0,0.0,0.0,0.0,0.0,0.0,0.0,0.0,0.0,0.0,0.0,0.0,0.0,0.0,0.0,0.0,0.0,0.0,0.0,0.0,0.0,0.0,0.0,0.0,0.0,0.0,0.0,0.0,0.0,0.0,0.0,0.0,0.0,0.0,0.0,0.0,0.0,0.0,0.0,0.0,0.0,0.0,0.0,0.0,0.0,0.0,0.0,0.0,0.0,0.0,0.0,0.0,0.0,0.0,0.0,0.0,0.0,0.0,0.0,0.0,0.0,0.0,0.0,0.0,0.0,0.0,0.0,0.0,0.0,0.0,0.0,0.0,0.0,0.0,0.0,0.0,0.0,0.0,0.0,0.0,3104.0,3122.0,3122.0,3122.0,3098.0,3096.0,3096.0,3096.0,3096.0,3096.0,3096.0,3138.0,3096.0,3096.0,3096.0,3096.0,3096.0,3096.0,3096.0,3096.0,3096.0,3096.0,3138.0,3110.0,3122.0,3122.0,3122.0,3122.0,3122.0,3122.0,3098.0,3138.0,3138.0,3138.0,3106.0,3122.0,3138.0,3138.0,3138.0,3104.0,3138.0,3138.0,3138.0,3106.0,3104.0,3104.0,3104.0,3104.0,3104.0,3104.0,3104.0,3104.0,3104.0,3092.0,3092.0,3092.0,3092.0,3092.0,3092.0,3092.0,3092.0,3104.0,3104.0,3114.0,3114.0,3114.0,3114.0,3114.0,3114.0,3094.0,3110.0,3122.0,3104.0,3122.0,3122.0,3122.0,3122.0,3122.0,3098.0,3096.0,3096.0,3096.0,3096.0,3104.0,3096.0,3096.0,3096.0,3096.0,3110.0,3122.0,3122.0,3122.0,3122.0,3122.0,3104.0,3122.0,3098.0,3096.0,3096.0,3096.0,3096.0,3096.0,3096.0,3096.0,3096.0,3104.0,3092.0,3092.0,3092.0,3092.0,3092.0,3092.0,3092.0,3092.0,3104.0,3114.0,3122.0,3114.0,3114.0,3114.0,3114.0,3114.0,3094.0,3110.0,3122.0,3122.0,3122.0,3138.0,131072.0,2465168.0,0.0,262272.0,0.0,4096.0
100,0,1,1300,1300,32768,512,0,0,108,4,48,64,matmulbias_kernel,12739700248596,12739700271368,101,196,493705.0,2018.0,493705.0,0.0,784.0,2794906.0,0.0,0.0,32894027.0,32894027.0,4194304.0,622592.0,0.0,0.0,0.0,0.0,0.0,0.0,0.0,0.0,0.0,0.0,0.0,0.0,0.0,0.0,0.0,0.0,0.0,0.0,0.0,0.0,0.0,0.0,0.0,0.0,0.0,0.0,0.0,0.0,0.0,0.0,0.0,0.0,0.0,0.0,0.0,0.0,0.0,0.0,0.0,0.0,0.0,0.0,0.0,0.0,0.0,0.0,0.0,0.0,0.0,0.0,0.0,0.0,0.0,0.0,0.0,0.0,0.0,0.0,0.0,0.0,0.0,0.0,0.0,0.0,0.0,0.0,0.0,0.0,0.0,0.0,0.0,0.0,0.0,0.0,0.0,0.0,0.0,0.0,0.0,0.0,0.0,0.0,0.0,0.0,0.0,0.0,0.0,0.0,0.0,0.0,0.0,0.0,0.0,0.0,0.0,0.0,0.0,0.0,0.0,0.0,0.0,0.0,0.0,0.0,0.0,0.0,0.0,0.0,0.0,0.0,0.0,0.0,0.0,0.0,0.0,0.0,0.0,0.0,0.0,0.0,0.0,0.0,0.0,0.0,0.0,0.0,0.0,0.0,0.0,0.0,3104.0,3122.0,3122.0,3122.0,3098.0,3096.0,3096.0,3096.0,3096.0,3096.0,3096.0,3138.0,3096.0,3096.0,3100.0,3100.0,3100.0,3100.0,3100.0,3100.0,3100.0,3100.0,3138.0,3116.0,3130.0,3130.0,3130.0,3130.0,3130.0,3130.0,3102.0,3138.0,3138.0,3138.0,3106.0,3122.0,3138.0,3138.0,3138.0,3104.0,3138.0,3138.0,3138.0,3106.0,3104.0,3104.0,3104.0,3104.0,3104.0,3104.0,3104.0,3104.0,3104.0,3092.0,3092.0,3092.0,3092.0,3092.0,3092.0,3092.0,3092.0,3104.0,3104.0,3114.0,3114.0,3114.0,3114.0,3114.0,3114.0,3094.0,3110.0,3122.0,3104.0,3122.0,3122.0,3122.0,3122.0,3122.0,3098.0,3096.0,3096.0,3096.0,3096.0,3104.0,3096.0,3096.0,3096.0,3096.0,3110.0,3122.0,3122.0,3122.0,3122.0,3122.0,3104.0,3122.0,3098.0,3096.0,3096.0,3096.0,3096.0,3096.0,3096.0,3096.0,3096.0,3104.0,3092.0,3092.0,3092.0,3092.0,3092.0,3092.0,3092.0,3092.0,3104.0,3114.0,3122.0,3114.0,3114.0,3114.0,3114.0,3114.0,3094.0,3110.0,3122.0,3122.0,3122.0,3138.0,131072.0,2475687.0,0.0,262272.0,0.0,4096.0
101,0,1,1300,1300,32768,512,0,0,108,4,48,64,matmulbias_kernel,12739700656643,12739700679254,102,196,500538.0,2046.0,500538.0,0.0,807.0,2797959.0,0.0,0.0,32502622.0,32502622.0,4194304.0,622592.0,0.0,0.0,0.0,0.0,0.0,0.0,0.0,0.0,0.0,0.0,0.0,0.0,0.0,0.0,0.0,0.0,0.0,0.0,0.0,0.0,0.0,0.0,0.0,0.0,0.0,0.0,0.0,0.0,0.0,0.0,0.0,0.0,0.0,0.0,0.0,0.0,0.0,0.0,0.0,0.0,0.0,0.0,0.0,0.0,0.0,0.0,0.0,0.0,0.0,0.0,0.0,0.0,0.0,0.0,0.0,0.0,0.0,0.0,0.0,0.0,0.0,0.0,0.0,0.0,0.0,0.0,0.0,0.0,0.0,0.0,0.0,0.0,0.0,0.0,0.0,0.0,0.0,0.0,0.0,0.0,0.0,0.0,0.0,0.0,0.0,0.0,0.0,0.0,0.0,0.0,0.0,0.0,0.0,0.0,0.0,0.0,0.0,0.0,0.0,0.0,0.0,0.0,0.0,0.0,0.0,0.0,0.0,0.0,0.0,0.0,0.0,0.0,0.0,0.0,0.0,0.0,0.0,0.0,0.0,0.0,0.0,0.0,0.0,0.0,0.0,0.0,0.0,0.0,0.0,0.0,3100.0,3114.0,3114.0,3114.0,3094.0,3092.0,3092.0,3092.0,3092.0,3092.0,3092.0,3130.0,3092.0,3092.0,3100.0,3100.0,3100.0,3100.0,3100.0,3100.0,3100.0,3100.0,3130.0,3116.0,3130.0,3130.0,3130.0,3130.0,3130.0,3130.0,3102.0,3130.0,3130.0,3130.0,3102.0,3116.0,3130.0,3130.0,3130.0,3100.0,3130.0,3130.0,3130.0,3102.0,3100.0,3100.0,3100.0,3100.0,3100.0,3100.0,3100.0,3100.0,3100.0,3096.0,3096.0,3096.0,3096.0,3096.0,3096.0,3096.0,3096.0,3100.0,3110.0,3122.0,3122.0,3122.0,3122.0,3122.0,3122.0,3098.0,3110.0,3122.0,3100.0,3122.0,3122.0,3122.0,3122.0,3122.0,3098.0,3096.0,3096.0,3096.0,3096.0,3100.0,3096.0,3096.0,3096.0,3096.0,3110.0,3122.0,3122.0,3122.0,3122.0,3122.0,3100.0,3122.0,3098.0,3096.0,3096.0,3096.0,3096.0,3096.0,3096.0,3096.0,3096.0,3100.0,3092.0,3092.0,3092.0,3092.0,3092.0,3092.0,3092.0,3092.0,3104.0,3114.0,3116.0,3114.0,3114.0,3114.0,3114.0,3114.0,3094.0,3104.0,3114.0,3114.0,3114.0,3130.0,131072.0,2456581.0,0.0,262272.0,0.0,4096.0
102,0,1,1300,1300,32768,512,0,0,108,4,48,64,matmulbias_kernel,12739701065813,12739701088665,103,196,497070.0,2018.0,497070.0,0.0,805.0,2779586.0,0.0,0.0,32330308.0,32330308.0,4194304.0,622592.0,0.0,0.0,0.0,0.0,0.0,0.0,0.0,0.0,0.0,0.0,0.0,0.0,0.0,0.0,0.0,0.0,0.0,0.0,0.0,0.0,0.0,0.0,0.0,0.0,0.0,0.0,0.0,0.0,0.0,0.0,0.0,0.0,0.0,0.0,0.0,0.0,0.0,0.0,0.0,0.0,0.0,0.0,0.0,0.0,0.0,0.0,0.0,0.0,0.0,0.0,0.0,0.0,0.0,0.0,0.0,0.0,0.0,0.0,0.0,0.0,0.0,0.0,0.0,0.0,0.0,0.0,0.0,0.0,0.0,0.0,0.0,0.0,0.0,0.0,0.0,0.0,0.0,0.0,0.0,0.0,0.0,0.0,0.0,0.0,0.0,0.0,0.0,0.0,0.0,0.0,0.0,0.0,0.0,0.0,0.0,0.0,0.0,0.0,0.0,0.0,0.0,0.0,0.0,0.0,0.0,0.0,0.0,0.0,0.0,0.0,0.0,0.0,0.0,0.0,0.0,0.0,0.0,0.0,0.0,0.0,0.0,0.0,0.0,0.0,0.0,0.0,0.0,0.0,0.0,0.0,3096.0,3114.0,3114.0,3114.0,3094.0,3092.0,3092.0,3092.0,3092.0,3092.0,3092.0,3122.0,3092.0,3092.0,3096.0,3096.0,3096.0,3096.0,3096.0,3096.0,3096.0,3096.0,3122.0,3110.0,3122.0,3122.0,3122.0,3122.0,3122.0,3122.0,3098.0,3122.0,3122.0,3122.0,3098.0,3110.0,3122.0,3122.0,3122.0,3096.0,3122.0,3122.0,3122.0,3098.0,3096.0,3096.0,3096.0,3096.0,3096.0,3096.0,3096.0,3096.0,3096.0,3092.0,3092.0,3092.0,3092.0,3092.0,3092.0,3092.0,3092.0,3096.0,3104.0,3114.0,3114.0,3114.0,3114.0,3114.0,3114.0,3094.0,3110.0,3122.0,3096.0,3122.0,3122.0,3122.0,3122.0,3122.0,3098.0,3096.0,3096.0,3096.0,3096.0,3096.0,3096.0,3096.0,3096.0,3096.0,3116.0,3130.0,3130.0,3130.0,3130.0,3130.0,3096.0,3130.0,3102.0,3100.0,3100.0,3100.0,3100.0,3100.0,3100.0,3100.0,3100.0,3096.0,3096.0,3096.0,3096.0,3096.0,3096.0,3096.0,3096.0,3096.0,3110.0,3122.0,3110.0,3122.0,3122.0,3122.0,3122.0,3122.0,3098.0,3104.0,3114.0,3114.0,3114.0,3122.0,131072.0,2443257.0,0.0,262272.0,0.0,4096.0
103,0,1,1300,1300,32768,512,0,0,108,4,48,64,matmulbias_kernel,12739701482600,12739701505412,104,196,500368.0,2018.0,500368.0,0.0,797.0,2785213.0,0.0,0.0,32495463.0,32495463.0,4194304.0,622592.0,0.0,0.0,0.0,0.0,0.0,0.0,0.0,0.0,0.0,0.0,0.0,0.0,0.0,0.0,0.0,0.0,0.0,0.0,0.0,0.0,0.0,0.0,0.0,0.0,0.0,0.0,0.0,0.0,0.0,0.0,0.0,0.0,0.0,0.0,0.0,0.0,0.0,0.0,0.0,0.0,0.0,0.0,0.0,0.0,0.0,0.0,0.0,0.0,0.0,0.0,0.0,0.0,0.0,0.0,0.0,0.0,0.0,0.0,0.0,0.0,0.0,0.0,0.0,0.0,0.0,0.0,0.0,0.0,0.0,0.0,0.0,0.0,0.0,0.0,0.0,0.0,0.0,0.0,0.0,0.0,0.0,0.0,0.0,0.0,0.0,0.0,0.0,0.0,0.0,0.0,0.0,0.0,0.0,0.0,0.0,0.0,0.0,0.0,0.0,0.0,0.0,0.0,0.0,0.0,0.0,0.0,0.0,0.0,0.0,0.0,0.0,0.0,0.0,0.0,0.0,0.0,0.0,0.0,0.0,0.0,0.0,0.0,0.0,0.0,0.0,0.0,0.0,0.0,0.0,0.0,3096.0,3114.0,3114.0,3114.0,3094.0,3092.0,3092.0,3092.0,3092.0,3092.0,3092.0,3122.0,3092.0,3092.0,3096.0,3096.0,3096.0,3096.0,3096.0,3096.0,3096.0,3096.0,3122.0,3110.0,3122.0,3122.0,3122.0,3122.0,3122.0,3122.0,3098.0,3122.0,3122.0,3122.0,3098.0,3110.0,3122.0,3122.0,3122.0,3096.0,3122.0,3122.0,3122.0,3098.0,3096.0,3096.0,3096.0,3096.0,3096.0,3096.0,3096.0,3096.0,3096.0,3092.0,3092.0,3092.0,3092.0,3092.0,3092.0,3092.0,3092.0,3096.0,3104.0,3114.0,3114.0,3114.0,3114.0,3114.0,3114.0,3094.0,3104.0,3114.0,3096.0,3114.0,3114.0,3114.0,3114.0,3114.0,3094.0,3092.0,3092.0,3092.0,3092.0,3096.0,3092.0,3092.0,3092.0,3092.0,3116.0,3130.0,3130.0,3130.0,3130.0,3130.0,3096.0,3130.0,3102.0,3100.0,3100.0,3100.0,3100.0,3100.0,3100.0,3100.0,3100.0,3096.0,3092.0,3092.0,3092.0,3092.0,3092.0,3092.0,3092.0,3092.0,3104.0,3114.0,3110.0,3114.0,3114.0,3114.0,3114.0,3114.0,3094.0,3104.0,3114.0,3114.0,3114.0,3122.0,131072.0,2457340.0,0.0,262272.0,0.0,4096.0
104,0,1,1300,1300,32768,512,0,0,108,4,48,64,matmulbias_kernel,12739701893213,12739701916065,105,196,499686.0,2018.0,499686.0,0.0,769.0,2800291.0,0.0,0.0,32412273.0,32412273.0,4194304.0,622592.0,0.0,0.0,0.0,0.0,0.0,0.0,0.0,0.0,0.0,0.0,0.0,0.0,0.0,0.0,0.0,0.0,0.0,0.0,0.0,0.0,0.0,0.0,0.0,0.0,0.0,0.0,0.0,0.0,0.0,0.0,0.0,0.0,0.0,0.0,0.0,0.0,0.0,0.0,0.0,0.0,0.0,0.0,0.0,0.0,0.0,0.0,0.0,0.0,0.0,0.0,0.0,0.0,0.0,0.0,0.0,0.0,0.0,0.0,0.0,0.0,0.0,0.0,0.0,0.0,0.0,0.0,0.0,0.0,0.0,0.0,0.0,0.0,0.0,0.0,0.0,0.0,0.0,0.0,0.0,0.0,0.0,0.0,0.0,0.0,0.0,0.0,0.0,0.0,0.0,0.0,0.0,0.0,0.0,0.0,0.0,0.0,0.0,0.0,0.0,0.0,0.0,0.0,0.0,0.0,0.0,0.0,0.0,0.0,0.0,0.0,0.0,0.0,0.0,0.0,0.0,0.0,0.0,0.0,0.0,0.0,0.0,0.0,0.0,0.0,0.0,0.0,0.0,0.0,0.0,0.0,3096.0,3106.0,3106.0,3106.0,3090.0,3088.0,3088.0,3088.0,3088.0,3088.0,3088.0,3122.0,3088.0,3088.0,3096.0,3096.0,3096.0,3096.0,3096.0,3096.0,3096.0,3096.0,3122.0,3110.0,3122.0,3122.0,3122.0,3122.0,3122.0,3122.0,3098.0,3122.0,3122.0,3122.0,3098.0,3110.0,3122.0,3122.0,3122.0,3096.0,3122.0,3122.0,3122.0,3098.0,3096.0,3096.0,3096.0,3096.0,3096.0,3096.0,3096.0,3096.0,3096.0,3092.0,3092.0,3092.0,3092.0,3092.0,3092.0,3092.0,3092.0,3096.0,3104.0,3114.0,3114.0,3114.0,3114.0,3114.0,3114.0,3094.0,3098.0,3106.0,3096.0,3106.0,3106.0,3106.0,3106.0,3106.0,3090.0,3088.0,3088.0,3088.0,3088.0,3096.0,3088.0,3088.0,3088.0,3088.0,3110.0,3122.0,3122.0,3122.0,3122.0,3122.0,3096.0,3122.0,3098.0,3096.0,3096.0,3096.0,3096.0,3096.0,3096.0,3096.0,3096.0,3096.0,3092.0,3092.0,3092.0,3092.0,3092.0,3092.0,3092.0,3092.0,3104.0,3114.0,3110.0,3114.0,3114.0,3114.0,3114.0,3114.0,3094.0,3098.0,3106.0,3106.0,3106.0,3122.0,131072.0,2456883.0,0.0,262272.0,0.0,4096.0
105,0,1,1300,1300,32768,512,0,0,108,4,48,64,matmulbias_kernel,12739702303746,12739702326718,106,196,504217.0,2018.0,504217.0,0.0,778.0,2805436.0,0.0,0.0,32217286.0,32217286.0,4194304.0,622592.0,0.0,0.0,0.0,0.0,0.0,0.0,0.0,0.0,0.0,0.0,0.0,0.0,0.0,0.0,0.0,0.0,0.0,0.0,0.0,0.0,0.0,0.0,0.0,0.0,0.0,0.0,0.0,0.0,0.0,0.0,0.0,0.0,0.0,0.0,0.0,0.0,0.0,0.0,0.0,0.0,0.0,0.0,0.0,0.0,0.0,0.0,0.0,0.0,0.0,0.0,0.0,0.0,0.0,0.0,0.0,0.0,0.0,0.0,0.0,0.0,0.0,0.0,0.0,0.0,0.0,0.0,0.0,0.0,0.0,0.0,0.0,0.0,0.0,0.0,0.0,0.0,0.0,0.0,0.0,0.0,0.0,0.0,0.0,0.0,0.0,0.0,0.0,0.0,0.0,0.0,0.0,0.0,0.0,0.0,0.0,0.0,0.0,0.0,0.0,0.0,0.0,0.0,0.0,0.0,0.0,0.0,0.0,0.0,0.0,0.0,0.0,0.0,0.0,0.0,0.0,0.0,0.0,0.0,0.0,0.0,0.0,0.0,0.0,0.0,0.0,0.0,0.0,0.0,0.0,0.0,3100.0,3114.0,3114.0,3114.0,3094.0,3092.0,3092.0,3092.0,3092.0,3092.0,3092.0,3130.0,3092.0,3092.0,3092.0,3092.0,3092.0,3092.0,3092.0,3092.0,3092.0,3092.0,3130.0,3104.0,3114.0,3114.0,3114.0,3114.0,3114.0,3114.0,3094.0,3130.0,3130.0,3130.0,3102.0,3116.0,3130.0,3130.0,3130.0,3100.0,3130.0,3130.0,3130.0,3102.0,3100.0,3100.0,3100.0,3100.0,3100.0,3100.0,3100.0,3100.0,3100.0,3092.0,3092.0,3092.0,3092.0,3092.0,3092.0,3092.0,3092.0,3100.0,3104.0,3114.0,3114.0,3114.0,3114.0,3114.0,3114.0,3094.0,3098.0,3106.0,3100.0,3106.0,3106.0,3106.0,3106.0,3106.0,3090.0,3088.0,3088.0,3088.0,3088.0,3100.0,3088.0,3088.0,3088.0,3088.0,3110.0,3122.0,3122.0,3122.0,3122.0,3122.0,3100.0,3122.0,3098.0,3096.0,3096.0,3096.0,3096.0,3096.0,3096.0,3096.0,3096.0,3100.0,3092.0,3092.0,3092.0,3092.0,3092.0,3092.0,3092.0,3092.0,3104.0,3114.0,3116.0,3114.0,3114.0,3114.0,3114.0,3114.0,3094.0,3104.0,3114.0,3114.0,3114.0,3130.0,131072.0,2439916.0,0.0,262272.0,0.0,4096.0
106,0,1,1300,1300,32768,512,0,0,108,4,48,64,matmulbias_kernel,12739702718408,12739702741260,107,196,503099.0,2068.0,503099.0,0.0,806.0,2788359.0,0.0,0.0,32201684.0,32201684.0,4194304.0,622592.0,0.0,0.0,0.0,0.0,0.0,0.0,0.0,0.0,0.0,0.0,0.0,0.0,0.0,0.0,0.0,0.0,0.0,0.0,0.0,0.0,0.0,0.0,0.0,0.0,0.0,0.0,0.0,0.0,0.0,0.0,0.0,0.0,0.0,0.0,0.0,0.0,0.0,0.0,0.0,0.0,0.0,0.0,0.0,0.0,0.0,0.0,0.0,0.0,0.0,0.0,0.0,0.0,0.0,0.0,0.0,0.0,0.0,0.0,0.0,0.0,0.0,0.0,0.0,0.0,0.0,0.0,0.0,0.0,0.0,0.0,0.0,0.0,0.0,0.0,0.0,0.0,0.0,0.0,0.0,0.0,0.0,0.0,0.0,0.0,0.0,0.0,0.0,0.0,0.0,0.0,0.0,0.0,0.0,0.0,0.0,0.0,0.0,0.0,0.0,0.0,0.0,0.0,0.0,0.0,0.0,0.0,0.0,0.0,0.0,0.0,0.0,0.0,0.0,0.0,0.0,0.0,0.0,0.0,0.0,0.0,0.0,0.0,0.0,0.0,0.0,0.0,0.0,0.0,0.0,0.0,3104.0,3114.0,3114.0,3114.0,3094.0,3092.0,3092.0,3092.0,3092.0,3092.0,3092.0,3138.0,3092.0,3092.0,3096.0,3096.0,3096.0,3096.0,3096.0,3096.0,3096.0,3096.0,3138.0,3110.0,3122.0,3122.0,3122.0,3122.0,3122.0,3122.0,3098.0,3138.0,3138.0,3138.0,3106.0,3122.0,3138.0,3138.0,3138.0,3104.0,3138.0,3138.0,3138.0,3106.0,3104.0,3104.0,3104.0,3104.0,3104.0,3104.0,3104.0,3104.0,3104.0,3092.0,3092.0,3092.0,3092.0,3092.0,3092.0,3092.0,3092.0,3104.0,3104.0,3114.0,3114.0,3114.0,3114.0,3114.0,3114.0,3094.0,3098.0,3106.0,3104.0,3106.0,3106.0,3106.0,3106.0,3106.0,3090.0,3088.0,3088.0,3088.0,3088.0,3104.0,3088.0,3088.0,3088.0,3088.0,3110.0,3122.0,3122.0,3122.0,3122.0,3122.0,3104.0,3122.0,3098.0,3096.0,3096.0,3096.0,3096.0,3096.0,3096.0,3096.0,3096.0,3104.0,3092.0,3092.0,3092.0,3092.0,3092.0,3092.0,3092.0,3092.0,3104.0,3114.0,3122.0,3114.0,3114.0,3114.0,3114.0,3114.0,3094.0,3104.0,3114.0,3114.0,3114.0,3138.0,131072.0,2441418.0,0.0,262272.0,0.0,4096.0
107,0,1,1300,1300,32768,512,0,0,108,4,48,64,matmulbias_kernel,12739703135596,12739703158368,108,196,504815.0,2018.0,504815.0,0.0,778.0,2784686.0,0.0,0.0,32375294.0,32375294.0,4194304.0,622592.0,0.0,0.0,0.0,0.0,0.0,0.0,0.0,0.0,0.0,0.0,0.0,0.0,0.0,0.0,0.0,0.0,0.0,0.0,0.0,0.0,0.0,0.0,0.0,0.0,0.0,0.0,0.0,0.0,0.0,0.0,0.0,0.0,0.0,0.0,0.0,0.0,0.0,0.0,0.0,0.0,0.0,0.0,0.0,0.0,0.0,0.0,0.0,0.0,0.0,0.0,0.0,0.0,0.0,0.0,0.0,0.0,0.0,0.0,0.0,0.0,0.0,0.0,0.0,0.0,0.0,0.0,0.0,0.0,0.0,0.0,0.0,0.0,0.0,0.0,0.0,0.0,0.0,0.0,0.0,0.0,0.0,0.0,0.0,0.0,0.0,0.0,0.0,0.0,0.0,0.0,0.0,0.0,0.0,0.0,0.0,0.0,0.0,0.0,0.0,0.0,0.0,0.0,0.0,0.0,0.0,0.0,0.0,0.0,0.0,0.0,0.0,0.0,0.0,0.0,0.0,0.0,0.0,0.0,0.0,0.0,0.0,0.0,0.0,0.0,0.0,0.0,0.0,0.0,0.0,0.0,3104.0,3114.0,3114.0,3114.0,3094.0,3092.0,3092.0,3092.0,3092.0,3092.0,3092.0,3138.0,3092.0,3092.0,3096.0,3096.0,3096.0,3096.0,3096.0,3096.0,3096.0,3096.0,3138.0,3110.0,3122.0,3122.0,3122.0,3122.0,3122.0,3122.0,3098.0,3138.0,3138.0,3138.0,3106.0,3122.0,3138.0,3138.0,3138.0,3104.0,3138.0,3138.0,3138.0,3106.0,3104.0,3104.0,3104.0,3104.0,3104.0,3104.0,3104.0,3104.0,3104.0,3092.0,3092.0,3092.0,3092.0,3092.0,3092.0,3092.0,3092.0,3104.0,3104.0,3114.0,3114.0,3114.0,3114.0,3114.0,3114.0,3094.0,3104.0,3114.0,3104.0,3114.0,3114.0,3114.0,3114.0,3114.0,3094.0,3092.0,3092.0,3092.0,3092.0,3104.0,3092.0,3092.0,3092.0,3092.0,3104.0,3114.0,3114.0,3114.0,3114.0,3114.0,3104.0,3114.0,3094.0,3092.0,3092.0,3092.0,3092.0,3092.0,3092.0,3092.0,3092.0,3104.0,3092.0,3092.0,3092.0,3092.0,3092.0,3092.0,3092.0,3092.0,3104.0,3114.0,3122.0,3114.0,3114.0,3114.0,3114.0,3114.0,3094.0,3104.0,3114.0,3114.0,3114.0,3138.0,131072.0,2446976.0,0.0,262272.0,0.0,4096.0
108,0,1,1300,1300,32768,512,0,0,108,4,48,64,matmulbias_kernel,12739703547252,12739703570104,109,196,501938.0,2068.0,501938.0,0.0,762.0,2796798.0,0.0,0.0,32571964.0,32571964.0,4194304.0,622592.0,0.0,0.0,0.0,0.0,0.0,0.0,0.0,0.0,0.0,0.0,0.0,0.0,0.0,0.0,0.0,0.0,0.0,0.0,0.0,0.0,0.0,0.0,0.0,0.0,0.0,0.0,0.0,0.0,0.0,0.0,0.0,0.0,0.0,0.0,0.0,0.0,0.0,0.0,0.0,0.0,0.0,0.0,0.0,0.0,0.0,0.0,0.0,0.0,0.0,0.0,0.0,0.0,0.0,0.0,0.0,0.0,0.0,0.0,0.0,0.0,0.0,0.0,0.0,0.0,0.0,0.0,0.0,0.0,0.0,0.0,0.0,0.0,0.0,0.0,0.0,0.0,0.0,0.0,0.0,0.0,0.0,0.0,0.0,0.0,0.0,0.0,0.0,0.0,0.0,0.0,0.0,0.0,0.0,0.0,0.0,0.0,0.0,0.0,0.0,0.0,0.0,0.0,0.0,0.0,0.0,0.0,0.0,0.0,0.0,0.0,0.0,0.0,0.0,0.0,0.0,0.0,0.0,0.0,0.0,0.0,0.0,0.0,0.0,0.0,0.0,0.0,0.0,0.0,0.0,0.0,3104.0,3122.0,3122.0,3122.0,3098.0,3096.0,3096.0,3096.0,3096.0,3096.0,3096.0,3138.0,3096.0,3096.0,3096.0,3096.0,3096.0,3096.0,3096.0,3096.0,3096.0,3096.0,3138.0,3110.0,3122.0,3122.0,3122.0,3122.0,3122.0,3122.0,3098.0,3138.0,3138.0,3138.0,3106.0,3122.0,3138.0,3138.0,3138.0,3104.0,3138.0,3138.0,3138.0,3106.0,3104.0,3104.0,3104.0,3104.0,3104.0,3104.0,3104.0,3104.0,3104.0,3092.0,3092.0,3092.0,3092.0,3092.0,3092.0,3092.0,3092.0,3104.0,3104.0,3114.0,3114.0,3114.0,3114.0,3114.0,3114.0,3094.0,3110.0,3122.0,3104.0,3122.0,3122.0,3122.0,3122.0,3122.0,3098.0,3096.0,3096.0,3096.0,3096.0,3104.0,3096.0,3096.0,3096.0,3096.0,3110.0,3122.0,3122.0,3122.0,3122.0,3122.0,3104.0,3122.0,3098.0,3096.0,3096.0,3096.0,3096.0,3096.0,3096.0,3096.0,3096.0,3104.0,3092.0,3092.0,3092.0,3092.0,3092.0,3092.0,3092.0,3092.0,3104.0,3114.0,3122.0,3114.0,3114.0,3114.0,3114.0,3114.0,3094.0,3110.0,3122.0,3122.0,3122.0,3138.0,131072.0,2458141.0,0.0,262272.0,0.0,4096.0
109,0,1,1300,1300,32768,512,0,0,108,4,48,64,matmulbias_kernel,12739703957304,12739703980156,110,196,500006.0,2018.0,500006.0,0.0,803.0,2814072.0,0.0,0.0,32984058.0,32984058.0,4194304.0,622592.0,0.0,0.0,0.0,0.0,0.0,0.0,0.0,0.0,0.0,0.0,0.0,0.0,0.0,0.0,0.0,0.0,0.0,0.0,0.0,0.0,0.0,0.0,0.0,0.0,0.0,0.0,0.0,0.0,0.0,0.0,0.0,0.0,0.0,0.0,0.0,0.0,0.0,0.0,0.0,0.0,0.0,0.0,0.0,0.0,0.0,0.0,0.0,0.0,0.0,0.0,0.0,0.0,0.0,0.0,0.0,0.0,0.0,0.0,0.0,0.0,0.0,0.0,0.0,0.0,0.0,0.0,0.0,0.0,0.0,0.0,0.0,0.0,0.0,0.0,0.0,0.0,0.0,0.0,0.0,0.0,0.0,0.0,0.0,0.0,0.0,0.0,0.0,0.0,0.0,0.0,0.0,0.0,0.0,0.0,0.0,0.0,0.0,0.0,0.0,0.0,0.0,0.0,0.0,0.0,0.0,0.0,0.0,0.0,0.0,0.0,0.0,0.0,0.0,0.0,0.0,0.0,0.0,0.0,0.0,0.0,0.0,0.0,0.0,0.0,0.0,0.0,0.0,0.0,0.0,0.0,3104.0,3122.0,3122.0,3122.0,3098.0,3096.0,3096.0,3096.0,3096.0,3096.0,3096.0,3138.0,3096.0,3096.0,3100.0,3100.0,3100.0,3100.0,3100.0,3100.0,3100.0,3100.0,3138.0,3116.0,3130.0,3130.0,3130.0,3130.0,3130.0,3130.0,3102.0,3138.0,3138.0,3138.0,3106.0,3122.0,3138.0,3138.0,3138.0,3104.0,3138.0,3138.0,3138.0,3106.0,3104.0,3104.0,3104.0,3104.0,3104.0,3104.0,3104.0,3104.0,3104.0,3092.0,3092.0,3092.0,3092.0,3092.0,3092.0,3092.0,3092.0,3104.0,3104.0,3114.0,3114.0,3114.0,3114.0,3114.0,3114.0,3094.0,3110.0,3122.0,3104.0,3122.0,3122.0,3122.0,3122.0,3122.0,3098.0,3096.0,3096.0,3096.0,3096.0,3104.0,3096.0,3096.0,3096.0,3096.0,3110.0,3122.0,3122.0,3122.0,3122.0,3122.0,3104.0,3122.0,3098.0,3096.0,3096.0,3096.0,3096.0,3096.0,3096.0,3096.0,3096.0,3104.0,3092.0,3092.0,3092.0,3092.0,3092.0,3092.0,3092.0,3092.0,3104.0,3114.0,3122.0,3114.0,3114.0,3114.0,3114.0,3114.0,3094.0,3110.0,3122.0,3122.0,3122.0,3138.0,131072.0,2483956.0,0.0,262272.0,0.0,4096.0
110,0,1,1300,1300,32768,512,0,0,108,4,48,64,matmulbias_kernel,12739704370082,12739704392733,111,196,502239.0,2018.0,502239.0,0.0,793.0,2799385.0,0.0,0.0,32188340.0,32188340.0,4194304.0,622592.0,0.0,0.0,0.0,0.0,0.0,0.0,0.0,0.0,0.0,0.0,0.0,0.0,0.0,0.0,0.0,0.0,0.0,0.0,0.0,0.0,0.0,0.0,0.0,0.0,0.0,0.0,0.0,0.0,0.0,0.0,0.0,0.0,0.0,0.0,0.0,0.0,0.0,0.0,0.0,0.0,0.0,0.0,0.0,0.0,0.0,0.0,0.0,0.0,0.0,0.0,0.0,0.0,0.0,0.0,0.0,0.0,0.0,0.0,0.0,0.0,0.0,0.0,0.0,0.0,0.0,0.0,0.0,0.0,0.0,0.0,0.0,0.0,0.0,0.0,0.0,0.0,0.0,0.0,0.0,0.0,0.0,0.0,0.0,0.0,0.0,0.0,0.0,0.0,0.0,0.0,0.0,0.0,0.0,0.0,0.0,0.0,0.0,0.0,0.0,0.0,0.0,0.0,0.0,0.0,0.0,0.0,0.0,0.0,0.0,0.0,0.0,0.0,0.0,0.0,0.0,0.0,0.0,0.0,0.0,0.0,0.0,0.0,0.0,0.0,0.0,0.0,0.0,0.0,0.0,0.0,3100.0,3114.0,3114.0,3114.0,3094.0,3092.0,3092.0,3092.0,3092.0,3092.0,3092.0,3130.0,3092.0,3092.0,3100.0,3100.0,3100.0,3100.0,3100.0,3100.0,3100.0,3100.0,3130.0,3116.0,3130.0,3130.0,3130.0,3130.0,3130.0,3130.0,3102.0,3130.0,3130.0,3130.0,3102.0,3116.0,3130.0,3130.0,3130.0,3100.0,3130.0,3130.0,3130.0,3102.0,3100.0,3100.0,3100.0,3100.0,3100.0,3100.0,3100.0,3100.0,3100.0,3096.0,3096.0,3096.0,3096.0,3096.0,3096.0,3096.0,3096.0,3100.0,3110.0,3122.0,3122.0,3122.0,3122.0,3122.0,3122.0,3098.0,3110.0,3122.0,3100.0,3122.0,3122.0,3122.0,3122.0,3122.0,3098.0,3096.0,3096.0,3096.0,3096.0,3100.0,3096.0,3096.0,3096.0,3096.0,3110.0,3122.0,3122.0,3122.0,3122.0,3122.0,3100.0,3122.0,3098.0,3096.0,3096.0,3096.0,3096.0,3096.0,3096.0,3096.0,3096.0,3100.0,3092.0,3092.0,3092.0,3092.0,3092.0,3092.0,3092.0,3092.0,3104.0,3114.0,3116.0,3114.0,3114.0,3114.0,3114.0,3114.0,3094.0,3104.0,3114.0,3114.0,3114.0,3130.0,131072.0,2436126.0,0.0,262272.0,0.0,4096.0
111,0,1,1300,1300,32768,512,0,0,108,4,48,64,matmulbias_kernel,12739704776606,12739704799417,112,196,504434.0,2068.0,504434.0,0.0,795.0,2794574.0,0.0,0.0,32317358.0,32317358.0,4194304.0,622592.0,0.0,0.0,0.0,0.0,0.0,0.0,0.0,0.0,0.0,0.0,0.0,0.0,0.0,0.0,0.0,0.0,0.0,0.0,0.0,0.0,0.0,0.0,0.0,0.0,0.0,0.0,0.0,0.0,0.0,0.0,0.0,0.0,0.0,0.0,0.0,0.0,0.0,0.0,0.0,0.0,0.0,0.0,0.0,0.0,0.0,0.0,0.0,0.0,0.0,0.0,0.0,0.0,0.0,0.0,0.0,0.0,0.0,0.0,0.0,0.0,0.0,0.0,0.0,0.0,0.0,0.0,0.0,0.0,0.0,0.0,0.0,0.0,0.0,0.0,0.0,0.0,0.0,0.0,0.0,0.0,0.0,0.0,0.0,0.0,0.0,0.0,0.0,0.0,0.0,0.0,0.0,0.0,0.0,0.0,0.0,0.0,0.0,0.0,0.0,0.0,0.0,0.0,0.0,0.0,0.0,0.0,0.0,0.0,0.0,0.0,0.0,0.0,0.0,0.0,0.0,0.0,0.0,0.0,0.0,0.0,0.0,0.0,0.0,0.0,0.0,0.0,0.0,0.0,0.0,0.0,3096.0,3114.0,3114.0,3114.0,3094.0,3092.0,3092.0,3092.0,3092.0,3092.0,3092.0,3122.0,3092.0,3092.0,3096.0,3096.0,3096.0,3096.0,3096.0,3096.0,3096.0,3096.0,3122.0,3110.0,3122.0,3122.0,3122.0,3122.0,3122.0,3122.0,3098.0,3122.0,3122.0,3122.0,3098.0,3110.0,3122.0,3122.0,3122.0,3096.0,3122.0,3122.0,3122.0,3098.0,3096.0,3096.0,3096.0,3096.0,3096.0,3096.0,3096.0,3096.0,3096.0,3092.0,3092.0,3092.0,3092.0,3092.0,3092.0,3092.0,3092.0,3096.0,3104.0,3114.0,3114.0,3114.0,3114.0,3114.0,3114.0,3094.0,3110.0,3122.0,3096.0,3122.0,3122.0,3122.0,3122.0,3122.0,3098.0,3096.0,3096.0,3096.0,3096.0,3096.0,3096.0,3096.0,3096.0,3096.0,3116.0,3130.0,3130.0,3130.0,3130.0,3130.0,3096.0,3130.0,3102.0,3100.0,3100.0,3100.0,3100.0,3100.0,3100.0,3100.0,3100.0,3096.0,3096.0,3096.0,3096.0,3096.0,3096.0,3096.0,3096.0,3096.0,3110.0,3122.0,3110.0,3122.0,3122.0,3122.0,3122.0,3122.0,3098.0,3104.0,3114.0,3114.0,3114.0,3122.0,131072.0,2444363.0,0.0,262272.0,0.0,4096.0
112,0,1,1300,1300,32768,512,0,0,108,4,48,64,matmulbias_kernel,12739705189143,12739705211955,113,196,507759.0,2018.0,507759.0,0.0,780.0,2788076.0,0.0,0.0,32597578.0,32597578.0,4194304.0,622592.0,0.0,0.0,0.0,0.0,0.0,0.0,0.0,0.0,0.0,0.0,0.0,0.0,0.0,0.0,0.0,0.0,0.0,0.0,0.0,0.0,0.0,0.0,0.0,0.0,0.0,0.0,0.0,0.0,0.0,0.0,0.0,0.0,0.0,0.0,0.0,0.0,0.0,0.0,0.0,0.0,0.0,0.0,0.0,0.0,0.0,0.0,0.0,0.0,0.0,0.0,0.0,0.0,0.0,0.0,0.0,0.0,0.0,0.0,0.0,0.0,0.0,0.0,0.0,0.0,0.0,0.0,0.0,0.0,0.0,0.0,0.0,0.0,0.0,0.0,0.0,0.0,0.0,0.0,0.0,0.0,0.0,0.0,0.0,0.0,0.0,0.0,0.0,0.0,0.0,0.0,0.0,0.0,0.0,0.0,0.0,0.0,0.0,0.0,0.0,0.0,0.0,0.0,0.0,0.0,0.0,0.0,0.0,0.0,0.0,0.0,0.0,0.0,0.0,0.0,0.0,0.0,0.0,0.0,0.0,0.0,0.0,0.0,0.0,0.0,0.0,0.0,0.0,0.0,0.0,0.0,3096.0,3114.0,3114.0,3114.0,3094.0,3092.0,3092.0,3092.0,3092.0,3092.0,3092.0,3122.0,3092.0,3092.0,3096.0,3096.0,3096.0,3096.0,3096.0,3096.0,3096.0,3096.0,3122.0,3110.0,3122.0,3122.0,3122.0,3122.0,3122.0,3122.0,3098.0,3122.0,3122.0,3122.0,3098.0,3110.0,3122.0,3122.0,3122.0,3096.0,3122.0,3122.0,3122.0,3098.0,3096.0,3096.0,3096.0,3096.0,3096.0,3096.0,3096.0,3096.0,3096.0,3092.0,3092.0,3092.0,3092.0,3092.0,3092.0,3092.0,3092.0,3096.0,3104.0,3114.0,3114.0,3114.0,3114.0,3114.0,3114.0,3094.0,3104.0,3114.0,3096.0,3114.0,3114.0,3114.0,3114.0,3114.0,3094.0,3092.0,3092.0,3092.0,3092.0,3096.0,3092.0,3092.0,3092.0,3092.0,3116.0,3130.0,3130.0,3130.0,3130.0,3130.0,3096.0,3130.0,3102.0,3100.0,3100.0,3100.0,3100.0,3100.0,3100.0,3100.0,3100.0,3096.0,3092.0,3092.0,3092.0,3092.0,3092.0,3092.0,3092.0,3092.0,3104.0,3114.0,3110.0,3114.0,3114.0,3114.0,3114.0,3114.0,3094.0,3104.0,3114.0,3114.0,3114.0,3122.0,131072.0,2463822.0,0.0,262272.0,0.0,4096.0
113,0,1,1300,1300,32768,512,0,0,108,4,48,64,matmulbias_kernel,12739705604567,12739705627459,114,196,502754.0,2018.0,502754.0,0.0,821.0,2803709.0,0.0,0.0,33067434.0,33067434.0,4194304.0,622592.0,0.0,0.0,0.0,0.0,0.0,0.0,0.0,0.0,0.0,0.0,0.0,0.0,0.0,0.0,0.0,0.0,0.0,0.0,0.0,0.0,0.0,0.0,0.0,0.0,0.0,0.0,0.0,0.0,0.0,0.0,0.0,0.0,0.0,0.0,0.0,0.0,0.0,0.0,0.0,0.0,0.0,0.0,0.0,0.0,0.0,0.0,0.0,0.0,0.0,0.0,0.0,0.0,0.0,0.0,0.0,0.0,0.0,0.0,0.0,0.0,0.0,0.0,0.0,0.0,0.0,0.0,0.0,0.0,0.0,0.0,0.0,0.0,0.0,0.0,0.0,0.0,0.0,0.0,0.0,0.0,0.0,0.0,0.0,0.0,0.0,0.0,0.0,0.0,0.0,0.0,0.0,0.0,0.0,0.0,0.0,0.0,0.0,0.0,0.0,0.0,0.0,0.0,0.0,0.0,0.0,0.0,0.0,0.0,0.0,0.0,0.0,0.0,0.0,0.0,0.0,0.0,0.0,0.0,0.0,0.0,0.0,0.0,0.0,0.0,0.0,0.0,0.0,0.0,0.0,0.0,3096.0,3106.0,3106.0,3106.0,3090.0,3088.0,3088.0,3088.0,3088.0,3088.0,3088.0,3122.0,3088.0,3088.0,3096.0,3096.0,3096.0,3096.0,3096.0,3096.0,3096.0,3096.0,3122.0,3110.0,3122.0,3122.0,3122.0,3122.0,3122.0,3122.0,3098.0,3122.0,3122.0,3122.0,3098.0,3110.0,3122.0,3122.0,3122.0,3096.0,3122.0,3122.0,3122.0,3098.0,3096.0,3096.0,3096.0,3096.0,3096.0,3096.0,3096.0,3096.0,3096.0,3092.0,3092.0,3092.0,3092.0,3092.0,3092.0,3092.0,3092.0,3096.0,3104.0,3114.0,3114.0,3114.0,3114.0,3114.0,3114.0,3094.0,3098.0,3106.0,3096.0,3106.0,3106.0,3106.0,3106.0,3106.0,3090.0,3088.0,3088.0,3088.0,3088.0,3096.0,3088.0,3088.0,3088.0,3088.0,3110.0,3122.0,3122.0,3122.0,3122.0,3122.0,3096.0,3122.0,3098.0,3096.0,3096.0,3096.0,3096.0,3096.0,3096.0,3096.0,3096.0,3096.0,3092.0,3092.0,3092.0,3092.0,3092.0,3092.0,3092.0,3092.0,3104.0,3114.0,3110.0,3114.0,3114.0,3114.0,3114.0,3114.0,3094.0,3098.0,3106.0,3106.0,3106.0,3122.0,131072.0,2478029.0,0.0,262272.0,0.0,4096.0
114,0,1,1300,1300,32768,512,0,0,108,4,48,64,matmulbias_kernel,12739706016062,12739706038994,115,196,505282.0,2067.0,505282.0,0.0,804.0,2794634.0,0.0,0.0,32760242.0,32760242.0,4194304.0,622592.0,0.0,0.0,0.0,0.0,0.0,0.0,0.0,0.0,0.0,0.0,0.0,0.0,0.0,0.0,0.0,0.0,0.0,0.0,0.0,0.0,0.0,0.0,0.0,0.0,0.0,0.0,0.0,0.0,0.0,0.0,0.0,0.0,0.0,0.0,0.0,0.0,0.0,0.0,0.0,0.0,0.0,0.0,0.0,0.0,0.0,0.0,0.0,0.0,0.0,0.0,0.0,0.0,0.0,0.0,0.0,0.0,0.0,0.0,0.0,0.0,0.0,0.0,0.0,0.0,0.0,0.0,0.0,0.0,0.0,0.0,0.0,0.0,0.0,0.0,0.0,0.0,0.0,0.0,0.0,0.0,0.0,0.0,0.0,0.0,0.0,0.0,0.0,0.0,0.0,0.0,0.0,0.0,0.0,0.0,0.0,0.0,0.0,0.0,0.0,0.0,0.0,0.0,0.0,0.0,0.0,0.0,0.0,0.0,0.0,0.0,0.0,0.0,0.0,0.0,0.0,0.0,0.0,0.0,0.0,0.0,0.0,0.0,0.0,0.0,0.0,0.0,0.0,0.0,0.0,0.0,3100.0,3114.0,3114.0,3114.0,3094.0,3092.0,3092.0,3092.0,3092.0,3092.0,3092.0,3130.0,3092.0,3092.0,3092.0,3092.0,3092.0,3092.0,3092.0,3092.0,3092.0,3092.0,3130.0,3104.0,3114.0,3114.0,3114.0,3114.0,3114.0,3114.0,3094.0,3130.0,3130.0,3130.0,3102.0,3116.0,3130.0,3130.0,3130.0,3100.0,3130.0,3130.0,3130.0,3102.0,3100.0,3100.0,3100.0,3100.0,3100.0,3100.0,3100.0,3100.0,3100.0,3092.0,3092.0,3092.0,3092.0,3092.0,3092.0,3092.0,3092.0,3100.0,3104.0,3114.0,3114.0,3114.0,3114.0,3114.0,3114.0,3094.0,3098.0,3106.0,3100.0,3106.0,3106.0,3106.0,3106.0,3106.0,3090.0,3088.0,3088.0,3088.0,3088.0,3100.0,3088.0,3088.0,3088.0,3088.0,3110.0,3122.0,3122.0,3122.0,3122.0,3122.0,3100.0,3122.0,3098.0,3096.0,3096.0,3096.0,3096.0,3096.0,3096.0,3096.0,3096.0,3100.0,3092.0,3092.0,3092.0,3092.0,3092.0,3092.0,3092.0,3092.0,3104.0,3114.0,3116.0,3114.0,3114.0,3114.0,3114.0,3114.0,3094.0,3104.0,3114.0,3114.0,3114.0,3130.0,131072.0,2464444.0,0.0,262272.0,0.0,4096.0
115,0,1,1300,1300,32768,512,0,0,108,4,48,64,matmulbias_kernel,12739706432048,12739706454819,116,196,502676.0,2018.0,502676.0,0.0,770.0,2789213.0,0.0,0.0,31953871.0,31953871.0,4194304.0,622592.0,0.0,0.0,0.0,0.0,0.0,0.0,0.0,0.0,0.0,0.0,0.0,0.0,0.0,0.0,0.0,0.0,0.0,0.0,0.0,0.0,0.0,0.0,0.0,0.0,0.0,0.0,0.0,0.0,0.0,0.0,0.0,0.0,0.0,0.0,0.0,0.0,0.0,0.0,0.0,0.0,0.0,0.0,0.0,0.0,0.0,0.0,0.0,0.0,0.0,0.0,0.0,0.0,0.0,0.0,0.0,0.0,0.0,0.0,0.0,0.0,0.0,0.0,0.0,0.0,0.0,0.0,0.0,0.0,0.0,0.0,0.0,0.0,0.0,0.0,0.0,0.0,0.0,0.0,0.0,0.0,0.0,0.0,0.0,0.0,0.0,0.0,0.0,0.0,0.0,0.0,0.0,0.0,0.0,0.0,0.0,0.0,0.0,0.0,0.0,0.0,0.0,0.0,0.0,0.0,0.0,0.0,0.0,0.0,0.0,0.0,0.0,0.0,0.0,0.0,0.0,0.0,0.0,0.0,0.0,0.0,0.0,0.0,0.0,0.0,0.0,0.0,0.0,0.0,0.0,0.0,3104.0,3114.0,3114.0,3114.0,3094.0,3092.0,3092.0,3092.0,3092.0,3092.0,3092.0,3138.0,3092.0,3092.0,3096.0,3096.0,3096.0,3096.0,3096.0,3096.0,3096.0,3096.0,3138.0,3110.0,3122.0,3122.0,3122.0,3122.0,3122.0,3122.0,3098.0,3138.0,3138.0,3138.0,3106.0,3122.0,3138.0,3138.0,3138.0,3104.0,3138.0,3138.0,3138.0,3106.0,3104.0,3104.0,3104.0,3104.0,3104.0,3104.0,3104.0,3104.0,3104.0,3092.0,3092.0,3092.0,3092.0,3092.0,3092.0,3092.0,3092.0,3104.0,3104.0,3114.0,3114.0,3114.0,3114.0,3114.0,3114.0,3094.0,3098.0,3106.0,3104.0,3106.0,3106.0,3106.0,3106.0,3106.0,3090.0,3088.0,3088.0,3088.0,3088.0,3104.0,3088.0,3088.0,3088.0,3088.0,3110.0,3122.0,3122.0,3122.0,3122.0,3122.0,3104.0,3122.0,3098.0,3096.0,3096.0,3096.0,3096.0,3096.0,3096.0,3096.0,3096.0,3104.0,3092.0,3092.0,3092.0,3092.0,3092.0,3092.0,3092.0,3092.0,3104.0,3114.0,3122.0,3114.0,3114.0,3114.0,3114.0,3114.0,3094.0,3104.0,3114.0,3114.0,3114.0,3138.0,131072.0,2419495.0,0.0,262272.0,0.0,4096.0
116,0,1,1300,1300,32768,512,0,0,108,4,48,64,matmulbias_kernel,12739706845026,12739706867918,117,196,500305.0,2018.0,500305.0,0.0,815.0,2797166.0,0.0,0.0,32510829.0,32510829.0,4194304.0,622592.0,0.0,0.0,0.0,0.0,0.0,0.0,0.0,0.0,0.0,0.0,0.0,0.0,0.0,0.0,0.0,0.0,0.0,0.0,0.0,0.0,0.0,0.0,0.0,0.0,0.0,0.0,0.0,0.0,0.0,0.0,0.0,0.0,0.0,0.0,0.0,0.0,0.0,0.0,0.0,0.0,0.0,0.0,0.0,0.0,0.0,0.0,0.0,0.0,0.0,0.0,0.0,0.0,0.0,0.0,0.0,0.0,0.0,0.0,0.0,0.0,0.0,0.0,0.0,0.0,0.0,0.0,0.0,0.0,0.0,0.0,0.0,0.0,0.0,0.0,0.0,0.0,0.0,0.0,0.0,0.0,0.0,0.0,0.0,0.0,0.0,0.0,0.0,0.0,0.0,0.0,0.0,0.0,0.0,0.0,0.0,0.0,0.0,0.0,0.0,0.0,0.0,0.0,0.0,0.0,0.0,0.0,0.0,0.0,0.0,0.0,0.0,0.0,0.0,0.0,0.0,0.0,0.0,0.0,0.0,0.0,0.0,0.0,0.0,0.0,0.0,0.0,0.0,0.0,0.0,0.0,3104.0,3114.0,3114.0,3114.0,3094.0,3092.0,3092.0,3092.0,3092.0,3092.0,3092.0,3138.0,3092.0,3092.0,3096.0,3096.0,3096.0,3096.0,3096.0,3096.0,3096.0,3096.0,3138.0,3110.0,3122.0,3122.0,3122.0,3122.0,3122.0,3122.0,3098.0,3138.0,3138.0,3138.0,3106.0,3122.0,3138.0,3138.0,3138.0,3104.0,3138.0,3138.0,3138.0,3106.0,3104.0,3104.0,3104.0,3104.0,3104.0,3104.0,3104.0,3104.0,3104.0,3092.0,3092.0,3092.0,3092.0,3092.0,3092.0,3092.0,3092.0,3104.0,3104.0,3114.0,3114.0,3114.0,3114.0,3114.0,3114.0,3094.0,3104.0,3114.0,3104.0,3114.0,3114.0,3114.0,3114.0,3114.0,3094.0,3092.0,3092.0,3092.0,3092.0,3104.0,3092.0,3092.0,3092.0,3092.0,3104.0,3114.0,3114.0,3114.0,3114.0,3114.0,3104.0,3114.0,3094.0,3092.0,3092.0,3092.0,3092.0,3092.0,3092.0,3092.0,3092.0,3104.0,3092.0,3092.0,3092.0,3092.0,3092.0,3092.0,3092.0,3092.0,3104.0,3114.0,3122.0,3114.0,3114.0,3114.0,3114.0,3114.0,3094.0,3104.0,3114.0,3114.0,3114.0,3138.0,131072.0,2461953.0,0.0,262272.0,0.0,4096.0
117,0,1,1300,1300,32768,512,0,0,108,4,48,64,matmulbias_kernel,12739707257846,12739707280577,118,196,508757.0,2018.0,508757.0,0.0,781.0,2792641.0,0.0,0.0,32766445.0,32766445.0,4194304.0,622592.0,0.0,0.0,0.0,0.0,0.0,0.0,0.0,0.0,0.0,0.0,0.0,0.0,0.0,0.0,0.0,0.0,0.0,0.0,0.0,0.0,0.0,0.0,0.0,0.0,0.0,0.0,0.0,0.0,0.0,0.0,0.0,0.0,0.0,0.0,0.0,0.0,0.0,0.0,0.0,0.0,0.0,0.0,0.0,0.0,0.0,0.0,0.0,0.0,0.0,0.0,0.0,0.0,0.0,0.0,0.0,0.0,0.0,0.0,0.0,0.0,0.0,0.0,0.0,0.0,0.0,0.0,0.0,0.0,0.0,0.0,0.0,0.0,0.0,0.0,0.0,0.0,0.0,0.0,0.0,0.0,0.0,0.0,0.0,0.0,0.0,0.0,0.0,0.0,0.0,0.0,0.0,0.0,0.0,0.0,0.0,0.0,0.0,0.0,0.0,0.0,0.0,0.0,0.0,0.0,0.0,0.0,0.0,0.0,0.0,0.0,0.0,0.0,0.0,0.0,0.0,0.0,0.0,0.0,0.0,0.0,0.0,0.0,0.0,0.0,0.0,0.0,0.0,0.0,0.0,0.0,3104.0,3122.0,3122.0,3122.0,3098.0,3096.0,3096.0,3096.0,3096.0,3096.0,3096.0,3138.0,3096.0,3096.0,3096.0,3096.0,3096.0,3096.0,3096.0,3096.0,3096.0,3096.0,3138.0,3110.0,3122.0,3122.0,3122.0,3122.0,3122.0,3122.0,3098.0,3138.0,3138.0,3138.0,3106.0,3122.0,3138.0,3138.0,3138.0,3104.0,3138.0,3138.0,3138.0,3106.0,3104.0,3104.0,3104.0,3104.0,3104.0,3104.0,3104.0,3104.0,3104.0,3092.0,3092.0,3092.0,3092.0,3092.0,3092.0,3092.0,3092.0,3104.0,3104.0,3114.0,3114.0,3114.0,3114.0,3114.0,3114.0,3094.0,3110.0,3122.0,3104.0,3122.0,3122.0,3122.0,3122.0,3122.0,3098.0,3096.0,3096.0,3096.0,3096.0,3104.0,3096.0,3096.0,3096.0,3096.0,3110.0,3122.0,3122.0,3122.0,3122.0,3122.0,3104.0,3122.0,3098.0,3096.0,3096.0,3096.0,3096.0,3096.0,3096.0,3096.0,3096.0,3104.0,3092.0,3092.0,3092.0,3092.0,3092.0,3092.0,3092.0,3092.0,3104.0,3114.0,3122.0,3114.0,3114.0,3114.0,3114.0,3114.0,3094.0,3110.0,3122.0,3122.0,3122.0,3138.0,131072.0,2469081.0,0.0,262272.0,0.0,4096.0
118,0,1,1300,1300,32768,512,0,0,108,4,48,64,matmulbias_kernel,12739707693474,12739707716125,119,196,481726.0,2019.0,481726.0,0.0,717.0,2781166.0,0.0,0.0,31577458.0,31577458.0,4194304.0,622592.0,0.0,0.0,0.0,0.0,0.0,0.0,0.0,0.0,0.0,0.0,0.0,0.0,0.0,0.0,0.0,0.0,0.0,0.0,0.0,0.0,0.0,0.0,0.0,0.0,0.0,0.0,0.0,0.0,0.0,0.0,0.0,0.0,0.0,0.0,0.0,0.0,0.0,0.0,0.0,0.0,0.0,0.0,0.0,0.0,0.0,0.0,0.0,0.0,0.0,0.0,0.0,0.0,0.0,0.0,0.0,0.0,0.0,0.0,0.0,0.0,0.0,0.0,0.0,0.0,0.0,0.0,0.0,0.0,0.0,0.0,0.0,0.0,0.0,0.0,0.0,0.0,0.0,0.0,0.0,0.0,0.0,0.0,0.0,0.0,0.0,0.0,0.0,0.0,0.0,0.0,0.0,0.0,0.0,0.0,0.0,0.0,0.0,0.0,0.0,0.0,0.0,0.0,0.0,0.0,0.0,0.0,0.0,0.0,0.0,0.0,0.0,0.0,0.0,0.0,0.0,0.0,0.0,0.0,0.0,0.0,0.0,0.0,0.0,0.0,0.0,0.0,0.0,0.0,0.0,0.0,3104.0,3122.0,3122.0,3122.0,3098.0,3096.0,3096.0,3096.0,3096.0,3096.0,3096.0,3138.0,3096.0,3096.0,3100.0,3100.0,3100.0,3100.0,3100.0,3100.0,3100.0,3100.0,3138.0,3116.0,3130.0,3130.0,3130.0,3130.0,3130.0,3130.0,3102.0,3138.0,3138.0,3138.0,3106.0,3122.0,3138.0,3138.0,3138.0,3104.0,3138.0,3138.0,3138.0,3106.0,3104.0,3104.0,3104.0,3104.0,3104.0,3104.0,3104.0,3104.0,3104.0,3092.0,3092.0,3092.0,3092.0,3092.0,3092.0,3092.0,3092.0,3104.0,3104.0,3114.0,3114.0,3114.0,3114.0,3114.0,3114.0,3094.0,3110.0,3122.0,3104.0,3122.0,3122.0,3122.0,3122.0,3122.0,3098.0,3096.0,3096.0,3096.0,3096.0,3104.0,3096.0,3096.0,3096.0,3096.0,3110.0,3122.0,3122.0,3122.0,3122.0,3122.0,3104.0,3122.0,3098.0,3096.0,3096.0,3096.0,3096.0,3096.0,3096.0,3096.0,3096.0,3104.0,3092.0,3092.0,3092.0,3092.0,3092.0,3092.0,3092.0,3092.0,3104.0,3114.0,3122.0,3114.0,3114.0,3114.0,3114.0,3114.0,3094.0,3110.0,3122.0,3122.0,3122.0,3138.0,131072.0,2405823.0,0.0,262272.0,0.0,4096.0
119,0,1,1300,1300,32768,512,0,0,108,4,48,64,matmulbias_kernel,12739708103845,12739708126376,120,196,501910.0,2018.0,501910.0,0.0,716.0,2761367.0,0.0,0.0,30837092.0,30837092.0,4194304.0,622592.0,0.0,0.0,0.0,0.0,0.0,0.0,0.0,0.0,0.0,0.0,0.0,0.0,0.0,0.0,0.0,0.0,0.0,0.0,0.0,0.0,0.0,0.0,0.0,0.0,0.0,0.0,0.0,0.0,0.0,0.0,0.0,0.0,0.0,0.0,0.0,0.0,0.0,0.0,0.0,0.0,0.0,0.0,0.0,0.0,0.0,0.0,0.0,0.0,0.0,0.0,0.0,0.0,0.0,0.0,0.0,0.0,0.0,0.0,0.0,0.0,0.0,0.0,0.0,0.0,0.0,0.0,0.0,0.0,0.0,0.0,0.0,0.0,0.0,0.0,0.0,0.0,0.0,0.0,0.0,0.0,0.0,0.0,0.0,0.0,0.0,0.0,0.0,0.0,0.0,0.0,0.0,0.0,0.0,0.0,0.0,0.0,0.0,0.0,0.0,0.0,0.0,0.0,0.0,0.0,0.0,0.0,0.0,0.0,0.0,0.0,0.0,0.0,0.0,0.0,0.0,0.0,0.0,0.0,0.0,0.0,0.0,0.0,0.0,0.0,0.0,0.0,0.0,0.0,0.0,0.0,3100.0,3114.0,3114.0,3114.0,3094.0,3092.0,3092.0,3092.0,3092.0,3092.0,3092.0,3130.0,3093.0,3092.0,3100.0,3100.0,3100.0,3100.0,3100.0,3100.0,3101.0,3100.0,3131.0,3116.0,3130.0,3130.0,3131.0,3130.0,3130.0,3130.0,3102.0,3130.0,3130.0,3130.0,3102.0,3116.0,3130.0,3130.0,3131.0,3100.0,3130.0,3130.0,3130.0,3102.0,3100.0,3100.0,3100.0,3100.0,3100.0,3100.0,3100.0,3101.0,3100.0,3096.0,3096.0,3096.0,3096.0,3096.0,3096.0,3097.0,3096.0,3100.0,3110.0,3122.0,3122.0,3123.0,3122.0,3122.0,3122.0,3098.0,3110.0,3122.0,3100.0,3122.0,3123.0,3122.0,3122.0,3122.0,3098.0,3096.0,3096.0,3096.0,3096.0,3100.0,3096.0,3096.0,3097.0,3096.0,3110.0,3122.0,3122.0,3123.0,3122.0,3122.0,3101.0,3122.0,3098.0,3096.0,3096.0,3096.0,3096.0,3096.0,3096.0,3097.0,3096.0,3100.0,3092.0,3092.0,3092.0,3092.0,3092.0,3092.0,3093.0,3092.0,3104.0,3114.0,3116.0,3114.0,3115.0,3114.0,3114.0,3114.0,3094.0,3104.0,3114.0,3114.0,3115.0,3130.0,131072.0,2373038.0,0.0,262272.0,0.0,4096.0
120,0,1,1300,1300,4194304,256,0,0,12,4,32,64,"void at::native::vectorized_elementwise_kernel<4, at::native::FillFunctor<int>, std::array<char*, 1ul> >(int, at::native::FillFunctor<int>, std::array<char*, 1ul>)",12739708517744,12739708560321,121,85,825024.0,1837.0,825024.0,65536.0,2817.0,23951683.0,0.0,0.0,555831470.0,555831470.0,0.0,0.0,262144.0,0.0,0.0,0.0,0.0,0.0,0.0,0.0,0.0,0.0,0.0,0.0,0.0,0.0,0.0,0.0,0.0,0.0,0.0,0.0,0.0,0.0,0.0,0.0,0.0,0.0,0.0,0.0,0.0,0.0,0.0,0.0,0.0,0.0,0.0,0.0,0.0,0.0,0.0,0.0,0.0,0.0,0.0,0.0,0.0,0.0,0.0,0.0,0.0,0.0,0.0,0.0,0.0,0.0,0.0,0.0,0.0,0.0,0.0,0.0,0.0,0.0,0.0,0.0,0.0,0.0,0.0,0.0,0.0,0.0,0.0,0.0,0.0,0.0,0.0,0.0,0.0,0.0,0.0,0.0,0.0,0.0,0.0,0.0,0.0,0.0,0.0,0.0,0.0,0.0,0.0,0.0,0.0,0.0,0.0,0.0,0.0,0.0,0.0,0.0,0.0,0.0,0.0,0.0,0.0,0.0,0.0,0.0,0.0,0.0,0.0,0.0,0.0,0.0,0.0,0.0,0.0,0.0,0.0,0.0,0.0,0.0,0.0,0.0,0.0,0.0,0.0,0.0,0.0,0.0,32768.0,32768.0,32848.0,32768.0,32768.0,32768.0,32768.0,32848.0,32768.0,32848.0,32848.0,32768.0,32848.0,32848.0,32768.0,32768.0,32848.0,32768.0,32848.0,32848.0,32848.0,32848.0,32768.0,32768.0,32788.0,32768.0,32768.0,32768.0,32848.0,32768.0,32768.0,32768.0,32848.0,32768.0,32768.0,32768.0,32788.0,32768.0,32768.0,32768.0,32768.0,32848.0,32768.0,32768.0,32768.0,32768.0,32848.0,32768.0,32848.0,32848.0,32848.0,32848.0,32848.0,32768.0,32768.0,32848.0,32768.0,32848.0,32848.0,32848.0,32848.0,32768.0,32768.0,32788.0,32768.0,32768.0,32768.0,32848.0,32768.0,32768.0,32768.0,32788.0,32848.0,32768.0,32768.0,32768.0,32848.0,32768.0,32768.0,32768.0,32768.0,32848.0,32768.0,32848.0,32848.0,32848.0,32848.0,32848.0,32768.0,32788.0,32768.0,32768.0,32768.0,32848.0,32848.0,32768.0,32768.0,32768.0,32768.0,32848.0,32768.0,32848.0,32848.0,32848.0,32848.0,32848.0,32768.0,32768.0,32848.0,32768.0,32848.0,32848.0,32848.0,32848.0,32768.0,32788.0,32768.0,32768.0,32768.0,32768.0,32848.0,32768.0,32768.0,32768.0,32788.0,32768.0,32768.0,32788.0,4194304.0,23622977.0,0.0,0.0,0.0,262144.0
121,0,1,1300,1300,32768,512,0,0,108,4,48,64,matmulbias_kernel,12739708952611,12739708976465,122,196,523782.0,2018.0,523782.0,0.0,769.0,2925758.0,0.0,0.0,37835524.0,37835524.0,4194304.0,622592.0,0.0,0.0,0.0,0.0,0.0,0.0,0.0,0.0,0.0,0.0,0.0,0.0,0.0,0.0,0.0,0.0,0.0,0.0,0.0,0.0,0.0,0.0,0.0,0.0,0.0,0.0,0.0,0.0,0.0,0.0,0.0,0.0,0.0,0.0,0.0,0.0,0.0,0.0,0.0,0.0,0.0,0.0,0.0,0.0,0.0,0.0,0.0,0.0,0.0,0.0,0.0,0.0,0.0,0.0,0.0,0.0,0.0,0.0,0.0,0.0,0.0,0.0,0.0,0.0,0.0,0.0,0.0,0.0,0.0,0.0,0.0,0.0,0.0,0.0,0.0,0.0,0.0,0.0,0.0,0.0,0.0,0.0,0.0,0.0,0.0,0.0,0.0,0.0,0.0,0.0,0.0,0.0,0.0,0.0,0.0,0.0,0.0,0.0,0.0,0.0,0.0,0.0,0.0,0.0,0.0,0.0,0.0,0.0,0.0,0.0,0.0,0.0,0.0,0.0,0.0,0.0,0.0,0.0,0.0,0.0,0.0,0.0,0.0,0.0,0.0,0.0,0.0,0.0,0.0,0.0,3088.0,3130.0,3130.0,3130.0,3102.0,3100.0,3100.0,3100.0,3100.0,3101.0,3100.0,3106.0,3100.0,3100.0,3088.0,3088.0,3088.0,3088.0,3089.0,3088.0,3088.0,3088.0,3107.0,3098.0,3106.0,3106.0,3107.0,3106.0,3106.0,3106.0,3090.0,3106.0,3106.0,3106.0,3090.0,3104.0,3114.0,3114.0,3115.0,3088.0,3114.0,3114.0,3114.0,3094.0,3092.0,3092.0,3092.0,3092.0,3093.0,3092.0,3088.0,3092.0,3092.0,3100.0,3100.0,3100.0,3100.0,3101.0,3100.0,3100.0,3100.0,3088.0,3116.0,3130.0,3130.0,3131.0,3130.0,3130.0,3130.0,3102.0,3104.0,3114.0,3089.0,3114.0,3115.0,3114.0,3114.0,3114.0,3094.0,3092.0,3092.0,3092.0,3092.0,3088.0,3093.0,3092.0,3092.0,3092.0,3110.0,3122.0,3122.0,3123.0,3122.0,3122.0,3088.0,3122.0,3098.0,3096.0,3096.0,3096.0,3096.0,3097.0,3096.0,3096.0,3096.0,3088.0,3092.0,3092.0,3092.0,3092.0,3093.0,3092.0,3092.0,3092.0,3104.0,3114.0,3098.0,3114.0,3115.0,3114.0,3114.0,3114.0,3094.0,3116.0,3130.0,3130.0,3131.0,3106.0,131072.0,2655097.0,0.0,262272.0,0.0,4096.0
122,0,1,1300,1300,4194304,256,0,0,12,4,32,64,"void at::native::vectorized_elementwise_kernel<4, at::native::FillFunctor<int>, std::array<char*, 1ul> >(int, at::native::FillFunctor<int>, std::array<char*, 1ul>)",12739709364025,12739709406361,123,85,819325.0,1810.0,819325.0,65536.0,3160.0,23934346.0,0.0,0.0,554501564.0,554501564.0,0.0,0.0,262144.0,0.0,0.0,0.0,0.0,0.0,0.0,0.0,0.0,0.0,0.0,0.0,0.0,0.0,0.0,0.0,0.0,0.0,0.0,0.0,0.0,0.0,0.0,0.0,0.0,0.0,0.0,0.0,0.0,0.0,0.0,0.0,0.0,0.0,0.0,0.0,0.0,0.0,0.0,0.0,0.0,0.0,0.0,0.0,0.0,0.0,0.0,0.0,0.0,0.0,0.0,0.0,0.0,0.0,0.0,0.0,0.0,0.0,0.0,0.0,0.0,0.0,0.0,0.0,0.0,0.0,0.0,0.0,0.0,0.0,0.0,0.0,0.0,0.0,0.0,0.0,0.0,0.0,0.0,0.0,0.0,0.0,0.0,0.0,0.0,0.0,0.0,0.0,0.0,0.0,0.0,0.0,0.0,0.0,0.0,0.0,0.0,0.0,0.0,0.0,0.0,0.0,0.0,0.0,0.0,0.0,0.0,0.0,0.0,0.0,0.0,0.0,0.0,0.0,0.0,0.0,0.0,0.0,0.0,0.0,0.0,0.0,0.0,0.0,0.0,0.0,0.0,0.0,0.0,0.0,32768.0,32768.0,32848.0,32768.0,32768.0,32768.0,32768.0,32848.0,32768.0,32848.0,32848.0,32768.0,32848.0,32848.0,32768.0,32768.0,32848.0,32768.0,32848.0,32848.0,32848.0,32848.0,32768.0,32788.0,32768.0,32768.0,32768.0,32768.0,32848.0,32768.0,32768.0,32768.0,32848.0,32768.0,32768.0,32788.0,32768.0,32768.0,32768.0,32768.0,32768.0,32848.0,32768.0,32768.0,32768.0,32768.0,32848.0,32768.0,32848.0,32848.0,32848.0,32848.0,32848.0,32768.0,32768.0,32848.0,32768.0,32848.0,32848.0,32848.0,32848.0,32768.0,32788.0,32768.0,32768.0,32768.0,32768.0,32848.0,32768.0,32768.0,32788.0,32768.0,32848.0,32768.0,32768.0,32768.0,32848.0,32768.0,32768.0,32768.0,32768.0,32848.0,32768.0,32848.0,32848.0,32848.0,32848.0,32848.0,32788.0,32768.0,32768.0,32768.0,32768.0,32848.0,32848.0,32768.0,32768.0,32768.0,32768.0,32848.0,32768.0,32848.0,32848.0,32848.0,32848.0,32848.0,32768.0,32768.0,32848.0,32768.0,32848.0,32848.0,32848.0,32848.0,32788.0,32768.0,32788.0,32768.0,32768.0,32768.0,32848.0,32768.0,32768.0,32788.0,32768.0,32768.0,32768.0,32768.0,4194304.0,23585460.0,0.0,0.0,0.0,262144.0
123,0,1,1300,1300,32768,512,0,0,108,4,48,64,matmulbias_kernel,12739709797409,12739709821904,124,196,527948.0,2045.0,527948.0,0.0,708.0,3046042.0,0.0,0.0,42312374.0,42312374.0,4194304.0,622592.0,0.0,0.0,0.0,0.0,0.0,0.0,0.0,0.0,0.0,0.0,0.0,0.0,0.0,0.0,0.0,0.0,0.0,0.0,0.0,0.0,0.0,0.0,0.0,0.0,0.0,0.0,0.0,0.0,0.0,0.0,0.0,0.0,0.0,0.0,0.0,0.0,0.0,0.0,0.0,0.0,0.0,0.0,0.0,0.0,0.0,0.0,0.0,0.0,0.0,0.0,0.0,0.0,0.0,0.0,0.0,0.0,0.0,0.0,0.0,0.0,0.0,0.0,0.0,0.0,0.0,0.0,0.0,0.0,0.0,0.0,0.0,0.0,0.0,0.0,0.0,0.0,0.0,0.0,0.0,0.0,0.0,0.0,0.0,0.0,0.0,0.0,0.0,0.0,0.0,0.0,0.0,0.0,0.0,0.0,0.0,0.0,0.0,0.0,0.0,0.0,0.0,0.0,0.0,0.0,0.0,0.0,0.0,0.0,0.0,0.0,0.0,0.0,0.0,0.0,0.0,0.0,0.0,0.0,0.0,0.0,0.0,0.0,0.0,0.0,0.0,0.0,0.0,0.0,0.0,0.0,3096.0,3130.0,3130.0,3130.0,3102.0,3100.0,3100.0,3100.0,3100.0,3100.0,3100.0,3122.0,3100.0,3100.0,3096.0,3096.0,3096.0,3096.0,3096.0,3096.0,3096.0,3096.0,3122.0,3110.0,3122.0,3122.0,3122.0,3122.0,3122.0,3122.0,3098.0,3122.0,3122.0,3122.0,3098.0,3116.0,3130.0,3130.0,3130.0,3096.0,3130.0,3130.0,3130.0,3102.0,3100.0,3100.0,3100.0,3100.0,3100.0,3100.0,3096.0,3100.0,3100.0,3096.0,3096.0,3096.0,3096.0,3096.0,3096.0,3096.0,3096.0,3096.0,3110.0,3122.0,3122.0,3122.0,3122.0,3122.0,3122.0,3098.0,3110.0,3122.0,3096.0,3122.0,3122.0,3122.0,3122.0,3122.0,3098.0,3096.0,3096.0,3096.0,3096.0,3096.0,3096.0,3096.0,3096.0,3096.0,3110.0,3122.0,3122.0,3122.0,3122.0,3122.0,3096.0,3122.0,3098.0,3096.0,3096.0,3096.0,3096.0,3096.0,3096.0,3096.0,3096.0,3096.0,3100.0,3100.0,3100.0,3100.0,3100.0,3100.0,3100.0,3100.0,3116.0,3130.0,3110.0,3130.0,3130.0,3130.0,3130.0,3130.0,3102.0,3116.0,3130.0,3130.0,3130.0,3122.0,131072.0,2791109.0,0.0,262272.0,0.0,4096.0
124,0,1,1300,1300,4194304,256,0,0,12,4,32,64,"void at::native::vectorized_elementwise_kernel<4, at::native::FillFunctor<int>, std::array<char*, 1ul> >(int, at::native::FillFunctor<int>, std::array<char*, 1ul>)",12739710216239,12739710258656,125,85,827267.0,1810.0,827267.0,65536.0,2818.0,23973601.0,0.0,0.0,555066101.0,555066101.0,0.0,0.0,262144.0,0.0,0.0,0.0,0.0,0.0,0.0,0.0,0.0,0.0,0.0,0.0,0.0,0.0,0.0,0.0,0.0,0.0,0.0,0.0,0.0,0.0,0.0,0.0,0.0,0.0,0.0,0.0,0.0,0.0,0.0,0.0,0.0,0.0,0.0,0.0,0.0,0.0,0.0,0.0,0.0,0.0,0.0,0.0,0.0,0.0,0.0,0.0,0.0,0.0,0.0,0.0,0.0,0.0,0.0,0.0,0.0,0.0,0.0,0.0,0.0,0.0,0.0,0.0,0.0,0.0,0.0,0.0,0.0,0.0,0.0,0.0,0.0,0.0,0.0,0.0,0.0,0.0,0.0,0.0,0.0,0.0,0.0,0.0,0.0,0.0,0.0,0.0,0.0,0.0,0.0,0.0,0.0,0.0,0.0,0.0,0.0,0.0,0.0,0.0,0.0,0.0,0.0,0.0,0.0,0.0,0.0,0.0,0.0,0.0,0.0,0.0,0.0,0.0,0.0,0.0,0.0,0.0,0.0,0.0,0.0,0.0,0.0,0.0,0.0,0.0,0.0,0.0,0.0,0.0,32768.0,32768.0,32848.0,32768.0,32768.0,32768.0,32768.0,32848.0,32768.0,32848.0,32848.0,32768.0,32848.0,32848.0,32768.0,32768.0,32848.0,32768.0,32848.0,32848.0,32848.0,32848.0,32788.0,32768.0,32768.0,32768.0,32788.0,32768.0,32848.0,32768.0,32768.0,32768.0,32848.0,32768.0,32768.0,32768.0,32768.0,32768.0,32788.0,32768.0,32768.0,32848.0,32768.0,32768.0,32768.0,32768.0,32848.0,32768.0,32848.0,32848.0,32848.0,32848.0,32848.0,32768.0,32768.0,32848.0,32768.0,32848.0,32848.0,32848.0,32848.0,32768.0,32768.0,32768.0,32768.0,32788.0,32768.0,32848.0,32768.0,32768.0,32768.0,32768.0,32848.0,32768.0,32788.0,32768.0,32848.0,32768.0,32768.0,32768.0,32768.0,32848.0,32768.0,32848.0,32848.0,32848.0,32848.0,32848.0,32768.0,32768.0,32768.0,32788.0,32768.0,32848.0,32848.0,32768.0,32768.0,32768.0,32768.0,32848.0,32768.0,32848.0,32848.0,32848.0,32848.0,32848.0,32768.0,32768.0,32848.0,32768.0,32848.0,32848.0,32848.0,32848.0,32768.0,32768.0,32768.0,32768.0,32788.0,32768.0,32848.0,32768.0,32768.0,32768.0,32768.0,32768.0,32788.0,32768.0,4194304.0,23601201.0,0.0,0.0,0.0,262144.0
125,0,1,1300,1300,32768,512,0,0,108,4,48,64,matmulbias_kernel,12739710655596,12739710679972,126,196,532074.0,2018.0,532074.0,0.0,754.0,2987285.0,0.0,0.0,41717622.0,41717622.0,4194304.0,622592.0,0.0,0.0,0.0,0.0,0.0,0.0,0.0,0.0,0.0,0.0,0.0,0.0,0.0,0.0,0.0,0.0,0.0,0.0,0.0,0.0,0.0,0.0,0.0,0.0,0.0,0.0,0.0,0.0,0.0,0.0,0.0,0.0,0.0,0.0,0.0,0.0,0.0,0.0,0.0,0.0,0.0,0.0,0.0,0.0,0.0,0.0,0.0,0.0,0.0,0.0,0.0,0.0,0.0,0.0,0.0,0.0,0.0,0.0,0.0,0.0,0.0,0.0,0.0,0.0,0.0,0.0,0.0,0.0,0.0,0.0,0.0,0.0,0.0,0.0,0.0,0.0,0.0,0.0,0.0,0.0,0.0,0.0,0.0,0.0,0.0,0.0,0.0,0.0,0.0,0.0,0.0,0.0,0.0,0.0,0.0,0.0,0.0,0.0,0.0,0.0,0.0,0.0,0.0,0.0,0.0,0.0,0.0,0.0,0.0,0.0,0.0,0.0,0.0,0.0,0.0,0.0,0.0,0.0,0.0,0.0,0.0,0.0,0.0,0.0,0.0,0.0,0.0,0.0,0.0,0.0,3096.0,3106.0,3106.0,3106.0,3090.0,3088.0,3088.0,3088.0,3088.0,3088.0,3088.0,3122.0,3088.0,3088.0,3096.0,3096.0,3096.0,3096.0,3096.0,3096.0,3096.0,3096.0,3122.0,3110.0,3122.0,3122.0,3122.0,3122.0,3122.0,3122.0,3098.0,3122.0,3122.0,3122.0,3098.0,3110.0,3122.0,3122.0,3122.0,3096.0,3122.0,3122.0,3122.0,3098.0,3096.0,3096.0,3096.0,3096.0,3096.0,3096.0,3096.0,3096.0,3096.0,3100.0,3100.0,3100.0,3100.0,3100.0,3100.0,3100.0,3100.0,3096.0,3116.0,3130.0,3130.0,3130.0,3130.0,3130.0,3130.0,3102.0,3104.0,3114.0,3096.0,3114.0,3114.0,3114.0,3114.0,3114.0,3094.0,3092.0,3092.0,3092.0,3092.0,3096.0,3092.0,3092.0,3092.0,3092.0,3104.0,3114.0,3114.0,3114.0,3114.0,3114.0,3096.0,3114.0,3094.0,3092.0,3092.0,3092.0,3092.0,3092.0,3092.0,3092.0,3092.0,3096.0,3092.0,3092.0,3092.0,3092.0,3092.0,3092.0,3092.0,3092.0,3104.0,3114.0,3110.0,3114.0,3114.0,3114.0,3114.0,3114.0,3094.0,3098.0,3106.0,3106.0,3106.0,3122.0,131072.0,2732258.0,0.0,262272.0,0.0,4096.0
126,0,1,1300,1300,4194304,256,0,0,12,4,32,64,"void at::native::vectorized_elementwise_kernel<4, at::native::FillFunctor<int>, std::array<char*, 1ul> >(int, at::native::FillFunctor<int>, std::array<char*, 1ul>)",12739711068093,12739711110629,127,85,829864.0,1810.0,829864.0,65536.0,2845.0,23994736.0,0.0,0.0,556820950.0,556820950.0,0.0,0.0,262144.0,0.0,0.0,0.0,0.0,0.0,0.0,0.0,0.0,0.0,0.0,0.0,0.0,0.0,0.0,0.0,0.0,0.0,0.0,0.0,0.0,0.0,0.0,0.0,0.0,0.0,0.0,0.0,0.0,0.0,0.0,0.0,0.0,0.0,0.0,0.0,0.0,0.0,0.0,0.0,0.0,0.0,0.0,0.0,0.0,0.0,0.0,0.0,0.0,0.0,0.0,0.0,0.0,0.0,0.0,0.0,0.0,0.0,0.0,0.0,0.0,0.0,0.0,0.0,0.0,0.0,0.0,0.0,0.0,0.0,0.0,0.0,0.0,0.0,0.0,0.0,0.0,0.0,0.0,0.0,0.0,0.0,0.0,0.0,0.0,0.0,0.0,0.0,0.0,0.0,0.0,0.0,0.0,0.0,0.0,0.0,0.0,0.0,0.0,0.0,0.0,0.0,0.0,0.0,0.0,0.0,0.0,0.0,0.0,0.0,0.0,0.0,0.0,0.0,0.0,0.0,0.0,0.0,0.0,0.0,0.0,0.0,0.0,0.0,0.0,0.0,0.0,0.0,0.0,0.0,32768.0,32768.0,32848.0,32768.0,32768.0,32768.0,32768.0,32848.0,32768.0,32848.0,32848.0,32788.0,32848.0,32848.0,32768.0,32768.0,32848.0,32768.0,32848.0,32848.0,32848.0,32848.0,32768.0,32768.0,32768.0,32788.0,32768.0,32768.0,32848.0,32768.0,32768.0,32768.0,32848.0,32768.0,32768.0,32768.0,32768.0,32788.0,32768.0,32768.0,32768.0,32848.0,32768.0,32768.0,32768.0,32768.0,32848.0,32768.0,32848.0,32848.0,32848.0,32848.0,32848.0,32768.0,32768.0,32848.0,32768.0,32848.0,32848.0,32848.0,32848.0,32768.0,32768.0,32768.0,32788.0,32768.0,32768.0,32848.0,32768.0,32768.0,32768.0,32768.0,32848.0,32788.0,32768.0,32768.0,32848.0,32768.0,32768.0,32768.0,32768.0,32848.0,32768.0,32848.0,32848.0,32848.0,32848.0,32848.0,32768.0,32768.0,32788.0,32768.0,32768.0,32848.0,32848.0,32768.0,32768.0,32768.0,32768.0,32848.0,32768.0,32848.0,32848.0,32848.0,32848.0,32848.0,32768.0,32768.0,32848.0,32768.0,32848.0,32848.0,32848.0,32848.0,32768.0,32768.0,32768.0,32788.0,32768.0,32768.0,32848.0,32768.0,32768.0,32768.0,32768.0,32788.0,32768.0,32768.0,4194304.0,23673951.0,0.0,0.0,0.0,262144.0
127,0,1,1300,1300,32768,512,0,0,108,4,48,64,matmulbias_kernel,12739711498550,12739711523045,128,196,533623.0,2018.0,533623.0,0.0,693.0,3019077.0,0.0,0.0,42959386.0,42959386.0,4194304.0,622592.0,0.0,0.0,0.0,0.0,0.0,0.0,0.0,0.0,0.0,0.0,0.0,0.0,0.0,0.0,0.0,0.0,0.0,0.0,0.0,0.0,0.0,0.0,0.0,0.0,0.0,0.0,0.0,0.0,0.0,0.0,0.0,0.0,0.0,0.0,0.0,0.0,0.0,0.0,0.0,0.0,0.0,0.0,0.0,0.0,0.0,0.0,0.0,0.0,0.0,0.0,0.0,0.0,0.0,0.0,0.0,0.0,0.0,0.0,0.0,0.0,0.0,0.0,0.0,0.0,0.0,0.0,0.0,0.0,0.0,0.0,0.0,0.0,0.0,0.0,0.0,0.0,0.0,0.0,0.0,0.0,0.0,0.0,0.0,0.0,0.0,0.0,0.0,0.0,0.0,0.0,0.0,0.0,0.0,0.0,0.0,0.0,0.0,0.0,0.0,0.0,0.0,0.0,0.0,0.0,0.0,0.0,0.0,0.0,0.0,0.0,0.0,0.0,0.0,0.0,0.0,0.0,0.0,0.0,0.0,0.0,0.0,0.0,0.0,0.0,0.0,0.0,0.0,0.0,0.0,0.0,3096.0,3122.0,3122.0,3122.0,3098.0,3096.0,3096.0,3096.0,3096.0,3096.0,3096.0,3122.0,3096.0,3096.0,3096.0,3096.0,3096.0,3096.0,3096.0,3096.0,3096.0,3096.0,3122.0,3110.0,3122.0,3122.0,3122.0,3122.0,3122.0,3122.0,3098.0,3122.0,3122.0,3122.0,3098.0,3104.0,3114.0,3114.0,3114.0,3096.0,3114.0,3114.0,3114.0,3094.0,3092.0,3092.0,3092.0,3092.0,3092.0,3092.0,3096.0,3092.0,3092.0,3092.0,3092.0,3092.0,3092.0,3092.0,3092.0,3092.0,3092.0,3096.0,3104.0,3114.0,3114.0,3114.0,3114.0,3114.0,3114.0,3094.0,3104.0,3114.0,3096.0,3114.0,3114.0,3114.0,3114.0,3114.0,3094.0,3092.0,3092.0,3092.0,3092.0,3096.0,3092.0,3092.0,3092.0,3092.0,3110.0,3122.0,3122.0,3122.0,3122.0,3122.0,3096.0,3122.0,3098.0,3096.0,3096.0,3096.0,3096.0,3096.0,3096.0,3096.0,3096.0,3096.0,3096.0,3096.0,3096.0,3096.0,3096.0,3096.0,3096.0,3096.0,3110.0,3122.0,3110.0,3122.0,3122.0,3122.0,3122.0,3122.0,3098.0,3110.0,3122.0,3122.0,3122.0,3122.0,131072.0,2765697.0,0.0,262272.0,0.0,4096.0
128,0,1,1300,1300,4194304,256,0,0,12,4,32,64,"void at::native::vectorized_elementwise_kernel<4, at::native::FillFunctor<int>, std::array<char*, 1ul> >(int, at::native::FillFunctor<int>, std::array<char*, 1ul>)",12739711909322,12739711951858,129,85,825121.0,1860.0,825121.0,65536.0,2881.0,23999041.0,0.0,0.0,555937940.0,555937940.0,0.0,0.0,262144.0,0.0,0.0,0.0,0.0,0.0,0.0,0.0,0.0,0.0,0.0,0.0,0.0,0.0,0.0,0.0,0.0,0.0,0.0,0.0,0.0,0.0,0.0,0.0,0.0,0.0,0.0,0.0,0.0,0.0,0.0,0.0,0.0,0.0,0.0,0.0,0.0,0.0,0.0,0.0,0.0,0.0,0.0,0.0,0.0,0.0,0.0,0.0,0.0,0.0,0.0,0.0,0.0,0.0,0.0,0.0,0.0,0.0,0.0,0.0,0.0,0.0,0.0,0.0,0.0,0.0,0.0,0.0,0.0,0.0,0.0,0.0,0.0,0.0,0.0,0.0,0.0,0.0,0.0,0.0,0.0,0.0,0.0,0.0,0.0,0.0,0.0,0.0,0.0,0.0,0.0,0.0,0.0,0.0,0.0,0.0,0.0,0.0,0.0,0.0,0.0,0.0,0.0,0.0,0.0,0.0,0.0,0.0,0.0,0.0,0.0,0.0,0.0,0.0,0.0,0.0,0.0,0.0,0.0,0.0,0.0,0.0,0.0,0.0,0.0,0.0,0.0,0.0,0.0,0.0,32768.0,32768.0,32848.0,32768.0,32768.0,32768.0,32788.0,32848.0,32768.0,32848.0,32848.0,32768.0,32848.0,32848.0,32768.0,32788.0,32848.0,32768.0,32848.0,32848.0,32848.0,32848.0,32768.0,32768.0,32768.0,32768.0,32768.0,32768.0,32848.0,32768.0,32768.0,32768.0,32848.0,32768.0,32768.0,32768.0,32768.0,32768.0,32768.0,32788.0,32768.0,32848.0,32768.0,32768.0,32768.0,32788.0,32848.0,32768.0,32848.0,32848.0,32848.0,32848.0,32848.0,32768.0,32788.0,32848.0,32768.0,32848.0,32848.0,32848.0,32848.0,32768.0,32768.0,32768.0,32768.0,32768.0,32768.0,32848.0,32768.0,32768.0,32768.0,32768.0,32848.0,32768.0,32768.0,32768.0,32848.0,32768.0,32768.0,32768.0,32788.0,32848.0,32768.0,32848.0,32848.0,32848.0,32848.0,32848.0,32768.0,32768.0,32768.0,32768.0,32768.0,32848.0,32848.0,32768.0,32768.0,32768.0,32788.0,32848.0,32768.0,32848.0,32848.0,32848.0,32848.0,32848.0,32768.0,32788.0,32848.0,32768.0,32848.0,32848.0,32848.0,32848.0,32768.0,32768.0,32768.0,32768.0,32768.0,32768.0,32848.0,32768.0,32768.0,32768.0,32768.0,32768.0,32768.0,32768.0,4194304.0,23631063.0,0.0,0.0,0.0,262144.0
129,0,1,1300,1300,32768,512,0,0,108,4,48,64,matmulbias_kernel,12739712340741,12739712365437,130,196,532038.0,2068.0,532038.0,0.0,731.0,3051821.0,0.0,0.0,43640726.0,43640726.0,4194304.0,622592.0,0.0,0.0,0.0,0.0,0.0,0.0,0.0,0.0,0.0,0.0,0.0,0.0,0.0,0.0,0.0,0.0,0.0,0.0,0.0,0.0,0.0,0.0,0.0,0.0,0.0,0.0,0.0,0.0,0.0,0.0,0.0,0.0,0.0,0.0,0.0,0.0,0.0,0.0,0.0,0.0,0.0,0.0,0.0,0.0,0.0,0.0,0.0,0.0,0.0,0.0,0.0,0.0,0.0,0.0,0.0,0.0,0.0,0.0,0.0,0.0,0.0,0.0,0.0,0.0,0.0,0.0,0.0,0.0,0.0,0.0,0.0,0.0,0.0,0.0,0.0,0.0,0.0,0.0,0.0,0.0,0.0,0.0,0.0,0.0,0.0,0.0,0.0,0.0,0.0,0.0,0.0,0.0,0.0,0.0,0.0,0.0,0.0,0.0,0.0,0.0,0.0,0.0,0.0,0.0,0.0,0.0,0.0,0.0,0.0,0.0,0.0,0.0,0.0,0.0,0.0,0.0,0.0,0.0,0.0,0.0,0.0,0.0,0.0,0.0,0.0,0.0,0.0,0.0,0.0,0.0,3100.0,3122.0,3122.0,3122.0,3098.0,3096.0,3096.0,3096.0,3096.0,3096.0,3096.0,3130.0,3096.0,3096.0,3104.0,3104.0,3104.0,3104.0,3104.0,3104.0,3104.0,3104.0,3130.0,3122.0,3138.0,3138.0,3138.0,3138.0,3138.0,3138.0,3106.0,3130.0,3130.0,3130.0,3102.0,3110.0,3122.0,3122.0,3122.0,3100.0,3122.0,3122.0,3122.0,3098.0,3096.0,3096.0,3096.0,3096.0,3096.0,3096.0,3100.0,3096.0,3096.0,3096.0,3096.0,3096.0,3096.0,3096.0,3096.0,3096.0,3096.0,3100.0,3110.0,3122.0,3122.0,3122.0,3122.0,3122.0,3122.0,3098.0,3116.0,3130.0,3100.0,3130.0,3130.0,3130.0,3130.0,3130.0,3102.0,3100.0,3100.0,3100.0,3100.0,3100.0,3100.0,3100.0,3100.0,3100.0,3116.0,3130.0,3130.0,3130.0,3130.0,3130.0,3100.0,3130.0,3102.0,3100.0,3100.0,3100.0,3100.0,3100.0,3100.0,3100.0,3100.0,3100.0,3092.0,3092.0,3092.0,3092.0,3092.0,3092.0,3092.0,3092.0,3104.0,3114.0,3116.0,3114.0,3114.0,3114.0,3114.0,3114.0,3094.0,3110.0,3122.0,3122.0,3122.0,3130.0,131072.0,2792078.0,0.0,262272.0,0.0,4096.0
130,0,1,1300,1300,4194304,256,0,0,12,4,32,64,"void at::native::vectorized_elementwise_kernel<4, at::native::FillFunctor<int>, std::array<char*, 1ul> >(int, at::native::FillFunctor<int>, std::array<char*, 1ul>)",12739712757888,12739712800665,131,85,839537.0,1810.0,839537.0,65536.0,3130.0,24173243.0,0.0,0.0,559531731.0,559531731.0,0.0,0.0,262144.0,0.0,0.0,0.0,0.0,0.0,0.0,0.0,0.0,0.0,0.0,0.0,0.0,0.0,0.0,0.0,0.0,0.0,0.0,0.0,0.0,0.0,0.0,0.0,0.0,0.0,0.0,0.0,0.0,0.0,0.0,0.0,0.0,0.0,0.0,0.0,0.0,0.0,0.0,0.0,0.0,0.0,0.0,0.0,0.0,0.0,0.0,0.0,0.0,0.0,0.0,0.0,0.0,0.0,0.0,0.0,0.0,0.0,0.0,0.0,0.0,0.0,0.0,0.0,0.0,0.0,0.0,0.0,0.0,0.0,0.0,0.0,0.0,0.0,0.0,0.0,0.0,0.0,0.0,0.0,0.0,0.0,0.0,0.0,0.0,0.0,0.0,0.0,0.0,0.0,0.0,0.0,0.0,0.0,0.0,0.0,0.0,0.0,0.0,0.0,0.0,0.0,0.0,0.0,0.0,0.0,0.0,0.0,0.0,0.0,0.0,0.0,0.0,0.0,0.0,0.0,0.0,0.0,0.0,0.0,0.0,0.0,0.0,0.0,0.0,0.0,0.0,0.0,0.0,0.0,32788.0,32768.0,32848.0,32768.0,32768.0,32788.0,32768.0,32848.0,32768.0,32848.0,32848.0,32768.0,32848.0,32848.0,32788.0,32768.0,32848.0,32768.0,32848.0,32848.0,32848.0,32848.0,32768.0,32768.0,32768.0,32768.0,32768.0,32768.0,32848.0,32768.0,32768.0,32768.0,32848.0,32768.0,32768.0,32768.0,32768.0,32768.0,32768.0,32768.0,32768.0,32848.0,32768.0,32768.0,32788.0,32768.0,32848.0,32768.0,32848.0,32848.0,32848.0,32848.0,32848.0,32788.0,32768.0,32848.0,32768.0,32848.0,32848.0,32848.0,32848.0,32768.0,32768.0,32768.0,32768.0,32768.0,32768.0,32848.0,32768.0,32768.0,32768.0,32768.0,32848.0,32768.0,32768.0,32768.0,32848.0,32768.0,32768.0,32788.0,32768.0,32848.0,32768.0,32848.0,32848.0,32848.0,32848.0,32848.0,32768.0,32768.0,32768.0,32768.0,32768.0,32848.0,32848.0,32768.0,32768.0,32788.0,32768.0,32848.0,32768.0,32848.0,32848.0,32848.0,32848.0,32848.0,32788.0,32768.0,32848.0,32768.0,32848.0,32848.0,32848.0,32848.0,32768.0,32768.0,32768.0,32768.0,32768.0,32768.0,32848.0,32768.0,32768.0,32768.0,32768.0,32768.0,32768.0,32768.0,4194304.0,23799988.0,0.0,0.0,0.0,262144.0
131,0,1,1300,1300,32768,512,0,0,108,4,48,64,matmulbias_kernel,12739713199330,12739713224587,132,196,544218.0,2018.0,544218.0,0.0,706.0,3105917.0,0.0,0.0,45370758.0,45370758.0,4194304.0,622592.0,0.0,0.0,0.0,0.0,0.0,0.0,0.0,0.0,0.0,0.0,0.0,0.0,0.0,0.0,0.0,0.0,0.0,0.0,0.0,0.0,0.0,0.0,0.0,0.0,0.0,0.0,0.0,0.0,0.0,0.0,0.0,0.0,0.0,0.0,0.0,0.0,0.0,0.0,0.0,0.0,0.0,0.0,0.0,0.0,0.0,0.0,0.0,0.0,0.0,0.0,0.0,0.0,0.0,0.0,0.0,0.0,0.0,0.0,0.0,0.0,0.0,0.0,0.0,0.0,0.0,0.0,0.0,0.0,0.0,0.0,0.0,0.0,0.0,0.0,0.0,0.0,0.0,0.0,0.0,0.0,0.0,0.0,0.0,0.0,0.0,0.0,0.0,0.0,0.0,0.0,0.0,0.0,0.0,0.0,0.0,0.0,0.0,0.0,0.0,0.0,0.0,0.0,0.0,0.0,0.0,0.0,0.0,0.0,0.0,0.0,0.0,0.0,0.0,0.0,0.0,0.0,0.0,0.0,0.0,0.0,0.0,0.0,0.0,0.0,0.0,0.0,0.0,0.0,0.0,0.0,3100.0,3114.0,3114.0,3114.0,3094.0,3092.0,3092.0,3092.0,3092.0,3092.0,3092.0,3130.0,3092.0,3092.0,3096.0,3096.0,3096.0,3096.0,3096.0,3096.0,3096.0,3096.0,3130.0,3110.0,3122.0,3122.0,3122.0,3122.0,3122.0,3122.0,3098.0,3130.0,3130.0,3130.0,3102.0,3110.0,3122.0,3122.0,3122.0,3100.0,3122.0,3122.0,3122.0,3098.0,3096.0,3096.0,3096.0,3096.0,3096.0,3096.0,3100.0,3096.0,3096.0,3104.0,3104.0,3104.0,3104.0,3104.0,3104.0,3104.0,3104.0,3100.0,3122.0,3138.0,3138.0,3138.0,3138.0,3138.0,3138.0,3106.0,3116.0,3130.0,3100.0,3130.0,3130.0,3130.0,3130.0,3130.0,3102.0,3100.0,3100.0,3100.0,3100.0,3100.0,3100.0,3100.0,3100.0,3100.0,3110.0,3122.0,3122.0,3122.0,3122.0,3122.0,3100.0,3122.0,3098.0,3096.0,3096.0,3096.0,3096.0,3096.0,3096.0,3096.0,3096.0,3100.0,3100.0,3100.0,3100.0,3100.0,3100.0,3100.0,3100.0,3100.0,3116.0,3130.0,3116.0,3130.0,3130.0,3130.0,3130.0,3130.0,3102.0,3104.0,3114.0,3114.0,3114.0,3130.0,131072.0,2847832.0,0.0,262272.0,0.0,4096.0
132,0,1,1300,1300,4194304,256,0,0,12,4,32,64,"void at::native::vectorized_elementwise_kernel<4, at::native::FillFunctor<int>, std::array<char*, 1ul> >(int, at::native::FillFunctor<int>, std::array<char*, 1ul>)",12739713614672,12739713657530,133,85,833222.0,1810.0,833222.0,65536.0,2898.0,23971549.0,0.0,0.0,555077527.0,555077527.0,0.0,0.0,262144.0,0.0,0.0,0.0,0.0,0.0,0.0,0.0,0.0,0.0,0.0,0.0,0.0,0.0,0.0,0.0,0.0,0.0,0.0,0.0,0.0,0.0,0.0,0.0,0.0,0.0,0.0,0.0,0.0,0.0,0.0,0.0,0.0,0.0,0.0,0.0,0.0,0.0,0.0,0.0,0.0,0.0,0.0,0.0,0.0,0.0,0.0,0.0,0.0,0.0,0.0,0.0,0.0,0.0,0.0,0.0,0.0,0.0,0.0,0.0,0.0,0.0,0.0,0.0,0.0,0.0,0.0,0.0,0.0,0.0,0.0,0.0,0.0,0.0,0.0,0.0,0.0,0.0,0.0,0.0,0.0,0.0,0.0,0.0,0.0,0.0,0.0,0.0,0.0,0.0,0.0,0.0,0.0,0.0,0.0,0.0,0.0,0.0,0.0,0.0,0.0,0.0,0.0,0.0,0.0,0.0,0.0,0.0,0.0,0.0,0.0,0.0,0.0,0.0,0.0,0.0,0.0,0.0,0.0,0.0,0.0,0.0,0.0,0.0,0.0,0.0,0.0,0.0,0.0,0.0,32768.0,32768.0,32848.0,32768.0,32768.0,32768.0,32768.0,32848.0,32788.0,32848.0,32849.0,32768.0,32848.0,32848.0,32768.0,32768.0,32848.0,32788.0,32848.0,32849.0,32848.0,32848.0,32769.0,32768.0,32768.0,32768.0,32769.0,32768.0,32848.0,32768.0,32768.0,32768.0,32848.0,32768.0,32768.0,32768.0,32768.0,32768.0,32769.0,32768.0,32768.0,32848.0,32768.0,32768.0,32768.0,32768.0,32848.0,32788.0,32848.0,32849.0,32848.0,32848.0,32848.0,32768.0,32768.0,32848.0,32788.0,32848.0,32849.0,32848.0,32848.0,32788.0,32768.0,32768.0,32768.0,32769.0,32768.0,32848.0,32768.0,32768.0,32768.0,32768.0,32848.0,32768.0,32769.0,32768.0,32848.0,32768.0,32768.0,32768.0,32768.0,32848.0,32788.0,32849.0,32848.0,32849.0,32848.0,32848.0,32768.0,32768.0,32768.0,32769.0,32768.0,32848.0,32848.0,32768.0,32768.0,32768.0,32768.0,32848.0,32788.0,32848.0,32849.0,32848.0,32848.0,32848.0,32768.0,32768.0,32848.0,32788.0,32848.0,32849.0,32848.0,32848.0,32768.0,32768.0,32768.0,32768.0,32769.0,32768.0,32848.0,32768.0,32768.0,32768.0,32768.0,32768.0,32769.0,32768.0,4194304.0,23590564.0,0.0,0.0,0.0,262144.0
133,0,1,1300,1300,32768,512,0,0,108,4,48,64,matmulbias_kernel,12739714054591,12739714079608,134,196,532646.0,2068.0,532646.0,0.0,692.0,3077143.0,0.0,0.0,44516769.0,44516769.0,4194304.0,622592.0,0.0,0.0,0.0,0.0,0.0,0.0,0.0,0.0,0.0,0.0,0.0,0.0,0.0,0.0,0.0,0.0,0.0,0.0,0.0,0.0,0.0,0.0,0.0,0.0,0.0,0.0,0.0,0.0,0.0,0.0,0.0,0.0,0.0,0.0,0.0,0.0,0.0,0.0,0.0,0.0,0.0,0.0,0.0,0.0,0.0,0.0,0.0,0.0,0.0,0.0,0.0,0.0,0.0,0.0,0.0,0.0,0.0,0.0,0.0,0.0,0.0,0.0,0.0,0.0,0.0,0.0,0.0,0.0,0.0,0.0,0.0,0.0,0.0,0.0,0.0,0.0,0.0,0.0,0.0,0.0,0.0,0.0,0.0,0.0,0.0,0.0,0.0,0.0,0.0,0.0,0.0,0.0,0.0,0.0,0.0,0.0,0.0,0.0,0.0,0.0,0.0,0.0,0.0,0.0,0.0,0.0,0.0,0.0,0.0,0.0,0.0,0.0,0.0,0.0,0.0,0.0,0.0,0.0,0.0,0.0,0.0,0.0,0.0,0.0,0.0,0.0,0.0,0.0,0.0,0.0,3100.0,3122.0,3122.0,3122.0,3099.0,3096.0,3096.0,3096.0,3096.0,3096.0,3096.0,3131.0,3096.0,3096.0,3096.0,3096.0,3096.0,3096.0,3096.0,3096.0,3096.0,3096.0,3130.0,3110.0,3122.0,3123.0,3122.0,3122.0,3122.0,3122.0,3099.0,3130.0,3130.0,3130.0,3103.0,3116.0,3130.0,3131.0,3130.0,3100.0,3130.0,3130.0,3130.0,3103.0,3100.0,3100.0,3100.0,3100.0,3100.0,3100.0,3100.0,3100.0,3100.0,3100.0,3100.0,3100.0,3100.0,3100.0,3100.0,3100.0,3100.0,3100.0,3116.0,3130.0,3131.0,3130.0,3130.0,3130.0,3130.0,3103.0,3104.0,3114.0,3100.0,3115.0,3114.0,3114.0,3114.0,3114.0,3095.0,3092.0,3092.0,3092.0,3092.0,3100.0,3092.0,3092.0,3092.0,3092.0,3104.0,3114.0,3115.0,3114.0,3114.0,3114.0,3100.0,3114.0,3095.0,3092.0,3092.0,3092.0,3092.0,3092.0,3092.0,3092.0,3092.0,3100.0,3092.0,3092.0,3092.0,3092.0,3092.0,3092.0,3092.0,3092.0,3104.0,3114.0,3116.0,3115.0,3114.0,3114.0,3114.0,3114.0,3095.0,3110.0,3122.0,3123.0,3122.0,3130.0,131072.0,2815665.0,0.0,262272.0,0.0,4096.0
134,0,1,1300,1300,4194304,256,0,0,12,4,32,64,"void at::native::vectorized_elementwise_kernel<4, at::native::FillFunctor<int>, std::array<char*, 1ul> >(int, at::native::FillFunctor<int>, std::array<char*, 1ul>)",12739714469252,12739714511668,135,85,824990.0,1860.0,824990.0,65536.0,2853.0,23987390.0,0.0,0.0,556911693.0,556911693.0,0.0,0.0,262144.0,0.0,0.0,0.0,0.0,0.0,0.0,0.0,0.0,0.0,0.0,0.0,0.0,0.0,0.0,0.0,0.0,0.0,0.0,0.0,0.0,0.0,0.0,0.0,0.0,0.0,0.0,0.0,0.0,0.0,0.0,0.0,0.0,0.0,0.0,0.0,0.0,0.0,0.0,0.0,0.0,0.0,0.0,0.0,0.0,0.0,0.0,0.0,0.0,0.0,0.0,0.0,0.0,0.0,0.0,0.0,0.0,0.0,0.0,0.0,0.0,0.0,0.0,0.0,0.0,0.0,0.0,0.0,0.0,0.0,0.0,0.0,0.0,0.0,0.0,0.0,0.0,0.0,0.0,0.0,0.0,0.0,0.0,0.0,0.0,0.0,0.0,0.0,0.0,0.0,0.0,0.0,0.0,0.0,0.0,0.0,0.0,0.0,0.0,0.0,0.0,0.0,0.0,0.0,0.0,0.0,0.0,0.0,0.0,0.0,0.0,0.0,0.0,0.0,0.0,0.0,0.0,0.0,0.0,0.0,0.0,0.0,0.0,0.0,0.0,0.0,0.0,0.0,0.0,0.0,32768.0,32768.0,32848.0,32768.0,32768.0,32768.0,32768.0,32868.0,32768.0,32848.0,32848.0,32768.0,32848.0,32848.0,32768.0,32768.0,32868.0,32768.0,32848.0,32848.0,32848.0,32848.0,32768.0,32768.0,32768.0,32768.0,32768.0,32768.0,32848.0,32768.0,32768.0,32768.0,32848.0,32768.0,32768.0,32768.0,32768.0,32768.0,32768.0,32768.0,32768.0,32848.0,32768.0,32768.0,32768.0,32768.0,32868.0,32768.0,32848.0,32848.0,32868.0,32848.0,32848.0,32768.0,32768.0,32868.0,32768.0,32848.0,32848.0,32848.0,32848.0,32768.0,32768.0,32768.0,32768.0,32768.0,32768.0,32848.0,32768.0,32768.0,32768.0,32768.0,32848.0,32768.0,32768.0,32768.0,32848.0,32768.0,32768.0,32768.0,32768.0,32868.0,32768.0,32848.0,32848.0,32848.0,32848.0,32848.0,32768.0,32768.0,32768.0,32768.0,32768.0,32848.0,32848.0,32768.0,32768.0,32768.0,32768.0,32868.0,32768.0,32848.0,32848.0,32848.0,32848.0,32848.0,32768.0,32768.0,32868.0,32768.0,32848.0,32848.0,32848.0,32848.0,32768.0,32768.0,32768.0,32768.0,32768.0,32768.0,32848.0,32768.0,32768.0,32768.0,32768.0,32768.0,32768.0,32768.0,4194304.0,23675167.0,0.0,0.0,0.0,262144.0
135,0,1,1300,1300,32768,512,0,0,108,4,48,64,matmulbias_kernel,12739714901593,12739714926610,136,196,544606.0,2018.0,544606.0,0.0,782.0,3059901.0,0.0,0.0,44003531.0,44003531.0,4194304.0,622592.0,0.0,0.0,0.0,0.0,0.0,0.0,0.0,0.0,0.0,0.0,0.0,0.0,0.0,0.0,0.0,0.0,0.0,0.0,0.0,0.0,0.0,0.0,0.0,0.0,0.0,0.0,0.0,0.0,0.0,0.0,0.0,0.0,0.0,0.0,0.0,0.0,0.0,0.0,0.0,0.0,0.0,0.0,0.0,0.0,0.0,0.0,0.0,0.0,0.0,0.0,0.0,0.0,0.0,0.0,0.0,0.0,0.0,0.0,0.0,0.0,0.0,0.0,0.0,0.0,0.0,0.0,0.0,0.0,0.0,0.0,0.0,0.0,0.0,0.0,0.0,0.0,0.0,0.0,0.0,0.0,0.0,0.0,0.0,0.0,0.0,0.0,0.0,0.0,0.0,0.0,0.0,0.0,0.0,0.0,0.0,0.0,0.0,0.0,0.0,0.0,0.0,0.0,0.0,0.0,0.0,0.0,0.0,0.0,0.0,0.0,0.0,0.0,0.0,0.0,0.0,0.0,0.0,0.0,0.0,0.0,0.0,0.0,0.0,0.0,0.0,0.0,0.0,0.0,0.0,0.0,3100.0,3130.0,3130.0,3130.0,3102.0,3100.0,3100.0,3100.0,3101.0,3100.0,3100.0,3130.0,3100.0,3100.0,3100.0,3100.0,3100.0,3101.0,3100.0,3100.0,3100.0,3100.0,3131.0,3116.0,3130.0,3130.0,3131.0,3130.0,3130.0,3130.0,3102.0,3130.0,3130.0,3130.0,3102.0,3110.0,3122.0,3122.0,3123.0,3100.0,3122.0,3122.0,3122.0,3098.0,3096.0,3096.0,3096.0,3097.0,3096.0,3096.0,3100.0,3096.0,3096.0,3096.0,3096.0,3096.0,3097.0,3096.0,3096.0,3096.0,3096.0,3101.0,3110.0,3122.0,3122.0,3123.0,3122.0,3122.0,3122.0,3098.0,3110.0,3122.0,3100.0,3122.0,3123.0,3122.0,3122.0,3122.0,3098.0,3096.0,3096.0,3096.0,3097.0,3100.0,3096.0,3096.0,3096.0,3096.0,3116.0,3130.0,3130.0,3131.0,3130.0,3130.0,3100.0,3130.0,3102.0,3100.0,3100.0,3100.0,3101.0,3100.0,3100.0,3100.0,3100.0,3100.0,3096.0,3096.0,3096.0,3097.0,3096.0,3096.0,3096.0,3096.0,3110.0,3122.0,3116.0,3122.0,3123.0,3122.0,3122.0,3122.0,3098.0,3116.0,3130.0,3130.0,3131.0,3130.0,131072.0,2795691.0,0.0,262272.0,0.0,4096.0
136,0,1,1300,1300,4194304,256,0,0,12,4,32,64,"void at::native::vectorized_elementwise_kernel<4, at::native::FillFunctor<int>, std::array<char*, 1ul> >(int, at::native::FillFunctor<int>, std::array<char*, 1ul>)",12739715331329,12739715373905,137,85,835474.0,1810.0,835474.0,65536.0,2859.0,23958098.0,0.0,0.0,556414398.0,556414398.0,0.0,0.0,262144.0,0.0,0.0,0.0,0.0,0.0,0.0,0.0,0.0,0.0,0.0,0.0,0.0,0.0,0.0,0.0,0.0,0.0,0.0,0.0,0.0,0.0,0.0,0.0,0.0,0.0,0.0,0.0,0.0,0.0,0.0,0.0,0.0,0.0,0.0,0.0,0.0,0.0,0.0,0.0,0.0,0.0,0.0,0.0,0.0,0.0,0.0,0.0,0.0,0.0,0.0,0.0,0.0,0.0,0.0,0.0,0.0,0.0,0.0,0.0,0.0,0.0,0.0,0.0,0.0,0.0,0.0,0.0,0.0,0.0,0.0,0.0,0.0,0.0,0.0,0.0,0.0,0.0,0.0,0.0,0.0,0.0,0.0,0.0,0.0,0.0,0.0,0.0,0.0,0.0,0.0,0.0,0.0,0.0,0.0,0.0,0.0,0.0,0.0,0.0,0.0,0.0,0.0,0.0,0.0,0.0,0.0,0.0,0.0,0.0,0.0,0.0,0.0,0.0,0.0,0.0,0.0,0.0,0.0,0.0,0.0,0.0,0.0,0.0,0.0,0.0,0.0,0.0,0.0,0.0,32768.0,32769.0,32848.0,32768.0,32769.0,32768.0,32768.0,32848.0,32768.0,32848.0,32868.0,32768.0,32848.0,32848.0,32768.0,32768.0,32848.0,32768.0,32848.0,32868.0,32848.0,32848.0,32768.0,32768.0,32768.0,32768.0,32768.0,32769.0,32848.0,32768.0,32769.0,32769.0,32848.0,32768.0,32769.0,32768.0,32768.0,32768.0,32768.0,32768.0,32769.0,32848.0,32768.0,32769.0,32768.0,32768.0,32848.0,32768.0,32848.0,32868.0,32848.0,32848.0,32848.0,32768.0,32768.0,32848.0,32768.0,32848.0,32868.0,32848.0,32848.0,32768.0,32768.0,32768.0,32768.0,32768.0,32769.0,32848.0,32768.0,32769.0,32768.0,32768.0,32848.0,32768.0,32768.0,32769.0,32848.0,32768.0,32769.0,32768.0,32768.0,32848.0,32768.0,32868.0,32848.0,32868.0,32848.0,32848.0,32768.0,32768.0,32768.0,32768.0,32769.0,32848.0,32848.0,32768.0,32769.0,32768.0,32768.0,32848.0,32768.0,32848.0,32868.0,32848.0,32848.0,32848.0,32768.0,32768.0,32848.0,32768.0,32848.0,32868.0,32848.0,32848.0,32768.0,32768.0,32768.0,32768.0,32768.0,32769.0,32848.0,32768.0,32769.0,32768.0,32768.0,32768.0,32768.0,32768.0,4194304.0,23650286.0,0.0,0.0,0.0,262144.0
137,0,1,1300,1300,32768,512,0,0,108,4,48,64,matmulbias_kernel,12739715773973,12739715799431,138,196,541450.0,2018.0,541450.0,0.0,732.0,3115787.0,0.0,0.0,45354933.0,45354933.0,4194304.0,622592.0,0.0,0.0,0.0,0.0,0.0,0.0,0.0,0.0,0.0,0.0,0.0,0.0,0.0,0.0,0.0,0.0,0.0,0.0,0.0,0.0,0.0,0.0,0.0,0.0,0.0,0.0,0.0,0.0,0.0,0.0,0.0,0.0,0.0,0.0,0.0,0.0,0.0,0.0,0.0,0.0,0.0,0.0,0.0,0.0,0.0,0.0,0.0,0.0,0.0,0.0,0.0,0.0,0.0,0.0,0.0,0.0,0.0,0.0,0.0,0.0,0.0,0.0,0.0,0.0,0.0,0.0,0.0,0.0,0.0,0.0,0.0,0.0,0.0,0.0,0.0,0.0,0.0,0.0,0.0,0.0,0.0,0.0,0.0,0.0,0.0,0.0,0.0,0.0,0.0,0.0,0.0,0.0,0.0,0.0,0.0,0.0,0.0,0.0,0.0,0.0,0.0,0.0,0.0,0.0,0.0,0.0,0.0,0.0,0.0,0.0,0.0,0.0,0.0,0.0,0.0,0.0,0.0,0.0,0.0,0.0,0.0,0.0,0.0,0.0,0.0,0.0,0.0,0.0,0.0,0.0,3096.0,3130.0,3130.0,3130.0,3102.0,3100.0,3100.0,3100.0,3100.0,3100.0,3100.0,3122.0,3100.0,3100.0,3096.0,3096.0,3096.0,3096.0,3096.0,3096.0,3096.0,3096.0,3122.0,3110.0,3122.0,3122.0,3122.0,3122.0,3122.0,3122.0,3098.0,3122.0,3122.0,3122.0,3098.0,3110.0,3122.0,3122.0,3122.0,3096.0,3122.0,3122.0,3122.0,3098.0,3096.0,3096.0,3096.0,3096.0,3096.0,3096.0,3096.0,3096.0,3096.0,3092.0,3092.0,3092.0,3092.0,3092.0,3092.0,3092.0,3092.0,3096.0,3104.0,3114.0,3114.0,3114.0,3114.0,3114.0,3114.0,3094.0,3110.0,3122.0,3096.0,3122.0,3122.0,3122.0,3122.0,3122.0,3098.0,3096.0,3096.0,3096.0,3096.0,3096.0,3096.0,3096.0,3096.0,3096.0,3110.0,3122.0,3122.0,3122.0,3122.0,3122.0,3096.0,3122.0,3098.0,3096.0,3096.0,3096.0,3096.0,3096.0,3096.0,3096.0,3096.0,3096.0,3100.0,3100.0,3100.0,3100.0,3100.0,3100.0,3100.0,3100.0,3116.0,3130.0,3110.0,3130.0,3130.0,3130.0,3130.0,3130.0,3102.0,3116.0,3130.0,3130.0,3130.0,3122.0,131072.0,2844991.0,0.0,262272.0,0.0,4096.0
138,0,1,1300,1300,4194304,256,0,0,12,4,32,64,"void at::native::vectorized_elementwise_kernel<4, at::native::FillFunctor<int>, std::array<char*, 1ul> >(int, at::native::FillFunctor<int>, std::array<char*, 1ul>)",12739716189476,12739716232053,139,85,813975.0,1810.0,813975.0,65536.0,2918.0,24076460.0,0.0,0.0,558661243.0,558661243.0,0.0,0.0,262144.0,0.0,0.0,0.0,0.0,0.0,0.0,0.0,0.0,0.0,0.0,0.0,0.0,0.0,0.0,0.0,0.0,0.0,0.0,0.0,0.0,0.0,0.0,0.0,0.0,0.0,0.0,0.0,0.0,0.0,0.0,0.0,0.0,0.0,0.0,0.0,0.0,0.0,0.0,0.0,0.0,0.0,0.0,0.0,0.0,0.0,0.0,0.0,0.0,0.0,0.0,0.0,0.0,0.0,0.0,0.0,0.0,0.0,0.0,0.0,0.0,0.0,0.0,0.0,0.0,0.0,0.0,0.0,0.0,0.0,0.0,0.0,0.0,0.0,0.0,0.0,0.0,0.0,0.0,0.0,0.0,0.0,0.0,0.0,0.0,0.0,0.0,0.0,0.0,0.0,0.0,0.0,0.0,0.0,0.0,0.0,0.0,0.0,0.0,0.0,0.0,0.0,0.0,0.0,0.0,0.0,0.0,0.0,0.0,0.0,0.0,0.0,0.0,0.0,0.0,0.0,0.0,0.0,0.0,0.0,0.0,0.0,0.0,0.0,0.0,0.0,0.0,0.0,0.0,0.0,32768.0,32768.0,32849.0,32768.0,32769.0,32768.0,32768.0,32848.0,32768.0,32868.0,32848.0,32768.0,32848.0,32848.0,32768.0,32768.0,32848.0,32768.0,32868.0,32848.0,32848.0,32848.0,32768.0,32768.0,32768.0,32768.0,32768.0,32768.0,32849.0,32768.0,32769.0,32768.0,32849.0,32768.0,32769.0,32768.0,32768.0,32768.0,32768.0,32768.0,32768.0,32849.0,32768.0,32769.0,32768.0,32768.0,32848.0,32768.0,32868.0,32848.0,32848.0,32848.0,32848.0,32768.0,32768.0,32848.0,32768.0,32868.0,32848.0,32848.0,32848.0,32768.0,32768.0,32768.0,32768.0,32768.0,32768.0,32849.0,32768.0,32769.0,32768.0,32768.0,32868.0,32768.0,32768.0,32768.0,32849.0,32768.0,32769.0,32768.0,32768.0,32848.0,32768.0,32848.0,32868.0,32848.0,32848.0,32848.0,32768.0,32768.0,32768.0,32768.0,32768.0,32849.0,32848.0,32768.0,32769.0,32768.0,32768.0,32848.0,32768.0,32868.0,32848.0,32848.0,32848.0,32848.0,32768.0,32768.0,32848.0,32768.0,32868.0,32848.0,32848.0,32848.0,32768.0,32768.0,32768.0,32768.0,32768.0,32768.0,32849.0,32768.0,32769.0,32768.0,32768.0,32768.0,32768.0,32768.0,4194304.0,23750424.0,0.0,0.0,0.0,262144.0
139,0,1,1300,1300,32768,512,0,0,108,4,48,64,matmulbias_kernel,12739716632041,12739716657859,140,196,561677.0,2018.0,561677.0,0.0,830.0,3146794.0,0.0,0.0,46297114.0,46297114.0,4194304.0,622592.0,0.0,0.0,0.0,0.0,0.0,0.0,0.0,0.0,0.0,0.0,0.0,0.0,0.0,0.0,0.0,0.0,0.0,0.0,0.0,0.0,0.0,0.0,0.0,0.0,0.0,0.0,0.0,0.0,0.0,0.0,0.0,0.0,0.0,0.0,0.0,0.0,0.0,0.0,0.0,0.0,0.0,0.0,0.0,0.0,0.0,0.0,0.0,0.0,0.0,0.0,0.0,0.0,0.0,0.0,0.0,0.0,0.0,0.0,0.0,0.0,0.0,0.0,0.0,0.0,0.0,0.0,0.0,0.0,0.0,0.0,0.0,0.0,0.0,0.0,0.0,0.0,0.0,0.0,0.0,0.0,0.0,0.0,0.0,0.0,0.0,0.0,0.0,0.0,0.0,0.0,0.0,0.0,0.0,0.0,0.0,0.0,0.0,0.0,0.0,0.0,0.0,0.0,0.0,0.0,0.0,0.0,0.0,0.0,0.0,0.0,0.0,0.0,0.0,0.0,0.0,0.0,0.0,0.0,0.0,0.0,0.0,0.0,0.0,0.0,0.0,0.0,0.0,0.0,0.0,0.0,3096.0,3114.0,3114.0,3114.0,3095.0,3092.0,3092.0,3092.0,3092.0,3093.0,3092.0,3122.0,3092.0,3092.0,3100.0,3100.0,3100.0,3100.0,3101.0,3100.0,3100.0,3100.0,3122.0,3116.0,3130.0,3130.0,3130.0,3130.0,3130.0,3130.0,3103.0,3122.0,3122.0,3122.0,3099.0,3110.0,3122.0,3122.0,3122.0,3096.0,3122.0,3122.0,3122.0,3099.0,3096.0,3096.0,3096.0,3096.0,3097.0,3096.0,3096.0,3096.0,3096.0,3096.0,3096.0,3096.0,3096.0,3097.0,3096.0,3096.0,3096.0,3096.0,3110.0,3122.0,3122.0,3122.0,3122.0,3122.0,3122.0,3099.0,3104.0,3114.0,3097.0,3114.0,3114.0,3114.0,3114.0,3114.0,3095.0,3092.0,3092.0,3092.0,3092.0,3096.0,3093.0,3092.0,3092.0,3092.0,3110.0,3122.0,3122.0,3122.0,3122.0,3122.0,3096.0,3122.0,3099.0,3096.0,3096.0,3096.0,3096.0,3097.0,3096.0,3096.0,3096.0,3096.0,3100.0,3100.0,3100.0,3100.0,3101.0,3100.0,3100.0,3100.0,3116.0,3130.0,3110.0,3130.0,3130.0,3130.0,3130.0,3130.0,3103.0,3104.0,3114.0,3114.0,3114.0,3122.0,131072.0,2861534.0,0.0,262272.0,0.0,4096.0
140,0,1,1300,1300,4194304,256,0,0,12,4,32,64,"void at::native::vectorized_elementwise_kernel<4, at::native::FillFunctor<int>, std::array<char*, 1ul> >(int, at::native::FillFunctor<int>, std::array<char*, 1ul>)",12739717054279,12739717097417,141,85,837054.0,1810.0,837054.0,65536.0,2822.0,23971532.0,0.0,0.0,556716614.0,556716614.0,0.0,0.0,262144.0,0.0,0.0,0.0,0.0,0.0,0.0,0.0,0.0,0.0,0.0,0.0,0.0,0.0,0.0,0.0,0.0,0.0,0.0,0.0,0.0,0.0,0.0,0.0,0.0,0.0,0.0,0.0,0.0,0.0,0.0,0.0,0.0,0.0,0.0,0.0,0.0,0.0,0.0,0.0,0.0,0.0,0.0,0.0,0.0,0.0,0.0,0.0,0.0,0.0,0.0,0.0,0.0,0.0,0.0,0.0,0.0,0.0,0.0,0.0,0.0,0.0,0.0,0.0,0.0,0.0,0.0,0.0,0.0,0.0,0.0,0.0,0.0,0.0,0.0,0.0,0.0,0.0,0.0,0.0,0.0,0.0,0.0,0.0,0.0,0.0,0.0,0.0,0.0,0.0,0.0,0.0,0.0,0.0,0.0,0.0,0.0,0.0,0.0,0.0,0.0,0.0,0.0,0.0,0.0,0.0,0.0,0.0,0.0,0.0,0.0,0.0,0.0,0.0,0.0,0.0,0.0,0.0,0.0,0.0,0.0,0.0,0.0,0.0,0.0,0.0,0.0,0.0,0.0,0.0,32768.0,32768.0,32848.0,32768.0,32770.0,32768.0,32768.0,32848.0,32768.0,32848.0,32848.0,32768.0,32848.0,32868.0,32768.0,32768.0,32848.0,32768.0,32848.0,32848.0,32848.0,32868.0,32768.0,32768.0,32768.0,32768.0,32768.0,32768.0,32848.0,32768.0,32770.0,32768.0,32848.0,32768.0,32770.0,32768.0,32768.0,32768.0,32768.0,32768.0,32768.0,32848.0,32768.0,32770.0,32768.0,32768.0,32848.0,32768.0,32848.0,32848.0,32848.0,32848.0,32868.0,32768.0,32768.0,32848.0,32768.0,32848.0,32848.0,32848.0,32868.0,32768.0,32768.0,32768.0,32768.0,32768.0,32768.0,32848.0,32768.0,32770.0,32768.0,32768.0,32848.0,32768.0,32768.0,32768.0,32848.0,32768.0,32770.0,32768.0,32768.0,32848.0,32768.0,32848.0,32848.0,32848.0,32848.0,32868.0,32768.0,32768.0,32768.0,32768.0,32768.0,32848.0,32848.0,32768.0,32770.0,32768.0,32768.0,32848.0,32768.0,32848.0,32848.0,32848.0,32868.0,32868.0,32768.0,32768.0,32848.0,32768.0,32848.0,32848.0,32848.0,32868.0,32768.0,32768.0,32768.0,32768.0,32768.0,32768.0,32848.0,32768.0,32770.0,32768.0,32768.0,32768.0,32768.0,32768.0,4194304.0,23663757.0,0.0,0.0,0.0,262144.0
141,0,1,1300,1300,32768,512,0,0,108,4,48,64,matmulbias_kernel,12739717491752,12739717517530,142,196,554248.0,2018.0,554248.0,0.0,736.0,3128391.0,0.0,0.0,46073373.0,46073373.0,4194304.0,622592.0,0.0,0.0,0.0,0.0,0.0,0.0,0.0,0.0,0.0,0.0,0.0,0.0,0.0,0.0,0.0,0.0,0.0,0.0,0.0,0.0,0.0,0.0,0.0,0.0,0.0,0.0,0.0,0.0,0.0,0.0,0.0,0.0,0.0,0.0,0.0,0.0,0.0,0.0,0.0,0.0,0.0,0.0,0.0,0.0,0.0,0.0,0.0,0.0,0.0,0.0,0.0,0.0,0.0,0.0,0.0,0.0,0.0,0.0,0.0,0.0,0.0,0.0,0.0,0.0,0.0,0.0,0.0,0.0,0.0,0.0,0.0,0.0,0.0,0.0,0.0,0.0,0.0,0.0,0.0,0.0,0.0,0.0,0.0,0.0,0.0,0.0,0.0,0.0,0.0,0.0,0.0,0.0,0.0,0.0,0.0,0.0,0.0,0.0,0.0,0.0,0.0,0.0,0.0,0.0,0.0,0.0,0.0,0.0,0.0,0.0,0.0,0.0,0.0,0.0,0.0,0.0,0.0,0.0,0.0,0.0,0.0,0.0,0.0,0.0,0.0,0.0,0.0,0.0,0.0,0.0,3096.0,3138.0,3138.0,3138.0,3106.0,3104.0,3104.0,3104.0,3104.0,3104.0,3104.0,3122.0,3104.0,3104.0,3096.0,3096.0,3096.0,3096.0,3096.0,3096.0,3096.0,3096.0,3122.0,3110.0,3122.0,3122.0,3122.0,3122.0,3122.0,3122.0,3098.0,3122.0,3122.0,3122.0,3098.0,3110.0,3122.0,3122.0,3122.0,3096.0,3122.0,3122.0,3122.0,3098.0,3096.0,3096.0,3096.0,3096.0,3096.0,3096.0,3096.0,3096.0,3096.0,3096.0,3096.0,3096.0,3096.0,3096.0,3096.0,3096.0,3096.0,3096.0,3110.0,3122.0,3122.0,3122.0,3122.0,3122.0,3122.0,3098.0,3098.0,3106.0,3096.0,3106.0,3106.0,3106.0,3106.0,3106.0,3090.0,3088.0,3088.0,3088.0,3088.0,3096.0,3088.0,3088.0,3088.0,3088.0,3104.0,3114.0,3114.0,3114.0,3114.0,3114.0,3096.0,3114.0,3094.0,3092.0,3092.0,3092.0,3092.0,3092.0,3092.0,3092.0,3092.0,3096.0,3096.0,3096.0,3096.0,3096.0,3096.0,3096.0,3096.0,3096.0,3110.0,3122.0,3110.0,3122.0,3122.0,3122.0,3122.0,3122.0,3098.0,3122.0,3138.0,3138.0,3138.0,3122.0,131072.0,2869973.0,0.0,262272.0,0.0,4096.0
142,0,1,1300,1300,4194304,256,0,0,12,4,32,64,"void at::native::vectorized_elementwise_kernel<4, at::native::FillFunctor<int>, std::array<char*, 1ul> >(int, at::native::FillFunctor<int>, std::array<char*, 1ul>)",12739717919162,12739717961698,143,85,823901.0,1810.0,823901.0,65536.0,2841.0,24006833.0,0.0,0.0,557128244.0,557128244.0,0.0,0.0,262144.0,0.0,0.0,0.0,0.0,0.0,0.0,0.0,0.0,0.0,0.0,0.0,0.0,0.0,0.0,0.0,0.0,0.0,0.0,0.0,0.0,0.0,0.0,0.0,0.0,0.0,0.0,0.0,0.0,0.0,0.0,0.0,0.0,0.0,0.0,0.0,0.0,0.0,0.0,0.0,0.0,0.0,0.0,0.0,0.0,0.0,0.0,0.0,0.0,0.0,0.0,0.0,0.0,0.0,0.0,0.0,0.0,0.0,0.0,0.0,0.0,0.0,0.0,0.0,0.0,0.0,0.0,0.0,0.0,0.0,0.0,0.0,0.0,0.0,0.0,0.0,0.0,0.0,0.0,0.0,0.0,0.0,0.0,0.0,0.0,0.0,0.0,0.0,0.0,0.0,0.0,0.0,0.0,0.0,0.0,0.0,0.0,0.0,0.0,0.0,0.0,0.0,0.0,0.0,0.0,0.0,0.0,0.0,0.0,0.0,0.0,0.0,0.0,0.0,0.0,0.0,0.0,0.0,0.0,0.0,0.0,0.0,0.0,0.0,0.0,0.0,0.0,0.0,0.0,0.0,32768.0,32768.0,32848.0,32768.0,32769.0,32768.0,32768.0,32848.0,32768.0,32848.0,32848.0,32768.0,32868.0,32848.0,32768.0,32768.0,32848.0,32768.0,32848.0,32848.0,32868.0,32848.0,32768.0,32768.0,32769.0,32768.0,32768.0,32768.0,32848.0,32768.0,32769.0,32768.0,32848.0,32768.0,32769.0,32768.0,32769.0,32768.0,32768.0,32768.0,32768.0,32848.0,32768.0,32769.0,32768.0,32768.0,32848.0,32768.0,32848.0,32848.0,32848.0,32868.0,32848.0,32768.0,32768.0,32848.0,32768.0,32848.0,32848.0,32868.0,32848.0,32768.0,32768.0,32769.0,32768.0,32768.0,32768.0,32848.0,32768.0,32769.0,32768.0,32769.0,32848.0,32768.0,32768.0,32768.0,32848.0,32768.0,32769.0,32768.0,32768.0,32848.0,32768.0,32848.0,32848.0,32848.0,32868.0,32848.0,32768.0,32769.0,32768.0,32768.0,32768.0,32848.0,32868.0,32768.0,32769.0,32768.0,32768.0,32848.0,32768.0,32848.0,32848.0,32868.0,32848.0,32848.0,32768.0,32768.0,32848.0,32768.0,32848.0,32848.0,32868.0,32848.0,32768.0,32769.0,32768.0,32768.0,32768.0,32768.0,32848.0,32768.0,32769.0,32768.0,32769.0,32768.0,32768.0,32769.0,4194304.0,23688779.0,0.0,0.0,0.0,262144.0
143,0,1,1300,1300,32768,512,0,0,108,4,48,64,matmulbias_kernel,12739718363210,12739718389229,144,196,546848.0,2068.0,546848.0,0.0,731.0,3163130.0,0.0,0.0,46832613.0,46832613.0,4194304.0,622592.0,0.0,0.0,0.0,0.0,0.0,0.0,0.0,0.0,0.0,0.0,0.0,0.0,0.0,0.0,0.0,0.0,0.0,0.0,0.0,0.0,0.0,0.0,0.0,0.0,0.0,0.0,0.0,0.0,0.0,0.0,0.0,0.0,0.0,0.0,0.0,0.0,0.0,0.0,0.0,0.0,0.0,0.0,0.0,0.0,0.0,0.0,0.0,0.0,0.0,0.0,0.0,0.0,0.0,0.0,0.0,0.0,0.0,0.0,0.0,0.0,0.0,0.0,0.0,0.0,0.0,0.0,0.0,0.0,0.0,0.0,0.0,0.0,0.0,0.0,0.0,0.0,0.0,0.0,0.0,0.0,0.0,0.0,0.0,0.0,0.0,0.0,0.0,0.0,0.0,0.0,0.0,0.0,0.0,0.0,0.0,0.0,0.0,0.0,0.0,0.0,0.0,0.0,0.0,0.0,0.0,0.0,0.0,0.0,0.0,0.0,0.0,0.0,0.0,0.0,0.0,0.0,0.0,0.0,0.0,0.0,0.0,0.0,0.0,0.0,0.0,0.0,0.0,0.0,0.0,0.0,3096.0,3138.0,3138.0,3138.0,3106.0,3104.0,3104.0,3104.0,3104.0,3104.0,3104.0,3122.0,3104.0,3104.0,3092.0,3092.0,3092.0,3092.0,3092.0,3092.0,3092.0,3092.0,3122.0,3104.0,3114.0,3114.0,3114.0,3114.0,3114.0,3114.0,3094.0,3122.0,3122.0,3122.0,3098.0,3110.0,3122.0,3122.0,3122.0,3096.0,3122.0,3122.0,3122.0,3098.0,3096.0,3096.0,3096.0,3096.0,3096.0,3096.0,3096.0,3096.0,3096.0,3092.0,3092.0,3092.0,3092.0,3092.0,3092.0,3092.0,3092.0,3096.0,3104.0,3114.0,3114.0,3114.0,3114.0,3114.0,3114.0,3094.0,3110.0,3122.0,3096.0,3122.0,3122.0,3122.0,3122.0,3122.0,3098.0,3096.0,3096.0,3096.0,3096.0,3096.0,3096.0,3096.0,3096.0,3096.0,3110.0,3122.0,3122.0,3122.0,3122.0,3122.0,3096.0,3122.0,3098.0,3096.0,3096.0,3096.0,3096.0,3096.0,3096.0,3096.0,3096.0,3096.0,3096.0,3096.0,3096.0,3096.0,3096.0,3096.0,3096.0,3096.0,3110.0,3122.0,3110.0,3122.0,3122.0,3122.0,3122.0,3122.0,3098.0,3122.0,3138.0,3138.0,3138.0,3122.0,131072.0,2901745.0,0.0,262272.0,0.0,4096.0
144,0,1,1300,1300,4194304,256,0,0,12,4,32,64,"void at::native::vectorized_elementwise_kernel<4, at::native::FillFunctor<int>, std::array<char*, 1ul> >(int, at::native::FillFunctor<int>, std::array<char*, 1ul>)",12739718786771,12739718829668,145,85,858776.0,1860.0,858776.0,65536.0,2838.0,24047743.0,0.0,0.0,557006201.0,557006201.0,0.0,0.0,262144.0,0.0,0.0,0.0,0.0,0.0,0.0,0.0,0.0,0.0,0.0,0.0,0.0,0.0,0.0,0.0,0.0,0.0,0.0,0.0,0.0,0.0,0.0,0.0,0.0,0.0,0.0,0.0,0.0,0.0,0.0,0.0,0.0,0.0,0.0,0.0,0.0,0.0,0.0,0.0,0.0,0.0,0.0,0.0,0.0,0.0,0.0,0.0,0.0,0.0,0.0,0.0,0.0,0.0,0.0,0.0,0.0,0.0,0.0,0.0,0.0,0.0,0.0,0.0,0.0,0.0,0.0,0.0,0.0,0.0,0.0,0.0,0.0,0.0,0.0,0.0,0.0,0.0,0.0,0.0,0.0,0.0,0.0,0.0,0.0,0.0,0.0,0.0,0.0,0.0,0.0,0.0,0.0,0.0,0.0,0.0,0.0,0.0,0.0,0.0,0.0,0.0,0.0,0.0,0.0,0.0,0.0,0.0,0.0,0.0,0.0,0.0,0.0,0.0,0.0,0.0,0.0,0.0,0.0,0.0,0.0,0.0,0.0,0.0,0.0,0.0,0.0,0.0,0.0,0.0,32768.0,32768.0,32868.0,32768.0,32769.0,32768.0,32768.0,32848.0,32768.0,32848.0,32848.0,32768.0,32848.0,32848.0,32768.0,32768.0,32848.0,32768.0,32848.0,32848.0,32848.0,32848.0,32769.0,32768.0,32768.0,32768.0,32769.0,32768.0,32868.0,32768.0,32769.0,32768.0,32868.0,32768.0,32769.0,32768.0,32768.0,32768.0,32769.0,32768.0,32768.0,32868.0,32768.0,32769.0,32768.0,32768.0,32848.0,32768.0,32848.0,32848.0,32848.0,32848.0,32848.0,32768.0,32768.0,32848.0,32768.0,32848.0,32848.0,32848.0,32848.0,32768.0,32768.0,32768.0,32768.0,32769.0,32768.0,32868.0,32768.0,32769.0,32768.0,32768.0,32848.0,32768.0,32769.0,32768.0,32868.0,32768.0,32769.0,32768.0,32768.0,32848.0,32768.0,32848.0,32848.0,32848.0,32848.0,32848.0,32768.0,32768.0,32768.0,32769.0,32768.0,32868.0,32848.0,32768.0,32769.0,32768.0,32768.0,32848.0,32768.0,32848.0,32848.0,32848.0,32848.0,32848.0,32768.0,32768.0,32848.0,32768.0,32848.0,32848.0,32848.0,32848.0,32768.0,32768.0,32768.0,32768.0,32769.0,32768.0,32868.0,32768.0,32769.0,32768.0,32768.0,32768.0,32769.0,32768.0,4194304.0,23673292.0,0.0,0.0,0.0,262144.0
145,0,1,1300,1300,32768,512,0,0,108,4,48,64,matmulbias_kernel,12739719230017,12739719255675,146,196,554814.0,2018.0,554814.0,0.0,757.0,3165349.0,0.0,0.0,46747440.0,46747440.0,4194304.0,622592.0,0.0,0.0,0.0,0.0,0.0,0.0,0.0,0.0,0.0,0.0,0.0,0.0,0.0,0.0,0.0,0.0,0.0,0.0,0.0,0.0,0.0,0.0,0.0,0.0,0.0,0.0,0.0,0.0,0.0,0.0,0.0,0.0,0.0,0.0,0.0,0.0,0.0,0.0,0.0,0.0,0.0,0.0,0.0,0.0,0.0,0.0,0.0,0.0,0.0,0.0,0.0,0.0,0.0,0.0,0.0,0.0,0.0,0.0,0.0,0.0,0.0,0.0,0.0,0.0,0.0,0.0,0.0,0.0,0.0,0.0,0.0,0.0,0.0,0.0,0.0,0.0,0.0,0.0,0.0,0.0,0.0,0.0,0.0,0.0,0.0,0.0,0.0,0.0,0.0,0.0,0.0,0.0,0.0,0.0,0.0,0.0,0.0,0.0,0.0,0.0,0.0,0.0,0.0,0.0,0.0,0.0,0.0,0.0,0.0,0.0,0.0,0.0,0.0,0.0,0.0,0.0,0.0,0.0,0.0,0.0,0.0,0.0,0.0,0.0,0.0,0.0,0.0,0.0,0.0,0.0,3096.0,3122.0,3122.0,3122.0,3098.0,3096.0,3096.0,3096.0,3096.0,3096.0,3096.0,3122.0,3096.0,3096.0,3092.0,3092.0,3092.0,3092.0,3092.0,3092.0,3092.0,3092.0,3122.0,3104.0,3114.0,3114.0,3114.0,3114.0,3114.0,3114.0,3094.0,3122.0,3122.0,3122.0,3098.0,3116.0,3130.0,3130.0,3130.0,3096.0,3130.0,3130.0,3130.0,3102.0,3100.0,3100.0,3100.0,3100.0,3100.0,3100.0,3096.0,3100.0,3100.0,3100.0,3100.0,3100.0,3100.0,3100.0,3100.0,3100.0,3100.0,3096.0,3116.0,3130.0,3130.0,3130.0,3130.0,3130.0,3130.0,3102.0,3104.0,3114.0,3096.0,3114.0,3114.0,3114.0,3114.0,3114.0,3094.0,3092.0,3092.0,3092.0,3092.0,3096.0,3092.0,3092.0,3092.0,3092.0,3116.0,3130.0,3130.0,3130.0,3130.0,3130.0,3096.0,3130.0,3102.0,3100.0,3100.0,3100.0,3100.0,3100.0,3100.0,3100.0,3100.0,3096.0,3096.0,3096.0,3096.0,3096.0,3096.0,3096.0,3096.0,3096.0,3110.0,3122.0,3110.0,3122.0,3122.0,3122.0,3122.0,3122.0,3098.0,3110.0,3122.0,3122.0,3122.0,3122.0,131072.0,2903041.0,0.0,262272.0,0.0,4096.0
146,0,1,1300,1300,4194304,256,0,0,12,4,32,64,"void at::native::vectorized_elementwise_kernel<4, at::native::FillFunctor<int>, std::array<char*, 1ul> >(int, at::native::FillFunctor<int>, std::array<char*, 1ul>)",12739719659792,12739719702730,147,85,835778.0,1810.0,835778.0,65536.0,2877.0,24146233.0,0.0,0.0,558395452.0,558395452.0,0.0,0.0,262144.0,0.0,0.0,0.0,0.0,0.0,0.0,0.0,0.0,0.0,0.0,0.0,0.0,0.0,0.0,0.0,0.0,0.0,0.0,0.0,0.0,0.0,0.0,0.0,0.0,0.0,0.0,0.0,0.0,0.0,0.0,0.0,0.0,0.0,0.0,0.0,0.0,0.0,0.0,0.0,0.0,0.0,0.0,0.0,0.0,0.0,0.0,0.0,0.0,0.0,0.0,0.0,0.0,0.0,0.0,0.0,0.0,0.0,0.0,0.0,0.0,0.0,0.0,0.0,0.0,0.0,0.0,0.0,0.0,0.0,0.0,0.0,0.0,0.0,0.0,0.0,0.0,0.0,0.0,0.0,0.0,0.0,0.0,0.0,0.0,0.0,0.0,0.0,0.0,0.0,0.0,0.0,0.0,0.0,0.0,0.0,0.0,0.0,0.0,0.0,0.0,0.0,0.0,0.0,0.0,0.0,0.0,0.0,0.0,0.0,0.0,0.0,0.0,0.0,0.0,0.0,0.0,0.0,0.0,0.0,0.0,0.0,0.0,0.0,0.0,0.0,0.0,0.0,0.0,0.0,32768.0,32788.0,32848.0,32768.0,32769.0,32768.0,32769.0,32848.0,32768.0,32848.0,32848.0,32768.0,32848.0,32848.0,32768.0,32769.0,32848.0,32768.0,32848.0,32848.0,32848.0,32848.0,32768.0,32768.0,32768.0,32768.0,32768.0,32788.0,32848.0,32768.0,32769.0,32788.0,32848.0,32768.0,32769.0,32768.0,32768.0,32768.0,32768.0,32769.0,32788.0,32848.0,32768.0,32769.0,32768.0,32769.0,32848.0,32768.0,32848.0,32848.0,32848.0,32848.0,32848.0,32768.0,32769.0,32848.0,32768.0,32848.0,32848.0,32848.0,32848.0,32768.0,32768.0,32768.0,32768.0,32768.0,32788.0,32848.0,32768.0,32769.0,32768.0,32768.0,32848.0,32768.0,32768.0,32788.0,32848.0,32768.0,32769.0,32768.0,32769.0,32848.0,32768.0,32848.0,32848.0,32848.0,32848.0,32848.0,32768.0,32768.0,32768.0,32768.0,32788.0,32848.0,32848.0,32768.0,32769.0,32768.0,32769.0,32848.0,32768.0,32848.0,32848.0,32848.0,32848.0,32848.0,32768.0,32769.0,32848.0,32768.0,32848.0,32848.0,32848.0,32848.0,32768.0,32768.0,32768.0,32768.0,32768.0,32788.0,32848.0,32768.0,32769.0,32768.0,32768.0,32768.0,32768.0,32768.0,4194304.0,23746541.0,0.0,0.0,0.0,262144.0
147,0,1,1300,1300,32768,512,0,0,108,4,48,64,matmulbias_kernel,12739720100793,12739720126251,148,196,546812.0,2018.0,546812.0,0.0,732.0,3160182.0,0.0,0.0,46491615.0,46491615.0,4194304.0,622592.0,0.0,0.0,0.0,0.0,0.0,0.0,0.0,0.0,0.0,0.0,0.0,0.0,0.0,0.0,0.0,0.0,0.0,0.0,0.0,0.0,0.0,0.0,0.0,0.0,0.0,0.0,0.0,0.0,0.0,0.0,0.0,0.0,0.0,0.0,0.0,0.0,0.0,0.0,0.0,0.0,0.0,0.0,0.0,0.0,0.0,0.0,0.0,0.0,0.0,0.0,0.0,0.0,0.0,0.0,0.0,0.0,0.0,0.0,0.0,0.0,0.0,0.0,0.0,0.0,0.0,0.0,0.0,0.0,0.0,0.0,0.0,0.0,0.0,0.0,0.0,0.0,0.0,0.0,0.0,0.0,0.0,0.0,0.0,0.0,0.0,0.0,0.0,0.0,0.0,0.0,0.0,0.0,0.0,0.0,0.0,0.0,0.0,0.0,0.0,0.0,0.0,0.0,0.0,0.0,0.0,0.0,0.0,0.0,0.0,0.0,0.0,0.0,0.0,0.0,0.0,0.0,0.0,0.0,0.0,0.0,0.0,0.0,0.0,0.0,0.0,0.0,0.0,0.0,0.0,0.0,3100.0,3122.0,3122.0,3122.0,3098.0,3096.0,3096.0,3096.0,3096.0,3096.0,3096.0,3130.0,3096.0,3096.0,3096.0,3096.0,3096.0,3096.0,3096.0,3096.0,3096.0,3096.0,3130.0,3110.0,3122.0,3122.0,3122.0,3122.0,3122.0,3122.0,3098.0,3130.0,3130.0,3130.0,3102.0,3110.0,3122.0,3122.0,3122.0,3100.0,3122.0,3122.0,3122.0,3098.0,3096.0,3096.0,3096.0,3096.0,3096.0,3096.0,3100.0,3096.0,3096.0,3096.0,3096.0,3096.0,3096.0,3096.0,3096.0,3096.0,3096.0,3100.0,3110.0,3122.0,3122.0,3122.0,3122.0,3122.0,3122.0,3098.0,3110.0,3122.0,3100.0,3122.0,3122.0,3122.0,3122.0,3122.0,3098.0,3096.0,3096.0,3096.0,3096.0,3100.0,3096.0,3096.0,3096.0,3096.0,3104.0,3114.0,3114.0,3114.0,3114.0,3114.0,3100.0,3114.0,3094.0,3092.0,3092.0,3092.0,3092.0,3092.0,3092.0,3092.0,3092.0,3100.0,3092.0,3092.0,3092.0,3092.0,3092.0,3092.0,3092.0,3092.0,3104.0,3114.0,3116.0,3114.0,3114.0,3114.0,3114.0,3114.0,3094.0,3110.0,3122.0,3122.0,3122.0,3130.0,131072.0,2905638.0,0.0,262272.0,0.0,4096.0
148,0,1,1300,1300,4194304,256,0,0,12,4,32,64,"void at::native::vectorized_elementwise_kernel<4, at::native::FillFunctor<int>, std::array<char*, 1ul> >(int, at::native::FillFunctor<int>, std::array<char*, 1ul>)",12739720524836,12739720567372,149,85,838085.0,1810.0,838085.0,65536.0,2810.0,24017643.0,0.0,0.0,555960232.0,555960232.0,0.0,0.0,262144.0,0.0,0.0,0.0,0.0,0.0,0.0,0.0,0.0,0.0,0.0,0.0,0.0,0.0,0.0,0.0,0.0,0.0,0.0,0.0,0.0,0.0,0.0,0.0,0.0,0.0,0.0,0.0,0.0,0.0,0.0,0.0,0.0,0.0,0.0,0.0,0.0,0.0,0.0,0.0,0.0,0.0,0.0,0.0,0.0,0.0,0.0,0.0,0.0,0.0,0.0,0.0,0.0,0.0,0.0,0.0,0.0,0.0,0.0,0.0,0.0,0.0,0.0,0.0,0.0,0.0,0.0,0.0,0.0,0.0,0.0,0.0,0.0,0.0,0.0,0.0,0.0,0.0,0.0,0.0,0.0,0.0,0.0,0.0,0.0,0.0,0.0,0.0,0.0,0.0,0.0,0.0,0.0,0.0,0.0,0.0,0.0,0.0,0.0,0.0,0.0,0.0,0.0,0.0,0.0,0.0,0.0,0.0,0.0,0.0,0.0,0.0,0.0,0.0,0.0,0.0,0.0,0.0,0.0,0.0,0.0,0.0,0.0,0.0,0.0,0.0,0.0,0.0,0.0,0.0,32768.0,32768.0,32848.0,32768.0,32789.0,32768.0,32768.0,32848.0,32769.0,32848.0,32848.0,32768.0,32848.0,32848.0,32768.0,32768.0,32848.0,32769.0,32848.0,32848.0,32848.0,32848.0,32768.0,32768.0,32768.0,32768.0,32768.0,32768.0,32848.0,32768.0,32789.0,32768.0,32848.0,32768.0,32789.0,32768.0,32768.0,32768.0,32768.0,32768.0,32768.0,32848.0,32768.0,32789.0,32768.0,32768.0,32848.0,32769.0,32848.0,32848.0,32848.0,32848.0,32848.0,32768.0,32768.0,32848.0,32769.0,32848.0,32848.0,32848.0,32848.0,32769.0,32768.0,32768.0,32768.0,32768.0,32768.0,32848.0,32768.0,32789.0,32768.0,32768.0,32848.0,32768.0,32768.0,32768.0,32848.0,32768.0,32789.0,32768.0,32768.0,32848.0,32769.0,32848.0,32848.0,32848.0,32848.0,32848.0,32768.0,32768.0,32768.0,32768.0,32768.0,32848.0,32848.0,32768.0,32789.0,32768.0,32768.0,32848.0,32769.0,32848.0,32848.0,32848.0,32848.0,32848.0,32768.0,32768.0,32848.0,32769.0,32848.0,32848.0,32848.0,32848.0,32768.0,32768.0,32768.0,32768.0,32768.0,32768.0,32848.0,32768.0,32789.0,32768.0,32768.0,32768.0,32768.0,32768.0,4194304.0,23640679.0,0.0,0.0,0.0,262144.0
149,0,1,1300,1300,32768,512,0,0,108,4,48,64,matmulbias_kernel,12739720970487,12739720996266,150,196,558850.0,2018.0,558850.0,0.0,730.0,3191109.0,0.0,0.0,47271060.0,47271060.0,4194304.0,622592.0,0.0,0.0,0.0,0.0,0.0,0.0,0.0,0.0,0.0,0.0,0.0,0.0,0.0,0.0,0.0,0.0,0.0,0.0,0.0,0.0,0.0,0.0,0.0,0.0,0.0,0.0,0.0,0.0,0.0,0.0,0.0,0.0,0.0,0.0,0.0,0.0,0.0,0.0,0.0,0.0,0.0,0.0,0.0,0.0,0.0,0.0,0.0,0.0,0.0,0.0,0.0,0.0,0.0,0.0,0.0,0.0,0.0,0.0,0.0,0.0,0.0,0.0,0.0,0.0,0.0,0.0,0.0,0.0,0.0,0.0,0.0,0.0,0.0,0.0,0.0,0.0,0.0,0.0,0.0,0.0,0.0,0.0,0.0,0.0,0.0,0.0,0.0,0.0,0.0,0.0,0.0,0.0,0.0,0.0,0.0,0.0,0.0,0.0,0.0,0.0,0.0,0.0,0.0,0.0,0.0,0.0,0.0,0.0,0.0,0.0,0.0,0.0,0.0,0.0,0.0,0.0,0.0,0.0,0.0,0.0,0.0,0.0,0.0,0.0,0.0,0.0,0.0,0.0,0.0,0.0,3100.0,3138.0,3138.0,3138.0,3106.0,3104.0,3104.0,3104.0,3104.0,3104.0,3104.0,3130.0,3104.0,3104.0,3096.0,3096.0,3096.0,3096.0,3096.0,3096.0,3096.0,3096.0,3130.0,3110.0,3122.0,3122.0,3122.0,3122.0,3122.0,3122.0,3098.0,3130.0,3130.0,3130.0,3102.0,3116.0,3130.0,3130.0,3130.0,3100.0,3130.0,3130.0,3130.0,3102.0,3100.0,3100.0,3100.0,3100.0,3100.0,3100.0,3100.0,3100.0,3100.0,3096.0,3096.0,3096.0,3096.0,3096.0,3096.0,3096.0,3096.0,3100.0,3110.0,3122.0,3122.0,3122.0,3122.0,3122.0,3122.0,3098.0,3104.0,3114.0,3100.0,3114.0,3114.0,3114.0,3114.0,3114.0,3094.0,3092.0,3092.0,3092.0,3092.0,3100.0,3092.0,3092.0,3092.0,3092.0,3098.0,3106.0,3106.0,3106.0,3106.0,3106.0,3100.0,3106.0,3090.0,3088.0,3088.0,3088.0,3088.0,3088.0,3088.0,3088.0,3088.0,3100.0,3096.0,3096.0,3096.0,3096.0,3096.0,3096.0,3096.0,3096.0,3110.0,3122.0,3116.0,3122.0,3122.0,3122.0,3122.0,3122.0,3098.0,3122.0,3138.0,3138.0,3138.0,3130.0,131072.0,2932681.0,0.0,262272.0,0.0,4096.0
150,0,1,1300,1300,4194304,256,0,0,12,4,32,64,"void at::native::vectorized_elementwise_kernel<4, at::native::FillFunctor<int>, std::array<char*, 1ul> >(int, at::native::FillFunctor<int>, std::array<char*, 1ul>)",12739721393567,12739721436665,151,85,841984.0,1810.0,841984.0,65536.0,2822.0,24189827.0,0.0,0.0,560002761.0,560002761.0,0.0,0.0,262144.0,0.0,0.0,0.0,0.0,0.0,0.0,0.0,0.0,0.0,0.0,0.0,0.0,0.0,0.0,0.0,0.0,0.0,0.0,0.0,0.0,0.0,0.0,0.0,0.0,0.0,0.0,0.0,0.0,0.0,0.0,0.0,0.0,0.0,0.0,0.0,0.0,0.0,0.0,0.0,0.0,0.0,0.0,0.0,0.0,0.0,0.0,0.0,0.0,0.0,0.0,0.0,0.0,0.0,0.0,0.0,0.0,0.0,0.0,0.0,0.0,0.0,0.0,0.0,0.0,0.0,0.0,0.0,0.0,0.0,0.0,0.0,0.0,0.0,0.0,0.0,0.0,0.0,0.0,0.0,0.0,0.0,0.0,0.0,0.0,0.0,0.0,0.0,0.0,0.0,0.0,0.0,0.0,0.0,0.0,0.0,0.0,0.0,0.0,0.0,0.0,0.0,0.0,0.0,0.0,0.0,0.0,0.0,0.0,0.0,0.0,0.0,0.0,0.0,0.0,0.0,0.0,0.0,0.0,0.0,0.0,0.0,0.0,0.0,0.0,0.0,0.0,0.0,0.0,0.0,32768.0,32768.0,32848.0,32788.0,32769.0,32768.0,32768.0,32848.0,32768.0,32848.0,32849.0,32768.0,32848.0,32848.0,32768.0,32768.0,32848.0,32768.0,32848.0,32849.0,32848.0,32848.0,32768.0,32768.0,32768.0,32768.0,32768.0,32768.0,32848.0,32788.0,32769.0,32768.0,32848.0,32788.0,32769.0,32768.0,32768.0,32768.0,32768.0,32768.0,32768.0,32848.0,32788.0,32769.0,32768.0,32768.0,32848.0,32768.0,32848.0,32849.0,32848.0,32848.0,32848.0,32768.0,32768.0,32848.0,32768.0,32848.0,32849.0,32848.0,32848.0,32768.0,32768.0,32768.0,32768.0,32768.0,32768.0,32848.0,32788.0,32769.0,32768.0,32768.0,32848.0,32768.0,32768.0,32768.0,32848.0,32788.0,32769.0,32768.0,32768.0,32848.0,32768.0,32849.0,32848.0,32849.0,32848.0,32848.0,32768.0,32768.0,32768.0,32768.0,32768.0,32848.0,32848.0,32788.0,32769.0,32768.0,32768.0,32848.0,32768.0,32848.0,32849.0,32848.0,32848.0,32848.0,32768.0,32768.0,32848.0,32768.0,32848.0,32849.0,32848.0,32848.0,32768.0,32768.0,32768.0,32768.0,32768.0,32768.0,32848.0,32788.0,32769.0,32768.0,32768.0,32768.0,32768.0,32768.0,4194304.0,23806638.0,0.0,0.0,0.0,262144.0
151,0,1,1300,1300,32768,512,0,0,108,4,48,64,matmulbias_kernel,12739721834769,12739721859826,152,196,548821.0,2045.0,548821.0,0.0,672.0,3090475.0,0.0,0.0,45410855.0,45410855.0,4194304.0,622592.0,0.0,0.0,0.0,0.0,0.0,0.0,0.0,0.0,0.0,0.0,0.0,0.0,0.0,0.0,0.0,0.0,0.0,0.0,0.0,0.0,0.0,0.0,0.0,0.0,0.0,0.0,0.0,0.0,0.0,0.0,0.0,0.0,0.0,0.0,0.0,0.0,0.0,0.0,0.0,0.0,0.0,0.0,0.0,0.0,0.0,0.0,0.0,0.0,0.0,0.0,0.0,0.0,0.0,0.0,0.0,0.0,0.0,0.0,0.0,0.0,0.0,0.0,0.0,0.0,0.0,0.0,0.0,0.0,0.0,0.0,0.0,0.0,0.0,0.0,0.0,0.0,0.0,0.0,0.0,0.0,0.0,0.0,0.0,0.0,0.0,0.0,0.0,0.0,0.0,0.0,0.0,0.0,0.0,0.0,0.0,0.0,0.0,0.0,0.0,0.0,0.0,0.0,0.0,0.0,0.0,0.0,0.0,0.0,0.0,0.0,0.0,0.0,0.0,0.0,0.0,0.0,0.0,0.0,0.0,0.0,0.0,0.0,0.0,0.0,0.0,0.0,0.0,0.0,0.0,0.0,3100.0,3131.0,3130.0,3130.0,3102.0,3100.0,3100.0,3100.0,3100.0,3100.0,3100.0,3130.0,3100.0,3100.0,3100.0,3100.0,3100.0,3100.0,3100.0,3100.0,3100.0,3100.0,3131.0,3116.0,3130.0,3130.0,3131.0,3131.0,3130.0,3130.0,3102.0,3131.0,3130.0,3130.0,3102.0,3116.0,3130.0,3130.0,3131.0,3100.0,3131.0,3130.0,3130.0,3102.0,3100.0,3100.0,3100.0,3100.0,3100.0,3100.0,3100.0,3100.0,3100.0,3100.0,3100.0,3100.0,3100.0,3100.0,3100.0,3100.0,3100.0,3100.0,3116.0,3130.0,3130.0,3131.0,3131.0,3130.0,3130.0,3102.0,3104.0,3114.0,3100.0,3114.0,3115.0,3115.0,3114.0,3114.0,3094.0,3092.0,3092.0,3092.0,3092.0,3100.0,3092.0,3092.0,3092.0,3092.0,3110.0,3122.0,3122.0,3123.0,3123.0,3122.0,3100.0,3122.0,3098.0,3096.0,3096.0,3096.0,3096.0,3096.0,3096.0,3096.0,3096.0,3100.0,3100.0,3100.0,3100.0,3100.0,3100.0,3100.0,3100.0,3100.0,3116.0,3130.0,3116.0,3130.0,3131.0,3131.0,3130.0,3130.0,3102.0,3116.0,3130.0,3130.0,3131.0,3130.0,131072.0,2838399.0,0.0,262272.0,0.0,4096.0
152,0,1,1300,1300,4194304,256,0,0,12,4,32,64,"void at::native::vectorized_elementwise_kernel<4, at::native::FillFunctor<int>, std::array<char*, 1ul> >(int, at::native::FillFunctor<int>, std::array<char*, 1ul>)",12739722260094,12739722302871,153,85,839756.0,1810.0,839756.0,65536.0,3154.0,24188811.0,0.0,0.0,559899483.0,559899483.0,0.0,0.0,262144.0,0.0,0.0,0.0,0.0,0.0,0.0,0.0,0.0,0.0,0.0,0.0,0.0,0.0,0.0,0.0,0.0,0.0,0.0,0.0,0.0,0.0,0.0,0.0,0.0,0.0,0.0,0.0,0.0,0.0,0.0,0.0,0.0,0.0,0.0,0.0,0.0,0.0,0.0,0.0,0.0,0.0,0.0,0.0,0.0,0.0,0.0,0.0,0.0,0.0,0.0,0.0,0.0,0.0,0.0,0.0,0.0,0.0,0.0,0.0,0.0,0.0,0.0,0.0,0.0,0.0,0.0,0.0,0.0,0.0,0.0,0.0,0.0,0.0,0.0,0.0,0.0,0.0,0.0,0.0,0.0,0.0,0.0,0.0,0.0,0.0,0.0,0.0,0.0,0.0,0.0,0.0,0.0,0.0,0.0,0.0,0.0,0.0,0.0,0.0,0.0,0.0,0.0,0.0,0.0,0.0,0.0,0.0,0.0,0.0,0.0,0.0,0.0,0.0,0.0,0.0,0.0,0.0,0.0,0.0,0.0,0.0,0.0,0.0,0.0,0.0,0.0,0.0,0.0,0.0,32768.0,32768.0,32848.0,32768.0,32768.0,32768.0,32768.0,32848.0,32768.0,32848.0,32848.0,32768.0,32848.0,32848.0,32768.0,32768.0,32848.0,32768.0,32848.0,32848.0,32848.0,32848.0,32768.0,32768.0,32788.0,32768.0,32768.0,32768.0,32848.0,32768.0,32768.0,32768.0,32848.0,32768.0,32768.0,32768.0,32788.0,32768.0,32768.0,32768.0,32768.0,32848.0,32768.0,32768.0,32768.0,32768.0,32848.0,32768.0,32848.0,32848.0,32848.0,32848.0,32848.0,32768.0,32768.0,32848.0,32768.0,32848.0,32848.0,32848.0,32848.0,32768.0,32768.0,32788.0,32768.0,32768.0,32768.0,32848.0,32768.0,32768.0,32768.0,32788.0,32848.0,32768.0,32768.0,32768.0,32848.0,32768.0,32768.0,32768.0,32768.0,32848.0,32768.0,32848.0,32848.0,32848.0,32848.0,32848.0,32768.0,32788.0,32768.0,32768.0,32768.0,32848.0,32848.0,32768.0,32768.0,32768.0,32768.0,32848.0,32768.0,32848.0,32848.0,32848.0,32848.0,32848.0,32768.0,32768.0,32848.0,32768.0,32848.0,32848.0,32848.0,32848.0,32768.0,32788.0,32768.0,32768.0,32768.0,32768.0,32848.0,32768.0,32768.0,32768.0,32788.0,32768.0,32768.0,32788.0,4194304.0,23803511.0,0.0,0.0,0.0,262144.0
153,0,1,1300,1300,32768,512,0,0,108,4,48,64,matmulbias_kernel,12739722702057,12739722727395,154,196,548920.0,2068.0,548920.0,0.0,761.0,3119546.0,0.0,0.0,45597458.0,45597458.0,4194304.0,622592.0,0.0,0.0,0.0,0.0,0.0,0.0,0.0,0.0,0.0,0.0,0.0,0.0,0.0,0.0,0.0,0.0,0.0,0.0,0.0,0.0,0.0,0.0,0.0,0.0,0.0,0.0,0.0,0.0,0.0,0.0,0.0,0.0,0.0,0.0,0.0,0.0,0.0,0.0,0.0,0.0,0.0,0.0,0.0,0.0,0.0,0.0,0.0,0.0,0.0,0.0,0.0,0.0,0.0,0.0,0.0,0.0,0.0,0.0,0.0,0.0,0.0,0.0,0.0,0.0,0.0,0.0,0.0,0.0,0.0,0.0,0.0,0.0,0.0,0.0,0.0,0.0,0.0,0.0,0.0,0.0,0.0,0.0,0.0,0.0,0.0,0.0,0.0,0.0,0.0,0.0,0.0,0.0,0.0,0.0,0.0,0.0,0.0,0.0,0.0,0.0,0.0,0.0,0.0,0.0,0.0,0.0,0.0,0.0,0.0,0.0,0.0,0.0,0.0,0.0,0.0,0.0,0.0,0.0,0.0,0.0,0.0,0.0,0.0,0.0,0.0,0.0,0.0,0.0,0.0,0.0,3100.0,3130.0,3130.0,3130.0,3103.0,3100.0,3100.0,3100.0,3100.0,3100.0,3101.0,3130.0,3100.0,3100.0,3096.0,3096.0,3096.0,3096.0,3096.0,3097.0,3096.0,3096.0,3130.0,3110.0,3122.0,3122.0,3122.0,3122.0,3122.0,3122.0,3099.0,3130.0,3130.0,3130.0,3103.0,3110.0,3122.0,3122.0,3122.0,3100.0,3122.0,3122.0,3122.0,3099.0,3096.0,3096.0,3096.0,3096.0,3096.0,3097.0,3100.0,3096.0,3096.0,3092.0,3092.0,3092.0,3092.0,3092.0,3093.0,3092.0,3092.0,3100.0,3104.0,3114.0,3114.0,3114.0,3114.0,3114.0,3114.0,3095.0,3104.0,3114.0,3100.0,3114.0,3114.0,3114.0,3114.0,3114.0,3095.0,3092.0,3092.0,3092.0,3092.0,3101.0,3092.0,3093.0,3092.0,3092.0,3116.0,3130.0,3130.0,3130.0,3130.0,3130.0,3100.0,3130.0,3103.0,3100.0,3100.0,3100.0,3100.0,3100.0,3101.0,3100.0,3100.0,3100.0,3092.0,3092.0,3092.0,3092.0,3092.0,3093.0,3092.0,3092.0,3104.0,3114.0,3116.0,3114.0,3114.0,3114.0,3114.0,3114.0,3095.0,3116.0,3130.0,3130.0,3130.0,3130.0,131072.0,2856837.0,0.0,262272.0,0.0,4096.0
154,0,1,1300,1300,4194304,256,0,0,12,4,32,64,"void at::native::vectorized_elementwise_kernel<4, at::native::FillFunctor<int>, std::array<char*, 1ul> >(int, at::native::FillFunctor<int>, std::array<char*, 1ul>)",12739723123975,12739723166832,155,85,833859.0,1860.0,833859.0,65536.0,2829.0,24296764.0,0.0,0.0,562227967.0,562227967.0,0.0,0.0,262144.0,0.0,0.0,0.0,0.0,0.0,0.0,0.0,0.0,0.0,0.0,0.0,0.0,0.0,0.0,0.0,0.0,0.0,0.0,0.0,0.0,0.0,0.0,0.0,0.0,0.0,0.0,0.0,0.0,0.0,0.0,0.0,0.0,0.0,0.0,0.0,0.0,0.0,0.0,0.0,0.0,0.0,0.0,0.0,0.0,0.0,0.0,0.0,0.0,0.0,0.0,0.0,0.0,0.0,0.0,0.0,0.0,0.0,0.0,0.0,0.0,0.0,0.0,0.0,0.0,0.0,0.0,0.0,0.0,0.0,0.0,0.0,0.0,0.0,0.0,0.0,0.0,0.0,0.0,0.0,0.0,0.0,0.0,0.0,0.0,0.0,0.0,0.0,0.0,0.0,0.0,0.0,0.0,0.0,0.0,0.0,0.0,0.0,0.0,0.0,0.0,0.0,0.0,0.0,0.0,0.0,0.0,0.0,0.0,0.0,0.0,0.0,0.0,0.0,0.0,0.0,0.0,0.0,0.0,0.0,0.0,0.0,0.0,0.0,0.0,0.0,0.0,0.0,0.0,0.0,32768.0,32768.0,32848.0,32768.0,32768.0,32768.0,32768.0,32848.0,32768.0,32848.0,32848.0,32768.0,32848.0,32848.0,32768.0,32768.0,32848.0,32768.0,32848.0,32848.0,32848.0,32848.0,32768.0,32788.0,32768.0,32768.0,32768.0,32768.0,32848.0,32768.0,32768.0,32768.0,32848.0,32768.0,32768.0,32788.0,32768.0,32768.0,32768.0,32768.0,32768.0,32848.0,32768.0,32768.0,32768.0,32768.0,32848.0,32768.0,32848.0,32848.0,32848.0,32848.0,32848.0,32768.0,32768.0,32848.0,32768.0,32848.0,32848.0,32848.0,32848.0,32768.0,32788.0,32768.0,32768.0,32768.0,32768.0,32848.0,32768.0,32768.0,32788.0,32768.0,32848.0,32768.0,32768.0,32768.0,32848.0,32768.0,32768.0,32768.0,32768.0,32848.0,32768.0,32848.0,32848.0,32848.0,32848.0,32848.0,32788.0,32768.0,32768.0,32768.0,32768.0,32848.0,32848.0,32768.0,32768.0,32768.0,32768.0,32848.0,32768.0,32848.0,32848.0,32848.0,32848.0,32848.0,32768.0,32768.0,32848.0,32768.0,32848.0,32848.0,32848.0,32848.0,32788.0,32768.0,32788.0,32768.0,32768.0,32768.0,32848.0,32768.0,32768.0,32788.0,32768.0,32768.0,32768.0,32768.0,4194304.0,23911225.0,0.0,0.0,0.0,262144.0
155,0,1,1300,1300,32768,512,0,0,108,4,48,64,matmulbias_kernel,12739723583337,12739723608835,156,196,552591.0,2018.0,552591.0,0.0,715.0,3156469.0,0.0,0.0,46692230.0,46692230.0,4194304.0,622592.0,0.0,0.0,0.0,0.0,0.0,0.0,0.0,0.0,0.0,0.0,0.0,0.0,0.0,0.0,0.0,0.0,0.0,0.0,0.0,0.0,0.0,0.0,0.0,0.0,0.0,0.0,0.0,0.0,0.0,0.0,0.0,0.0,0.0,0.0,0.0,0.0,0.0,0.0,0.0,0.0,0.0,0.0,0.0,0.0,0.0,0.0,0.0,0.0,0.0,0.0,0.0,0.0,0.0,0.0,0.0,0.0,0.0,0.0,0.0,0.0,0.0,0.0,0.0,0.0,0.0,0.0,0.0,0.0,0.0,0.0,0.0,0.0,0.0,0.0,0.0,0.0,0.0,0.0,0.0,0.0,0.0,0.0,0.0,0.0,0.0,0.0,0.0,0.0,0.0,0.0,0.0,0.0,0.0,0.0,0.0,0.0,0.0,0.0,0.0,0.0,0.0,0.0,0.0,0.0,0.0,0.0,0.0,0.0,0.0,0.0,0.0,0.0,0.0,0.0,0.0,0.0,0.0,0.0,0.0,0.0,0.0,0.0,0.0,0.0,0.0,0.0,0.0,0.0,0.0,0.0,3088.0,3114.0,3114.0,3114.0,3095.0,3092.0,3092.0,3092.0,3092.0,3092.0,3092.0,3106.0,3092.0,3093.0,3096.0,3096.0,3096.0,3096.0,3096.0,3096.0,3096.0,3097.0,3106.0,3110.0,3122.0,3122.0,3122.0,3122.0,3122.0,3122.0,3099.0,3106.0,3106.0,3106.0,3091.0,3110.0,3122.0,3122.0,3122.0,3088.0,3122.0,3122.0,3122.0,3099.0,3096.0,3096.0,3096.0,3096.0,3096.0,3096.0,3088.0,3096.0,3097.0,3096.0,3096.0,3096.0,3096.0,3096.0,3096.0,3096.0,3097.0,3088.0,3110.0,3122.0,3122.0,3122.0,3122.0,3122.0,3122.0,3099.0,3122.0,3138.0,3088.0,3138.0,3138.0,3138.0,3138.0,3138.0,3107.0,3104.0,3104.0,3104.0,3104.0,3088.0,3104.0,3104.0,3104.0,3105.0,3104.0,3114.0,3114.0,3114.0,3114.0,3114.0,3088.0,3114.0,3095.0,3092.0,3092.0,3092.0,3092.0,3092.0,3092.0,3092.0,3093.0,3089.0,3092.0,3092.0,3092.0,3092.0,3092.0,3092.0,3092.0,3093.0,3104.0,3114.0,3098.0,3114.0,3114.0,3114.0,3114.0,3114.0,3095.0,3104.0,3114.0,3114.0,3114.0,3106.0,131072.0,2899016.0,0.0,262272.0,0.0,4096.0
156,0,1,1300,1300,4194304,256,0,0,12,4,32,64,"void at::native::vectorized_elementwise_kernel<4, at::native::FillFunctor<int>, std::array<char*, 1ul> >(int, at::native::FillFunctor<int>, std::array<char*, 1ul>)",12739724009625,12739724052041,157,85,826993.0,1810.0,826993.0,65536.0,2857.0,23955084.0,0.0,0.0,554887145.0,554887145.0,0.0,0.0,262144.0,0.0,0.0,0.0,0.0,0.0,0.0,0.0,0.0,0.0,0.0,0.0,0.0,0.0,0.0,0.0,0.0,0.0,0.0,0.0,0.0,0.0,0.0,0.0,0.0,0.0,0.0,0.0,0.0,0.0,0.0,0.0,0.0,0.0,0.0,0.0,0.0,0.0,0.0,0.0,0.0,0.0,0.0,0.0,0.0,0.0,0.0,0.0,0.0,0.0,0.0,0.0,0.0,0.0,0.0,0.0,0.0,0.0,0.0,0.0,0.0,0.0,0.0,0.0,0.0,0.0,0.0,0.0,0.0,0.0,0.0,0.0,0.0,0.0,0.0,0.0,0.0,0.0,0.0,0.0,0.0,0.0,0.0,0.0,0.0,0.0,0.0,0.0,0.0,0.0,0.0,0.0,0.0,0.0,0.0,0.0,0.0,0.0,0.0,0.0,0.0,0.0,0.0,0.0,0.0,0.0,0.0,0.0,0.0,0.0,0.0,0.0,0.0,0.0,0.0,0.0,0.0,0.0,0.0,0.0,0.0,0.0,0.0,0.0,0.0,0.0,0.0,0.0,0.0,0.0,32768.0,32768.0,32848.0,32768.0,32768.0,32768.0,32768.0,32848.0,32768.0,32848.0,32848.0,32769.0,32848.0,32848.0,32768.0,32768.0,32848.0,32768.0,32848.0,32848.0,32848.0,32848.0,32789.0,32768.0,32768.0,32769.0,32789.0,32768.0,32848.0,32768.0,32768.0,32768.0,32848.0,32768.0,32768.0,32768.0,32768.0,32769.0,32789.0,32768.0,32768.0,32848.0,32768.0,32768.0,32768.0,32768.0,32848.0,32768.0,32848.0,32848.0,32848.0,32848.0,32848.0,32768.0,32768.0,32848.0,32768.0,32848.0,32848.0,32848.0,32848.0,32768.0,32768.0,32768.0,32769.0,32789.0,32768.0,32848.0,32768.0,32768.0,32768.0,32768.0,32848.0,32769.0,32789.0,32768.0,32848.0,32768.0,32768.0,32768.0,32768.0,32848.0,32768.0,32848.0,32848.0,32848.0,32848.0,32848.0,32768.0,32768.0,32769.0,32789.0,32768.0,32848.0,32848.0,32768.0,32768.0,32768.0,32768.0,32848.0,32768.0,32848.0,32848.0,32848.0,32848.0,32848.0,32768.0,32768.0,32848.0,32768.0,32848.0,32848.0,32848.0,32848.0,32768.0,32768.0,32768.0,32769.0,32789.0,32768.0,32848.0,32768.0,32768.0,32768.0,32768.0,32769.0,32789.0,32768.0,4194304.0,23573645.0,0.0,0.0,0.0,262144.0
157,0,1,1300,1300,32768,512,0,0,108,4,48,64,matmulbias_kernel,12739724461330,12739724487149,158,196,564217.0,2018.0,564217.0,0.0,774.0,3131960.0,0.0,0.0,46157000.0,46157000.0,4194304.0,622592.0,0.0,0.0,0.0,0.0,0.0,0.0,0.0,0.0,0.0,0.0,0.0,0.0,0.0,0.0,0.0,0.0,0.0,0.0,0.0,0.0,0.0,0.0,0.0,0.0,0.0,0.0,0.0,0.0,0.0,0.0,0.0,0.0,0.0,0.0,0.0,0.0,0.0,0.0,0.0,0.0,0.0,0.0,0.0,0.0,0.0,0.0,0.0,0.0,0.0,0.0,0.0,0.0,0.0,0.0,0.0,0.0,0.0,0.0,0.0,0.0,0.0,0.0,0.0,0.0,0.0,0.0,0.0,0.0,0.0,0.0,0.0,0.0,0.0,0.0,0.0,0.0,0.0,0.0,0.0,0.0,0.0,0.0,0.0,0.0,0.0,0.0,0.0,0.0,0.0,0.0,0.0,0.0,0.0,0.0,0.0,0.0,0.0,0.0,0.0,0.0,0.0,0.0,0.0,0.0,0.0,0.0,0.0,0.0,0.0,0.0,0.0,0.0,0.0,0.0,0.0,0.0,0.0,0.0,0.0,0.0,0.0,0.0,0.0,0.0,0.0,0.0,0.0,0.0,0.0,0.0,3088.0,3138.0,3139.0,3138.0,3107.0,3104.0,3104.0,3104.0,3104.0,3104.0,3104.0,3106.0,3104.0,3104.0,3096.0,3096.0,3096.0,3096.0,3096.0,3096.0,3096.0,3096.0,3106.0,3110.0,3122.0,3122.0,3122.0,3122.0,3123.0,3122.0,3099.0,3106.0,3107.0,3106.0,3091.0,3116.0,3130.0,3130.0,3130.0,3088.0,3130.0,3131.0,3130.0,3103.0,3100.0,3100.0,3100.0,3100.0,3100.0,3100.0,3088.0,3100.0,3100.0,3096.0,3096.0,3096.0,3096.0,3096.0,3096.0,3096.0,3096.0,3088.0,3110.0,3122.0,3122.0,3122.0,3122.0,3123.0,3122.0,3099.0,3110.0,3122.0,3088.0,3122.0,3122.0,3122.0,3123.0,3122.0,3099.0,3096.0,3096.0,3096.0,3096.0,3088.0,3096.0,3096.0,3096.0,3096.0,3122.0,3138.0,3138.0,3138.0,3138.0,3139.0,3088.0,3138.0,3107.0,3104.0,3104.0,3104.0,3104.0,3104.0,3104.0,3104.0,3104.0,3088.0,3100.0,3100.0,3100.0,3100.0,3100.0,3100.0,3100.0,3100.0,3116.0,3130.0,3098.0,3130.0,3130.0,3130.0,3131.0,3130.0,3103.0,3122.0,3138.0,3138.0,3138.0,3106.0,131072.0,2869221.0,0.0,262272.0,0.0,4096.0
158,0,1,1300,1300,4194304,256,0,0,12,4,32,64,"void at::native::vectorized_elementwise_kernel<4, at::native::FillFunctor<int>, std::array<char*, 1ul> >(int, at::native::FillFunctor<int>, std::array<char*, 1ul>)",12739724888339,12739724930796,159,85,828663.0,1810.0,828663.0,65536.0,2870.0,23893675.0,0.0,0.0,554220111.0,554220111.0,0.0,0.0,262144.0,0.0,0.0,0.0,0.0,0.0,0.0,0.0,0.0,0.0,0.0,0.0,0.0,0.0,0.0,0.0,0.0,0.0,0.0,0.0,0.0,0.0,0.0,0.0,0.0,0.0,0.0,0.0,0.0,0.0,0.0,0.0,0.0,0.0,0.0,0.0,0.0,0.0,0.0,0.0,0.0,0.0,0.0,0.0,0.0,0.0,0.0,0.0,0.0,0.0,0.0,0.0,0.0,0.0,0.0,0.0,0.0,0.0,0.0,0.0,0.0,0.0,0.0,0.0,0.0,0.0,0.0,0.0,0.0,0.0,0.0,0.0,0.0,0.0,0.0,0.0,0.0,0.0,0.0,0.0,0.0,0.0,0.0,0.0,0.0,0.0,0.0,0.0,0.0,0.0,0.0,0.0,0.0,0.0,0.0,0.0,0.0,0.0,0.0,0.0,0.0,0.0,0.0,0.0,0.0,0.0,0.0,0.0,0.0,0.0,0.0,0.0,0.0,0.0,0.0,0.0,0.0,0.0,0.0,0.0,0.0,0.0,0.0,0.0,0.0,0.0,0.0,0.0,0.0,0.0,32768.0,32768.0,32848.0,32768.0,32768.0,32768.0,32769.0,32848.0,32768.0,32848.0,32848.0,32788.0,32848.0,32848.0,32768.0,32769.0,32848.0,32768.0,32848.0,32848.0,32848.0,32848.0,32769.0,32768.0,32768.0,32788.0,32769.0,32768.0,32848.0,32768.0,32768.0,32768.0,32848.0,32768.0,32768.0,32768.0,32768.0,32788.0,32769.0,32769.0,32768.0,32848.0,32768.0,32768.0,32768.0,32769.0,32848.0,32768.0,32848.0,32848.0,32848.0,32848.0,32848.0,32768.0,32769.0,32848.0,32768.0,32848.0,32848.0,32848.0,32848.0,32768.0,32768.0,32768.0,32788.0,32769.0,32768.0,32848.0,32768.0,32768.0,32768.0,32768.0,32848.0,32788.0,32769.0,32768.0,32848.0,32768.0,32768.0,32768.0,32769.0,32848.0,32768.0,32848.0,32848.0,32848.0,32848.0,32848.0,32768.0,32768.0,32788.0,32769.0,32768.0,32848.0,32848.0,32768.0,32768.0,32768.0,32769.0,32848.0,32768.0,32848.0,32848.0,32848.0,32848.0,32848.0,32768.0,32769.0,32848.0,32768.0,32848.0,32848.0,32848.0,32848.0,32768.0,32768.0,32768.0,32788.0,32769.0,32768.0,32848.0,32768.0,32768.0,32768.0,32768.0,32788.0,32769.0,32768.0,4194304.0,23553726.0,0.0,0.0,0.0,262144.0
159,0,1,1300,1300,32768,512,0,0,108,4,48,64,matmulbias_kernel,12739725336556,12739725361854,160,196,556156.0,2018.0,556156.0,0.0,765.0,3100375.0,0.0,0.0,45439037.0,45439037.0,4194304.0,622592.0,0.0,0.0,0.0,0.0,0.0,0.0,0.0,0.0,0.0,0.0,0.0,0.0,0.0,0.0,0.0,0.0,0.0,0.0,0.0,0.0,0.0,0.0,0.0,0.0,0.0,0.0,0.0,0.0,0.0,0.0,0.0,0.0,0.0,0.0,0.0,0.0,0.0,0.0,0.0,0.0,0.0,0.0,0.0,0.0,0.0,0.0,0.0,0.0,0.0,0.0,0.0,0.0,0.0,0.0,0.0,0.0,0.0,0.0,0.0,0.0,0.0,0.0,0.0,0.0,0.0,0.0,0.0,0.0,0.0,0.0,0.0,0.0,0.0,0.0,0.0,0.0,0.0,0.0,0.0,0.0,0.0,0.0,0.0,0.0,0.0,0.0,0.0,0.0,0.0,0.0,0.0,0.0,0.0,0.0,0.0,0.0,0.0,0.0,0.0,0.0,0.0,0.0,0.0,0.0,0.0,0.0,0.0,0.0,0.0,0.0,0.0,0.0,0.0,0.0,0.0,0.0,0.0,0.0,0.0,0.0,0.0,0.0,0.0,0.0,0.0,0.0,0.0,0.0,0.0,0.0,3104.0,3114.0,3114.0,3114.0,3096.0,3092.0,3092.0,3092.0,3092.0,3092.0,3092.0,3138.0,3092.0,3092.0,3096.0,3096.0,3096.0,3096.0,3096.0,3096.0,3096.0,3096.0,3138.0,3110.0,3122.0,3122.0,3122.0,3122.0,3122.0,3122.0,3100.0,3138.0,3138.0,3138.0,3108.0,3122.0,3138.0,3138.0,3138.0,3104.0,3138.0,3138.0,3138.0,3108.0,3104.0,3104.0,3104.0,3104.0,3104.0,3104.0,3104.0,3104.0,3104.0,3096.0,3096.0,3096.0,3096.0,3096.0,3096.0,3096.0,3096.0,3104.0,3110.0,3122.0,3122.0,3122.0,3122.0,3122.0,3122.0,3100.0,3110.0,3122.0,3104.0,3122.0,3122.0,3122.0,3122.0,3122.0,3100.0,3096.0,3096.0,3096.0,3096.0,3104.0,3096.0,3096.0,3096.0,3096.0,3116.0,3130.0,3130.0,3130.0,3130.0,3130.0,3104.0,3130.0,3104.0,3100.0,3100.0,3100.0,3100.0,3100.0,3100.0,3100.0,3100.0,3104.0,3100.0,3100.0,3100.0,3100.0,3100.0,3100.0,3100.0,3100.0,3116.0,3130.0,3122.0,3130.0,3130.0,3130.0,3130.0,3130.0,3104.0,3104.0,3114.0,3114.0,3114.0,3138.0,131072.0,2840638.0,0.0,262272.0,0.0,4096.0
160,0,1,1300,1300,4194304,256,0,0,12,4,32,64,"void at::native::vectorized_elementwise_kernel<4, at::native::FillFunctor<int>, std::array<char*, 1ul> >(int, at::native::FillFunctor<int>, std::array<char*, 1ul>)",12739725759957,12739725802534,161,85,828550.0,1810.0,828550.0,65536.0,2837.0,24094052.0,0.0,0.0,557903573.0,557903573.0,0.0,0.0,262144.0,0.0,0.0,0.0,0.0,0.0,0.0,0.0,0.0,0.0,0.0,0.0,0.0,0.0,0.0,0.0,0.0,0.0,0.0,0.0,0.0,0.0,0.0,0.0,0.0,0.0,0.0,0.0,0.0,0.0,0.0,0.0,0.0,0.0,0.0,0.0,0.0,0.0,0.0,0.0,0.0,0.0,0.0,0.0,0.0,0.0,0.0,0.0,0.0,0.0,0.0,0.0,0.0,0.0,0.0,0.0,0.0,0.0,0.0,0.0,0.0,0.0,0.0,0.0,0.0,0.0,0.0,0.0,0.0,0.0,0.0,0.0,0.0,0.0,0.0,0.0,0.0,0.0,0.0,0.0,0.0,0.0,0.0,0.0,0.0,0.0,0.0,0.0,0.0,0.0,0.0,0.0,0.0,0.0,0.0,0.0,0.0,0.0,0.0,0.0,0.0,0.0,0.0,0.0,0.0,0.0,0.0,0.0,0.0,0.0,0.0,0.0,0.0,0.0,0.0,0.0,0.0,0.0,0.0,0.0,0.0,0.0,0.0,0.0,0.0,0.0,0.0,0.0,0.0,0.0,32768.0,32768.0,32848.0,32768.0,32768.0,32768.0,32788.0,32848.0,32768.0,32848.0,32848.0,32768.0,32848.0,32848.0,32768.0,32788.0,32848.0,32768.0,32848.0,32848.0,32848.0,32848.0,32768.0,32768.0,32768.0,32768.0,32768.0,32768.0,32848.0,32768.0,32768.0,32768.0,32848.0,32768.0,32768.0,32768.0,32768.0,32768.0,32768.0,32788.0,32768.0,32848.0,32768.0,32768.0,32768.0,32788.0,32848.0,32768.0,32848.0,32848.0,32848.0,32848.0,32848.0,32768.0,32788.0,32848.0,32768.0,32848.0,32848.0,32848.0,32848.0,32768.0,32768.0,32768.0,32768.0,32768.0,32768.0,32848.0,32768.0,32768.0,32768.0,32768.0,32848.0,32768.0,32768.0,32768.0,32848.0,32768.0,32768.0,32768.0,32788.0,32848.0,32768.0,32848.0,32848.0,32848.0,32848.0,32848.0,32768.0,32768.0,32768.0,32768.0,32768.0,32848.0,32848.0,32768.0,32768.0,32768.0,32788.0,32848.0,32768.0,32848.0,32848.0,32848.0,32848.0,32848.0,32768.0,32788.0,32848.0,32768.0,32848.0,32848.0,32848.0,32848.0,32768.0,32768.0,32768.0,32768.0,32768.0,32768.0,32848.0,32768.0,32768.0,32768.0,32768.0,32768.0,32768.0,32768.0,4194304.0,23711484.0,0.0,0.0,0.0,262144.0
161,0,1,1300,1300,32768,512,0,0,108,4,48,64,matmulbias_kernel,12739726204647,12739726230546,162,196,557054.0,2018.0,557054.0,0.0,839.0,3139916.0,0.0,0.0,45951745.0,45951745.0,4194304.0,622592.0,0.0,0.0,0.0,0.0,0.0,0.0,0.0,0.0,0.0,0.0,0.0,0.0,0.0,0.0,0.0,0.0,0.0,0.0,0.0,0.0,0.0,0.0,0.0,0.0,0.0,0.0,0.0,0.0,0.0,0.0,0.0,0.0,0.0,0.0,0.0,0.0,0.0,0.0,0.0,0.0,0.0,0.0,0.0,0.0,0.0,0.0,0.0,0.0,0.0,0.0,0.0,0.0,0.0,0.0,0.0,0.0,0.0,0.0,0.0,0.0,0.0,0.0,0.0,0.0,0.0,0.0,0.0,0.0,0.0,0.0,0.0,0.0,0.0,0.0,0.0,0.0,0.0,0.0,0.0,0.0,0.0,0.0,0.0,0.0,0.0,0.0,0.0,0.0,0.0,0.0,0.0,0.0,0.0,0.0,0.0,0.0,0.0,0.0,0.0,0.0,0.0,0.0,0.0,0.0,0.0,0.0,0.0,0.0,0.0,0.0,0.0,0.0,0.0,0.0,0.0,0.0,0.0,0.0,0.0,0.0,0.0,0.0,0.0,0.0,0.0,0.0,0.0,0.0,0.0,0.0,3096.0,3122.0,3122.0,3122.0,3099.0,3096.0,3096.0,3096.0,3096.0,3096.0,3096.0,3122.0,3096.0,3096.0,3104.0,3104.0,3104.0,3104.0,3104.0,3104.0,3104.0,3104.0,3122.0,3122.0,3139.0,3138.0,3138.0,3138.0,3138.0,3138.0,3107.0,3122.0,3122.0,3122.0,3099.0,3098.0,3107.0,3106.0,3106.0,3096.0,3106.0,3106.0,3106.0,3091.0,3088.0,3088.0,3088.0,3088.0,3088.0,3088.0,3096.0,3088.0,3088.0,3096.0,3096.0,3096.0,3096.0,3096.0,3096.0,3096.0,3096.0,3096.0,3110.0,3123.0,3122.0,3122.0,3122.0,3122.0,3122.0,3099.0,3104.0,3115.0,3096.0,3114.0,3114.0,3114.0,3114.0,3114.0,3095.0,3092.0,3092.0,3092.0,3092.0,3096.0,3092.0,3092.0,3092.0,3092.0,3104.0,3115.0,3114.0,3114.0,3114.0,3114.0,3096.0,3114.0,3095.0,3092.0,3092.0,3092.0,3092.0,3092.0,3092.0,3092.0,3092.0,3096.0,3096.0,3096.0,3096.0,3096.0,3096.0,3096.0,3096.0,3096.0,3110.0,3123.0,3110.0,3122.0,3122.0,3122.0,3122.0,3122.0,3099.0,3110.0,3123.0,3122.0,3122.0,3123.0,131072.0,2867081.0,0.0,262272.0,0.0,4096.0
162,0,1,1300,1300,4194304,256,0,0,12,4,32,64,"void at::native::vectorized_elementwise_kernel<4, at::native::FillFunctor<int>, std::array<char*, 1ul> >(int, at::native::FillFunctor<int>, std::array<char*, 1ul>)",12739726633580,12739726676357,163,85,834541.0,1810.0,834541.0,65536.0,2893.0,24063332.0,0.0,0.0,557328521.0,557328521.0,0.0,0.0,262144.0,0.0,0.0,0.0,0.0,0.0,0.0,0.0,0.0,0.0,0.0,0.0,0.0,0.0,0.0,0.0,0.0,0.0,0.0,0.0,0.0,0.0,0.0,0.0,0.0,0.0,0.0,0.0,0.0,0.0,0.0,0.0,0.0,0.0,0.0,0.0,0.0,0.0,0.0,0.0,0.0,0.0,0.0,0.0,0.0,0.0,0.0,0.0,0.0,0.0,0.0,0.0,0.0,0.0,0.0,0.0,0.0,0.0,0.0,0.0,0.0,0.0,0.0,0.0,0.0,0.0,0.0,0.0,0.0,0.0,0.0,0.0,0.0,0.0,0.0,0.0,0.0,0.0,0.0,0.0,0.0,0.0,0.0,0.0,0.0,0.0,0.0,0.0,0.0,0.0,0.0,0.0,0.0,0.0,0.0,0.0,0.0,0.0,0.0,0.0,0.0,0.0,0.0,0.0,0.0,0.0,0.0,0.0,0.0,0.0,0.0,0.0,0.0,0.0,0.0,0.0,0.0,0.0,0.0,0.0,0.0,0.0,0.0,0.0,0.0,0.0,0.0,0.0,0.0,0.0,32788.0,32768.0,32848.0,32768.0,32768.0,32788.0,32768.0,32848.0,32768.0,32848.0,32848.0,32768.0,32848.0,32848.0,32788.0,32768.0,32848.0,32768.0,32848.0,32848.0,32848.0,32848.0,32769.0,32769.0,32768.0,32768.0,32769.0,32768.0,32848.0,32768.0,32768.0,32768.0,32848.0,32768.0,32768.0,32769.0,32768.0,32768.0,32769.0,32768.0,32768.0,32848.0,32768.0,32768.0,32788.0,32768.0,32848.0,32768.0,32848.0,32848.0,32848.0,32848.0,32848.0,32788.0,32768.0,32848.0,32768.0,32848.0,32848.0,32848.0,32848.0,32768.0,32769.0,32768.0,32768.0,32769.0,32768.0,32848.0,32768.0,32768.0,32769.0,32768.0,32848.0,32768.0,32769.0,32768.0,32848.0,32768.0,32768.0,32788.0,32768.0,32848.0,32768.0,32848.0,32848.0,32848.0,32848.0,32848.0,32769.0,32768.0,32768.0,32769.0,32768.0,32848.0,32848.0,32768.0,32768.0,32788.0,32768.0,32848.0,32768.0,32848.0,32848.0,32848.0,32848.0,32848.0,32788.0,32768.0,32848.0,32768.0,32848.0,32848.0,32848.0,32848.0,32769.0,32768.0,32769.0,32768.0,32769.0,32768.0,32848.0,32768.0,32768.0,32769.0,32768.0,32768.0,32769.0,32768.0,4194304.0,23679620.0,0.0,0.0,0.0,262144.0
163,0,1,1300,1300,32768,512,0,0,108,4,48,64,matmulbias_kernel,12739727090778,12739727116717,164,196,562298.0,2045.0,562298.0,0.0,849.0,3163027.0,0.0,0.0,46977596.0,46977596.0,4194304.0,622592.0,0.0,0.0,0.0,0.0,0.0,0.0,0.0,0.0,0.0,0.0,0.0,0.0,0.0,0.0,0.0,0.0,0.0,0.0,0.0,0.0,0.0,0.0,0.0,0.0,0.0,0.0,0.0,0.0,0.0,0.0,0.0,0.0,0.0,0.0,0.0,0.0,0.0,0.0,0.0,0.0,0.0,0.0,0.0,0.0,0.0,0.0,0.0,0.0,0.0,0.0,0.0,0.0,0.0,0.0,0.0,0.0,0.0,0.0,0.0,0.0,0.0,0.0,0.0,0.0,0.0,0.0,0.0,0.0,0.0,0.0,0.0,0.0,0.0,0.0,0.0,0.0,0.0,0.0,0.0,0.0,0.0,0.0,0.0,0.0,0.0,0.0,0.0,0.0,0.0,0.0,0.0,0.0,0.0,0.0,0.0,0.0,0.0,0.0,0.0,0.0,0.0,0.0,0.0,0.0,0.0,0.0,0.0,0.0,0.0,0.0,0.0,0.0,0.0,0.0,0.0,0.0,0.0,0.0,0.0,0.0,0.0,0.0,0.0,0.0,0.0,0.0,0.0,0.0,0.0,0.0,3096.0,3122.0,3122.0,3122.0,3099.0,3096.0,3096.0,3096.0,3096.0,3096.0,3096.0,3122.0,3096.0,3096.0,3096.0,3096.0,3096.0,3096.0,3096.0,3096.0,3096.0,3096.0,3123.0,3110.0,3122.0,3122.0,3123.0,3122.0,3122.0,3122.0,3099.0,3122.0,3122.0,3122.0,3099.0,3122.0,3138.0,3138.0,3139.0,3096.0,3138.0,3138.0,3138.0,3107.0,3104.0,3104.0,3104.0,3104.0,3104.0,3104.0,3096.0,3104.0,3104.0,3096.0,3096.0,3096.0,3096.0,3096.0,3096.0,3096.0,3096.0,3096.0,3110.0,3122.0,3122.0,3123.0,3122.0,3122.0,3122.0,3099.0,3116.0,3130.0,3096.0,3130.0,3131.0,3130.0,3130.0,3130.0,3103.0,3100.0,3100.0,3100.0,3100.0,3096.0,3100.0,3100.0,3100.0,3100.0,3104.0,3114.0,3114.0,3115.0,3114.0,3114.0,3096.0,3114.0,3095.0,3092.0,3092.0,3092.0,3092.0,3092.0,3092.0,3092.0,3092.0,3096.0,3092.0,3092.0,3092.0,3092.0,3092.0,3092.0,3092.0,3092.0,3104.0,3114.0,3110.0,3114.0,3115.0,3114.0,3114.0,3114.0,3095.0,3110.0,3122.0,3122.0,3123.0,3122.0,131072.0,2876497.0,0.0,262272.0,0.0,4096.0
164,0,1,1300,1300,4194304,256,0,0,12,4,32,64,"void at::native::vectorized_elementwise_kernel<4, at::native::FillFunctor<int>, std::array<char*, 1ul> >(int, at::native::FillFunctor<int>, std::array<char*, 1ul>)",12739727515983,12739727558760,165,85,825819.0,1860.0,825819.0,65536.0,2870.0,24176268.0,0.0,0.0,559252018.0,559252018.0,0.0,0.0,262144.0,0.0,0.0,0.0,0.0,0.0,0.0,0.0,0.0,0.0,0.0,0.0,0.0,0.0,0.0,0.0,0.0,0.0,0.0,0.0,0.0,0.0,0.0,0.0,0.0,0.0,0.0,0.0,0.0,0.0,0.0,0.0,0.0,0.0,0.0,0.0,0.0,0.0,0.0,0.0,0.0,0.0,0.0,0.0,0.0,0.0,0.0,0.0,0.0,0.0,0.0,0.0,0.0,0.0,0.0,0.0,0.0,0.0,0.0,0.0,0.0,0.0,0.0,0.0,0.0,0.0,0.0,0.0,0.0,0.0,0.0,0.0,0.0,0.0,0.0,0.0,0.0,0.0,0.0,0.0,0.0,0.0,0.0,0.0,0.0,0.0,0.0,0.0,0.0,0.0,0.0,0.0,0.0,0.0,0.0,0.0,0.0,0.0,0.0,0.0,0.0,0.0,0.0,0.0,0.0,0.0,0.0,0.0,0.0,0.0,0.0,0.0,0.0,0.0,0.0,0.0,0.0,0.0,0.0,0.0,0.0,0.0,0.0,0.0,0.0,0.0,0.0,0.0,0.0,0.0,32768.0,32768.0,32848.0,32768.0,32768.0,32768.0,32768.0,32848.0,32788.0,32848.0,32848.0,32768.0,32848.0,32848.0,32768.0,32768.0,32848.0,32788.0,32848.0,32848.0,32848.0,32848.0,32768.0,32768.0,32768.0,32768.0,32768.0,32768.0,32848.0,32768.0,32768.0,32768.0,32848.0,32768.0,32768.0,32768.0,32768.0,32768.0,32768.0,32768.0,32768.0,32848.0,32768.0,32768.0,32768.0,32768.0,32848.0,32788.0,32848.0,32848.0,32848.0,32848.0,32848.0,32768.0,32768.0,32848.0,32788.0,32848.0,32848.0,32848.0,32848.0,32788.0,32768.0,32768.0,32768.0,32768.0,32768.0,32848.0,32768.0,32768.0,32768.0,32768.0,32848.0,32768.0,32768.0,32768.0,32848.0,32768.0,32768.0,32768.0,32768.0,32848.0,32788.0,32848.0,32848.0,32848.0,32848.0,32848.0,32768.0,32768.0,32768.0,32768.0,32768.0,32848.0,32848.0,32768.0,32768.0,32768.0,32768.0,32848.0,32788.0,32848.0,32848.0,32848.0,32848.0,32848.0,32768.0,32768.0,32848.0,32788.0,32848.0,32848.0,32848.0,32848.0,32768.0,32768.0,32768.0,32768.0,32768.0,32768.0,32848.0,32768.0,32768.0,32768.0,32768.0,32768.0,32768.0,32768.0,4194304.0,23792740.0,0.0,0.0,0.0,262144.0
165,0,1,1300,1300,32768,512,0,0,108,4,48,64,matmulbias_kernel,12739727961434,12739727987132,166,196,553506.0,2018.0,553506.0,0.0,714.0,3185645.0,0.0,0.0,47589726.0,47589726.0,4194304.0,622592.0,0.0,0.0,0.0,0.0,0.0,0.0,0.0,0.0,0.0,0.0,0.0,0.0,0.0,0.0,0.0,0.0,0.0,0.0,0.0,0.0,0.0,0.0,0.0,0.0,0.0,0.0,0.0,0.0,0.0,0.0,0.0,0.0,0.0,0.0,0.0,0.0,0.0,0.0,0.0,0.0,0.0,0.0,0.0,0.0,0.0,0.0,0.0,0.0,0.0,0.0,0.0,0.0,0.0,0.0,0.0,0.0,0.0,0.0,0.0,0.0,0.0,0.0,0.0,0.0,0.0,0.0,0.0,0.0,0.0,0.0,0.0,0.0,0.0,0.0,0.0,0.0,0.0,0.0,0.0,0.0,0.0,0.0,0.0,0.0,0.0,0.0,0.0,0.0,0.0,0.0,0.0,0.0,0.0,0.0,0.0,0.0,0.0,0.0,0.0,0.0,0.0,0.0,0.0,0.0,0.0,0.0,0.0,0.0,0.0,0.0,0.0,0.0,0.0,0.0,0.0,0.0,0.0,0.0,0.0,0.0,0.0,0.0,0.0,0.0,0.0,0.0,0.0,0.0,0.0,0.0,3104.0,3138.0,3138.0,3138.0,3107.0,3104.0,3105.0,3104.0,3104.0,3104.0,3104.0,3138.0,3104.0,3104.0,3096.0,3097.0,3096.0,3096.0,3096.0,3096.0,3096.0,3096.0,3138.0,3110.0,3122.0,3122.0,3122.0,3122.0,3122.0,3122.0,3099.0,3138.0,3138.0,3138.0,3107.0,3098.0,3106.0,3106.0,3106.0,3105.0,3106.0,3106.0,3106.0,3091.0,3088.0,3089.0,3088.0,3088.0,3088.0,3088.0,3104.0,3088.0,3088.0,3092.0,3093.0,3092.0,3092.0,3092.0,3092.0,3092.0,3092.0,3104.0,3104.0,3114.0,3114.0,3114.0,3114.0,3114.0,3114.0,3095.0,3104.0,3114.0,3104.0,3114.0,3114.0,3114.0,3114.0,3114.0,3095.0,3092.0,3093.0,3092.0,3092.0,3104.0,3092.0,3092.0,3092.0,3092.0,3122.0,3138.0,3138.0,3138.0,3138.0,3138.0,3104.0,3138.0,3107.0,3104.0,3105.0,3104.0,3104.0,3104.0,3104.0,3104.0,3104.0,3104.0,3088.0,3089.0,3088.0,3088.0,3088.0,3088.0,3088.0,3088.0,3098.0,3106.0,3122.0,3106.0,3106.0,3106.0,3106.0,3106.0,3091.0,3122.0,3138.0,3138.0,3138.0,3138.0,131072.0,2929218.0,0.0,262272.0,0.0,4096.0
166,0,1,1300,1300,4194304,256,0,0,12,4,32,64,"void at::native::vectorized_elementwise_kernel<4, at::native::FillFunctor<int>, std::array<char*, 1ul> >(int, at::native::FillFunctor<int>, std::array<char*, 1ul>)",12739728388724,12739728431701,167,85,832944.0,1810.0,832944.0,65536.0,2876.0,24113934.0,0.0,0.0,558200192.0,558200192.0,0.0,0.0,262144.0,0.0,0.0,0.0,0.0,0.0,0.0,0.0,0.0,0.0,0.0,0.0,0.0,0.0,0.0,0.0,0.0,0.0,0.0,0.0,0.0,0.0,0.0,0.0,0.0,0.0,0.0,0.0,0.0,0.0,0.0,0.0,0.0,0.0,0.0,0.0,0.0,0.0,0.0,0.0,0.0,0.0,0.0,0.0,0.0,0.0,0.0,0.0,0.0,0.0,0.0,0.0,0.0,0.0,0.0,0.0,0.0,0.0,0.0,0.0,0.0,0.0,0.0,0.0,0.0,0.0,0.0,0.0,0.0,0.0,0.0,0.0,0.0,0.0,0.0,0.0,0.0,0.0,0.0,0.0,0.0,0.0,0.0,0.0,0.0,0.0,0.0,0.0,0.0,0.0,0.0,0.0,0.0,0.0,0.0,0.0,0.0,0.0,0.0,0.0,0.0,0.0,0.0,0.0,0.0,0.0,0.0,0.0,0.0,0.0,0.0,0.0,0.0,0.0,0.0,0.0,0.0,0.0,0.0,0.0,0.0,0.0,0.0,0.0,0.0,0.0,0.0,0.0,0.0,0.0,32768.0,32768.0,32848.0,32768.0,32769.0,32768.0,32768.0,32868.0,32768.0,32848.0,32848.0,32768.0,32849.0,32848.0,32768.0,32768.0,32868.0,32768.0,32848.0,32848.0,32849.0,32848.0,32768.0,32768.0,32768.0,32768.0,32768.0,32768.0,32848.0,32768.0,32769.0,32768.0,32848.0,32768.0,32769.0,32768.0,32768.0,32768.0,32768.0,32768.0,32768.0,32848.0,32768.0,32769.0,32768.0,32768.0,32868.0,32768.0,32848.0,32848.0,32868.0,32849.0,32848.0,32768.0,32768.0,32868.0,32768.0,32848.0,32848.0,32849.0,32848.0,32768.0,32768.0,32768.0,32768.0,32768.0,32768.0,32848.0,32768.0,32769.0,32768.0,32768.0,32848.0,32768.0,32768.0,32768.0,32848.0,32768.0,32769.0,32768.0,32768.0,32868.0,32768.0,32848.0,32848.0,32848.0,32849.0,32848.0,32768.0,32768.0,32768.0,32768.0,32768.0,32848.0,32849.0,32768.0,32769.0,32768.0,32768.0,32868.0,32768.0,32848.0,32848.0,32849.0,32848.0,32848.0,32768.0,32768.0,32868.0,32768.0,32848.0,32848.0,32849.0,32848.0,32768.0,32768.0,32768.0,32768.0,32768.0,32768.0,32848.0,32768.0,32769.0,32768.0,32768.0,32768.0,32768.0,32768.0,4194304.0,23735086.0,0.0,0.0,0.0,262144.0
167,0,1,1300,1300,32768,512,0,0,108,4,48,64,matmulbias_kernel,12739728828442,12739728854501,168,196,554037.0,2018.0,554037.0,0.0,750.0,3204050.0,0.0,0.0,47887761.0,47887761.0,4194304.0,622592.0,0.0,0.0,0.0,0.0,0.0,0.0,0.0,0.0,0.0,0.0,0.0,0.0,0.0,0.0,0.0,0.0,0.0,0.0,0.0,0.0,0.0,0.0,0.0,0.0,0.0,0.0,0.0,0.0,0.0,0.0,0.0,0.0,0.0,0.0,0.0,0.0,0.0,0.0,0.0,0.0,0.0,0.0,0.0,0.0,0.0,0.0,0.0,0.0,0.0,0.0,0.0,0.0,0.0,0.0,0.0,0.0,0.0,0.0,0.0,0.0,0.0,0.0,0.0,0.0,0.0,0.0,0.0,0.0,0.0,0.0,0.0,0.0,0.0,0.0,0.0,0.0,0.0,0.0,0.0,0.0,0.0,0.0,0.0,0.0,0.0,0.0,0.0,0.0,0.0,0.0,0.0,0.0,0.0,0.0,0.0,0.0,0.0,0.0,0.0,0.0,0.0,0.0,0.0,0.0,0.0,0.0,0.0,0.0,0.0,0.0,0.0,0.0,0.0,0.0,0.0,0.0,0.0,0.0,0.0,0.0,0.0,0.0,0.0,0.0,0.0,0.0,0.0,0.0,0.0,0.0,3096.0,3130.0,3130.0,3130.0,3103.0,3100.0,3100.0,3100.0,3101.0,3100.0,3100.0,3122.0,3100.0,3100.0,3096.0,3096.0,3096.0,3097.0,3096.0,3096.0,3096.0,3096.0,3122.0,3110.0,3122.0,3122.0,3122.0,3122.0,3122.0,3122.0,3099.0,3122.0,3122.0,3122.0,3099.0,3110.0,3122.0,3122.0,3122.0,3096.0,3122.0,3122.0,3122.0,3099.0,3096.0,3096.0,3096.0,3097.0,3096.0,3096.0,3096.0,3096.0,3096.0,3096.0,3096.0,3096.0,3097.0,3096.0,3096.0,3096.0,3096.0,3097.0,3110.0,3122.0,3122.0,3122.0,3122.0,3122.0,3122.0,3099.0,3104.0,3114.0,3096.0,3114.0,3114.0,3114.0,3114.0,3114.0,3095.0,3092.0,3092.0,3092.0,3093.0,3096.0,3092.0,3092.0,3092.0,3092.0,3110.0,3122.0,3122.0,3122.0,3122.0,3122.0,3096.0,3122.0,3099.0,3096.0,3096.0,3096.0,3097.0,3096.0,3096.0,3096.0,3096.0,3096.0,3096.0,3096.0,3096.0,3097.0,3096.0,3096.0,3096.0,3096.0,3110.0,3122.0,3110.0,3122.0,3122.0,3122.0,3122.0,3122.0,3099.0,3116.0,3130.0,3130.0,3130.0,3122.0,131072.0,2943278.0,0.0,262272.0,0.0,4096.0
168,0,1,1300,1300,4194304,256,0,0,12,4,32,64,"void at::native::vectorized_elementwise_kernel<4, at::native::FillFunctor<int>, std::array<char*, 1ul> >(int, at::native::FillFunctor<int>, std::array<char*, 1ul>)",12739729248956,12739729291252,169,85,824381.0,1810.0,824381.0,65536.0,2835.0,23861276.0,0.0,0.0,553862697.0,553862697.0,0.0,0.0,262144.0,0.0,0.0,0.0,0.0,0.0,0.0,0.0,0.0,0.0,0.0,0.0,0.0,0.0,0.0,0.0,0.0,0.0,0.0,0.0,0.0,0.0,0.0,0.0,0.0,0.0,0.0,0.0,0.0,0.0,0.0,0.0,0.0,0.0,0.0,0.0,0.0,0.0,0.0,0.0,0.0,0.0,0.0,0.0,0.0,0.0,0.0,0.0,0.0,0.0,0.0,0.0,0.0,0.0,0.0,0.0,0.0,0.0,0.0,0.0,0.0,0.0,0.0,0.0,0.0,0.0,0.0,0.0,0.0,0.0,0.0,0.0,0.0,0.0,0.0,0.0,0.0,0.0,0.0,0.0,0.0,0.0,0.0,0.0,0.0,0.0,0.0,0.0,0.0,0.0,0.0,0.0,0.0,0.0,0.0,0.0,0.0,0.0,0.0,0.0,0.0,0.0,0.0,0.0,0.0,0.0,0.0,0.0,0.0,0.0,0.0,0.0,0.0,0.0,0.0,0.0,0.0,0.0,0.0,0.0,0.0,0.0,0.0,0.0,0.0,0.0,0.0,0.0,0.0,0.0,32768.0,32768.0,32848.0,32768.0,32768.0,32768.0,32768.0,32849.0,32768.0,32848.0,32868.0,32768.0,32848.0,32848.0,32768.0,32768.0,32849.0,32768.0,32848.0,32868.0,32848.0,32848.0,32769.0,32768.0,32768.0,32768.0,32769.0,32768.0,32848.0,32768.0,32768.0,32768.0,32848.0,32768.0,32768.0,32768.0,32768.0,32768.0,32769.0,32768.0,32768.0,32848.0,32768.0,32768.0,32768.0,32768.0,32849.0,32768.0,32848.0,32868.0,32849.0,32848.0,32848.0,32768.0,32768.0,32849.0,32768.0,32848.0,32868.0,32848.0,32848.0,32768.0,32768.0,32768.0,32768.0,32769.0,32768.0,32848.0,32768.0,32768.0,32768.0,32768.0,32848.0,32768.0,32769.0,32768.0,32848.0,32768.0,32768.0,32768.0,32768.0,32849.0,32768.0,32868.0,32848.0,32868.0,32848.0,32848.0,32768.0,32768.0,32768.0,32769.0,32768.0,32848.0,32848.0,32768.0,32768.0,32768.0,32768.0,32849.0,32768.0,32848.0,32868.0,32848.0,32848.0,32848.0,32768.0,32768.0,32849.0,32768.0,32848.0,32868.0,32848.0,32848.0,32768.0,32768.0,32768.0,32768.0,32769.0,32768.0,32848.0,32768.0,32768.0,32768.0,32768.0,32768.0,32769.0,32768.0,4194304.0,23535547.0,0.0,0.0,0.0,262144.0
169,0,1,1300,1300,32768,512,0,0,108,4,48,64,matmulbias_kernel,12739729694808,12739729720747,170,196,559804.0,2018.0,559804.0,0.0,758.0,3168514.0,0.0,0.0,47186609.0,47186609.0,4194304.0,622592.0,0.0,0.0,0.0,0.0,0.0,0.0,0.0,0.0,0.0,0.0,0.0,0.0,0.0,0.0,0.0,0.0,0.0,0.0,0.0,0.0,0.0,0.0,0.0,0.0,0.0,0.0,0.0,0.0,0.0,0.0,0.0,0.0,0.0,0.0,0.0,0.0,0.0,0.0,0.0,0.0,0.0,0.0,0.0,0.0,0.0,0.0,0.0,0.0,0.0,0.0,0.0,0.0,0.0,0.0,0.0,0.0,0.0,0.0,0.0,0.0,0.0,0.0,0.0,0.0,0.0,0.0,0.0,0.0,0.0,0.0,0.0,0.0,0.0,0.0,0.0,0.0,0.0,0.0,0.0,0.0,0.0,0.0,0.0,0.0,0.0,0.0,0.0,0.0,0.0,0.0,0.0,0.0,0.0,0.0,0.0,0.0,0.0,0.0,0.0,0.0,0.0,0.0,0.0,0.0,0.0,0.0,0.0,0.0,0.0,0.0,0.0,0.0,0.0,0.0,0.0,0.0,0.0,0.0,0.0,0.0,0.0,0.0,0.0,0.0,0.0,0.0,0.0,0.0,0.0,0.0,3100.0,3130.0,3130.0,3130.0,3103.0,3100.0,3100.0,3100.0,3100.0,3100.0,3101.0,3130.0,3100.0,3100.0,3092.0,3092.0,3092.0,3092.0,3092.0,3093.0,3092.0,3092.0,3130.0,3104.0,3114.0,3114.0,3114.0,3114.0,3114.0,3114.0,3095.0,3130.0,3130.0,3130.0,3103.0,3104.0,3114.0,3114.0,3114.0,3100.0,3114.0,3114.0,3114.0,3095.0,3092.0,3092.0,3092.0,3092.0,3092.0,3093.0,3100.0,3092.0,3092.0,3096.0,3096.0,3096.0,3096.0,3096.0,3097.0,3096.0,3096.0,3100.0,3110.0,3122.0,3122.0,3122.0,3122.0,3122.0,3122.0,3099.0,3110.0,3122.0,3100.0,3122.0,3122.0,3122.0,3122.0,3122.0,3099.0,3096.0,3096.0,3096.0,3096.0,3101.0,3096.0,3097.0,3096.0,3096.0,3110.0,3122.0,3122.0,3122.0,3122.0,3122.0,3100.0,3122.0,3099.0,3096.0,3096.0,3096.0,3096.0,3096.0,3097.0,3096.0,3096.0,3100.0,3096.0,3096.0,3096.0,3096.0,3096.0,3097.0,3096.0,3096.0,3110.0,3122.0,3116.0,3122.0,3122.0,3122.0,3122.0,3122.0,3099.0,3116.0,3130.0,3130.0,3130.0,3130.0,131072.0,2899881.0,0.0,262272.0,0.0,4096.0
170,0,1,1300,1300,4194304,256,0,0,12,4,32,64,"void at::native::vectorized_elementwise_kernel<4, at::native::FillFunctor<int>, std::array<char*, 1ul> >(int, at::native::FillFunctor<int>, std::array<char*, 1ul>)",12739730127350,12739730169686,171,85,818740.0,1810.0,818740.0,65536.0,2851.0,23946116.0,0.0,0.0,555500567.0,555500567.0,0.0,0.0,262144.0,0.0,0.0,0.0,0.0,0.0,0.0,0.0,0.0,0.0,0.0,0.0,0.0,0.0,0.0,0.0,0.0,0.0,0.0,0.0,0.0,0.0,0.0,0.0,0.0,0.0,0.0,0.0,0.0,0.0,0.0,0.0,0.0,0.0,0.0,0.0,0.0,0.0,0.0,0.0,0.0,0.0,0.0,0.0,0.0,0.0,0.0,0.0,0.0,0.0,0.0,0.0,0.0,0.0,0.0,0.0,0.0,0.0,0.0,0.0,0.0,0.0,0.0,0.0,0.0,0.0,0.0,0.0,0.0,0.0,0.0,0.0,0.0,0.0,0.0,0.0,0.0,0.0,0.0,0.0,0.0,0.0,0.0,0.0,0.0,0.0,0.0,0.0,0.0,0.0,0.0,0.0,0.0,0.0,0.0,0.0,0.0,0.0,0.0,0.0,0.0,0.0,0.0,0.0,0.0,0.0,0.0,0.0,0.0,0.0,0.0,0.0,0.0,0.0,0.0,0.0,0.0,0.0,0.0,0.0,0.0,0.0,0.0,0.0,0.0,0.0,0.0,0.0,0.0,0.0,32768.0,32768.0,32848.0,32768.0,32768.0,32768.0,32768.0,32848.0,32768.0,32868.0,32848.0,32768.0,32848.0,32848.0,32768.0,32768.0,32848.0,32768.0,32868.0,32848.0,32848.0,32848.0,32768.0,32768.0,32768.0,32768.0,32768.0,32768.0,32848.0,32768.0,32768.0,32768.0,32848.0,32768.0,32768.0,32768.0,32768.0,32768.0,32768.0,32768.0,32768.0,32848.0,32768.0,32768.0,32768.0,32768.0,32848.0,32768.0,32868.0,32848.0,32848.0,32848.0,32848.0,32768.0,32768.0,32848.0,32768.0,32868.0,32848.0,32848.0,32848.0,32768.0,32768.0,32768.0,32768.0,32768.0,32768.0,32848.0,32768.0,32768.0,32768.0,32768.0,32868.0,32768.0,32768.0,32768.0,32848.0,32768.0,32768.0,32768.0,32768.0,32848.0,32768.0,32848.0,32868.0,32848.0,32848.0,32848.0,32768.0,32768.0,32768.0,32768.0,32768.0,32848.0,32848.0,32768.0,32768.0,32768.0,32768.0,32848.0,32768.0,32868.0,32848.0,32848.0,32848.0,32848.0,32768.0,32768.0,32848.0,32768.0,32868.0,32848.0,32848.0,32848.0,32768.0,32768.0,32768.0,32768.0,32768.0,32768.0,32848.0,32768.0,32768.0,32768.0,32768.0,32768.0,32768.0,32768.0,4194304.0,23619230.0,0.0,0.0,0.0,262144.0
171,0,1,1300,1300,32768,512,0,0,108,4,48,64,matmulbias_kernel,12739730577411,12739730602989,172,196,537983.0,2018.0,537983.0,0.0,674.0,3184024.0,0.0,0.0,47722347.0,47722347.0,4194304.0,622592.0,0.0,0.0,0.0,0.0,0.0,0.0,0.0,0.0,0.0,0.0,0.0,0.0,0.0,0.0,0.0,0.0,0.0,0.0,0.0,0.0,0.0,0.0,0.0,0.0,0.0,0.0,0.0,0.0,0.0,0.0,0.0,0.0,0.0,0.0,0.0,0.0,0.0,0.0,0.0,0.0,0.0,0.0,0.0,0.0,0.0,0.0,0.0,0.0,0.0,0.0,0.0,0.0,0.0,0.0,0.0,0.0,0.0,0.0,0.0,0.0,0.0,0.0,0.0,0.0,0.0,0.0,0.0,0.0,0.0,0.0,0.0,0.0,0.0,0.0,0.0,0.0,0.0,0.0,0.0,0.0,0.0,0.0,0.0,0.0,0.0,0.0,0.0,0.0,0.0,0.0,0.0,0.0,0.0,0.0,0.0,0.0,0.0,0.0,0.0,0.0,0.0,0.0,0.0,0.0,0.0,0.0,0.0,0.0,0.0,0.0,0.0,0.0,0.0,0.0,0.0,0.0,0.0,0.0,0.0,0.0,0.0,0.0,0.0,0.0,0.0,0.0,0.0,0.0,0.0,0.0,3096.0,3130.0,3131.0,3130.0,3102.0,3100.0,3101.0,3100.0,3100.0,3100.0,3100.0,3122.0,3100.0,3100.0,3100.0,3101.0,3100.0,3100.0,3100.0,3100.0,3100.0,3100.0,3122.0,3116.0,3130.0,3130.0,3130.0,3130.0,3131.0,3130.0,3102.0,3122.0,3123.0,3122.0,3098.0,3110.0,3122.0,3122.0,3122.0,3097.0,3122.0,3123.0,3122.0,3098.0,3096.0,3097.0,3096.0,3096.0,3096.0,3096.0,3096.0,3096.0,3096.0,3096.0,3097.0,3096.0,3096.0,3096.0,3096.0,3096.0,3096.0,3096.0,3110.0,3122.0,3122.0,3122.0,3122.0,3123.0,3122.0,3098.0,3116.0,3130.0,3096.0,3130.0,3130.0,3130.0,3131.0,3130.0,3102.0,3100.0,3101.0,3100.0,3100.0,3096.0,3100.0,3100.0,3100.0,3100.0,3104.0,3114.0,3114.0,3114.0,3114.0,3115.0,3096.0,3114.0,3094.0,3092.0,3093.0,3092.0,3092.0,3092.0,3092.0,3092.0,3092.0,3096.0,3104.0,3105.0,3104.0,3104.0,3104.0,3104.0,3104.0,3104.0,3122.0,3138.0,3110.0,3138.0,3138.0,3138.0,3139.0,3138.0,3106.0,3116.0,3130.0,3130.0,3130.0,3122.0,131072.0,2936203.0,0.0,262272.0,0.0,4096.0
172,0,1,1300,1300,4194304,256,0,0,12,4,32,64,"void at::native::vectorized_elementwise_kernel<4, at::native::FillFunctor<int>, std::array<char*, 1ul> >(int, at::native::FillFunctor<int>, std::array<char*, 1ul>)",12739731005824,12739731048681,173,85,845534.0,1860.0,845534.0,65536.0,2859.0,24053955.0,0.0,0.0,558390855.0,558390855.0,0.0,0.0,262144.0,0.0,0.0,0.0,0.0,0.0,0.0,0.0,0.0,0.0,0.0,0.0,0.0,0.0,0.0,0.0,0.0,0.0,0.0,0.0,0.0,0.0,0.0,0.0,0.0,0.0,0.0,0.0,0.0,0.0,0.0,0.0,0.0,0.0,0.0,0.0,0.0,0.0,0.0,0.0,0.0,0.0,0.0,0.0,0.0,0.0,0.0,0.0,0.0,0.0,0.0,0.0,0.0,0.0,0.0,0.0,0.0,0.0,0.0,0.0,0.0,0.0,0.0,0.0,0.0,0.0,0.0,0.0,0.0,0.0,0.0,0.0,0.0,0.0,0.0,0.0,0.0,0.0,0.0,0.0,0.0,0.0,0.0,0.0,0.0,0.0,0.0,0.0,0.0,0.0,0.0,0.0,0.0,0.0,0.0,0.0,0.0,0.0,0.0,0.0,0.0,0.0,0.0,0.0,0.0,0.0,0.0,0.0,0.0,0.0,0.0,0.0,0.0,0.0,0.0,0.0,0.0,0.0,0.0,0.0,0.0,0.0,0.0,0.0,0.0,0.0,0.0,0.0,0.0,0.0,32769.0,32768.0,32848.0,32768.0,32768.0,32769.0,32768.0,32848.0,32768.0,32848.0,32848.0,32768.0,32848.0,32868.0,32769.0,32768.0,32848.0,32768.0,32848.0,32848.0,32848.0,32868.0,32769.0,32768.0,32768.0,32768.0,32769.0,32768.0,32848.0,32768.0,32768.0,32768.0,32848.0,32768.0,32768.0,32768.0,32768.0,32768.0,32769.0,32768.0,32768.0,32848.0,32768.0,32768.0,32769.0,32768.0,32848.0,32768.0,32848.0,32848.0,32848.0,32848.0,32868.0,32769.0,32768.0,32848.0,32768.0,32848.0,32848.0,32848.0,32868.0,32768.0,32768.0,32768.0,32768.0,32769.0,32768.0,32848.0,32768.0,32768.0,32768.0,32768.0,32848.0,32768.0,32769.0,32768.0,32848.0,32768.0,32768.0,32769.0,32768.0,32848.0,32768.0,32848.0,32848.0,32848.0,32848.0,32868.0,32768.0,32768.0,32768.0,32769.0,32768.0,32848.0,32848.0,32768.0,32768.0,32769.0,32768.0,32848.0,32768.0,32848.0,32848.0,32848.0,32868.0,32868.0,32769.0,32768.0,32848.0,32768.0,32848.0,32848.0,32848.0,32868.0,32768.0,32768.0,32768.0,32768.0,32769.0,32768.0,32848.0,32768.0,32768.0,32768.0,32768.0,32768.0,32769.0,32768.0,4194304.0,23732195.0,0.0,0.0,0.0,262144.0
173,0,1,1300,1300,32768,512,0,0,108,4,48,64,matmulbias_kernel,12739731451355,12739731476893,174,196,554664.0,2018.0,554664.0,0.0,800.0,3147244.0,0.0,0.0,46087748.0,46087748.0,4194304.0,622592.0,0.0,0.0,0.0,0.0,0.0,0.0,0.0,0.0,0.0,0.0,0.0,0.0,0.0,0.0,0.0,0.0,0.0,0.0,0.0,0.0,0.0,0.0,0.0,0.0,0.0,0.0,0.0,0.0,0.0,0.0,0.0,0.0,0.0,0.0,0.0,0.0,0.0,0.0,0.0,0.0,0.0,0.0,0.0,0.0,0.0,0.0,0.0,0.0,0.0,0.0,0.0,0.0,0.0,0.0,0.0,0.0,0.0,0.0,0.0,0.0,0.0,0.0,0.0,0.0,0.0,0.0,0.0,0.0,0.0,0.0,0.0,0.0,0.0,0.0,0.0,0.0,0.0,0.0,0.0,0.0,0.0,0.0,0.0,0.0,0.0,0.0,0.0,0.0,0.0,0.0,0.0,0.0,0.0,0.0,0.0,0.0,0.0,0.0,0.0,0.0,0.0,0.0,0.0,0.0,0.0,0.0,0.0,0.0,0.0,0.0,0.0,0.0,0.0,0.0,0.0,0.0,0.0,0.0,0.0,0.0,0.0,0.0,0.0,0.0,0.0,0.0,0.0,0.0,0.0,0.0,3100.0,3122.0,3123.0,3122.0,3098.0,3096.0,3096.0,3096.0,3097.0,3096.0,3096.0,3130.0,3096.0,3096.0,3088.0,3088.0,3088.0,3089.0,3088.0,3088.0,3088.0,3088.0,3130.0,3098.0,3106.0,3106.0,3106.0,3106.0,3107.0,3106.0,3090.0,3130.0,3131.0,3130.0,3102.0,3104.0,3114.0,3114.0,3114.0,3100.0,3114.0,3115.0,3114.0,3094.0,3092.0,3092.0,3092.0,3093.0,3092.0,3092.0,3100.0,3092.0,3092.0,3096.0,3096.0,3096.0,3097.0,3096.0,3096.0,3096.0,3096.0,3101.0,3110.0,3122.0,3122.0,3122.0,3122.0,3123.0,3122.0,3098.0,3110.0,3122.0,3100.0,3122.0,3122.0,3122.0,3123.0,3122.0,3098.0,3096.0,3096.0,3096.0,3097.0,3100.0,3096.0,3096.0,3096.0,3096.0,3110.0,3122.0,3122.0,3122.0,3122.0,3123.0,3100.0,3122.0,3098.0,3096.0,3096.0,3096.0,3097.0,3096.0,3096.0,3096.0,3096.0,3100.0,3096.0,3096.0,3096.0,3097.0,3096.0,3096.0,3096.0,3096.0,3110.0,3122.0,3116.0,3122.0,3122.0,3122.0,3123.0,3122.0,3098.0,3110.0,3122.0,3122.0,3122.0,3130.0,131072.0,2881535.0,0.0,262272.0,0.0,4096.0
174,0,1,1300,1300,4194304,256,0,0,12,4,32,64,"void at::native::vectorized_elementwise_kernel<4, at::native::FillFunctor<int>, std::array<char*, 1ul> >(int, at::native::FillFunctor<int>, std::array<char*, 1ul>)",12739731885700,12739731927996,175,85,828243.0,1810.0,828243.0,65536.0,3238.0,24032319.0,0.0,0.0,557333219.0,557333219.0,0.0,0.0,262144.0,0.0,0.0,0.0,0.0,0.0,0.0,0.0,0.0,0.0,0.0,0.0,0.0,0.0,0.0,0.0,0.0,0.0,0.0,0.0,0.0,0.0,0.0,0.0,0.0,0.0,0.0,0.0,0.0,0.0,0.0,0.0,0.0,0.0,0.0,0.0,0.0,0.0,0.0,0.0,0.0,0.0,0.0,0.0,0.0,0.0,0.0,0.0,0.0,0.0,0.0,0.0,0.0,0.0,0.0,0.0,0.0,0.0,0.0,0.0,0.0,0.0,0.0,0.0,0.0,0.0,0.0,0.0,0.0,0.0,0.0,0.0,0.0,0.0,0.0,0.0,0.0,0.0,0.0,0.0,0.0,0.0,0.0,0.0,0.0,0.0,0.0,0.0,0.0,0.0,0.0,0.0,0.0,0.0,0.0,0.0,0.0,0.0,0.0,0.0,0.0,0.0,0.0,0.0,0.0,0.0,0.0,0.0,0.0,0.0,0.0,0.0,0.0,0.0,0.0,0.0,0.0,0.0,0.0,0.0,0.0,0.0,0.0,0.0,0.0,0.0,0.0,0.0,0.0,0.0,32768.0,32768.0,32848.0,32768.0,32768.0,32768.0,32768.0,32848.0,32768.0,32848.0,32848.0,32768.0,32868.0,32848.0,32768.0,32768.0,32848.0,32768.0,32848.0,32848.0,32868.0,32848.0,32768.0,32768.0,32768.0,32768.0,32768.0,32768.0,32848.0,32768.0,32768.0,32768.0,32848.0,32768.0,32768.0,32768.0,32768.0,32768.0,32768.0,32768.0,32768.0,32848.0,32768.0,32768.0,32768.0,32768.0,32848.0,32768.0,32848.0,32848.0,32848.0,32868.0,32848.0,32768.0,32768.0,32848.0,32768.0,32848.0,32848.0,32868.0,32848.0,32768.0,32768.0,32768.0,32768.0,32768.0,32768.0,32848.0,32768.0,32768.0,32768.0,32768.0,32848.0,32768.0,32768.0,32768.0,32848.0,32768.0,32768.0,32768.0,32768.0,32848.0,32768.0,32848.0,32848.0,32848.0,32868.0,32848.0,32768.0,32768.0,32768.0,32768.0,32768.0,32848.0,32868.0,32768.0,32768.0,32768.0,32768.0,32848.0,32768.0,32848.0,32848.0,32868.0,32848.0,32848.0,32768.0,32768.0,32848.0,32768.0,32848.0,32848.0,32868.0,32848.0,32768.0,32768.0,32768.0,32768.0,32768.0,32768.0,32848.0,32768.0,32768.0,32768.0,32768.0,32768.0,32768.0,32768.0,4194304.0,23699427.0,0.0,0.0,0.0,262144.0
175,0,1,1300,1300,32768,512,0,0,108,4,48,64,matmulbias_kernel,12739732344903,12739732370641,176,196,556492.0,2018.0,556492.0,0.0,712.0,3170560.0,0.0,0.0,47070450.0,47070450.0,4194304.0,622592.0,0.0,0.0,0.0,0.0,0.0,0.0,0.0,0.0,0.0,0.0,0.0,0.0,0.0,0.0,0.0,0.0,0.0,0.0,0.0,0.0,0.0,0.0,0.0,0.0,0.0,0.0,0.0,0.0,0.0,0.0,0.0,0.0,0.0,0.0,0.0,0.0,0.0,0.0,0.0,0.0,0.0,0.0,0.0,0.0,0.0,0.0,0.0,0.0,0.0,0.0,0.0,0.0,0.0,0.0,0.0,0.0,0.0,0.0,0.0,0.0,0.0,0.0,0.0,0.0,0.0,0.0,0.0,0.0,0.0,0.0,0.0,0.0,0.0,0.0,0.0,0.0,0.0,0.0,0.0,0.0,0.0,0.0,0.0,0.0,0.0,0.0,0.0,0.0,0.0,0.0,0.0,0.0,0.0,0.0,0.0,0.0,0.0,0.0,0.0,0.0,0.0,0.0,0.0,0.0,0.0,0.0,0.0,0.0,0.0,0.0,0.0,0.0,0.0,0.0,0.0,0.0,0.0,0.0,0.0,0.0,0.0,0.0,0.0,0.0,0.0,0.0,0.0,0.0,0.0,0.0,3100.0,3131.0,3130.0,3130.0,3102.0,3100.0,3100.0,3101.0,3100.0,3100.0,3100.0,3130.0,3100.0,3100.0,3096.0,3096.0,3097.0,3096.0,3096.0,3096.0,3096.0,3096.0,3130.0,3110.0,3122.0,3122.0,3122.0,3123.0,3122.0,3122.0,3098.0,3131.0,3130.0,3130.0,3102.0,3116.0,3130.0,3130.0,3130.0,3100.0,3131.0,3130.0,3130.0,3102.0,3100.0,3100.0,3101.0,3100.0,3100.0,3100.0,3101.0,3100.0,3100.0,3100.0,3100.0,3101.0,3100.0,3100.0,3100.0,3100.0,3100.0,3100.0,3116.0,3130.0,3130.0,3130.0,3131.0,3130.0,3130.0,3102.0,3116.0,3130.0,3100.0,3130.0,3130.0,3131.0,3130.0,3130.0,3102.0,3100.0,3100.0,3101.0,3100.0,3100.0,3100.0,3100.0,3100.0,3100.0,3110.0,3122.0,3122.0,3122.0,3123.0,3122.0,3100.0,3122.0,3098.0,3096.0,3096.0,3097.0,3096.0,3096.0,3096.0,3096.0,3096.0,3100.0,3096.0,3096.0,3097.0,3096.0,3096.0,3096.0,3096.0,3096.0,3110.0,3122.0,3116.0,3122.0,3122.0,3123.0,3122.0,3122.0,3098.0,3116.0,3130.0,3130.0,3130.0,3130.0,131072.0,2911996.0,0.0,262272.0,0.0,4096.0
176,0,1,1300,1300,4194304,256,0,0,12,4,32,64,"void at::native::vectorized_elementwise_kernel<4, at::native::FillFunctor<int>, std::array<char*, 1ul> >(int, at::native::FillFunctor<int>, std::array<char*, 1ul>)",12739732779810,12739732822467,177,85,829184.0,1810.0,829184.0,65536.0,2869.0,24044013.0,0.0,0.0,556321023.0,556321023.0,0.0,0.0,262144.0,0.0,0.0,0.0,0.0,0.0,0.0,0.0,0.0,0.0,0.0,0.0,0.0,0.0,0.0,0.0,0.0,0.0,0.0,0.0,0.0,0.0,0.0,0.0,0.0,0.0,0.0,0.0,0.0,0.0,0.0,0.0,0.0,0.0,0.0,0.0,0.0,0.0,0.0,0.0,0.0,0.0,0.0,0.0,0.0,0.0,0.0,0.0,0.0,0.0,0.0,0.0,0.0,0.0,0.0,0.0,0.0,0.0,0.0,0.0,0.0,0.0,0.0,0.0,0.0,0.0,0.0,0.0,0.0,0.0,0.0,0.0,0.0,0.0,0.0,0.0,0.0,0.0,0.0,0.0,0.0,0.0,0.0,0.0,0.0,0.0,0.0,0.0,0.0,0.0,0.0,0.0,0.0,0.0,0.0,0.0,0.0,0.0,0.0,0.0,0.0,0.0,0.0,0.0,0.0,0.0,0.0,0.0,0.0,0.0,0.0,0.0,0.0,0.0,0.0,0.0,0.0,0.0,0.0,0.0,0.0,0.0,0.0,0.0,0.0,0.0,0.0,0.0,0.0,0.0,32768.0,32768.0,32868.0,32768.0,32768.0,32768.0,32768.0,32848.0,32768.0,32848.0,32848.0,32768.0,32848.0,32848.0,32768.0,32768.0,32848.0,32768.0,32848.0,32848.0,32848.0,32848.0,32768.0,32768.0,32768.0,32768.0,32768.0,32768.0,32868.0,32768.0,32768.0,32768.0,32868.0,32768.0,32768.0,32768.0,32768.0,32768.0,32768.0,32768.0,32768.0,32868.0,32768.0,32768.0,32768.0,32768.0,32848.0,32768.0,32848.0,32848.0,32848.0,32848.0,32848.0,32768.0,32768.0,32848.0,32768.0,32848.0,32848.0,32848.0,32848.0,32768.0,32768.0,32768.0,32768.0,32768.0,32768.0,32868.0,32768.0,32768.0,32768.0,32768.0,32848.0,32768.0,32768.0,32768.0,32868.0,32768.0,32768.0,32768.0,32768.0,32848.0,32768.0,32848.0,32848.0,32848.0,32848.0,32848.0,32768.0,32768.0,32768.0,32768.0,32768.0,32868.0,32848.0,32768.0,32768.0,32768.0,32768.0,32848.0,32768.0,32848.0,32848.0,32848.0,32848.0,32848.0,32768.0,32768.0,32848.0,32768.0,32848.0,32848.0,32848.0,32848.0,32768.0,32768.0,32768.0,32768.0,32768.0,32768.0,32868.0,32768.0,32768.0,32768.0,32768.0,32768.0,32768.0,32768.0,4194304.0,23645882.0,0.0,0.0,0.0,262144.0
177,0,1,1300,1300,32768,512,0,0,108,4,48,64,matmulbias_kernel,12739733220330,12739733246268,178,196,568634.0,2018.0,568634.0,0.0,676.0,3160240.0,0.0,0.0,46977988.0,46977988.0,4194304.0,622592.0,0.0,0.0,0.0,0.0,0.0,0.0,0.0,0.0,0.0,0.0,0.0,0.0,0.0,0.0,0.0,0.0,0.0,0.0,0.0,0.0,0.0,0.0,0.0,0.0,0.0,0.0,0.0,0.0,0.0,0.0,0.0,0.0,0.0,0.0,0.0,0.0,0.0,0.0,0.0,0.0,0.0,0.0,0.0,0.0,0.0,0.0,0.0,0.0,0.0,0.0,0.0,0.0,0.0,0.0,0.0,0.0,0.0,0.0,0.0,0.0,0.0,0.0,0.0,0.0,0.0,0.0,0.0,0.0,0.0,0.0,0.0,0.0,0.0,0.0,0.0,0.0,0.0,0.0,0.0,0.0,0.0,0.0,0.0,0.0,0.0,0.0,0.0,0.0,0.0,0.0,0.0,0.0,0.0,0.0,0.0,0.0,0.0,0.0,0.0,0.0,0.0,0.0,0.0,0.0,0.0,0.0,0.0,0.0,0.0,0.0,0.0,0.0,0.0,0.0,0.0,0.0,0.0,0.0,0.0,0.0,0.0,0.0,0.0,0.0,0.0,0.0,0.0,0.0,0.0,0.0,3100.0,3106.0,3106.0,3107.0,3090.0,3088.0,3088.0,3089.0,3088.0,3088.0,3088.0,3130.0,3088.0,3088.0,3096.0,3096.0,3097.0,3096.0,3096.0,3096.0,3096.0,3096.0,3130.0,3110.0,3122.0,3122.0,3122.0,3122.0,3122.0,3123.0,3098.0,3130.0,3130.0,3131.0,3102.0,3116.0,3130.0,3130.0,3130.0,3100.0,3130.0,3130.0,3131.0,3102.0,3100.0,3100.0,3101.0,3100.0,3100.0,3100.0,3101.0,3100.0,3100.0,3092.0,3092.0,3093.0,3092.0,3092.0,3092.0,3092.0,3092.0,3100.0,3104.0,3114.0,3114.0,3114.0,3114.0,3114.0,3115.0,3094.0,3104.0,3114.0,3100.0,3114.0,3114.0,3114.0,3114.0,3115.0,3094.0,3092.0,3092.0,3093.0,3092.0,3100.0,3092.0,3092.0,3092.0,3092.0,3110.0,3122.0,3122.0,3122.0,3122.0,3122.0,3100.0,3123.0,3098.0,3096.0,3096.0,3097.0,3096.0,3096.0,3096.0,3096.0,3096.0,3100.0,3092.0,3092.0,3093.0,3092.0,3092.0,3092.0,3092.0,3092.0,3104.0,3114.0,3116.0,3114.0,3114.0,3114.0,3114.0,3115.0,3094.0,3098.0,3106.0,3106.0,3106.0,3130.0,131072.0,2907267.0,0.0,262272.0,0.0,4096.0
178,0,1,1300,1300,4194304,256,0,0,12,4,32,64,"void at::native::vectorized_elementwise_kernel<4, at::native::FillFunctor<int>, std::array<char*, 1ul> >(int, at::native::FillFunctor<int>, std::array<char*, 1ul>)",12739733649704,12739733692241,179,85,854759.0,1810.0,854759.0,65536.0,2860.0,24045379.0,0.0,0.0,556451826.0,556451826.0,0.0,0.0,262144.0,0.0,0.0,0.0,0.0,0.0,0.0,0.0,0.0,0.0,0.0,0.0,0.0,0.0,0.0,0.0,0.0,0.0,0.0,0.0,0.0,0.0,0.0,0.0,0.0,0.0,0.0,0.0,0.0,0.0,0.0,0.0,0.0,0.0,0.0,0.0,0.0,0.0,0.0,0.0,0.0,0.0,0.0,0.0,0.0,0.0,0.0,0.0,0.0,0.0,0.0,0.0,0.0,0.0,0.0,0.0,0.0,0.0,0.0,0.0,0.0,0.0,0.0,0.0,0.0,0.0,0.0,0.0,0.0,0.0,0.0,0.0,0.0,0.0,0.0,0.0,0.0,0.0,0.0,0.0,0.0,0.0,0.0,0.0,0.0,0.0,0.0,0.0,0.0,0.0,0.0,0.0,0.0,0.0,0.0,0.0,0.0,0.0,0.0,0.0,0.0,0.0,0.0,0.0,0.0,0.0,0.0,0.0,0.0,0.0,0.0,0.0,0.0,0.0,0.0,0.0,0.0,0.0,0.0,0.0,0.0,0.0,0.0,0.0,0.0,0.0,0.0,0.0,0.0,0.0,32768.0,32788.0,32848.0,32768.0,32768.0,32768.0,32768.0,32848.0,32768.0,32848.0,32848.0,32768.0,32849.0,32848.0,32768.0,32768.0,32848.0,32768.0,32848.0,32848.0,32849.0,32848.0,32769.0,32768.0,32768.0,32768.0,32769.0,32788.0,32848.0,32768.0,32768.0,32788.0,32848.0,32768.0,32768.0,32768.0,32768.0,32768.0,32769.0,32768.0,32788.0,32848.0,32768.0,32768.0,32768.0,32768.0,32848.0,32768.0,32848.0,32848.0,32848.0,32849.0,32848.0,32768.0,32768.0,32848.0,32768.0,32848.0,32848.0,32849.0,32848.0,32768.0,32768.0,32768.0,32768.0,32769.0,32788.0,32848.0,32768.0,32768.0,32768.0,32768.0,32848.0,32768.0,32769.0,32788.0,32848.0,32768.0,32768.0,32768.0,32768.0,32848.0,32768.0,32848.0,32848.0,32848.0,32849.0,32848.0,32768.0,32768.0,32768.0,32769.0,32788.0,32848.0,32849.0,32768.0,32768.0,32768.0,32768.0,32848.0,32768.0,32848.0,32848.0,32849.0,32848.0,32848.0,32768.0,32768.0,32848.0,32768.0,32848.0,32848.0,32849.0,32848.0,32768.0,32768.0,32768.0,32768.0,32769.0,32788.0,32848.0,32768.0,32768.0,32768.0,32768.0,32768.0,32769.0,32768.0,4194304.0,23661979.0,0.0,0.0,0.0,262144.0
179,0,1,1300,1300,32768,512,0,0,108,4,48,64,matmulbias_kernel,12739734094073,12739734119931,180,196,556987.0,2018.0,556987.0,0.0,760.0,3158357.0,0.0,0.0,46869485.0,46869485.0,4194304.0,622592.0,0.0,0.0,0.0,0.0,0.0,0.0,0.0,0.0,0.0,0.0,0.0,0.0,0.0,0.0,0.0,0.0,0.0,0.0,0.0,0.0,0.0,0.0,0.0,0.0,0.0,0.0,0.0,0.0,0.0,0.0,0.0,0.0,0.0,0.0,0.0,0.0,0.0,0.0,0.0,0.0,0.0,0.0,0.0,0.0,0.0,0.0,0.0,0.0,0.0,0.0,0.0,0.0,0.0,0.0,0.0,0.0,0.0,0.0,0.0,0.0,0.0,0.0,0.0,0.0,0.0,0.0,0.0,0.0,0.0,0.0,0.0,0.0,0.0,0.0,0.0,0.0,0.0,0.0,0.0,0.0,0.0,0.0,0.0,0.0,0.0,0.0,0.0,0.0,0.0,0.0,0.0,0.0,0.0,0.0,0.0,0.0,0.0,0.0,0.0,0.0,0.0,0.0,0.0,0.0,0.0,0.0,0.0,0.0,0.0,0.0,0.0,0.0,0.0,0.0,0.0,0.0,0.0,0.0,0.0,0.0,0.0,0.0,0.0,0.0,0.0,0.0,0.0,0.0,0.0,0.0,3092.0,3114.0,3114.0,3114.0,3094.0,3092.0,3092.0,3092.0,3092.0,3092.0,3092.0,3114.0,3092.0,3092.0,3104.0,3104.0,3104.0,3104.0,3104.0,3104.0,3104.0,3104.0,3114.0,3122.0,3138.0,3138.0,3138.0,3138.0,3138.0,3138.0,3106.0,3114.0,3114.0,3114.0,3094.0,3110.0,3122.0,3122.0,3122.0,3092.0,3122.0,3122.0,3122.0,3098.0,3096.0,3096.0,3096.0,3096.0,3096.0,3096.0,3092.0,3096.0,3096.0,3100.0,3100.0,3100.0,3100.0,3100.0,3100.0,3100.0,3100.0,3092.0,3116.0,3130.0,3130.0,3130.0,3130.0,3130.0,3130.0,3102.0,3110.0,3122.0,3092.0,3122.0,3122.0,3122.0,3122.0,3122.0,3098.0,3096.0,3096.0,3096.0,3096.0,3092.0,3096.0,3096.0,3096.0,3096.0,3098.0,3106.0,3106.0,3106.0,3106.0,3106.0,3092.0,3106.0,3090.0,3088.0,3088.0,3088.0,3088.0,3088.0,3088.0,3088.0,3088.0,3092.0,3088.0,3088.0,3088.0,3088.0,3088.0,3088.0,3088.0,3088.0,3098.0,3106.0,3104.0,3106.0,3106.0,3106.0,3106.0,3106.0,3090.0,3104.0,3114.0,3114.0,3114.0,3114.0,131072.0,2898874.0,0.0,262272.0,0.0,4096.0
180,0,1,1300,1300,4194304,256,0,0,12,4,32,64,"void at::native::vectorized_elementwise_kernel<4, at::native::FillFunctor<int>, std::array<char*, 1ul> >(int, at::native::FillFunctor<int>, std::array<char*, 1ul>)",12739734526574,12739734569391,181,85,836163.0,1810.0,836163.0,65536.0,2805.0,24133111.0,0.0,0.0,558191417.0,558191417.0,0.0,0.0,262144.0,0.0,0.0,0.0,0.0,0.0,0.0,0.0,0.0,0.0,0.0,0.0,0.0,0.0,0.0,0.0,0.0,0.0,0.0,0.0,0.0,0.0,0.0,0.0,0.0,0.0,0.0,0.0,0.0,0.0,0.0,0.0,0.0,0.0,0.0,0.0,0.0,0.0,0.0,0.0,0.0,0.0,0.0,0.0,0.0,0.0,0.0,0.0,0.0,0.0,0.0,0.0,0.0,0.0,0.0,0.0,0.0,0.0,0.0,0.0,0.0,0.0,0.0,0.0,0.0,0.0,0.0,0.0,0.0,0.0,0.0,0.0,0.0,0.0,0.0,0.0,0.0,0.0,0.0,0.0,0.0,0.0,0.0,0.0,0.0,0.0,0.0,0.0,0.0,0.0,0.0,0.0,0.0,0.0,0.0,0.0,0.0,0.0,0.0,0.0,0.0,0.0,0.0,0.0,0.0,0.0,0.0,0.0,0.0,0.0,0.0,0.0,0.0,0.0,0.0,0.0,0.0,0.0,0.0,0.0,0.0,0.0,0.0,0.0,0.0,0.0,0.0,0.0,0.0,0.0,32768.0,32768.0,32848.0,32768.0,32788.0,32768.0,32768.0,32849.0,32768.0,32848.0,32848.0,32768.0,32848.0,32848.0,32768.0,32768.0,32849.0,32768.0,32848.0,32848.0,32848.0,32848.0,32768.0,32769.0,32768.0,32768.0,32768.0,32768.0,32848.0,32768.0,32788.0,32768.0,32848.0,32768.0,32788.0,32769.0,32768.0,32768.0,32768.0,32768.0,32768.0,32848.0,32768.0,32788.0,32768.0,32768.0,32849.0,32768.0,32848.0,32848.0,32849.0,32848.0,32848.0,32768.0,32768.0,32849.0,32768.0,32848.0,32848.0,32848.0,32848.0,32768.0,32769.0,32768.0,32768.0,32768.0,32768.0,32848.0,32768.0,32788.0,32769.0,32768.0,32848.0,32768.0,32768.0,32768.0,32848.0,32768.0,32788.0,32768.0,32768.0,32849.0,32768.0,32848.0,32848.0,32848.0,32848.0,32848.0,32769.0,32768.0,32768.0,32768.0,32768.0,32848.0,32848.0,32768.0,32788.0,32768.0,32768.0,32849.0,32768.0,32848.0,32848.0,32848.0,32848.0,32848.0,32768.0,32768.0,32849.0,32768.0,32848.0,32848.0,32848.0,32848.0,32769.0,32768.0,32769.0,32768.0,32768.0,32768.0,32848.0,32768.0,32788.0,32769.0,32768.0,32768.0,32768.0,32768.0,4194304.0,23747440.0,0.0,0.0,0.0,262144.0
181,0,1,1300,1300,32768,512,0,0,108,4,48,64,matmulbias_kernel,12739734982770,12739735008628,182,196,560126.0,2068.0,560126.0,0.0,670.0,3154315.0,0.0,0.0,46536344.0,46536344.0,4194304.0,622592.0,0.0,0.0,0.0,0.0,0.0,0.0,0.0,0.0,0.0,0.0,0.0,0.0,0.0,0.0,0.0,0.0,0.0,0.0,0.0,0.0,0.0,0.0,0.0,0.0,0.0,0.0,0.0,0.0,0.0,0.0,0.0,0.0,0.0,0.0,0.0,0.0,0.0,0.0,0.0,0.0,0.0,0.0,0.0,0.0,0.0,0.0,0.0,0.0,0.0,0.0,0.0,0.0,0.0,0.0,0.0,0.0,0.0,0.0,0.0,0.0,0.0,0.0,0.0,0.0,0.0,0.0,0.0,0.0,0.0,0.0,0.0,0.0,0.0,0.0,0.0,0.0,0.0,0.0,0.0,0.0,0.0,0.0,0.0,0.0,0.0,0.0,0.0,0.0,0.0,0.0,0.0,0.0,0.0,0.0,0.0,0.0,0.0,0.0,0.0,0.0,0.0,0.0,0.0,0.0,0.0,0.0,0.0,0.0,0.0,0.0,0.0,0.0,0.0,0.0,0.0,0.0,0.0,0.0,0.0,0.0,0.0,0.0,0.0,0.0,0.0,0.0,0.0,0.0,0.0,0.0,3096.0,3106.0,3106.0,3106.0,3090.0,3088.0,3088.0,3088.0,3088.0,3089.0,3088.0,3123.0,3088.0,3088.0,3096.0,3096.0,3096.0,3096.0,3097.0,3096.0,3096.0,3096.0,3123.0,3110.0,3122.0,3122.0,3123.0,3122.0,3122.0,3122.0,3098.0,3122.0,3122.0,3122.0,3098.0,3116.0,3130.0,3130.0,3131.0,3096.0,3130.0,3130.0,3130.0,3102.0,3100.0,3100.0,3100.0,3100.0,3101.0,3100.0,3096.0,3100.0,3100.0,3100.0,3100.0,3100.0,3100.0,3101.0,3100.0,3100.0,3100.0,3096.0,3116.0,3130.0,3130.0,3131.0,3130.0,3130.0,3130.0,3102.0,3110.0,3122.0,3097.0,3122.0,3123.0,3122.0,3122.0,3122.0,3098.0,3096.0,3096.0,3096.0,3096.0,3096.0,3097.0,3096.0,3096.0,3096.0,3110.0,3122.0,3122.0,3123.0,3122.0,3122.0,3096.0,3122.0,3098.0,3096.0,3096.0,3096.0,3096.0,3097.0,3096.0,3096.0,3096.0,3096.0,3096.0,3096.0,3096.0,3096.0,3097.0,3096.0,3096.0,3096.0,3110.0,3122.0,3110.0,3122.0,3123.0,3122.0,3122.0,3122.0,3098.0,3098.0,3106.0,3106.0,3107.0,3122.0,131072.0,2898555.0,0.0,262272.0,0.0,4096.0
182,0,1,1300,1300,4194304,256,0,0,12,4,32,64,"void at::native::vectorized_elementwise_kernel<4, at::native::FillFunctor<int>, std::array<char*, 1ul> >(int, at::native::FillFunctor<int>, std::array<char*, 1ul>)",12739735411823,12739735454240,183,85,830314.0,1810.0,830314.0,65536.0,2895.0,24008184.0,0.0,0.0,555346094.0,555346094.0,0.0,0.0,262144.0,0.0,0.0,0.0,0.0,0.0,0.0,0.0,0.0,0.0,0.0,0.0,0.0,0.0,0.0,0.0,0.0,0.0,0.0,0.0,0.0,0.0,0.0,0.0,0.0,0.0,0.0,0.0,0.0,0.0,0.0,0.0,0.0,0.0,0.0,0.0,0.0,0.0,0.0,0.0,0.0,0.0,0.0,0.0,0.0,0.0,0.0,0.0,0.0,0.0,0.0,0.0,0.0,0.0,0.0,0.0,0.0,0.0,0.0,0.0,0.0,0.0,0.0,0.0,0.0,0.0,0.0,0.0,0.0,0.0,0.0,0.0,0.0,0.0,0.0,0.0,0.0,0.0,0.0,0.0,0.0,0.0,0.0,0.0,0.0,0.0,0.0,0.0,0.0,0.0,0.0,0.0,0.0,0.0,0.0,0.0,0.0,0.0,0.0,0.0,0.0,0.0,0.0,0.0,0.0,0.0,0.0,0.0,0.0,0.0,0.0,0.0,0.0,0.0,0.0,0.0,0.0,0.0,0.0,0.0,0.0,0.0,0.0,0.0,0.0,0.0,0.0,0.0,0.0,0.0,32768.0,32768.0,32848.0,32788.0,32768.0,32768.0,32768.0,32849.0,32768.0,32848.0,32848.0,32769.0,32848.0,32848.0,32768.0,32768.0,32849.0,32768.0,32848.0,32848.0,32848.0,32848.0,32768.0,32768.0,32768.0,32769.0,32768.0,32768.0,32848.0,32788.0,32768.0,32768.0,32848.0,32788.0,32768.0,32768.0,32768.0,32769.0,32768.0,32768.0,32768.0,32848.0,32788.0,32768.0,32768.0,32768.0,32849.0,32768.0,32848.0,32848.0,32849.0,32848.0,32848.0,32768.0,32768.0,32849.0,32768.0,32848.0,32848.0,32848.0,32848.0,32768.0,32768.0,32768.0,32769.0,32768.0,32768.0,32848.0,32788.0,32768.0,32768.0,32768.0,32848.0,32769.0,32768.0,32768.0,32848.0,32788.0,32768.0,32768.0,32768.0,32849.0,32768.0,32848.0,32848.0,32848.0,32848.0,32848.0,32768.0,32768.0,32769.0,32768.0,32768.0,32848.0,32848.0,32788.0,32768.0,32768.0,32768.0,32849.0,32768.0,32848.0,32848.0,32848.0,32848.0,32848.0,32768.0,32768.0,32849.0,32768.0,32848.0,32848.0,32848.0,32848.0,32768.0,32768.0,32768.0,32769.0,32768.0,32768.0,32848.0,32788.0,32768.0,32768.0,32768.0,32769.0,32768.0,32768.0,4194304.0,23607150.0,0.0,0.0,0.0,262144.0
183,0,1,1300,1300,32768,512,0,0,108,4,48,64,matmulbias_kernel,12739735857635,12739735883213,184,196,569298.0,2018.0,569298.0,0.0,754.0,3124495.0,0.0,0.0,46087448.0,46087448.0,4194304.0,622592.0,0.0,0.0,0.0,0.0,0.0,0.0,0.0,0.0,0.0,0.0,0.0,0.0,0.0,0.0,0.0,0.0,0.0,0.0,0.0,0.0,0.0,0.0,0.0,0.0,0.0,0.0,0.0,0.0,0.0,0.0,0.0,0.0,0.0,0.0,0.0,0.0,0.0,0.0,0.0,0.0,0.0,0.0,0.0,0.0,0.0,0.0,0.0,0.0,0.0,0.0,0.0,0.0,0.0,0.0,0.0,0.0,0.0,0.0,0.0,0.0,0.0,0.0,0.0,0.0,0.0,0.0,0.0,0.0,0.0,0.0,0.0,0.0,0.0,0.0,0.0,0.0,0.0,0.0,0.0,0.0,0.0,0.0,0.0,0.0,0.0,0.0,0.0,0.0,0.0,0.0,0.0,0.0,0.0,0.0,0.0,0.0,0.0,0.0,0.0,0.0,0.0,0.0,0.0,0.0,0.0,0.0,0.0,0.0,0.0,0.0,0.0,0.0,0.0,0.0,0.0,0.0,0.0,0.0,0.0,0.0,0.0,0.0,0.0,0.0,0.0,0.0,0.0,0.0,0.0,0.0,3097.0,3130.0,3130.0,3130.0,3103.0,3101.0,3100.0,3100.0,3100.0,3100.0,3100.0,3122.0,3100.0,3100.0,3097.0,3096.0,3096.0,3096.0,3096.0,3096.0,3096.0,3096.0,3122.0,3110.0,3122.0,3122.0,3122.0,3122.0,3122.0,3122.0,3099.0,3122.0,3122.0,3122.0,3099.0,3110.0,3122.0,3122.0,3122.0,3096.0,3122.0,3122.0,3122.0,3099.0,3097.0,3096.0,3096.0,3096.0,3096.0,3096.0,3096.0,3096.0,3096.0,3097.0,3096.0,3096.0,3096.0,3096.0,3096.0,3096.0,3096.0,3096.0,3110.0,3122.0,3122.0,3122.0,3122.0,3122.0,3122.0,3099.0,3110.0,3122.0,3096.0,3122.0,3122.0,3122.0,3122.0,3122.0,3099.0,3097.0,3096.0,3096.0,3096.0,3096.0,3096.0,3096.0,3096.0,3096.0,3116.0,3130.0,3130.0,3130.0,3130.0,3130.0,3096.0,3130.0,3103.0,3101.0,3100.0,3100.0,3100.0,3100.0,3100.0,3100.0,3100.0,3096.0,3101.0,3100.0,3100.0,3100.0,3100.0,3100.0,3100.0,3100.0,3116.0,3130.0,3110.0,3130.0,3130.0,3130.0,3130.0,3130.0,3103.0,3116.0,3130.0,3130.0,3130.0,3122.0,131072.0,2865649.0,0.0,262272.0,0.0,4096.0
184,0,1,1300,1300,4194304,256,0,0,12,4,32,64,"void at::native::vectorized_elementwise_kernel<4, at::native::FillFunctor<int>, std::array<char*, 1ul> >(int, at::native::FillFunctor<int>, std::array<char*, 1ul>)",12739736296511,12739736339128,185,85,842153.0,1810.0,842153.0,65536.0,2832.0,24049771.0,0.0,0.0,556417170.0,556417170.0,0.0,0.0,262144.0,0.0,0.0,0.0,0.0,0.0,0.0,0.0,0.0,0.0,0.0,0.0,0.0,0.0,0.0,0.0,0.0,0.0,0.0,0.0,0.0,0.0,0.0,0.0,0.0,0.0,0.0,0.0,0.0,0.0,0.0,0.0,0.0,0.0,0.0,0.0,0.0,0.0,0.0,0.0,0.0,0.0,0.0,0.0,0.0,0.0,0.0,0.0,0.0,0.0,0.0,0.0,0.0,0.0,0.0,0.0,0.0,0.0,0.0,0.0,0.0,0.0,0.0,0.0,0.0,0.0,0.0,0.0,0.0,0.0,0.0,0.0,0.0,0.0,0.0,0.0,0.0,0.0,0.0,0.0,0.0,0.0,0.0,0.0,0.0,0.0,0.0,0.0,0.0,0.0,0.0,0.0,0.0,0.0,0.0,0.0,0.0,0.0,0.0,0.0,0.0,0.0,0.0,0.0,0.0,0.0,0.0,0.0,0.0,0.0,0.0,0.0,0.0,0.0,0.0,0.0,0.0,0.0,0.0,0.0,0.0,0.0,0.0,0.0,0.0,0.0,0.0,0.0,0.0,0.0,32769.0,32768.0,32848.0,32768.0,32768.0,32769.0,32768.0,32849.0,32768.0,32848.0,32848.0,32768.0,32848.0,32848.0,32769.0,32768.0,32849.0,32768.0,32848.0,32848.0,32848.0,32848.0,32768.0,32768.0,32788.0,32768.0,32768.0,32768.0,32848.0,32768.0,32768.0,32768.0,32848.0,32768.0,32768.0,32768.0,32788.0,32768.0,32768.0,32768.0,32768.0,32848.0,32768.0,32768.0,32769.0,32768.0,32849.0,32768.0,32848.0,32848.0,32849.0,32848.0,32848.0,32769.0,32768.0,32849.0,32768.0,32848.0,32848.0,32848.0,32848.0,32768.0,32768.0,32788.0,32768.0,32768.0,32768.0,32848.0,32768.0,32768.0,32768.0,32788.0,32848.0,32768.0,32768.0,32768.0,32848.0,32768.0,32768.0,32769.0,32768.0,32849.0,32768.0,32848.0,32848.0,32848.0,32848.0,32848.0,32768.0,32788.0,32768.0,32768.0,32768.0,32848.0,32848.0,32768.0,32768.0,32769.0,32768.0,32849.0,32768.0,32848.0,32848.0,32848.0,32848.0,32848.0,32769.0,32768.0,32849.0,32768.0,32848.0,32848.0,32848.0,32848.0,32768.0,32788.0,32768.0,32768.0,32768.0,32768.0,32848.0,32768.0,32768.0,32768.0,32788.0,32768.0,32768.0,32788.0,4194304.0,23647731.0,0.0,0.0,0.0,262144.0
185,0,1,1300,1300,32768,512,0,0,108,4,48,64,matmulbias_kernel,12739736752105,12739736777483,186,196,549946.0,2018.0,549946.0,0.0,758.0,3140789.0,0.0,0.0,46077109.0,46077109.0,4194304.0,622592.0,0.0,0.0,0.0,0.0,0.0,0.0,0.0,0.0,0.0,0.0,0.0,0.0,0.0,0.0,0.0,0.0,0.0,0.0,0.0,0.0,0.0,0.0,0.0,0.0,0.0,0.0,0.0,0.0,0.0,0.0,0.0,0.0,0.0,0.0,0.0,0.0,0.0,0.0,0.0,0.0,0.0,0.0,0.0,0.0,0.0,0.0,0.0,0.0,0.0,0.0,0.0,0.0,0.0,0.0,0.0,0.0,0.0,0.0,0.0,0.0,0.0,0.0,0.0,0.0,0.0,0.0,0.0,0.0,0.0,0.0,0.0,0.0,0.0,0.0,0.0,0.0,0.0,0.0,0.0,0.0,0.0,0.0,0.0,0.0,0.0,0.0,0.0,0.0,0.0,0.0,0.0,0.0,0.0,0.0,0.0,0.0,0.0,0.0,0.0,0.0,0.0,0.0,0.0,0.0,0.0,0.0,0.0,0.0,0.0,0.0,0.0,0.0,0.0,0.0,0.0,0.0,0.0,0.0,0.0,0.0,0.0,0.0,0.0,0.0,0.0,0.0,0.0,0.0,0.0,0.0,3096.0,3122.0,3122.0,3122.0,3098.0,3096.0,3096.0,3096.0,3096.0,3096.0,3096.0,3122.0,3096.0,3096.0,3100.0,3100.0,3100.0,3100.0,3100.0,3100.0,3100.0,3100.0,3122.0,3116.0,3130.0,3130.0,3130.0,3130.0,3130.0,3130.0,3102.0,3122.0,3122.0,3122.0,3098.0,3122.0,3138.0,3138.0,3138.0,3096.0,3138.0,3138.0,3138.0,3106.0,3104.0,3104.0,3104.0,3104.0,3104.0,3104.0,3096.0,3104.0,3104.0,3104.0,3104.0,3104.0,3104.0,3104.0,3104.0,3104.0,3104.0,3096.0,3122.0,3138.0,3138.0,3138.0,3138.0,3138.0,3138.0,3106.0,3116.0,3130.0,3096.0,3130.0,3130.0,3130.0,3130.0,3130.0,3102.0,3100.0,3100.0,3100.0,3100.0,3096.0,3100.0,3100.0,3100.0,3100.0,3098.0,3106.0,3106.0,3106.0,3106.0,3106.0,3096.0,3106.0,3090.0,3088.0,3088.0,3088.0,3088.0,3088.0,3088.0,3088.0,3088.0,3096.0,3096.0,3096.0,3096.0,3096.0,3096.0,3096.0,3096.0,3096.0,3110.0,3122.0,3110.0,3122.0,3122.0,3122.0,3122.0,3122.0,3098.0,3110.0,3122.0,3122.0,3122.0,3122.0,131072.0,2862148.0,0.0,262272.0,0.0,4096.0
186,0,1,1300,1300,4194304,256,0,0,12,4,32,64,"void at::native::vectorized_elementwise_kernel<4, at::native::FillFunctor<int>, std::array<char*, 1ul> >(int, at::native::FillFunctor<int>, std::array<char*, 1ul>)",12739737185970,12739737228627,187,85,831572.0,1810.0,831572.0,65536.0,2877.0,24192769.0,0.0,0.0,559464632.0,559464632.0,0.0,0.0,262144.0,0.0,0.0,0.0,0.0,0.0,0.0,0.0,0.0,0.0,0.0,0.0,0.0,0.0,0.0,0.0,0.0,0.0,0.0,0.0,0.0,0.0,0.0,0.0,0.0,0.0,0.0,0.0,0.0,0.0,0.0,0.0,0.0,0.0,0.0,0.0,0.0,0.0,0.0,0.0,0.0,0.0,0.0,0.0,0.0,0.0,0.0,0.0,0.0,0.0,0.0,0.0,0.0,0.0,0.0,0.0,0.0,0.0,0.0,0.0,0.0,0.0,0.0,0.0,0.0,0.0,0.0,0.0,0.0,0.0,0.0,0.0,0.0,0.0,0.0,0.0,0.0,0.0,0.0,0.0,0.0,0.0,0.0,0.0,0.0,0.0,0.0,0.0,0.0,0.0,0.0,0.0,0.0,0.0,0.0,0.0,0.0,0.0,0.0,0.0,0.0,0.0,0.0,0.0,0.0,0.0,0.0,0.0,0.0,0.0,0.0,0.0,0.0,0.0,0.0,0.0,0.0,0.0,0.0,0.0,0.0,0.0,0.0,0.0,0.0,0.0,0.0,0.0,0.0,0.0,32768.0,32768.0,32848.0,32768.0,32768.0,32768.0,32768.0,32850.0,32768.0,32848.0,32848.0,32768.0,32848.0,32848.0,32768.0,32768.0,32850.0,32768.0,32848.0,32848.0,32848.0,32848.0,32768.0,32788.0,32768.0,32768.0,32768.0,32768.0,32848.0,32768.0,32768.0,32768.0,32848.0,32768.0,32768.0,32788.0,32768.0,32768.0,32768.0,32768.0,32768.0,32848.0,32768.0,32768.0,32768.0,32768.0,32850.0,32768.0,32848.0,32848.0,32850.0,32848.0,32848.0,32768.0,32768.0,32850.0,32768.0,32848.0,32848.0,32848.0,32848.0,32768.0,32788.0,32768.0,32768.0,32768.0,32768.0,32848.0,32768.0,32768.0,32788.0,32768.0,32848.0,32768.0,32768.0,32768.0,32848.0,32768.0,32768.0,32768.0,32768.0,32850.0,32768.0,32848.0,32848.0,32848.0,32848.0,32848.0,32788.0,32768.0,32768.0,32768.0,32768.0,32848.0,32848.0,32768.0,32768.0,32768.0,32768.0,32850.0,32768.0,32848.0,32848.0,32848.0,32848.0,32848.0,32768.0,32768.0,32850.0,32768.0,32848.0,32848.0,32848.0,32848.0,32788.0,32768.0,32788.0,32768.0,32768.0,32768.0,32848.0,32768.0,32768.0,32788.0,32768.0,32768.0,32768.0,32768.0,4194304.0,23788542.0,0.0,0.0,0.0,262144.0
187,0,1,1300,1300,32768,512,0,0,108,4,48,64,matmulbias_kernel,12739737626931,12739737652669,188,196,551877.0,2018.0,551877.0,0.0,730.0,3141376.0,0.0,0.0,46529782.0,46529782.0,4194304.0,622592.0,0.0,0.0,0.0,0.0,0.0,0.0,0.0,0.0,0.0,0.0,0.0,0.0,0.0,0.0,0.0,0.0,0.0,0.0,0.0,0.0,0.0,0.0,0.0,0.0,0.0,0.0,0.0,0.0,0.0,0.0,0.0,0.0,0.0,0.0,0.0,0.0,0.0,0.0,0.0,0.0,0.0,0.0,0.0,0.0,0.0,0.0,0.0,0.0,0.0,0.0,0.0,0.0,0.0,0.0,0.0,0.0,0.0,0.0,0.0,0.0,0.0,0.0,0.0,0.0,0.0,0.0,0.0,0.0,0.0,0.0,0.0,0.0,0.0,0.0,0.0,0.0,0.0,0.0,0.0,0.0,0.0,0.0,0.0,0.0,0.0,0.0,0.0,0.0,0.0,0.0,0.0,0.0,0.0,0.0,0.0,0.0,0.0,0.0,0.0,0.0,0.0,0.0,0.0,0.0,0.0,0.0,0.0,0.0,0.0,0.0,0.0,0.0,0.0,0.0,0.0,0.0,0.0,0.0,0.0,0.0,0.0,0.0,0.0,0.0,0.0,0.0,0.0,0.0,0.0,0.0,3092.0,3130.0,3130.0,3130.0,3102.0,3100.0,3100.0,3100.0,3100.0,3100.0,3100.0,3114.0,3100.0,3100.0,3092.0,3092.0,3092.0,3092.0,3092.0,3092.0,3092.0,3092.0,3114.0,3104.0,3114.0,3114.0,3114.0,3114.0,3114.0,3114.0,3094.0,3114.0,3114.0,3114.0,3094.0,3116.0,3130.0,3130.0,3130.0,3092.0,3130.0,3130.0,3130.0,3102.0,3100.0,3100.0,3100.0,3100.0,3100.0,3100.0,3092.0,3100.0,3100.0,3092.0,3092.0,3092.0,3092.0,3092.0,3092.0,3092.0,3092.0,3092.0,3104.0,3114.0,3114.0,3114.0,3114.0,3114.0,3114.0,3094.0,3104.0,3114.0,3092.0,3114.0,3114.0,3114.0,3114.0,3114.0,3094.0,3092.0,3092.0,3092.0,3092.0,3092.0,3092.0,3092.0,3092.0,3092.0,3110.0,3122.0,3122.0,3122.0,3122.0,3122.0,3092.0,3122.0,3098.0,3096.0,3096.0,3096.0,3096.0,3096.0,3096.0,3096.0,3096.0,3092.0,3092.0,3092.0,3092.0,3092.0,3092.0,3092.0,3092.0,3092.0,3104.0,3114.0,3104.0,3114.0,3114.0,3114.0,3114.0,3114.0,3094.0,3116.0,3130.0,3130.0,3130.0,3114.0,131072.0,2879951.0,0.0,262272.0,0.0,4096.0
188,0,1,1300,1300,4194304,256,0,0,12,4,32,64,"void at::native::vectorized_elementwise_kernel<4, at::native::FillFunctor<int>, std::array<char*, 1ul> >(int, at::native::FillFunctor<int>, std::array<char*, 1ul>)",12739738068132,12739738111390,189,85,842866.0,1810.0,842866.0,65536.0,2864.0,24049573.0,0.0,0.0,556573069.0,556573069.0,0.0,0.0,262144.0,0.0,0.0,0.0,0.0,0.0,0.0,0.0,0.0,0.0,0.0,0.0,0.0,0.0,0.0,0.0,0.0,0.0,0.0,0.0,0.0,0.0,0.0,0.0,0.0,0.0,0.0,0.0,0.0,0.0,0.0,0.0,0.0,0.0,0.0,0.0,0.0,0.0,0.0,0.0,0.0,0.0,0.0,0.0,0.0,0.0,0.0,0.0,0.0,0.0,0.0,0.0,0.0,0.0,0.0,0.0,0.0,0.0,0.0,0.0,0.0,0.0,0.0,0.0,0.0,0.0,0.0,0.0,0.0,0.0,0.0,0.0,0.0,0.0,0.0,0.0,0.0,0.0,0.0,0.0,0.0,0.0,0.0,0.0,0.0,0.0,0.0,0.0,0.0,0.0,0.0,0.0,0.0,0.0,0.0,0.0,0.0,0.0,0.0,0.0,0.0,0.0,0.0,0.0,0.0,0.0,0.0,0.0,0.0,0.0,0.0,0.0,0.0,0.0,0.0,0.0,0.0,0.0,0.0,0.0,0.0,0.0,0.0,0.0,0.0,0.0,0.0,0.0,0.0,0.0,32768.0,32768.0,32848.0,32768.0,32768.0,32768.0,32768.0,32849.0,32768.0,32849.0,32848.0,32768.0,32848.0,32848.0,32768.0,32768.0,32849.0,32768.0,32849.0,32848.0,32848.0,32848.0,32788.0,32768.0,32768.0,32768.0,32788.0,32768.0,32848.0,32768.0,32768.0,32768.0,32848.0,32768.0,32768.0,32768.0,32768.0,32768.0,32788.0,32768.0,32768.0,32848.0,32768.0,32768.0,32768.0,32768.0,32849.0,32768.0,32849.0,32848.0,32849.0,32848.0,32848.0,32768.0,32768.0,32849.0,32768.0,32849.0,32848.0,32848.0,32848.0,32768.0,32768.0,32768.0,32768.0,32788.0,32768.0,32848.0,32768.0,32768.0,32768.0,32768.0,32849.0,32768.0,32788.0,32768.0,32848.0,32768.0,32768.0,32768.0,32768.0,32849.0,32768.0,32848.0,32849.0,32848.0,32848.0,32848.0,32768.0,32768.0,32768.0,32788.0,32768.0,32848.0,32848.0,32768.0,32768.0,32768.0,32768.0,32849.0,32768.0,32849.0,32848.0,32848.0,32848.0,32848.0,32768.0,32768.0,32849.0,32768.0,32849.0,32848.0,32848.0,32848.0,32768.0,32768.0,32768.0,32768.0,32788.0,32768.0,32848.0,32768.0,32768.0,32768.0,32768.0,32768.0,32788.0,32768.0,4194304.0,23654178.0,0.0,0.0,0.0,262144.0
189,0,1,1300,1300,32768,512,0,0,108,4,48,64,matmulbias_kernel,12739738512902,12739738538680,190,196,556424.0,2018.0,556424.0,0.0,694.0,3147075.0,0.0,0.0,46707336.0,46707336.0,4194304.0,622592.0,0.0,0.0,0.0,0.0,0.0,0.0,0.0,0.0,0.0,0.0,0.0,0.0,0.0,0.0,0.0,0.0,0.0,0.0,0.0,0.0,0.0,0.0,0.0,0.0,0.0,0.0,0.0,0.0,0.0,0.0,0.0,0.0,0.0,0.0,0.0,0.0,0.0,0.0,0.0,0.0,0.0,0.0,0.0,0.0,0.0,0.0,0.0,0.0,0.0,0.0,0.0,0.0,0.0,0.0,0.0,0.0,0.0,0.0,0.0,0.0,0.0,0.0,0.0,0.0,0.0,0.0,0.0,0.0,0.0,0.0,0.0,0.0,0.0,0.0,0.0,0.0,0.0,0.0,0.0,0.0,0.0,0.0,0.0,0.0,0.0,0.0,0.0,0.0,0.0,0.0,0.0,0.0,0.0,0.0,0.0,0.0,0.0,0.0,0.0,0.0,0.0,0.0,0.0,0.0,0.0,0.0,0.0,0.0,0.0,0.0,0.0,0.0,0.0,0.0,0.0,0.0,0.0,0.0,0.0,0.0,0.0,0.0,0.0,0.0,0.0,0.0,0.0,0.0,0.0,0.0,3096.0,3122.0,3122.0,3122.0,3098.0,3096.0,3096.0,3096.0,3096.0,3096.0,3096.0,3122.0,3096.0,3096.0,3092.0,3092.0,3092.0,3092.0,3092.0,3092.0,3092.0,3092.0,3122.0,3104.0,3114.0,3114.0,3114.0,3114.0,3114.0,3114.0,3094.0,3122.0,3122.0,3122.0,3098.0,3116.0,3130.0,3130.0,3130.0,3096.0,3130.0,3130.0,3130.0,3102.0,3100.0,3100.0,3100.0,3100.0,3100.0,3100.0,3096.0,3100.0,3100.0,3096.0,3096.0,3096.0,3096.0,3096.0,3096.0,3096.0,3096.0,3096.0,3110.0,3122.0,3122.0,3122.0,3122.0,3122.0,3122.0,3098.0,3110.0,3122.0,3096.0,3122.0,3122.0,3122.0,3122.0,3122.0,3098.0,3096.0,3096.0,3096.0,3096.0,3096.0,3096.0,3096.0,3096.0,3096.0,3110.0,3122.0,3122.0,3122.0,3122.0,3122.0,3096.0,3122.0,3098.0,3096.0,3096.0,3096.0,3096.0,3096.0,3096.0,3096.0,3096.0,3096.0,3092.0,3092.0,3092.0,3092.0,3092.0,3092.0,3092.0,3092.0,3104.0,3114.0,3110.0,3114.0,3114.0,3114.0,3114.0,3114.0,3094.0,3110.0,3122.0,3122.0,3122.0,3122.0,131072.0,2890060.0,0.0,262272.0,0.0,4096.0
190,0,1,1300,1300,4194304,256,0,0,12,4,32,64,"void at::native::vectorized_elementwise_kernel<4, at::native::FillFunctor<int>, std::array<char*, 1ul> >(int, at::native::FillFunctor<int>, std::array<char*, 1ul>)",12739738941154,12739738984011,191,85,848579.0,1810.0,848579.0,65536.0,2823.0,24084407.0,0.0,0.0,558623858.0,558623858.0,0.0,0.0,262144.0,0.0,0.0,0.0,0.0,0.0,0.0,0.0,0.0,0.0,0.0,0.0,0.0,0.0,0.0,0.0,0.0,0.0,0.0,0.0,0.0,0.0,0.0,0.0,0.0,0.0,0.0,0.0,0.0,0.0,0.0,0.0,0.0,0.0,0.0,0.0,0.0,0.0,0.0,0.0,0.0,0.0,0.0,0.0,0.0,0.0,0.0,0.0,0.0,0.0,0.0,0.0,0.0,0.0,0.0,0.0,0.0,0.0,0.0,0.0,0.0,0.0,0.0,0.0,0.0,0.0,0.0,0.0,0.0,0.0,0.0,0.0,0.0,0.0,0.0,0.0,0.0,0.0,0.0,0.0,0.0,0.0,0.0,0.0,0.0,0.0,0.0,0.0,0.0,0.0,0.0,0.0,0.0,0.0,0.0,0.0,0.0,0.0,0.0,0.0,0.0,0.0,0.0,0.0,0.0,0.0,0.0,0.0,0.0,0.0,0.0,0.0,0.0,0.0,0.0,0.0,0.0,0.0,0.0,0.0,0.0,0.0,0.0,0.0,0.0,0.0,0.0,0.0,0.0,0.0,32768.0,32768.0,32848.0,32768.0,32768.0,32768.0,32768.0,32849.0,32768.0,32848.0,32849.0,32788.0,32848.0,32848.0,32768.0,32768.0,32849.0,32768.0,32848.0,32849.0,32848.0,32848.0,32768.0,32768.0,32768.0,32788.0,32768.0,32768.0,32848.0,32768.0,32768.0,32768.0,32848.0,32768.0,32768.0,32768.0,32768.0,32788.0,32768.0,32768.0,32768.0,32848.0,32768.0,32768.0,32768.0,32768.0,32849.0,32768.0,32848.0,32849.0,32849.0,32848.0,32848.0,32768.0,32768.0,32849.0,32768.0,32848.0,32849.0,32848.0,32848.0,32768.0,32768.0,32768.0,32788.0,32768.0,32768.0,32848.0,32768.0,32768.0,32768.0,32768.0,32848.0,32788.0,32768.0,32768.0,32848.0,32768.0,32768.0,32768.0,32768.0,32849.0,32768.0,32849.0,32848.0,32849.0,32848.0,32848.0,32768.0,32768.0,32788.0,32768.0,32768.0,32848.0,32848.0,32768.0,32768.0,32768.0,32768.0,32849.0,32768.0,32848.0,32849.0,32848.0,32848.0,32848.0,32768.0,32768.0,32849.0,32768.0,32848.0,32849.0,32848.0,32848.0,32768.0,32768.0,32768.0,32788.0,32768.0,32768.0,32848.0,32768.0,32768.0,32768.0,32768.0,32788.0,32768.0,32768.0,4194304.0,23753059.0,0.0,0.0,0.0,262144.0
191,0,1,1300,1300,32768,512,0,0,108,4,48,64,matmulbias_kernel,12739739399313,12739739424972,192,196,552478.0,2068.0,552478.0,0.0,751.0,3149946.0,0.0,0.0,46548252.0,46548252.0,4194304.0,622592.0,0.0,0.0,0.0,0.0,0.0,0.0,0.0,0.0,0.0,0.0,0.0,0.0,0.0,0.0,0.0,0.0,0.0,0.0,0.0,0.0,0.0,0.0,0.0,0.0,0.0,0.0,0.0,0.0,0.0,0.0,0.0,0.0,0.0,0.0,0.0,0.0,0.0,0.0,0.0,0.0,0.0,0.0,0.0,0.0,0.0,0.0,0.0,0.0,0.0,0.0,0.0,0.0,0.0,0.0,0.0,0.0,0.0,0.0,0.0,0.0,0.0,0.0,0.0,0.0,0.0,0.0,0.0,0.0,0.0,0.0,0.0,0.0,0.0,0.0,0.0,0.0,0.0,0.0,0.0,0.0,0.0,0.0,0.0,0.0,0.0,0.0,0.0,0.0,0.0,0.0,0.0,0.0,0.0,0.0,0.0,0.0,0.0,0.0,0.0,0.0,0.0,0.0,0.0,0.0,0.0,0.0,0.0,0.0,0.0,0.0,0.0,0.0,0.0,0.0,0.0,0.0,0.0,0.0,0.0,0.0,0.0,0.0,0.0,0.0,0.0,0.0,0.0,0.0,0.0,0.0,3100.0,3122.0,3122.0,3122.0,3098.0,3096.0,3096.0,3096.0,3096.0,3096.0,3096.0,3130.0,3096.0,3096.0,3092.0,3092.0,3092.0,3092.0,3092.0,3092.0,3092.0,3092.0,3130.0,3104.0,3114.0,3114.0,3114.0,3114.0,3114.0,3114.0,3094.0,3130.0,3130.0,3130.0,3102.0,3116.0,3130.0,3130.0,3130.0,3100.0,3130.0,3130.0,3130.0,3102.0,3100.0,3100.0,3100.0,3100.0,3100.0,3100.0,3100.0,3100.0,3100.0,3096.0,3096.0,3096.0,3096.0,3096.0,3096.0,3096.0,3096.0,3100.0,3110.0,3122.0,3122.0,3122.0,3122.0,3122.0,3122.0,3098.0,3110.0,3122.0,3100.0,3122.0,3122.0,3122.0,3122.0,3122.0,3098.0,3096.0,3096.0,3096.0,3096.0,3100.0,3096.0,3096.0,3096.0,3096.0,3104.0,3114.0,3114.0,3114.0,3114.0,3114.0,3100.0,3114.0,3094.0,3092.0,3092.0,3092.0,3092.0,3092.0,3092.0,3092.0,3092.0,3100.0,3096.0,3096.0,3096.0,3096.0,3096.0,3096.0,3096.0,3096.0,3110.0,3122.0,3116.0,3122.0,3122.0,3122.0,3122.0,3122.0,3098.0,3110.0,3122.0,3122.0,3122.0,3130.0,131072.0,2889860.0,0.0,262272.0,0.0,4096.0
192,0,1,1300,1300,4194304,256,0,0,12,4,32,64,"void at::native::vectorized_elementwise_kernel<4, at::native::FillFunctor<int>, std::array<char*, 1ul> >(int, at::native::FillFunctor<int>, std::array<char*, 1ul>)",12739739836746,12739739879483,193,85,836789.0,1860.0,836789.0,65536.0,2833.0,24054373.0,0.0,0.0,557009629.0,557009629.0,0.0,0.0,262144.0,0.0,0.0,0.0,0.0,0.0,0.0,0.0,0.0,0.0,0.0,0.0,0.0,0.0,0.0,0.0,0.0,0.0,0.0,0.0,0.0,0.0,0.0,0.0,0.0,0.0,0.0,0.0,0.0,0.0,0.0,0.0,0.0,0.0,0.0,0.0,0.0,0.0,0.0,0.0,0.0,0.0,0.0,0.0,0.0,0.0,0.0,0.0,0.0,0.0,0.0,0.0,0.0,0.0,0.0,0.0,0.0,0.0,0.0,0.0,0.0,0.0,0.0,0.0,0.0,0.0,0.0,0.0,0.0,0.0,0.0,0.0,0.0,0.0,0.0,0.0,0.0,0.0,0.0,0.0,0.0,0.0,0.0,0.0,0.0,0.0,0.0,0.0,0.0,0.0,0.0,0.0,0.0,0.0,0.0,0.0,0.0,0.0,0.0,0.0,0.0,0.0,0.0,0.0,0.0,0.0,0.0,0.0,0.0,0.0,0.0,0.0,0.0,0.0,0.0,0.0,0.0,0.0,0.0,0.0,0.0,0.0,0.0,0.0,0.0,0.0,0.0,0.0,0.0,0.0,32768.0,32768.0,32848.0,32768.0,32768.0,32768.0,32788.0,32849.0,32768.0,32848.0,32848.0,32768.0,32848.0,32849.0,32768.0,32788.0,32849.0,32768.0,32848.0,32848.0,32848.0,32849.0,32768.0,32768.0,32768.0,32768.0,32768.0,32768.0,32848.0,32768.0,32768.0,32768.0,32848.0,32768.0,32768.0,32768.0,32768.0,32768.0,32768.0,32788.0,32768.0,32848.0,32768.0,32768.0,32768.0,32788.0,32849.0,32768.0,32848.0,32848.0,32849.0,32848.0,32849.0,32768.0,32788.0,32849.0,32768.0,32848.0,32848.0,32848.0,32849.0,32768.0,32768.0,32768.0,32768.0,32768.0,32768.0,32848.0,32768.0,32768.0,32768.0,32768.0,32848.0,32768.0,32768.0,32768.0,32848.0,32768.0,32768.0,32768.0,32788.0,32849.0,32768.0,32848.0,32848.0,32848.0,32848.0,32849.0,32768.0,32768.0,32768.0,32768.0,32768.0,32848.0,32848.0,32768.0,32768.0,32768.0,32788.0,32849.0,32768.0,32848.0,32848.0,32848.0,32849.0,32849.0,32768.0,32788.0,32849.0,32768.0,32848.0,32848.0,32848.0,32849.0,32768.0,32768.0,32768.0,32768.0,32768.0,32768.0,32848.0,32768.0,32768.0,32768.0,32768.0,32768.0,32768.0,32768.0,4194304.0,23669880.0,0.0,0.0,0.0,262144.0
193,0,1,1300,1300,32768,512,0,0,108,4,48,64,matmulbias_kernel,12739740285124,12739740310702,194,196,552731.0,2018.0,552731.0,0.0,732.0,3142182.0,0.0,0.0,46532679.0,46532679.0,4194304.0,622592.0,0.0,0.0,0.0,0.0,0.0,0.0,0.0,0.0,0.0,0.0,0.0,0.0,0.0,0.0,0.0,0.0,0.0,0.0,0.0,0.0,0.0,0.0,0.0,0.0,0.0,0.0,0.0,0.0,0.0,0.0,0.0,0.0,0.0,0.0,0.0,0.0,0.0,0.0,0.0,0.0,0.0,0.0,0.0,0.0,0.0,0.0,0.0,0.0,0.0,0.0,0.0,0.0,0.0,0.0,0.0,0.0,0.0,0.0,0.0,0.0,0.0,0.0,0.0,0.0,0.0,0.0,0.0,0.0,0.0,0.0,0.0,0.0,0.0,0.0,0.0,0.0,0.0,0.0,0.0,0.0,0.0,0.0,0.0,0.0,0.0,0.0,0.0,0.0,0.0,0.0,0.0,0.0,0.0,0.0,0.0,0.0,0.0,0.0,0.0,0.0,0.0,0.0,0.0,0.0,0.0,0.0,0.0,0.0,0.0,0.0,0.0,0.0,0.0,0.0,0.0,0.0,0.0,0.0,0.0,0.0,0.0,0.0,0.0,0.0,0.0,0.0,0.0,0.0,0.0,0.0,3092.0,3138.0,3138.0,3138.0,3106.0,3104.0,3104.0,3104.0,3104.0,3104.0,3104.0,3114.0,3104.0,3104.0,3088.0,3088.0,3088.0,3088.0,3088.0,3088.0,3088.0,3088.0,3114.0,3098.0,3106.0,3106.0,3106.0,3106.0,3106.0,3106.0,3090.0,3114.0,3114.0,3114.0,3094.0,3110.0,3122.0,3122.0,3122.0,3092.0,3122.0,3122.0,3122.0,3098.0,3096.0,3096.0,3096.0,3096.0,3096.0,3096.0,3092.0,3096.0,3096.0,3096.0,3096.0,3096.0,3096.0,3096.0,3096.0,3096.0,3096.0,3092.0,3110.0,3122.0,3122.0,3122.0,3122.0,3122.0,3122.0,3098.0,3110.0,3122.0,3092.0,3122.0,3122.0,3122.0,3122.0,3122.0,3098.0,3096.0,3096.0,3096.0,3096.0,3092.0,3096.0,3096.0,3096.0,3096.0,3110.0,3122.0,3122.0,3122.0,3122.0,3122.0,3092.0,3122.0,3098.0,3096.0,3096.0,3096.0,3096.0,3096.0,3096.0,3096.0,3096.0,3092.0,3092.0,3092.0,3092.0,3092.0,3092.0,3092.0,3092.0,3092.0,3104.0,3114.0,3104.0,3114.0,3114.0,3114.0,3114.0,3114.0,3094.0,3122.0,3138.0,3138.0,3138.0,3114.0,131072.0,2886161.0,0.0,262272.0,0.0,4096.0
194,0,1,1300,1300,4194304,256,0,0,12,4,32,64,"void at::native::vectorized_elementwise_kernel<4, at::native::FillFunctor<int>, std::array<char*, 1ul> >(int, at::native::FillFunctor<int>, std::array<char*, 1ul>)",12739740734424,12739740776960,195,85,844796.0,1810.0,844796.0,65536.0,2879.0,24086299.0,0.0,0.0,557238455.0,557238455.0,0.0,0.0,262144.0,0.0,0.0,0.0,0.0,0.0,0.0,0.0,0.0,0.0,0.0,0.0,0.0,0.0,0.0,0.0,0.0,0.0,0.0,0.0,0.0,0.0,0.0,0.0,0.0,0.0,0.0,0.0,0.0,0.0,0.0,0.0,0.0,0.0,0.0,0.0,0.0,0.0,0.0,0.0,0.0,0.0,0.0,0.0,0.0,0.0,0.0,0.0,0.0,0.0,0.0,0.0,0.0,0.0,0.0,0.0,0.0,0.0,0.0,0.0,0.0,0.0,0.0,0.0,0.0,0.0,0.0,0.0,0.0,0.0,0.0,0.0,0.0,0.0,0.0,0.0,0.0,0.0,0.0,0.0,0.0,0.0,0.0,0.0,0.0,0.0,0.0,0.0,0.0,0.0,0.0,0.0,0.0,0.0,0.0,0.0,0.0,0.0,0.0,0.0,0.0,0.0,0.0,0.0,0.0,0.0,0.0,0.0,0.0,0.0,0.0,0.0,0.0,0.0,0.0,0.0,0.0,0.0,0.0,0.0,0.0,0.0,0.0,0.0,0.0,0.0,0.0,0.0,0.0,0.0,32788.0,32769.0,32848.0,32768.0,32768.0,32788.0,32768.0,32849.0,32768.0,32848.0,32848.0,32768.0,32848.0,32848.0,32788.0,32768.0,32849.0,32768.0,32848.0,32848.0,32848.0,32848.0,32768.0,32768.0,32768.0,32768.0,32768.0,32769.0,32848.0,32768.0,32768.0,32769.0,32848.0,32768.0,32768.0,32768.0,32768.0,32768.0,32768.0,32768.0,32769.0,32848.0,32768.0,32768.0,32788.0,32768.0,32849.0,32768.0,32848.0,32848.0,32849.0,32848.0,32848.0,32788.0,32768.0,32849.0,32768.0,32848.0,32848.0,32848.0,32848.0,32768.0,32768.0,32768.0,32768.0,32768.0,32769.0,32848.0,32768.0,32768.0,32768.0,32768.0,32848.0,32768.0,32768.0,32769.0,32848.0,32768.0,32768.0,32788.0,32768.0,32849.0,32768.0,32848.0,32848.0,32848.0,32848.0,32848.0,32768.0,32768.0,32768.0,32768.0,32769.0,32848.0,32848.0,32768.0,32768.0,32788.0,32768.0,32849.0,32768.0,32848.0,32848.0,32848.0,32848.0,32848.0,32788.0,32768.0,32849.0,32768.0,32848.0,32848.0,32848.0,32848.0,32768.0,32768.0,32768.0,32768.0,32768.0,32769.0,32848.0,32768.0,32768.0,32768.0,32768.0,32768.0,32768.0,32768.0,4194304.0,23700637.0,0.0,0.0,0.0,262144.0
195,0,1,1300,1300,32768,512,0,0,108,4,48,64,matmulbias_kernel,12739741171616,12739741197194,196,196,555656.0,2018.0,555656.0,0.0,742.0,3118405.0,0.0,0.0,45681047.0,45681047.0,4194304.0,622592.0,0.0,0.0,0.0,0.0,0.0,0.0,0.0,0.0,0.0,0.0,0.0,0.0,0.0,0.0,0.0,0.0,0.0,0.0,0.0,0.0,0.0,0.0,0.0,0.0,0.0,0.0,0.0,0.0,0.0,0.0,0.0,0.0,0.0,0.0,0.0,0.0,0.0,0.0,0.0,0.0,0.0,0.0,0.0,0.0,0.0,0.0,0.0,0.0,0.0,0.0,0.0,0.0,0.0,0.0,0.0,0.0,0.0,0.0,0.0,0.0,0.0,0.0,0.0,0.0,0.0,0.0,0.0,0.0,0.0,0.0,0.0,0.0,0.0,0.0,0.0,0.0,0.0,0.0,0.0,0.0,0.0,0.0,0.0,0.0,0.0,0.0,0.0,0.0,0.0,0.0,0.0,0.0,0.0,0.0,0.0,0.0,0.0,0.0,0.0,0.0,0.0,0.0,0.0,0.0,0.0,0.0,0.0,0.0,0.0,0.0,0.0,0.0,0.0,0.0,0.0,0.0,0.0,0.0,0.0,0.0,0.0,0.0,0.0,0.0,0.0,0.0,0.0,0.0,0.0,0.0,3100.0,3122.0,3122.0,3122.0,3098.0,3096.0,3096.0,3096.0,3096.0,3096.0,3096.0,3130.0,3096.0,3096.0,3096.0,3096.0,3096.0,3096.0,3096.0,3096.0,3096.0,3096.0,3130.0,3110.0,3122.0,3122.0,3122.0,3122.0,3122.0,3122.0,3098.0,3130.0,3130.0,3130.0,3102.0,3116.0,3130.0,3130.0,3130.0,3100.0,3130.0,3130.0,3130.0,3102.0,3100.0,3100.0,3100.0,3100.0,3100.0,3100.0,3100.0,3100.0,3100.0,3092.0,3092.0,3092.0,3092.0,3092.0,3092.0,3092.0,3092.0,3100.0,3104.0,3114.0,3114.0,3114.0,3114.0,3114.0,3114.0,3094.0,3110.0,3122.0,3100.0,3122.0,3122.0,3122.0,3122.0,3122.0,3098.0,3096.0,3096.0,3096.0,3096.0,3100.0,3096.0,3096.0,3096.0,3096.0,3104.0,3114.0,3114.0,3114.0,3114.0,3114.0,3100.0,3114.0,3094.0,3092.0,3092.0,3092.0,3092.0,3092.0,3092.0,3092.0,3092.0,3100.0,3100.0,3100.0,3100.0,3100.0,3100.0,3100.0,3100.0,3100.0,3116.0,3130.0,3116.0,3130.0,3130.0,3130.0,3130.0,3130.0,3102.0,3110.0,3122.0,3122.0,3122.0,3130.0,131072.0,2861854.0,0.0,262272.0,0.0,4096.0
196,0,1,1300,1300,4194304,256,0,0,12,4,32,64,"void at::native::vectorized_elementwise_kernel<4, at::native::FillFunctor<int>, std::array<char*, 1ul> >(int, at::native::FillFunctor<int>, std::array<char*, 1ul>)",12739741592411,12739741634907,197,85,836113.0,1810.0,836113.0,65536.0,2918.0,23973889.0,0.0,0.0,554849720.0,554849720.0,0.0,0.0,262144.0,0.0,0.0,0.0,0.0,0.0,0.0,0.0,0.0,0.0,0.0,0.0,0.0,0.0,0.0,0.0,0.0,0.0,0.0,0.0,0.0,0.0,0.0,0.0,0.0,0.0,0.0,0.0,0.0,0.0,0.0,0.0,0.0,0.0,0.0,0.0,0.0,0.0,0.0,0.0,0.0,0.0,0.0,0.0,0.0,0.0,0.0,0.0,0.0,0.0,0.0,0.0,0.0,0.0,0.0,0.0,0.0,0.0,0.0,0.0,0.0,0.0,0.0,0.0,0.0,0.0,0.0,0.0,0.0,0.0,0.0,0.0,0.0,0.0,0.0,0.0,0.0,0.0,0.0,0.0,0.0,0.0,0.0,0.0,0.0,0.0,0.0,0.0,0.0,0.0,0.0,0.0,0.0,0.0,0.0,0.0,0.0,0.0,0.0,0.0,0.0,0.0,0.0,0.0,0.0,0.0,0.0,0.0,0.0,0.0,0.0,0.0,0.0,0.0,0.0,0.0,0.0,0.0,0.0,0.0,0.0,0.0,0.0,0.0,0.0,0.0,0.0,0.0,0.0,0.0,32768.0,32768.0,32848.0,32769.0,32768.0,32768.0,32768.0,32849.0,32788.0,32848.0,32848.0,32768.0,32848.0,32848.0,32768.0,32768.0,32849.0,32788.0,32848.0,32848.0,32848.0,32848.0,32768.0,32768.0,32768.0,32768.0,32768.0,32768.0,32848.0,32769.0,32768.0,32768.0,32848.0,32769.0,32768.0,32768.0,32768.0,32768.0,32768.0,32768.0,32768.0,32848.0,32769.0,32768.0,32768.0,32768.0,32849.0,32788.0,32848.0,32848.0,32849.0,32848.0,32848.0,32768.0,32768.0,32849.0,32788.0,32848.0,32848.0,32848.0,32848.0,32788.0,32768.0,32768.0,32768.0,32768.0,32768.0,32848.0,32769.0,32768.0,32768.0,32768.0,32848.0,32768.0,32768.0,32768.0,32848.0,32769.0,32768.0,32768.0,32768.0,32849.0,32788.0,32848.0,32848.0,32848.0,32848.0,32848.0,32768.0,32768.0,32768.0,32768.0,32768.0,32848.0,32848.0,32769.0,32768.0,32768.0,32768.0,32849.0,32788.0,32848.0,32848.0,32848.0,32848.0,32848.0,32768.0,32768.0,32849.0,32788.0,32848.0,32848.0,32848.0,32848.0,32768.0,32768.0,32768.0,32768.0,32768.0,32768.0,32848.0,32769.0,32768.0,32768.0,32768.0,32768.0,32768.0,32768.0,4194304.0,23571984.0,0.0,0.0,0.0,262144.0
197,0,1,1300,1300,32768,512,0,0,108,4,48,64,matmulbias_kernel,12739742047805,12739742073383,198,196,552736.0,2018.0,552736.0,0.0,707.0,3135843.0,0.0,0.0,46209845.0,46209845.0,4194304.0,622592.0,0.0,0.0,0.0,0.0,0.0,0.0,0.0,0.0,0.0,0.0,0.0,0.0,0.0,0.0,0.0,0.0,0.0,0.0,0.0,0.0,0.0,0.0,0.0,0.0,0.0,0.0,0.0,0.0,0.0,0.0,0.0,0.0,0.0,0.0,0.0,0.0,0.0,0.0,0.0,0.0,0.0,0.0,0.0,0.0,0.0,0.0,0.0,0.0,0.0,0.0,0.0,0.0,0.0,0.0,0.0,0.0,0.0,0.0,0.0,0.0,0.0,0.0,0.0,0.0,0.0,0.0,0.0,0.0,0.0,0.0,0.0,0.0,0.0,0.0,0.0,0.0,0.0,0.0,0.0,0.0,0.0,0.0,0.0,0.0,0.0,0.0,0.0,0.0,0.0,0.0,0.0,0.0,0.0,0.0,0.0,0.0,0.0,0.0,0.0,0.0,0.0,0.0,0.0,0.0,0.0,0.0,0.0,0.0,0.0,0.0,0.0,0.0,0.0,0.0,0.0,0.0,0.0,0.0,0.0,0.0,0.0,0.0,0.0,0.0,0.0,0.0,0.0,0.0,0.0,0.0,3092.0,3114.0,3114.0,3114.0,3094.0,3092.0,3092.0,3092.0,3092.0,3092.0,3092.0,3114.0,3092.0,3093.0,3096.0,3096.0,3096.0,3096.0,3096.0,3096.0,3096.0,3097.0,3115.0,3110.0,3122.0,3122.0,3123.0,3122.0,3122.0,3122.0,3098.0,3114.0,3114.0,3114.0,3094.0,3110.0,3122.0,3122.0,3123.0,3092.0,3122.0,3122.0,3122.0,3098.0,3096.0,3096.0,3096.0,3096.0,3096.0,3096.0,3092.0,3096.0,3097.0,3096.0,3096.0,3096.0,3096.0,3096.0,3096.0,3096.0,3097.0,3092.0,3110.0,3122.0,3122.0,3123.0,3122.0,3122.0,3122.0,3098.0,3104.0,3114.0,3092.0,3114.0,3115.0,3114.0,3114.0,3114.0,3094.0,3092.0,3092.0,3092.0,3092.0,3092.0,3092.0,3092.0,3092.0,3093.0,3116.0,3130.0,3130.0,3131.0,3130.0,3130.0,3092.0,3130.0,3102.0,3100.0,3100.0,3100.0,3100.0,3100.0,3100.0,3100.0,3101.0,3093.0,3092.0,3092.0,3092.0,3092.0,3092.0,3092.0,3092.0,3093.0,3104.0,3114.0,3104.0,3114.0,3115.0,3114.0,3114.0,3114.0,3094.0,3104.0,3114.0,3114.0,3115.0,3114.0,131072.0,2880214.0,0.0,262272.0,0.0,4096.0
198,0,1,1300,1300,4194304,256,0,0,12,4,32,64,"void at::native::vectorized_elementwise_kernel<4, at::native::FillFunctor<int>, std::array<char*, 1ul> >(int, at::native::FillFunctor<int>, std::array<char*, 1ul>)",12739742488845,12739742530981,199,85,825839.0,1810.0,825839.0,65536.0,2860.0,23936052.0,0.0,0.0,555070441.0,555070441.0,0.0,0.0,262144.0,0.0,0.0,0.0,0.0,0.0,0.0,0.0,0.0,0.0,0.0,0.0,0.0,0.0,0.0,0.0,0.0,0.0,0.0,0.0,0.0,0.0,0.0,0.0,0.0,0.0,0.0,0.0,0.0,0.0,0.0,0.0,0.0,0.0,0.0,0.0,0.0,0.0,0.0,0.0,0.0,0.0,0.0,0.0,0.0,0.0,0.0,0.0,0.0,0.0,0.0,0.0,0.0,0.0,0.0,0.0,0.0,0.0,0.0,0.0,0.0,0.0,0.0,0.0,0.0,0.0,0.0,0.0,0.0,0.0,0.0,0.0,0.0,0.0,0.0,0.0,0.0,0.0,0.0,0.0,0.0,0.0,0.0,0.0,0.0,0.0,0.0,0.0,0.0,0.0,0.0,0.0,0.0,0.0,0.0,0.0,0.0,0.0,0.0,0.0,0.0,0.0,0.0,0.0,0.0,0.0,0.0,0.0,0.0,0.0,0.0,0.0,0.0,0.0,0.0,0.0,0.0,0.0,0.0,0.0,0.0,0.0,0.0,0.0,0.0,0.0,0.0,0.0,0.0,0.0,32768.0,32768.0,32848.0,32768.0,32768.0,32768.0,32768.0,32869.0,32768.0,32848.0,32848.0,32768.0,32848.0,32848.0,32768.0,32768.0,32869.0,32768.0,32848.0,32848.0,32848.0,32848.0,32768.0,32769.0,32768.0,32768.0,32768.0,32768.0,32848.0,32768.0,32768.0,32768.0,32848.0,32768.0,32768.0,32769.0,32768.0,32768.0,32768.0,32768.0,32768.0,32848.0,32768.0,32768.0,32768.0,32768.0,32869.0,32768.0,32848.0,32848.0,32869.0,32848.0,32848.0,32768.0,32768.0,32869.0,32768.0,32848.0,32848.0,32848.0,32848.0,32768.0,32769.0,32768.0,32768.0,32768.0,32768.0,32848.0,32768.0,32768.0,32769.0,32768.0,32848.0,32768.0,32768.0,32768.0,32848.0,32768.0,32768.0,32768.0,32768.0,32869.0,32768.0,32848.0,32848.0,32848.0,32848.0,32848.0,32769.0,32768.0,32768.0,32768.0,32768.0,32848.0,32848.0,32768.0,32768.0,32768.0,32768.0,32869.0,32768.0,32848.0,32848.0,32848.0,32848.0,32848.0,32768.0,32768.0,32869.0,32768.0,32848.0,32848.0,32848.0,32848.0,32769.0,32768.0,32769.0,32768.0,32768.0,32768.0,32848.0,32768.0,32768.0,32769.0,32768.0,32768.0,32768.0,32768.0,4194304.0,23601699.0,0.0,0.0,0.0,262144.0
199,0,1,1300,1300,32768,512,0,0,108,4,48,64,matmulbias_kernel,12739742949972,12739742975470,200,196,550750.0,2018.0,550750.0,0.0,757.0,3147824.0,0.0,0.0,46460940.0,46460940.0,4194304.0,622592.0,0.0,0.0,0.0,0.0,0.0,0.0,0.0,0.0,0.0,0.0,0.0,0.0,0.0,0.0,0.0,0.0,0.0,0.0,0.0,0.0,0.0,0.0,0.0,0.0,0.0,0.0,0.0,0.0,0.0,0.0,0.0,0.0,0.0,0.0,0.0,0.0,0.0,0.0,0.0,0.0,0.0,0.0,0.0,0.0,0.0,0.0,0.0,0.0,0.0,0.0,0.0,0.0,0.0,0.0,0.0,0.0,0.0,0.0,0.0,0.0,0.0,0.0,0.0,0.0,0.0,0.0,0.0,0.0,0.0,0.0,0.0,0.0,0.0,0.0,0.0,0.0,0.0,0.0,0.0,0.0,0.0,0.0,0.0,0.0,0.0,0.0,0.0,0.0,0.0,0.0,0.0,0.0,0.0,0.0,0.0,0.0,0.0,0.0,0.0,0.0,0.0,0.0,0.0,0.0,0.0,0.0,0.0,0.0,0.0,0.0,0.0,0.0,0.0,0.0,0.0,0.0,0.0,0.0,0.0,0.0,0.0,0.0,0.0,0.0,0.0,0.0,0.0,0.0,0.0,0.0,3100.0,3130.0,3130.0,3130.0,3102.0,3100.0,3100.0,3100.0,3100.0,3100.0,3100.0,3130.0,3100.0,3100.0,3096.0,3096.0,3096.0,3096.0,3096.0,3096.0,3096.0,3096.0,3130.0,3110.0,3122.0,3122.0,3122.0,3122.0,3122.0,3122.0,3098.0,3130.0,3130.0,3130.0,3102.0,3104.0,3114.0,3114.0,3114.0,3100.0,3114.0,3114.0,3114.0,3094.0,3092.0,3092.0,3092.0,3092.0,3092.0,3092.0,3100.0,3092.0,3092.0,3096.0,3096.0,3096.0,3096.0,3096.0,3096.0,3096.0,3096.0,3100.0,3110.0,3122.0,3122.0,3122.0,3122.0,3122.0,3122.0,3098.0,3104.0,3114.0,3100.0,3114.0,3114.0,3114.0,3114.0,3114.0,3094.0,3092.0,3092.0,3092.0,3092.0,3100.0,3092.0,3092.0,3092.0,3092.0,3104.0,3114.0,3114.0,3114.0,3114.0,3114.0,3100.0,3114.0,3094.0,3092.0,3092.0,3092.0,3092.0,3092.0,3092.0,3092.0,3092.0,3100.0,3096.0,3096.0,3096.0,3096.0,3096.0,3096.0,3096.0,3096.0,3110.0,3122.0,3116.0,3122.0,3122.0,3122.0,3122.0,3122.0,3098.0,3116.0,3130.0,3130.0,3130.0,3130.0,131072.0,2887650.0,0.0,262272.0,0.0,4096.0
200,0,1,1300,1300,4194304,256,0,0,12,4,32,64,"void at::native::vectorized_elementwise_kernel<4, at::native::FillFunctor<int>, std::array<char*, 1ul> >(int, at::native::FillFunctor<int>, std::array<char*, 1ul>)",12739743394541,12739743436757,201,85,829419.0,1810.0,829419.0,65536.0,2898.0,23865185.0,0.0,0.0,553597610.0,553597610.0,0.0,0.0,262144.0,0.0,0.0,0.0,0.0,0.0,0.0,0.0,0.0,0.0,0.0,0.0,0.0,0.0,0.0,0.0,0.0,0.0,0.0,0.0,0.0,0.0,0.0,0.0,0.0,0.0,0.0,0.0,0.0,0.0,0.0,0.0,0.0,0.0,0.0,0.0,0.0,0.0,0.0,0.0,0.0,0.0,0.0,0.0,0.0,0.0,0.0,0.0,0.0,0.0,0.0,0.0,0.0,0.0,0.0,0.0,0.0,0.0,0.0,0.0,0.0,0.0,0.0,0.0,0.0,0.0,0.0,0.0,0.0,0.0,0.0,0.0,0.0,0.0,0.0,0.0,0.0,0.0,0.0,0.0,0.0,0.0,0.0,0.0,0.0,0.0,0.0,0.0,0.0,0.0,0.0,0.0,0.0,0.0,0.0,0.0,0.0,0.0,0.0,0.0,0.0,0.0,0.0,0.0,0.0,0.0,0.0,0.0,0.0,0.0,0.0,0.0,0.0,0.0,0.0,0.0,0.0,0.0,0.0,0.0,0.0,0.0,0.0,0.0,0.0,0.0,0.0,0.0,0.0,0.0,32768.0,32768.0,32848.0,32768.0,32768.0,32768.0,32768.0,32849.0,32768.0,32848.0,32868.0,32769.0,32848.0,32848.0,32768.0,32768.0,32849.0,32768.0,32848.0,32868.0,32848.0,32848.0,32768.0,32768.0,32768.0,32769.0,32768.0,32768.0,32848.0,32768.0,32768.0,32768.0,32848.0,32768.0,32768.0,32768.0,32768.0,32769.0,32768.0,32768.0,32768.0,32848.0,32768.0,32768.0,32768.0,32768.0,32849.0,32768.0,32848.0,32868.0,32849.0,32848.0,32848.0,32768.0,32768.0,32849.0,32768.0,32848.0,32868.0,32848.0,32848.0,32768.0,32768.0,32768.0,32769.0,32768.0,32768.0,32848.0,32768.0,32768.0,32768.0,32768.0,32848.0,32769.0,32768.0,32768.0,32848.0,32768.0,32768.0,32768.0,32768.0,32849.0,32768.0,32868.0,32848.0,32868.0,32848.0,32848.0,32768.0,32768.0,32769.0,32768.0,32768.0,32848.0,32848.0,32768.0,32768.0,32768.0,32768.0,32849.0,32768.0,32848.0,32868.0,32848.0,32848.0,32848.0,32768.0,32768.0,32849.0,32768.0,32848.0,32868.0,32848.0,32848.0,32768.0,32768.0,32768.0,32769.0,32768.0,32768.0,32848.0,32768.0,32768.0,32768.0,32768.0,32769.0,32768.0,32768.0,4194304.0,23532673.0,0.0,0.0,0.0,262144.0
201,0,1,1300,1300,32768,512,0,0,108,4,48,64,matmulbias_kernel,12739743862844,12739743888663,202,196,554215.0,2018.0,554215.0,0.0,741.0,3173807.0,0.0,0.0,46902018.0,46902018.0,4194304.0,622592.0,0.0,0.0,0.0,0.0,0.0,0.0,0.0,0.0,0.0,0.0,0.0,0.0,0.0,0.0,0.0,0.0,0.0,0.0,0.0,0.0,0.0,0.0,0.0,0.0,0.0,0.0,0.0,0.0,0.0,0.0,0.0,0.0,0.0,0.0,0.0,0.0,0.0,0.0,0.0,0.0,0.0,0.0,0.0,0.0,0.0,0.0,0.0,0.0,0.0,0.0,0.0,0.0,0.0,0.0,0.0,0.0,0.0,0.0,0.0,0.0,0.0,0.0,0.0,0.0,0.0,0.0,0.0,0.0,0.0,0.0,0.0,0.0,0.0,0.0,0.0,0.0,0.0,0.0,0.0,0.0,0.0,0.0,0.0,0.0,0.0,0.0,0.0,0.0,0.0,0.0,0.0,0.0,0.0,0.0,0.0,0.0,0.0,0.0,0.0,0.0,0.0,0.0,0.0,0.0,0.0,0.0,0.0,0.0,0.0,0.0,0.0,0.0,0.0,0.0,0.0,0.0,0.0,0.0,0.0,0.0,0.0,0.0,0.0,0.0,0.0,0.0,0.0,0.0,0.0,0.0,3096.0,3130.0,3130.0,3130.0,3102.0,3100.0,3100.0,3100.0,3100.0,3100.0,3100.0,3122.0,3100.0,3100.0,3104.0,3104.0,3104.0,3104.0,3104.0,3104.0,3104.0,3104.0,3122.0,3122.0,3138.0,3138.0,3138.0,3138.0,3138.0,3138.0,3106.0,3122.0,3122.0,3122.0,3098.0,3104.0,3114.0,3114.0,3114.0,3096.0,3114.0,3114.0,3114.0,3094.0,3092.0,3092.0,3092.0,3092.0,3092.0,3092.0,3096.0,3092.0,3092.0,3100.0,3100.0,3100.0,3100.0,3100.0,3100.0,3100.0,3100.0,3096.0,3116.0,3130.0,3130.0,3130.0,3130.0,3130.0,3130.0,3102.0,3098.0,3106.0,3096.0,3106.0,3106.0,3106.0,3106.0,3106.0,3090.0,3088.0,3088.0,3088.0,3088.0,3096.0,3088.0,3088.0,3088.0,3088.0,3116.0,3130.0,3130.0,3130.0,3130.0,3130.0,3096.0,3130.0,3102.0,3100.0,3100.0,3100.0,3100.0,3100.0,3100.0,3100.0,3100.0,3096.0,3096.0,3096.0,3096.0,3096.0,3096.0,3096.0,3096.0,3096.0,3110.0,3122.0,3110.0,3122.0,3122.0,3122.0,3122.0,3122.0,3098.0,3116.0,3130.0,3130.0,3130.0,3122.0,131072.0,2907360.0,0.0,262272.0,0.0,4096.0
202,0,1,1300,1300,4194304,256,0,0,12,4,32,64,"void at::native::vectorized_elementwise_kernel<4, at::native::FillFunctor<int>, std::array<char*, 1ul> >(int, at::native::FillFunctor<int>, std::array<char*, 1ul>)",12739744296869,12739744339646,203,85,825177.0,1810.0,825177.0,65536.0,2923.0,23971189.0,0.0,0.0,555813920.0,555813920.0,0.0,0.0,262144.0,0.0,0.0,0.0,0.0,0.0,0.0,0.0,0.0,0.0,0.0,0.0,0.0,0.0,0.0,0.0,0.0,0.0,0.0,0.0,0.0,0.0,0.0,0.0,0.0,0.0,0.0,0.0,0.0,0.0,0.0,0.0,0.0,0.0,0.0,0.0,0.0,0.0,0.0,0.0,0.0,0.0,0.0,0.0,0.0,0.0,0.0,0.0,0.0,0.0,0.0,0.0,0.0,0.0,0.0,0.0,0.0,0.0,0.0,0.0,0.0,0.0,0.0,0.0,0.0,0.0,0.0,0.0,0.0,0.0,0.0,0.0,0.0,0.0,0.0,0.0,0.0,0.0,0.0,0.0,0.0,0.0,0.0,0.0,0.0,0.0,0.0,0.0,0.0,0.0,0.0,0.0,0.0,0.0,0.0,0.0,0.0,0.0,0.0,0.0,0.0,0.0,0.0,0.0,0.0,0.0,0.0,0.0,0.0,0.0,0.0,0.0,0.0,0.0,0.0,0.0,0.0,0.0,0.0,0.0,0.0,0.0,0.0,0.0,0.0,0.0,0.0,0.0,0.0,0.0,32769.0,32768.0,32848.0,32768.0,32768.0,32769.0,32768.0,32849.0,32768.0,32868.0,32848.0,32768.0,32848.0,32848.0,32769.0,32768.0,32849.0,32768.0,32868.0,32848.0,32848.0,32848.0,32768.0,32768.0,32768.0,32768.0,32768.0,32768.0,32848.0,32768.0,32768.0,32768.0,32848.0,32768.0,32768.0,32768.0,32768.0,32768.0,32768.0,32768.0,32768.0,32848.0,32768.0,32768.0,32769.0,32768.0,32849.0,32768.0,32868.0,32848.0,32849.0,32848.0,32848.0,32769.0,32768.0,32849.0,32768.0,32868.0,32848.0,32848.0,32848.0,32768.0,32768.0,32768.0,32768.0,32768.0,32768.0,32848.0,32768.0,32768.0,32768.0,32768.0,32868.0,32768.0,32768.0,32768.0,32848.0,32768.0,32768.0,32769.0,32768.0,32849.0,32768.0,32848.0,32868.0,32848.0,32848.0,32848.0,32768.0,32768.0,32768.0,32768.0,32768.0,32848.0,32848.0,32768.0,32768.0,32769.0,32768.0,32849.0,32768.0,32868.0,32848.0,32848.0,32848.0,32848.0,32769.0,32768.0,32849.0,32768.0,32868.0,32848.0,32848.0,32848.0,32768.0,32768.0,32768.0,32768.0,32768.0,32768.0,32848.0,32768.0,32768.0,32768.0,32768.0,32768.0,32768.0,32768.0,4194304.0,23637905.0,0.0,0.0,0.0,262144.0
203,0,1,1300,1300,32768,512,0,0,108,4,48,64,matmulbias_kernel,12739744771065,12739744796483,204,196,541840.0,2018.0,541840.0,0.0,741.0,3118637.0,0.0,0.0,45547655.0,45547655.0,4194304.0,622592.0,0.0,0.0,0.0,0.0,0.0,0.0,0.0,0.0,0.0,0.0,0.0,0.0,0.0,0.0,0.0,0.0,0.0,0.0,0.0,0.0,0.0,0.0,0.0,0.0,0.0,0.0,0.0,0.0,0.0,0.0,0.0,0.0,0.0,0.0,0.0,0.0,0.0,0.0,0.0,0.0,0.0,0.0,0.0,0.0,0.0,0.0,0.0,0.0,0.0,0.0,0.0,0.0,0.0,0.0,0.0,0.0,0.0,0.0,0.0,0.0,0.0,0.0,0.0,0.0,0.0,0.0,0.0,0.0,0.0,0.0,0.0,0.0,0.0,0.0,0.0,0.0,0.0,0.0,0.0,0.0,0.0,0.0,0.0,0.0,0.0,0.0,0.0,0.0,0.0,0.0,0.0,0.0,0.0,0.0,0.0,0.0,0.0,0.0,0.0,0.0,0.0,0.0,0.0,0.0,0.0,0.0,0.0,0.0,0.0,0.0,0.0,0.0,0.0,0.0,0.0,0.0,0.0,0.0,0.0,0.0,0.0,0.0,0.0,0.0,0.0,0.0,0.0,0.0,0.0,0.0,3096.0,3130.0,3130.0,3130.0,3102.0,3100.0,3100.0,3100.0,3100.0,3100.0,3101.0,3122.0,3100.0,3100.0,3096.0,3096.0,3096.0,3096.0,3096.0,3097.0,3096.0,3096.0,3123.0,3110.0,3122.0,3122.0,3123.0,3122.0,3122.0,3122.0,3098.0,3122.0,3122.0,3122.0,3098.0,3122.0,3138.0,3138.0,3139.0,3096.0,3138.0,3138.0,3138.0,3106.0,3104.0,3104.0,3104.0,3104.0,3104.0,3105.0,3096.0,3104.0,3104.0,3104.0,3104.0,3104.0,3104.0,3104.0,3105.0,3104.0,3104.0,3096.0,3122.0,3138.0,3138.0,3139.0,3138.0,3138.0,3138.0,3106.0,3110.0,3122.0,3096.0,3122.0,3123.0,3122.0,3122.0,3122.0,3098.0,3096.0,3096.0,3096.0,3096.0,3097.0,3096.0,3097.0,3096.0,3096.0,3116.0,3130.0,3130.0,3131.0,3130.0,3130.0,3096.0,3130.0,3102.0,3100.0,3100.0,3100.0,3100.0,3100.0,3101.0,3100.0,3100.0,3096.0,3100.0,3100.0,3100.0,3100.0,3100.0,3101.0,3100.0,3100.0,3116.0,3130.0,3110.0,3130.0,3131.0,3130.0,3130.0,3130.0,3102.0,3116.0,3130.0,3130.0,3131.0,3122.0,131072.0,2860320.0,0.0,262272.0,0.0,4096.0
204,0,1,1300,1300,4194304,256,0,0,12,4,32,64,"void at::native::vectorized_elementwise_kernel<4, at::native::FillFunctor<int>, std::array<char*, 1ul> >(int, at::native::FillFunctor<int>, std::array<char*, 1ul>)",12739745200841,12739745243177,205,85,818304.0,1838.0,818304.0,65536.0,2893.0,23953380.0,0.0,0.0,555812313.0,555812313.0,0.0,0.0,262144.0,0.0,0.0,0.0,0.0,0.0,0.0,0.0,0.0,0.0,0.0,0.0,0.0,0.0,0.0,0.0,0.0,0.0,0.0,0.0,0.0,0.0,0.0,0.0,0.0,0.0,0.0,0.0,0.0,0.0,0.0,0.0,0.0,0.0,0.0,0.0,0.0,0.0,0.0,0.0,0.0,0.0,0.0,0.0,0.0,0.0,0.0,0.0,0.0,0.0,0.0,0.0,0.0,0.0,0.0,0.0,0.0,0.0,0.0,0.0,0.0,0.0,0.0,0.0,0.0,0.0,0.0,0.0,0.0,0.0,0.0,0.0,0.0,0.0,0.0,0.0,0.0,0.0,0.0,0.0,0.0,0.0,0.0,0.0,0.0,0.0,0.0,0.0,0.0,0.0,0.0,0.0,0.0,0.0,0.0,0.0,0.0,0.0,0.0,0.0,0.0,0.0,0.0,0.0,0.0,0.0,0.0,0.0,0.0,0.0,0.0,0.0,0.0,0.0,0.0,0.0,0.0,0.0,0.0,0.0,0.0,0.0,0.0,0.0,0.0,0.0,0.0,0.0,0.0,0.0,32768.0,32768.0,32848.0,32768.0,32768.0,32768.0,32768.0,32850.0,32768.0,32848.0,32848.0,32768.0,32848.0,32868.0,32768.0,32768.0,32850.0,32768.0,32848.0,32848.0,32848.0,32868.0,32768.0,32768.0,32768.0,32768.0,32768.0,32768.0,32848.0,32768.0,32768.0,32768.0,32848.0,32768.0,32768.0,32768.0,32768.0,32768.0,32768.0,32768.0,32768.0,32848.0,32768.0,32768.0,32768.0,32768.0,32850.0,32768.0,32848.0,32848.0,32850.0,32848.0,32868.0,32768.0,32768.0,32850.0,32768.0,32848.0,32848.0,32848.0,32868.0,32768.0,32768.0,32768.0,32768.0,32768.0,32768.0,32848.0,32768.0,32768.0,32768.0,32768.0,32848.0,32768.0,32768.0,32768.0,32848.0,32768.0,32768.0,32768.0,32768.0,32850.0,32768.0,32848.0,32848.0,32848.0,32848.0,32868.0,32768.0,32768.0,32768.0,32768.0,32768.0,32848.0,32848.0,32768.0,32768.0,32768.0,32768.0,32850.0,32768.0,32848.0,32848.0,32848.0,32868.0,32868.0,32768.0,32768.0,32850.0,32768.0,32848.0,32848.0,32848.0,32868.0,32768.0,32768.0,32768.0,32768.0,32768.0,32768.0,32848.0,32768.0,32768.0,32768.0,32768.0,32768.0,32768.0,32768.0,4194304.0,23630552.0,0.0,0.0,0.0,262144.0
205,0,1,1300,1300,32768,512,0,0,108,4,48,64,matmulbias_kernel,12739745665375,12739745690833,206,196,558134.0,2068.0,558134.0,0.0,795.0,3125895.0,0.0,0.0,45670408.0,45670408.0,4194304.0,622592.0,0.0,0.0,0.0,0.0,0.0,0.0,0.0,0.0,0.0,0.0,0.0,0.0,0.0,0.0,0.0,0.0,0.0,0.0,0.0,0.0,0.0,0.0,0.0,0.0,0.0,0.0,0.0,0.0,0.0,0.0,0.0,0.0,0.0,0.0,0.0,0.0,0.0,0.0,0.0,0.0,0.0,0.0,0.0,0.0,0.0,0.0,0.0,0.0,0.0,0.0,0.0,0.0,0.0,0.0,0.0,0.0,0.0,0.0,0.0,0.0,0.0,0.0,0.0,0.0,0.0,0.0,0.0,0.0,0.0,0.0,0.0,0.0,0.0,0.0,0.0,0.0,0.0,0.0,0.0,0.0,0.0,0.0,0.0,0.0,0.0,0.0,0.0,0.0,0.0,0.0,0.0,0.0,0.0,0.0,0.0,0.0,0.0,0.0,0.0,0.0,0.0,0.0,0.0,0.0,0.0,0.0,0.0,0.0,0.0,0.0,0.0,0.0,0.0,0.0,0.0,0.0,0.0,0.0,0.0,0.0,0.0,0.0,0.0,0.0,0.0,0.0,0.0,0.0,0.0,0.0,3100.0,3122.0,3122.0,3122.0,3099.0,3096.0,3096.0,3096.0,3096.0,3096.0,3096.0,3131.0,3096.0,3096.0,3092.0,3092.0,3092.0,3092.0,3092.0,3092.0,3092.0,3092.0,3130.0,3104.0,3114.0,3115.0,3114.0,3114.0,3114.0,3114.0,3095.0,3130.0,3130.0,3130.0,3103.0,3116.0,3130.0,3131.0,3130.0,3100.0,3130.0,3130.0,3130.0,3103.0,3100.0,3100.0,3100.0,3100.0,3100.0,3100.0,3100.0,3100.0,3100.0,3092.0,3092.0,3092.0,3092.0,3092.0,3092.0,3092.0,3092.0,3100.0,3104.0,3114.0,3115.0,3114.0,3114.0,3114.0,3114.0,3095.0,3104.0,3114.0,3100.0,3115.0,3114.0,3114.0,3114.0,3114.0,3095.0,3092.0,3092.0,3092.0,3092.0,3100.0,3092.0,3092.0,3092.0,3092.0,3122.0,3138.0,3139.0,3138.0,3138.0,3138.0,3100.0,3138.0,3107.0,3104.0,3104.0,3104.0,3104.0,3104.0,3104.0,3104.0,3104.0,3100.0,3092.0,3092.0,3092.0,3092.0,3092.0,3092.0,3092.0,3092.0,3104.0,3114.0,3116.0,3115.0,3114.0,3114.0,3114.0,3114.0,3095.0,3110.0,3122.0,3123.0,3122.0,3130.0,131072.0,2853063.0,0.0,262272.0,0.0,4096.0
206,0,1,1300,1300,4194304,256,0,0,12,4,32,64,"void at::native::vectorized_elementwise_kernel<4, at::native::FillFunctor<int>, std::array<char*, 1ul> >(int, at::native::FillFunctor<int>, std::array<char*, 1ul>)",12739746103610,12739746146547,207,85,839248.0,1810.0,839248.0,65536.0,2859.0,24026698.0,0.0,0.0,557192335.0,557192335.0,0.0,0.0,262144.0,0.0,0.0,0.0,0.0,0.0,0.0,0.0,0.0,0.0,0.0,0.0,0.0,0.0,0.0,0.0,0.0,0.0,0.0,0.0,0.0,0.0,0.0,0.0,0.0,0.0,0.0,0.0,0.0,0.0,0.0,0.0,0.0,0.0,0.0,0.0,0.0,0.0,0.0,0.0,0.0,0.0,0.0,0.0,0.0,0.0,0.0,0.0,0.0,0.0,0.0,0.0,0.0,0.0,0.0,0.0,0.0,0.0,0.0,0.0,0.0,0.0,0.0,0.0,0.0,0.0,0.0,0.0,0.0,0.0,0.0,0.0,0.0,0.0,0.0,0.0,0.0,0.0,0.0,0.0,0.0,0.0,0.0,0.0,0.0,0.0,0.0,0.0,0.0,0.0,0.0,0.0,0.0,0.0,0.0,0.0,0.0,0.0,0.0,0.0,0.0,0.0,0.0,0.0,0.0,0.0,0.0,0.0,0.0,0.0,0.0,0.0,0.0,0.0,0.0,0.0,0.0,0.0,0.0,0.0,0.0,0.0,0.0,0.0,0.0,0.0,0.0,0.0,0.0,0.0,32768.0,32768.0,32848.0,32768.0,32768.0,32768.0,32768.0,32849.0,32768.0,32849.0,32848.0,32768.0,32868.0,32848.0,32768.0,32768.0,32849.0,32768.0,32849.0,32848.0,32868.0,32848.0,32768.0,32768.0,32768.0,32768.0,32768.0,32768.0,32848.0,32768.0,32768.0,32768.0,32848.0,32768.0,32768.0,32768.0,32768.0,32768.0,32768.0,32768.0,32768.0,32848.0,32768.0,32768.0,32768.0,32768.0,32849.0,32768.0,32849.0,32848.0,32849.0,32868.0,32848.0,32768.0,32768.0,32849.0,32768.0,32849.0,32848.0,32868.0,32848.0,32768.0,32768.0,32768.0,32768.0,32768.0,32768.0,32848.0,32768.0,32768.0,32768.0,32768.0,32849.0,32768.0,32768.0,32768.0,32848.0,32768.0,32768.0,32768.0,32768.0,32849.0,32768.0,32848.0,32849.0,32848.0,32868.0,32848.0,32768.0,32768.0,32768.0,32768.0,32768.0,32848.0,32868.0,32768.0,32768.0,32768.0,32768.0,32849.0,32768.0,32849.0,32848.0,32868.0,32848.0,32848.0,32768.0,32768.0,32849.0,32768.0,32849.0,32848.0,32868.0,32848.0,32768.0,32768.0,32768.0,32768.0,32768.0,32768.0,32848.0,32768.0,32768.0,32768.0,32768.0,32768.0,32768.0,32768.0,4194304.0,23692712.0,0.0,0.0,0.0,262144.0
207,0,1,1300,1300,32768,512,0,0,108,4,48,64,matmulbias_kernel,12739746569587,12739746594845,208,196,550877.0,2018.0,550877.0,0.0,769.0,3068310.0,0.0,0.0,43965513.0,43965513.0,4194304.0,622592.0,0.0,0.0,0.0,0.0,0.0,0.0,0.0,0.0,0.0,0.0,0.0,0.0,0.0,0.0,0.0,0.0,0.0,0.0,0.0,0.0,0.0,0.0,0.0,0.0,0.0,0.0,0.0,0.0,0.0,0.0,0.0,0.0,0.0,0.0,0.0,0.0,0.0,0.0,0.0,0.0,0.0,0.0,0.0,0.0,0.0,0.0,0.0,0.0,0.0,0.0,0.0,0.0,0.0,0.0,0.0,0.0,0.0,0.0,0.0,0.0,0.0,0.0,0.0,0.0,0.0,0.0,0.0,0.0,0.0,0.0,0.0,0.0,0.0,0.0,0.0,0.0,0.0,0.0,0.0,0.0,0.0,0.0,0.0,0.0,0.0,0.0,0.0,0.0,0.0,0.0,0.0,0.0,0.0,0.0,0.0,0.0,0.0,0.0,0.0,0.0,0.0,0.0,0.0,0.0,0.0,0.0,0.0,0.0,0.0,0.0,0.0,0.0,0.0,0.0,0.0,0.0,0.0,0.0,0.0,0.0,0.0,0.0,0.0,0.0,0.0,0.0,0.0,0.0,0.0,0.0,3100.0,3122.0,3122.0,3122.0,3099.0,3096.0,3096.0,3097.0,3096.0,3096.0,3096.0,3130.0,3096.0,3096.0,3100.0,3100.0,3101.0,3100.0,3100.0,3100.0,3100.0,3100.0,3130.0,3116.0,3130.0,3130.0,3130.0,3130.0,3130.0,3130.0,3103.0,3130.0,3130.0,3130.0,3103.0,3110.0,3122.0,3122.0,3122.0,3100.0,3122.0,3122.0,3122.0,3099.0,3096.0,3096.0,3097.0,3096.0,3096.0,3096.0,3101.0,3096.0,3096.0,3104.0,3104.0,3105.0,3104.0,3104.0,3104.0,3104.0,3104.0,3100.0,3122.0,3138.0,3138.0,3138.0,3138.0,3138.0,3138.0,3107.0,3104.0,3114.0,3100.0,3114.0,3114.0,3114.0,3114.0,3114.0,3095.0,3092.0,3092.0,3093.0,3092.0,3100.0,3092.0,3092.0,3092.0,3092.0,3110.0,3122.0,3122.0,3122.0,3122.0,3122.0,3100.0,3122.0,3099.0,3096.0,3096.0,3097.0,3096.0,3096.0,3096.0,3096.0,3096.0,3100.0,3092.0,3092.0,3093.0,3092.0,3092.0,3092.0,3092.0,3092.0,3104.0,3114.0,3116.0,3114.0,3114.0,3114.0,3114.0,3114.0,3095.0,3110.0,3122.0,3122.0,3122.0,3130.0,131072.0,2782499.0,0.0,262272.0,0.0,4096.0
208,0,1,1300,1300,4194304,256,0,0,12,4,32,64,"void at::native::vectorized_elementwise_kernel<4, at::native::FillFunctor<int>, std::array<char*, 1ul> >(int, at::native::FillFunctor<int>, std::array<char*, 1ul>)",12739747017123,12739747059579,209,85,832562.0,1810.0,832562.0,65536.0,2880.0,23987133.0,0.0,0.0,555315601.0,555315601.0,0.0,0.0,262144.0,0.0,0.0,0.0,0.0,0.0,0.0,0.0,0.0,0.0,0.0,0.0,0.0,0.0,0.0,0.0,0.0,0.0,0.0,0.0,0.0,0.0,0.0,0.0,0.0,0.0,0.0,0.0,0.0,0.0,0.0,0.0,0.0,0.0,0.0,0.0,0.0,0.0,0.0,0.0,0.0,0.0,0.0,0.0,0.0,0.0,0.0,0.0,0.0,0.0,0.0,0.0,0.0,0.0,0.0,0.0,0.0,0.0,0.0,0.0,0.0,0.0,0.0,0.0,0.0,0.0,0.0,0.0,0.0,0.0,0.0,0.0,0.0,0.0,0.0,0.0,0.0,0.0,0.0,0.0,0.0,0.0,0.0,0.0,0.0,0.0,0.0,0.0,0.0,0.0,0.0,0.0,0.0,0.0,0.0,0.0,0.0,0.0,0.0,0.0,0.0,0.0,0.0,0.0,0.0,0.0,0.0,0.0,0.0,0.0,0.0,0.0,0.0,0.0,0.0,0.0,0.0,0.0,0.0,0.0,0.0,0.0,0.0,0.0,0.0,0.0,0.0,0.0,0.0,0.0,32768.0,32768.0,32868.0,32768.0,32768.0,32768.0,32768.0,32849.0,32768.0,32848.0,32848.0,32768.0,32849.0,32848.0,32768.0,32768.0,32849.0,32768.0,32848.0,32848.0,32849.0,32848.0,32768.0,32768.0,32768.0,32768.0,32768.0,32768.0,32868.0,32768.0,32768.0,32768.0,32868.0,32768.0,32768.0,32768.0,32768.0,32768.0,32768.0,32768.0,32768.0,32868.0,32768.0,32768.0,32768.0,32768.0,32849.0,32768.0,32848.0,32848.0,32849.0,32849.0,32848.0,32768.0,32768.0,32849.0,32768.0,32848.0,32848.0,32849.0,32848.0,32768.0,32768.0,32768.0,32768.0,32768.0,32768.0,32868.0,32768.0,32768.0,32768.0,32768.0,32848.0,32768.0,32768.0,32768.0,32868.0,32768.0,32768.0,32768.0,32768.0,32849.0,32768.0,32848.0,32848.0,32848.0,32849.0,32848.0,32768.0,32768.0,32768.0,32768.0,32768.0,32868.0,32849.0,32768.0,32768.0,32768.0,32768.0,32849.0,32768.0,32848.0,32848.0,32849.0,32848.0,32848.0,32768.0,32768.0,32849.0,32768.0,32848.0,32848.0,32849.0,32848.0,32768.0,32768.0,32768.0,32768.0,32768.0,32768.0,32868.0,32768.0,32768.0,32768.0,32768.0,32768.0,32768.0,32768.0,4194304.0,23600326.0,0.0,0.0,0.0,262144.0
209,0,1,1300,1300,32768,512,0,0,108,4,48,64,matmulbias_kernel,12739747487711,12739747512808,210,196,538192.0,2018.0,538192.0,0.0,757.0,3090856.0,0.0,0.0,44716486.0,44716486.0,4194304.0,622592.0,0.0,0.0,0.0,0.0,0.0,0.0,0.0,0.0,0.0,0.0,0.0,0.0,0.0,0.0,0.0,0.0,0.0,0.0,0.0,0.0,0.0,0.0,0.0,0.0,0.0,0.0,0.0,0.0,0.0,0.0,0.0,0.0,0.0,0.0,0.0,0.0,0.0,0.0,0.0,0.0,0.0,0.0,0.0,0.0,0.0,0.0,0.0,0.0,0.0,0.0,0.0,0.0,0.0,0.0,0.0,0.0,0.0,0.0,0.0,0.0,0.0,0.0,0.0,0.0,0.0,0.0,0.0,0.0,0.0,0.0,0.0,0.0,0.0,0.0,0.0,0.0,0.0,0.0,0.0,0.0,0.0,0.0,0.0,0.0,0.0,0.0,0.0,0.0,0.0,0.0,0.0,0.0,0.0,0.0,0.0,0.0,0.0,0.0,0.0,0.0,0.0,0.0,0.0,0.0,0.0,0.0,0.0,0.0,0.0,0.0,0.0,0.0,0.0,0.0,0.0,0.0,0.0,0.0,0.0,0.0,0.0,0.0,0.0,0.0,0.0,0.0,0.0,0.0,0.0,0.0,3096.0,3122.0,3122.0,3122.0,3098.0,3096.0,3096.0,3096.0,3097.0,3096.0,3096.0,3122.0,3096.0,3096.0,3096.0,3096.0,3096.0,3097.0,3096.0,3096.0,3096.0,3096.0,3123.0,3110.0,3122.0,3122.0,3123.0,3122.0,3122.0,3122.0,3098.0,3122.0,3122.0,3122.0,3098.0,3110.0,3122.0,3122.0,3123.0,3096.0,3122.0,3122.0,3122.0,3098.0,3096.0,3096.0,3096.0,3097.0,3096.0,3096.0,3096.0,3096.0,3096.0,3096.0,3096.0,3096.0,3097.0,3096.0,3096.0,3096.0,3096.0,3097.0,3110.0,3122.0,3122.0,3123.0,3122.0,3122.0,3122.0,3098.0,3110.0,3122.0,3096.0,3122.0,3123.0,3122.0,3122.0,3122.0,3098.0,3096.0,3096.0,3096.0,3097.0,3096.0,3096.0,3096.0,3096.0,3096.0,3110.0,3122.0,3122.0,3123.0,3122.0,3122.0,3096.0,3122.0,3098.0,3096.0,3096.0,3096.0,3097.0,3096.0,3096.0,3096.0,3096.0,3096.0,3092.0,3092.0,3092.0,3093.0,3092.0,3092.0,3092.0,3092.0,3104.0,3114.0,3110.0,3114.0,3115.0,3114.0,3114.0,3114.0,3094.0,3110.0,3122.0,3122.0,3123.0,3122.0,131072.0,2830640.0,0.0,262272.0,0.0,4096.0
210,0,1,1300,1300,4194304,256,0,0,12,4,32,64,"void at::native::vectorized_elementwise_kernel<4, at::native::FillFunctor<int>, std::array<char*, 1ul> >(int, at::native::FillFunctor<int>, std::array<char*, 1ul>)",12739747939777,12739747982755,211,85,836338.0,1810.0,836338.0,65536.0,2881.0,23956283.0,0.0,0.0,555127545.0,555127545.0,0.0,0.0,262144.0,0.0,0.0,0.0,0.0,0.0,0.0,0.0,0.0,0.0,0.0,0.0,0.0,0.0,0.0,0.0,0.0,0.0,0.0,0.0,0.0,0.0,0.0,0.0,0.0,0.0,0.0,0.0,0.0,0.0,0.0,0.0,0.0,0.0,0.0,0.0,0.0,0.0,0.0,0.0,0.0,0.0,0.0,0.0,0.0,0.0,0.0,0.0,0.0,0.0,0.0,0.0,0.0,0.0,0.0,0.0,0.0,0.0,0.0,0.0,0.0,0.0,0.0,0.0,0.0,0.0,0.0,0.0,0.0,0.0,0.0,0.0,0.0,0.0,0.0,0.0,0.0,0.0,0.0,0.0,0.0,0.0,0.0,0.0,0.0,0.0,0.0,0.0,0.0,0.0,0.0,0.0,0.0,0.0,0.0,0.0,0.0,0.0,0.0,0.0,0.0,0.0,0.0,0.0,0.0,0.0,0.0,0.0,0.0,0.0,0.0,0.0,0.0,0.0,0.0,0.0,0.0,0.0,0.0,0.0,0.0,0.0,0.0,0.0,0.0,0.0,0.0,0.0,0.0,0.0,32768.0,32788.0,32849.0,32768.0,32768.0,32768.0,32768.0,32849.0,32768.0,32848.0,32848.0,32768.0,32848.0,32848.0,32768.0,32768.0,32849.0,32768.0,32848.0,32848.0,32848.0,32848.0,32768.0,32768.0,32768.0,32768.0,32768.0,32788.0,32849.0,32768.0,32768.0,32788.0,32849.0,32768.0,32768.0,32768.0,32768.0,32768.0,32768.0,32768.0,32788.0,32849.0,32768.0,32768.0,32768.0,32768.0,32849.0,32768.0,32848.0,32848.0,32849.0,32848.0,32848.0,32768.0,32768.0,32849.0,32768.0,32848.0,32848.0,32848.0,32848.0,32768.0,32768.0,32768.0,32768.0,32768.0,32788.0,32849.0,32768.0,32768.0,32768.0,32768.0,32848.0,32768.0,32768.0,32788.0,32849.0,32768.0,32768.0,32768.0,32768.0,32849.0,32768.0,32848.0,32848.0,32848.0,32848.0,32848.0,32768.0,32768.0,32768.0,32768.0,32788.0,32849.0,32848.0,32768.0,32768.0,32768.0,32768.0,32849.0,32768.0,32848.0,32848.0,32848.0,32848.0,32848.0,32768.0,32768.0,32849.0,32768.0,32848.0,32848.0,32848.0,32848.0,32768.0,32768.0,32768.0,32768.0,32768.0,32788.0,32849.0,32768.0,32768.0,32768.0,32768.0,32768.0,32768.0,32768.0,4194304.0,23576897.0,0.0,0.0,0.0,262144.0
211,0,1,1300,1300,32768,512,0,0,108,4,48,64,matmulbias_kernel,12739748399099,12739748424798,212,196,561449.0,2018.0,561449.0,0.0,772.0,3098446.0,0.0,0.0,45278113.0,45278113.0,4194304.0,622592.0,0.0,0.0,0.0,0.0,0.0,0.0,0.0,0.0,0.0,0.0,0.0,0.0,0.0,0.0,0.0,0.0,0.0,0.0,0.0,0.0,0.0,0.0,0.0,0.0,0.0,0.0,0.0,0.0,0.0,0.0,0.0,0.0,0.0,0.0,0.0,0.0,0.0,0.0,0.0,0.0,0.0,0.0,0.0,0.0,0.0,0.0,0.0,0.0,0.0,0.0,0.0,0.0,0.0,0.0,0.0,0.0,0.0,0.0,0.0,0.0,0.0,0.0,0.0,0.0,0.0,0.0,0.0,0.0,0.0,0.0,0.0,0.0,0.0,0.0,0.0,0.0,0.0,0.0,0.0,0.0,0.0,0.0,0.0,0.0,0.0,0.0,0.0,0.0,0.0,0.0,0.0,0.0,0.0,0.0,0.0,0.0,0.0,0.0,0.0,0.0,0.0,0.0,0.0,0.0,0.0,0.0,0.0,0.0,0.0,0.0,0.0,0.0,0.0,0.0,0.0,0.0,0.0,0.0,0.0,0.0,0.0,0.0,0.0,0.0,0.0,0.0,0.0,0.0,0.0,0.0,3092.0,3115.0,3114.0,3114.0,3095.0,3092.0,3092.0,3092.0,3092.0,3092.0,3092.0,3114.0,3092.0,3092.0,3100.0,3100.0,3100.0,3100.0,3100.0,3100.0,3100.0,3100.0,3114.0,3116.0,3130.0,3130.0,3130.0,3131.0,3130.0,3130.0,3103.0,3115.0,3114.0,3114.0,3095.0,3104.0,3114.0,3114.0,3114.0,3092.0,3115.0,3114.0,3114.0,3095.0,3092.0,3092.0,3092.0,3092.0,3092.0,3092.0,3092.0,3092.0,3092.0,3092.0,3092.0,3092.0,3092.0,3092.0,3092.0,3092.0,3092.0,3092.0,3104.0,3114.0,3114.0,3114.0,3115.0,3114.0,3114.0,3095.0,3116.0,3130.0,3092.0,3130.0,3130.0,3131.0,3130.0,3130.0,3103.0,3100.0,3100.0,3100.0,3100.0,3092.0,3100.0,3100.0,3100.0,3100.0,3104.0,3114.0,3114.0,3114.0,3115.0,3114.0,3092.0,3114.0,3095.0,3092.0,3092.0,3092.0,3092.0,3092.0,3092.0,3092.0,3092.0,3092.0,3092.0,3092.0,3092.0,3092.0,3092.0,3092.0,3092.0,3092.0,3104.0,3114.0,3104.0,3114.0,3114.0,3115.0,3114.0,3114.0,3095.0,3104.0,3114.0,3114.0,3114.0,3114.0,131072.0,2838939.0,0.0,262272.0,0.0,4096.0
212,0,1,1300,1300,4194304,256,0,0,12,4,32,64,"void at::native::vectorized_elementwise_kernel<4, at::native::FillFunctor<int>, std::array<char*, 1ul> >(int, at::native::FillFunctor<int>, std::array<char*, 1ul>)",12739748853811,12739748896709,213,85,848876.0,1810.0,848876.0,65536.0,2921.0,24026663.0,0.0,0.0,556619874.0,556619874.0,0.0,0.0,262144.0,0.0,0.0,0.0,0.0,0.0,0.0,0.0,0.0,0.0,0.0,0.0,0.0,0.0,0.0,0.0,0.0,0.0,0.0,0.0,0.0,0.0,0.0,0.0,0.0,0.0,0.0,0.0,0.0,0.0,0.0,0.0,0.0,0.0,0.0,0.0,0.0,0.0,0.0,0.0,0.0,0.0,0.0,0.0,0.0,0.0,0.0,0.0,0.0,0.0,0.0,0.0,0.0,0.0,0.0,0.0,0.0,0.0,0.0,0.0,0.0,0.0,0.0,0.0,0.0,0.0,0.0,0.0,0.0,0.0,0.0,0.0,0.0,0.0,0.0,0.0,0.0,0.0,0.0,0.0,0.0,0.0,0.0,0.0,0.0,0.0,0.0,0.0,0.0,0.0,0.0,0.0,0.0,0.0,0.0,0.0,0.0,0.0,0.0,0.0,0.0,0.0,0.0,0.0,0.0,0.0,0.0,0.0,0.0,0.0,0.0,0.0,0.0,0.0,0.0,0.0,0.0,0.0,0.0,0.0,0.0,0.0,0.0,0.0,0.0,0.0,0.0,0.0,0.0,0.0,32768.0,32768.0,32848.0,32768.0,32789.0,32768.0,32768.0,32848.0,32768.0,32848.0,32848.0,32768.0,32848.0,32848.0,32768.0,32768.0,32848.0,32768.0,32848.0,32848.0,32848.0,32848.0,32768.0,32769.0,32768.0,32768.0,32768.0,32768.0,32848.0,32768.0,32789.0,32768.0,32848.0,32768.0,32789.0,32769.0,32768.0,32768.0,32768.0,32768.0,32768.0,32848.0,32768.0,32789.0,32768.0,32768.0,32848.0,32768.0,32848.0,32848.0,32848.0,32848.0,32848.0,32768.0,32768.0,32848.0,32768.0,32848.0,32848.0,32848.0,32848.0,32768.0,32769.0,32768.0,32768.0,32768.0,32768.0,32848.0,32768.0,32789.0,32769.0,32768.0,32848.0,32768.0,32768.0,32768.0,32848.0,32768.0,32789.0,32768.0,32768.0,32848.0,32768.0,32848.0,32848.0,32848.0,32848.0,32848.0,32769.0,32768.0,32768.0,32768.0,32768.0,32848.0,32848.0,32768.0,32789.0,32768.0,32768.0,32848.0,32768.0,32848.0,32848.0,32848.0,32848.0,32848.0,32768.0,32768.0,32848.0,32768.0,32848.0,32848.0,32848.0,32848.0,32769.0,32768.0,32769.0,32768.0,32768.0,32768.0,32848.0,32768.0,32789.0,32769.0,32768.0,32768.0,32768.0,32768.0,4194304.0,23642071.0,0.0,0.0,0.0,262144.0
213,0,1,1300,1300,32768,512,0,0,108,4,48,64,matmulbias_kernel,12739749315339,12739749340516,214,196,544741.0,2018.0,544741.0,0.0,730.0,3084813.0,0.0,0.0,44845014.0,44845014.0,4194304.0,622592.0,0.0,0.0,0.0,0.0,0.0,0.0,0.0,0.0,0.0,0.0,0.0,0.0,0.0,0.0,0.0,0.0,0.0,0.0,0.0,0.0,0.0,0.0,0.0,0.0,0.0,0.0,0.0,0.0,0.0,0.0,0.0,0.0,0.0,0.0,0.0,0.0,0.0,0.0,0.0,0.0,0.0,0.0,0.0,0.0,0.0,0.0,0.0,0.0,0.0,0.0,0.0,0.0,0.0,0.0,0.0,0.0,0.0,0.0,0.0,0.0,0.0,0.0,0.0,0.0,0.0,0.0,0.0,0.0,0.0,0.0,0.0,0.0,0.0,0.0,0.0,0.0,0.0,0.0,0.0,0.0,0.0,0.0,0.0,0.0,0.0,0.0,0.0,0.0,0.0,0.0,0.0,0.0,0.0,0.0,0.0,0.0,0.0,0.0,0.0,0.0,0.0,0.0,0.0,0.0,0.0,0.0,0.0,0.0,0.0,0.0,0.0,0.0,0.0,0.0,0.0,0.0,0.0,0.0,0.0,0.0,0.0,0.0,0.0,0.0,0.0,0.0,0.0,0.0,0.0,0.0,3096.0,3130.0,3130.0,3130.0,3103.0,3100.0,3100.0,3101.0,3100.0,3100.0,3100.0,3122.0,3100.0,3100.0,3104.0,3104.0,3105.0,3104.0,3104.0,3104.0,3104.0,3104.0,3122.0,3122.0,3138.0,3138.0,3138.0,3138.0,3138.0,3138.0,3107.0,3122.0,3122.0,3122.0,3099.0,3116.0,3130.0,3130.0,3130.0,3096.0,3130.0,3130.0,3130.0,3103.0,3100.0,3100.0,3101.0,3100.0,3100.0,3100.0,3097.0,3100.0,3100.0,3096.0,3096.0,3097.0,3096.0,3096.0,3096.0,3096.0,3096.0,3096.0,3110.0,3122.0,3122.0,3122.0,3122.0,3122.0,3122.0,3099.0,3116.0,3130.0,3096.0,3130.0,3130.0,3130.0,3130.0,3130.0,3103.0,3100.0,3100.0,3101.0,3100.0,3096.0,3100.0,3100.0,3100.0,3100.0,3110.0,3122.0,3122.0,3122.0,3122.0,3122.0,3096.0,3122.0,3099.0,3096.0,3096.0,3097.0,3096.0,3096.0,3096.0,3096.0,3096.0,3096.0,3096.0,3096.0,3097.0,3096.0,3096.0,3096.0,3096.0,3096.0,3110.0,3122.0,3110.0,3122.0,3122.0,3122.0,3122.0,3122.0,3099.0,3116.0,3130.0,3130.0,3130.0,3122.0,131072.0,2823502.0,0.0,262272.0,0.0,4096.0
214,0,1,1300,1300,4194304,256,0,0,12,4,32,64,"void at::native::vectorized_elementwise_kernel<4, at::native::FillFunctor<int>, std::array<char*, 1ul> >(int, at::native::FillFunctor<int>, std::array<char*, 1ul>)",12739749757984,12739749800480,215,85,829484.0,1810.0,829484.0,65536.0,2884.0,24046100.0,0.0,0.0,556436369.0,556436369.0,0.0,0.0,262144.0,0.0,0.0,0.0,0.0,0.0,0.0,0.0,0.0,0.0,0.0,0.0,0.0,0.0,0.0,0.0,0.0,0.0,0.0,0.0,0.0,0.0,0.0,0.0,0.0,0.0,0.0,0.0,0.0,0.0,0.0,0.0,0.0,0.0,0.0,0.0,0.0,0.0,0.0,0.0,0.0,0.0,0.0,0.0,0.0,0.0,0.0,0.0,0.0,0.0,0.0,0.0,0.0,0.0,0.0,0.0,0.0,0.0,0.0,0.0,0.0,0.0,0.0,0.0,0.0,0.0,0.0,0.0,0.0,0.0,0.0,0.0,0.0,0.0,0.0,0.0,0.0,0.0,0.0,0.0,0.0,0.0,0.0,0.0,0.0,0.0,0.0,0.0,0.0,0.0,0.0,0.0,0.0,0.0,0.0,0.0,0.0,0.0,0.0,0.0,0.0,0.0,0.0,0.0,0.0,0.0,0.0,0.0,0.0,0.0,0.0,0.0,0.0,0.0,0.0,0.0,0.0,0.0,0.0,0.0,0.0,0.0,0.0,0.0,0.0,0.0,0.0,0.0,0.0,0.0,32768.0,32768.0,32849.0,32788.0,32769.0,32768.0,32768.0,32848.0,32768.0,32848.0,32848.0,32768.0,32848.0,32848.0,32768.0,32768.0,32848.0,32768.0,32848.0,32848.0,32848.0,32848.0,32768.0,32768.0,32768.0,32768.0,32768.0,32768.0,32849.0,32788.0,32769.0,32768.0,32849.0,32788.0,32769.0,32768.0,32768.0,32768.0,32768.0,32768.0,32768.0,32849.0,32788.0,32769.0,32768.0,32768.0,32848.0,32768.0,32848.0,32848.0,32848.0,32848.0,32848.0,32768.0,32768.0,32848.0,32768.0,32848.0,32848.0,32848.0,32848.0,32768.0,32768.0,32768.0,32768.0,32768.0,32768.0,32849.0,32788.0,32769.0,32768.0,32768.0,32848.0,32768.0,32768.0,32768.0,32849.0,32788.0,32769.0,32768.0,32768.0,32848.0,32768.0,32848.0,32848.0,32848.0,32848.0,32848.0,32768.0,32768.0,32768.0,32768.0,32768.0,32849.0,32848.0,32788.0,32769.0,32768.0,32768.0,32848.0,32768.0,32848.0,32848.0,32848.0,32848.0,32848.0,32768.0,32768.0,32848.0,32768.0,32848.0,32848.0,32848.0,32848.0,32768.0,32768.0,32768.0,32768.0,32768.0,32768.0,32849.0,32788.0,32769.0,32768.0,32768.0,32768.0,32768.0,32768.0,4194304.0,23651336.0,0.0,0.0,0.0,262144.0
215,0,1,1300,1300,32768,512,0,0,108,4,48,64,matmulbias_kernel,12739750224442,12739750249459,216,196,540868.0,2018.0,540868.0,0.0,741.0,3088634.0,0.0,0.0,44842463.0,44842463.0,4194304.0,622592.0,0.0,0.0,0.0,0.0,0.0,0.0,0.0,0.0,0.0,0.0,0.0,0.0,0.0,0.0,0.0,0.0,0.0,0.0,0.0,0.0,0.0,0.0,0.0,0.0,0.0,0.0,0.0,0.0,0.0,0.0,0.0,0.0,0.0,0.0,0.0,0.0,0.0,0.0,0.0,0.0,0.0,0.0,0.0,0.0,0.0,0.0,0.0,0.0,0.0,0.0,0.0,0.0,0.0,0.0,0.0,0.0,0.0,0.0,0.0,0.0,0.0,0.0,0.0,0.0,0.0,0.0,0.0,0.0,0.0,0.0,0.0,0.0,0.0,0.0,0.0,0.0,0.0,0.0,0.0,0.0,0.0,0.0,0.0,0.0,0.0,0.0,0.0,0.0,0.0,0.0,0.0,0.0,0.0,0.0,0.0,0.0,0.0,0.0,0.0,0.0,0.0,0.0,0.0,0.0,0.0,0.0,0.0,0.0,0.0,0.0,0.0,0.0,0.0,0.0,0.0,0.0,0.0,0.0,0.0,0.0,0.0,0.0,0.0,0.0,0.0,0.0,0.0,0.0,0.0,0.0,3088.0,3130.0,3130.0,3130.0,3102.0,3100.0,3100.0,3101.0,3100.0,3100.0,3100.0,3106.0,3100.0,3100.0,3096.0,3096.0,3097.0,3096.0,3096.0,3096.0,3096.0,3096.0,3106.0,3110.0,3123.0,3122.0,3122.0,3122.0,3122.0,3122.0,3098.0,3106.0,3106.0,3106.0,3090.0,3098.0,3107.0,3106.0,3106.0,3088.0,3106.0,3106.0,3106.0,3090.0,3088.0,3088.0,3089.0,3088.0,3088.0,3088.0,3089.0,3088.0,3088.0,3100.0,3100.0,3101.0,3100.0,3100.0,3100.0,3100.0,3100.0,3088.0,3116.0,3131.0,3130.0,3130.0,3130.0,3130.0,3130.0,3102.0,3110.0,3123.0,3088.0,3122.0,3122.0,3122.0,3122.0,3122.0,3098.0,3096.0,3096.0,3097.0,3096.0,3088.0,3096.0,3096.0,3096.0,3096.0,3116.0,3131.0,3130.0,3130.0,3130.0,3130.0,3088.0,3130.0,3102.0,3100.0,3100.0,3101.0,3100.0,3100.0,3100.0,3100.0,3100.0,3088.0,3092.0,3092.0,3093.0,3092.0,3092.0,3092.0,3092.0,3092.0,3104.0,3115.0,3098.0,3114.0,3114.0,3114.0,3114.0,3114.0,3094.0,3116.0,3131.0,3130.0,3130.0,3107.0,131072.0,2827149.0,0.0,262272.0,0.0,4096.0
216,0,1,1300,1300,4194304,256,0,0,12,4,32,64,"void at::native::vectorized_elementwise_kernel<4, at::native::FillFunctor<int>, std::array<char*, 1ul> >(int, at::native::FillFunctor<int>, std::array<char*, 1ul>)",12739750673301,12739750717000,217,85,853080.0,1860.0,853080.0,65536.0,2817.0,24178027.0,0.0,0.0,559843828.0,559843828.0,0.0,0.0,262144.0,0.0,0.0,0.0,0.0,0.0,0.0,0.0,0.0,0.0,0.0,0.0,0.0,0.0,0.0,0.0,0.0,0.0,0.0,0.0,0.0,0.0,0.0,0.0,0.0,0.0,0.0,0.0,0.0,0.0,0.0,0.0,0.0,0.0,0.0,0.0,0.0,0.0,0.0,0.0,0.0,0.0,0.0,0.0,0.0,0.0,0.0,0.0,0.0,0.0,0.0,0.0,0.0,0.0,0.0,0.0,0.0,0.0,0.0,0.0,0.0,0.0,0.0,0.0,0.0,0.0,0.0,0.0,0.0,0.0,0.0,0.0,0.0,0.0,0.0,0.0,0.0,0.0,0.0,0.0,0.0,0.0,0.0,0.0,0.0,0.0,0.0,0.0,0.0,0.0,0.0,0.0,0.0,0.0,0.0,0.0,0.0,0.0,0.0,0.0,0.0,0.0,0.0,0.0,0.0,0.0,0.0,0.0,0.0,0.0,0.0,0.0,0.0,0.0,0.0,0.0,0.0,0.0,0.0,0.0,0.0,0.0,0.0,0.0,0.0,0.0,0.0,0.0,0.0,0.0,32768.0,32768.0,32848.0,32768.0,32769.0,32768.0,32768.0,32848.0,32768.0,32849.0,32848.0,32768.0,32848.0,32848.0,32768.0,32768.0,32848.0,32768.0,32849.0,32848.0,32848.0,32848.0,32768.0,32768.0,32788.0,32768.0,32768.0,32768.0,32848.0,32768.0,32769.0,32768.0,32848.0,32768.0,32769.0,32768.0,32788.0,32768.0,32768.0,32768.0,32768.0,32848.0,32768.0,32769.0,32768.0,32768.0,32848.0,32768.0,32849.0,32848.0,32848.0,32848.0,32848.0,32768.0,32768.0,32848.0,32768.0,32849.0,32848.0,32848.0,32848.0,32768.0,32768.0,32788.0,32768.0,32768.0,32768.0,32848.0,32768.0,32769.0,32768.0,32788.0,32849.0,32768.0,32768.0,32768.0,32848.0,32768.0,32769.0,32768.0,32768.0,32848.0,32768.0,32848.0,32849.0,32848.0,32848.0,32848.0,32768.0,32788.0,32768.0,32768.0,32768.0,32848.0,32848.0,32768.0,32769.0,32768.0,32768.0,32848.0,32768.0,32849.0,32848.0,32848.0,32848.0,32848.0,32768.0,32768.0,32848.0,32768.0,32849.0,32848.0,32848.0,32848.0,32768.0,32788.0,32768.0,32768.0,32768.0,32768.0,32848.0,32768.0,32769.0,32768.0,32788.0,32768.0,32768.0,32788.0,4194304.0,23803751.0,0.0,0.0,0.0,262144.0
217,0,1,1300,1300,32768,512,0,0,108,4,48,64,matmulbias_kernel,12739751126449,12739751151827,218,196,548004.0,2018.0,548004.0,0.0,707.0,3119968.0,0.0,0.0,45740924.0,45740924.0,4194304.0,622592.0,0.0,0.0,0.0,0.0,0.0,0.0,0.0,0.0,0.0,0.0,0.0,0.0,0.0,0.0,0.0,0.0,0.0,0.0,0.0,0.0,0.0,0.0,0.0,0.0,0.0,0.0,0.0,0.0,0.0,0.0,0.0,0.0,0.0,0.0,0.0,0.0,0.0,0.0,0.0,0.0,0.0,0.0,0.0,0.0,0.0,0.0,0.0,0.0,0.0,0.0,0.0,0.0,0.0,0.0,0.0,0.0,0.0,0.0,0.0,0.0,0.0,0.0,0.0,0.0,0.0,0.0,0.0,0.0,0.0,0.0,0.0,0.0,0.0,0.0,0.0,0.0,0.0,0.0,0.0,0.0,0.0,0.0,0.0,0.0,0.0,0.0,0.0,0.0,0.0,0.0,0.0,0.0,0.0,0.0,0.0,0.0,0.0,0.0,0.0,0.0,0.0,0.0,0.0,0.0,0.0,0.0,0.0,0.0,0.0,0.0,0.0,0.0,0.0,0.0,0.0,0.0,0.0,0.0,0.0,0.0,0.0,0.0,0.0,0.0,0.0,0.0,0.0,0.0,0.0,0.0,3096.0,3130.0,3130.0,3130.0,3102.0,3100.0,3100.0,3101.0,3100.0,3100.0,3100.0,3122.0,3100.0,3100.0,3100.0,3100.0,3101.0,3100.0,3100.0,3100.0,3100.0,3100.0,3123.0,3116.0,3130.0,3130.0,3131.0,3130.0,3130.0,3130.0,3102.0,3122.0,3122.0,3122.0,3098.0,3110.0,3122.0,3122.0,3123.0,3096.0,3122.0,3122.0,3122.0,3098.0,3096.0,3096.0,3097.0,3096.0,3096.0,3096.0,3097.0,3096.0,3096.0,3096.0,3096.0,3097.0,3096.0,3096.0,3096.0,3096.0,3096.0,3096.0,3110.0,3122.0,3122.0,3123.0,3122.0,3122.0,3122.0,3098.0,3104.0,3114.0,3096.0,3114.0,3115.0,3114.0,3114.0,3114.0,3094.0,3092.0,3092.0,3093.0,3092.0,3096.0,3092.0,3092.0,3092.0,3092.0,3104.0,3114.0,3114.0,3115.0,3114.0,3114.0,3096.0,3114.0,3094.0,3092.0,3092.0,3093.0,3092.0,3092.0,3092.0,3092.0,3092.0,3096.0,3096.0,3096.0,3097.0,3096.0,3096.0,3096.0,3096.0,3096.0,3110.0,3122.0,3110.0,3122.0,3123.0,3122.0,3122.0,3122.0,3098.0,3116.0,3130.0,3130.0,3131.0,3122.0,131072.0,2864058.0,0.0,262272.0,0.0,4096.0
218,0,1,1300,1300,4194304,256,0,0,12,4,32,64,"void at::native::vectorized_elementwise_kernel<4, at::native::FillFunctor<int>, std::array<char*, 1ul> >(int, at::native::FillFunctor<int>, std::array<char*, 1ul>)",12739751577674,12739751620130,219,85,841234.0,1810.0,841234.0,65536.0,2869.0,23946649.0,0.0,0.0,554288322.0,554288322.0,0.0,0.0,262144.0,0.0,0.0,0.0,0.0,0.0,0.0,0.0,0.0,0.0,0.0,0.0,0.0,0.0,0.0,0.0,0.0,0.0,0.0,0.0,0.0,0.0,0.0,0.0,0.0,0.0,0.0,0.0,0.0,0.0,0.0,0.0,0.0,0.0,0.0,0.0,0.0,0.0,0.0,0.0,0.0,0.0,0.0,0.0,0.0,0.0,0.0,0.0,0.0,0.0,0.0,0.0,0.0,0.0,0.0,0.0,0.0,0.0,0.0,0.0,0.0,0.0,0.0,0.0,0.0,0.0,0.0,0.0,0.0,0.0,0.0,0.0,0.0,0.0,0.0,0.0,0.0,0.0,0.0,0.0,0.0,0.0,0.0,0.0,0.0,0.0,0.0,0.0,0.0,0.0,0.0,0.0,0.0,0.0,0.0,0.0,0.0,0.0,0.0,0.0,0.0,0.0,0.0,0.0,0.0,0.0,0.0,0.0,0.0,0.0,0.0,0.0,0.0,0.0,0.0,0.0,0.0,0.0,0.0,0.0,0.0,0.0,0.0,0.0,0.0,0.0,0.0,0.0,0.0,0.0,32768.0,32768.0,32848.0,32768.0,32770.0,32768.0,32768.0,32848.0,32768.0,32848.0,32848.0,32768.0,32848.0,32848.0,32768.0,32768.0,32848.0,32768.0,32848.0,32848.0,32848.0,32848.0,32768.0,32788.0,32768.0,32768.0,32768.0,32768.0,32848.0,32768.0,32770.0,32768.0,32848.0,32768.0,32770.0,32788.0,32768.0,32768.0,32768.0,32768.0,32768.0,32848.0,32768.0,32770.0,32768.0,32768.0,32848.0,32768.0,32848.0,32848.0,32848.0,32848.0,32848.0,32768.0,32768.0,32848.0,32768.0,32848.0,32848.0,32848.0,32848.0,32768.0,32788.0,32768.0,32768.0,32768.0,32768.0,32848.0,32768.0,32770.0,32788.0,32768.0,32848.0,32768.0,32768.0,32768.0,32848.0,32768.0,32770.0,32768.0,32768.0,32848.0,32768.0,32848.0,32848.0,32848.0,32848.0,32848.0,32788.0,32768.0,32768.0,32768.0,32768.0,32848.0,32848.0,32768.0,32770.0,32768.0,32768.0,32848.0,32768.0,32848.0,32848.0,32848.0,32848.0,32848.0,32768.0,32768.0,32848.0,32768.0,32848.0,32848.0,32848.0,32848.0,32788.0,32768.0,32788.0,32768.0,32768.0,32768.0,32848.0,32768.0,32770.0,32788.0,32768.0,32768.0,32768.0,32768.0,4194304.0,23563597.0,0.0,0.0,0.0,262144.0
219,0,1,1300,1300,32768,512,0,0,108,4,48,64,matmulbias_kernel,12739752035713,12739752061171,220,196,555951.0,2018.0,555951.0,0.0,704.0,3100734.0,0.0,0.0,44925462.0,44925462.0,4194304.0,622592.0,0.0,0.0,0.0,0.0,0.0,0.0,0.0,0.0,0.0,0.0,0.0,0.0,0.0,0.0,0.0,0.0,0.0,0.0,0.0,0.0,0.0,0.0,0.0,0.0,0.0,0.0,0.0,0.0,0.0,0.0,0.0,0.0,0.0,0.0,0.0,0.0,0.0,0.0,0.0,0.0,0.0,0.0,0.0,0.0,0.0,0.0,0.0,0.0,0.0,0.0,0.0,0.0,0.0,0.0,0.0,0.0,0.0,0.0,0.0,0.0,0.0,0.0,0.0,0.0,0.0,0.0,0.0,0.0,0.0,0.0,0.0,0.0,0.0,0.0,0.0,0.0,0.0,0.0,0.0,0.0,0.0,0.0,0.0,0.0,0.0,0.0,0.0,0.0,0.0,0.0,0.0,0.0,0.0,0.0,0.0,0.0,0.0,0.0,0.0,0.0,0.0,0.0,0.0,0.0,0.0,0.0,0.0,0.0,0.0,0.0,0.0,0.0,0.0,0.0,0.0,0.0,0.0,0.0,0.0,0.0,0.0,0.0,0.0,0.0,0.0,0.0,0.0,0.0,0.0,0.0,3092.0,3130.0,3130.0,3130.0,3102.0,3100.0,3101.0,3101.0,3100.0,3100.0,3100.0,3114.0,3100.0,3100.0,3088.0,3089.0,3089.0,3088.0,3088.0,3088.0,3088.0,3088.0,3114.0,3098.0,3106.0,3106.0,3106.0,3106.0,3106.0,3106.0,3090.0,3114.0,3114.0,3114.0,3094.0,3116.0,3130.0,3130.0,3130.0,3093.0,3130.0,3130.0,3130.0,3102.0,3100.0,3101.0,3101.0,3100.0,3100.0,3100.0,3093.0,3100.0,3100.0,3092.0,3093.0,3093.0,3092.0,3092.0,3092.0,3092.0,3092.0,3092.0,3104.0,3114.0,3114.0,3114.0,3114.0,3114.0,3114.0,3094.0,3110.0,3122.0,3092.0,3122.0,3122.0,3122.0,3122.0,3122.0,3098.0,3096.0,3097.0,3097.0,3096.0,3092.0,3096.0,3096.0,3096.0,3096.0,3122.0,3138.0,3138.0,3138.0,3138.0,3138.0,3092.0,3138.0,3106.0,3104.0,3105.0,3105.0,3104.0,3104.0,3104.0,3104.0,3104.0,3092.0,3092.0,3093.0,3093.0,3092.0,3092.0,3092.0,3092.0,3092.0,3104.0,3114.0,3104.0,3114.0,3114.0,3114.0,3114.0,3114.0,3094.0,3116.0,3130.0,3130.0,3130.0,3114.0,131072.0,2831064.0,0.0,262272.0,0.0,4096.0
220,0,1,1300,1300,4194304,256,0,0,12,4,32,64,"void at::native::vectorized_elementwise_kernel<4, at::native::FillFunctor<int>, std::array<char*, 1ul> >(int, at::native::FillFunctor<int>, std::array<char*, 1ul>)",12739752485654,12739752528592,221,85,835664.0,1810.0,835664.0,65536.0,2855.0,24121264.0,0.0,0.0,557784320.0,557784320.0,0.0,0.0,262144.0,0.0,0.0,0.0,0.0,0.0,0.0,0.0,0.0,0.0,0.0,0.0,0.0,0.0,0.0,0.0,0.0,0.0,0.0,0.0,0.0,0.0,0.0,0.0,0.0,0.0,0.0,0.0,0.0,0.0,0.0,0.0,0.0,0.0,0.0,0.0,0.0,0.0,0.0,0.0,0.0,0.0,0.0,0.0,0.0,0.0,0.0,0.0,0.0,0.0,0.0,0.0,0.0,0.0,0.0,0.0,0.0,0.0,0.0,0.0,0.0,0.0,0.0,0.0,0.0,0.0,0.0,0.0,0.0,0.0,0.0,0.0,0.0,0.0,0.0,0.0,0.0,0.0,0.0,0.0,0.0,0.0,0.0,0.0,0.0,0.0,0.0,0.0,0.0,0.0,0.0,0.0,0.0,0.0,0.0,0.0,0.0,0.0,0.0,0.0,0.0,0.0,0.0,0.0,0.0,0.0,0.0,0.0,0.0,0.0,0.0,0.0,0.0,0.0,0.0,0.0,0.0,0.0,0.0,0.0,0.0,0.0,0.0,0.0,0.0,0.0,0.0,0.0,0.0,0.0,32768.0,32768.0,32848.0,32768.0,32768.0,32768.0,32768.0,32848.0,32768.0,32848.0,32848.0,32768.0,32848.0,32848.0,32768.0,32768.0,32848.0,32768.0,32848.0,32848.0,32848.0,32848.0,32788.0,32768.0,32768.0,32768.0,32788.0,32768.0,32848.0,32768.0,32768.0,32768.0,32848.0,32768.0,32768.0,32768.0,32768.0,32768.0,32788.0,32768.0,32768.0,32848.0,32768.0,32768.0,32768.0,32768.0,32848.0,32768.0,32848.0,32848.0,32848.0,32848.0,32848.0,32768.0,32768.0,32848.0,32768.0,32848.0,32848.0,32848.0,32848.0,32768.0,32768.0,32768.0,32768.0,32788.0,32768.0,32848.0,32768.0,32768.0,32768.0,32768.0,32848.0,32768.0,32788.0,32768.0,32848.0,32768.0,32768.0,32768.0,32768.0,32848.0,32768.0,32848.0,32848.0,32848.0,32848.0,32848.0,32768.0,32768.0,32768.0,32788.0,32768.0,32848.0,32848.0,32768.0,32768.0,32768.0,32768.0,32848.0,32768.0,32848.0,32848.0,32848.0,32848.0,32848.0,32768.0,32768.0,32848.0,32768.0,32848.0,32848.0,32848.0,32848.0,32768.0,32768.0,32768.0,32768.0,32788.0,32768.0,32848.0,32768.0,32768.0,32768.0,32768.0,32768.0,32788.0,32768.0,4194304.0,23732425.0,0.0,0.0,0.0,262144.0
221,0,1,1300,1300,32768,512,0,0,108,4,48,64,matmulbias_kernel,12739752956443,12739752981941,222,196,547421.0,2018.0,547421.0,0.0,731.0,3120300.0,0.0,0.0,45991413.0,45991413.0,4194304.0,622592.0,0.0,0.0,0.0,0.0,0.0,0.0,0.0,0.0,0.0,0.0,0.0,0.0,0.0,0.0,0.0,0.0,0.0,0.0,0.0,0.0,0.0,0.0,0.0,0.0,0.0,0.0,0.0,0.0,0.0,0.0,0.0,0.0,0.0,0.0,0.0,0.0,0.0,0.0,0.0,0.0,0.0,0.0,0.0,0.0,0.0,0.0,0.0,0.0,0.0,0.0,0.0,0.0,0.0,0.0,0.0,0.0,0.0,0.0,0.0,0.0,0.0,0.0,0.0,0.0,0.0,0.0,0.0,0.0,0.0,0.0,0.0,0.0,0.0,0.0,0.0,0.0,0.0,0.0,0.0,0.0,0.0,0.0,0.0,0.0,0.0,0.0,0.0,0.0,0.0,0.0,0.0,0.0,0.0,0.0,0.0,0.0,0.0,0.0,0.0,0.0,0.0,0.0,0.0,0.0,0.0,0.0,0.0,0.0,0.0,0.0,0.0,0.0,0.0,0.0,0.0,0.0,0.0,0.0,0.0,0.0,0.0,0.0,0.0,0.0,0.0,0.0,0.0,0.0,0.0,0.0,3092.0,3130.0,3130.0,3130.0,3102.0,3100.0,3100.0,3101.0,3101.0,3100.0,3100.0,3114.0,3100.0,3100.0,3100.0,3100.0,3101.0,3101.0,3100.0,3100.0,3100.0,3100.0,3114.0,3116.0,3130.0,3130.0,3130.0,3130.0,3130.0,3130.0,3102.0,3114.0,3114.0,3114.0,3094.0,3104.0,3114.0,3114.0,3114.0,3092.0,3114.0,3114.0,3114.0,3094.0,3092.0,3092.0,3093.0,3093.0,3092.0,3092.0,3093.0,3092.0,3092.0,3096.0,3096.0,3097.0,3097.0,3096.0,3096.0,3096.0,3096.0,3093.0,3110.0,3122.0,3122.0,3122.0,3122.0,3122.0,3122.0,3098.0,3122.0,3138.0,3092.0,3138.0,3138.0,3138.0,3138.0,3138.0,3106.0,3104.0,3104.0,3105.0,3105.0,3092.0,3104.0,3104.0,3104.0,3104.0,3116.0,3130.0,3130.0,3130.0,3130.0,3130.0,3092.0,3130.0,3102.0,3100.0,3100.0,3101.0,3101.0,3100.0,3100.0,3100.0,3100.0,3092.0,3092.0,3092.0,3093.0,3093.0,3092.0,3092.0,3092.0,3092.0,3104.0,3114.0,3104.0,3114.0,3114.0,3114.0,3114.0,3114.0,3094.0,3116.0,3130.0,3130.0,3130.0,3114.0,131072.0,2863335.0,0.0,262272.0,0.0,4096.0
222,0,1,1300,1300,4194304,256,0,0,12,4,32,64,"void at::native::vectorized_elementwise_kernel<4, at::native::FillFunctor<int>, std::array<char*, 1ul> >(int, at::native::FillFunctor<int>, std::array<char*, 1ul>)",12739753399769,12739753442546,223,85,833961.0,1810.0,833961.0,65536.0,2940.0,24046050.0,0.0,0.0,557809272.0,557809272.0,0.0,0.0,262144.0,0.0,0.0,0.0,0.0,0.0,0.0,0.0,0.0,0.0,0.0,0.0,0.0,0.0,0.0,0.0,0.0,0.0,0.0,0.0,0.0,0.0,0.0,0.0,0.0,0.0,0.0,0.0,0.0,0.0,0.0,0.0,0.0,0.0,0.0,0.0,0.0,0.0,0.0,0.0,0.0,0.0,0.0,0.0,0.0,0.0,0.0,0.0,0.0,0.0,0.0,0.0,0.0,0.0,0.0,0.0,0.0,0.0,0.0,0.0,0.0,0.0,0.0,0.0,0.0,0.0,0.0,0.0,0.0,0.0,0.0,0.0,0.0,0.0,0.0,0.0,0.0,0.0,0.0,0.0,0.0,0.0,0.0,0.0,0.0,0.0,0.0,0.0,0.0,0.0,0.0,0.0,0.0,0.0,0.0,0.0,0.0,0.0,0.0,0.0,0.0,0.0,0.0,0.0,0.0,0.0,0.0,0.0,0.0,0.0,0.0,0.0,0.0,0.0,0.0,0.0,0.0,0.0,0.0,0.0,0.0,0.0,0.0,0.0,0.0,0.0,0.0,0.0,0.0,0.0,32768.0,32768.0,32848.0,32768.0,32769.0,32768.0,32768.0,32848.0,32768.0,32848.0,32848.0,32788.0,32848.0,32848.0,32768.0,32768.0,32848.0,32768.0,32848.0,32848.0,32848.0,32848.0,32768.0,32768.0,32769.0,32788.0,32768.0,32768.0,32848.0,32768.0,32769.0,32768.0,32848.0,32768.0,32769.0,32768.0,32769.0,32788.0,32768.0,32768.0,32768.0,32848.0,32768.0,32769.0,32768.0,32768.0,32848.0,32768.0,32848.0,32848.0,32848.0,32848.0,32848.0,32768.0,32768.0,32848.0,32768.0,32848.0,32848.0,32848.0,32848.0,32768.0,32768.0,32769.0,32788.0,32768.0,32768.0,32848.0,32768.0,32769.0,32768.0,32769.0,32848.0,32788.0,32768.0,32768.0,32848.0,32768.0,32769.0,32768.0,32768.0,32848.0,32768.0,32848.0,32848.0,32848.0,32848.0,32848.0,32768.0,32769.0,32788.0,32768.0,32768.0,32848.0,32848.0,32768.0,32769.0,32768.0,32768.0,32848.0,32768.0,32848.0,32848.0,32848.0,32848.0,32848.0,32768.0,32768.0,32848.0,32768.0,32848.0,32848.0,32848.0,32848.0,32768.0,32769.0,32768.0,32788.0,32768.0,32768.0,32848.0,32768.0,32769.0,32768.0,32769.0,32788.0,32768.0,32769.0,4194304.0,23704984.0,0.0,0.0,0.0,262144.0
223,0,1,1300,1300,32768,512,0,0,108,4,48,64,matmulbias_kernel,12739753867030,12739753892688,224,196,568446.0,2018.0,568446.0,0.0,776.0,3099414.0,0.0,0.0,45120204.0,45120204.0,4194304.0,622592.0,0.0,0.0,0.0,0.0,0.0,0.0,0.0,0.0,0.0,0.0,0.0,0.0,0.0,0.0,0.0,0.0,0.0,0.0,0.0,0.0,0.0,0.0,0.0,0.0,0.0,0.0,0.0,0.0,0.0,0.0,0.0,0.0,0.0,0.0,0.0,0.0,0.0,0.0,0.0,0.0,0.0,0.0,0.0,0.0,0.0,0.0,0.0,0.0,0.0,0.0,0.0,0.0,0.0,0.0,0.0,0.0,0.0,0.0,0.0,0.0,0.0,0.0,0.0,0.0,0.0,0.0,0.0,0.0,0.0,0.0,0.0,0.0,0.0,0.0,0.0,0.0,0.0,0.0,0.0,0.0,0.0,0.0,0.0,0.0,0.0,0.0,0.0,0.0,0.0,0.0,0.0,0.0,0.0,0.0,0.0,0.0,0.0,0.0,0.0,0.0,0.0,0.0,0.0,0.0,0.0,0.0,0.0,0.0,0.0,0.0,0.0,0.0,0.0,0.0,0.0,0.0,0.0,0.0,0.0,0.0,0.0,0.0,0.0,0.0,0.0,0.0,0.0,0.0,0.0,0.0,3092.0,3122.0,3122.0,3122.0,3098.0,3096.0,3096.0,3097.0,3096.0,3096.0,3097.0,3114.0,3096.0,3096.0,3096.0,3096.0,3097.0,3096.0,3096.0,3097.0,3096.0,3096.0,3114.0,3110.0,3122.0,3122.0,3122.0,3122.0,3122.0,3122.0,3098.0,3114.0,3114.0,3114.0,3094.0,3110.0,3122.0,3122.0,3122.0,3092.0,3122.0,3122.0,3122.0,3098.0,3096.0,3096.0,3097.0,3096.0,3096.0,3097.0,3093.0,3096.0,3096.0,3092.0,3092.0,3093.0,3092.0,3092.0,3093.0,3092.0,3092.0,3092.0,3104.0,3114.0,3114.0,3114.0,3114.0,3114.0,3114.0,3094.0,3110.0,3122.0,3092.0,3122.0,3122.0,3122.0,3122.0,3122.0,3098.0,3096.0,3096.0,3097.0,3096.0,3093.0,3096.0,3097.0,3096.0,3096.0,3104.0,3114.0,3114.0,3114.0,3114.0,3114.0,3092.0,3114.0,3094.0,3092.0,3092.0,3093.0,3092.0,3092.0,3093.0,3092.0,3092.0,3092.0,3100.0,3100.0,3101.0,3100.0,3100.0,3101.0,3100.0,3100.0,3116.0,3130.0,3104.0,3130.0,3130.0,3130.0,3130.0,3130.0,3102.0,3110.0,3122.0,3122.0,3122.0,3114.0,131072.0,2834089.0,0.0,262272.0,0.0,4096.0
224,0,1,1300,1300,4194304,256,0,0,12,4,32,64,"void at::native::vectorized_elementwise_kernel<4, at::native::FillFunctor<int>, std::array<char*, 1ul> >(int, at::native::FillFunctor<int>, std::array<char*, 1ul>)",12739754301375,12739754343752,225,85,823782.0,1810.0,823782.0,65536.0,2866.0,24038647.0,0.0,0.0,556330107.0,556330107.0,0.0,0.0,262144.0,0.0,0.0,0.0,0.0,0.0,0.0,0.0,0.0,0.0,0.0,0.0,0.0,0.0,0.0,0.0,0.0,0.0,0.0,0.0,0.0,0.0,0.0,0.0,0.0,0.0,0.0,0.0,0.0,0.0,0.0,0.0,0.0,0.0,0.0,0.0,0.0,0.0,0.0,0.0,0.0,0.0,0.0,0.0,0.0,0.0,0.0,0.0,0.0,0.0,0.0,0.0,0.0,0.0,0.0,0.0,0.0,0.0,0.0,0.0,0.0,0.0,0.0,0.0,0.0,0.0,0.0,0.0,0.0,0.0,0.0,0.0,0.0,0.0,0.0,0.0,0.0,0.0,0.0,0.0,0.0,0.0,0.0,0.0,0.0,0.0,0.0,0.0,0.0,0.0,0.0,0.0,0.0,0.0,0.0,0.0,0.0,0.0,0.0,0.0,0.0,0.0,0.0,0.0,0.0,0.0,0.0,0.0,0.0,0.0,0.0,0.0,0.0,0.0,0.0,0.0,0.0,0.0,0.0,0.0,0.0,0.0,0.0,0.0,0.0,0.0,0.0,0.0,0.0,0.0,32768.0,32768.0,32848.0,32768.0,32768.0,32768.0,32788.0,32848.0,32768.0,32848.0,32848.0,32768.0,32848.0,32848.0,32768.0,32788.0,32848.0,32768.0,32848.0,32848.0,32848.0,32848.0,32768.0,32768.0,32768.0,32768.0,32768.0,32768.0,32848.0,32768.0,32768.0,32768.0,32848.0,32768.0,32768.0,32768.0,32768.0,32768.0,32768.0,32788.0,32768.0,32848.0,32768.0,32768.0,32768.0,32788.0,32848.0,32768.0,32848.0,32848.0,32848.0,32848.0,32848.0,32768.0,32788.0,32848.0,32768.0,32848.0,32848.0,32848.0,32848.0,32768.0,32768.0,32768.0,32768.0,32768.0,32768.0,32848.0,32768.0,32768.0,32768.0,32768.0,32848.0,32768.0,32768.0,32768.0,32848.0,32768.0,32768.0,32768.0,32788.0,32848.0,32768.0,32848.0,32848.0,32848.0,32848.0,32848.0,32768.0,32768.0,32768.0,32768.0,32768.0,32848.0,32848.0,32768.0,32768.0,32768.0,32788.0,32848.0,32768.0,32848.0,32848.0,32848.0,32848.0,32848.0,32768.0,32788.0,32848.0,32768.0,32848.0,32848.0,32848.0,32848.0,32768.0,32768.0,32768.0,32768.0,32768.0,32768.0,32848.0,32768.0,32768.0,32768.0,32768.0,32768.0,32768.0,32768.0,4194304.0,23653250.0,0.0,0.0,0.0,262144.0
225,0,1,1300,1300,32768,512,0,0,108,4,48,64,matmulbias_kernel,12739754759816,12739754784833,226,196,551697.0,2018.0,551697.0,0.0,762.0,3076688.0,0.0,0.0,44270755.0,44270755.0,4194304.0,622592.0,0.0,0.0,0.0,0.0,0.0,0.0,0.0,0.0,0.0,0.0,0.0,0.0,0.0,0.0,0.0,0.0,0.0,0.0,0.0,0.0,0.0,0.0,0.0,0.0,0.0,0.0,0.0,0.0,0.0,0.0,0.0,0.0,0.0,0.0,0.0,0.0,0.0,0.0,0.0,0.0,0.0,0.0,0.0,0.0,0.0,0.0,0.0,0.0,0.0,0.0,0.0,0.0,0.0,0.0,0.0,0.0,0.0,0.0,0.0,0.0,0.0,0.0,0.0,0.0,0.0,0.0,0.0,0.0,0.0,0.0,0.0,0.0,0.0,0.0,0.0,0.0,0.0,0.0,0.0,0.0,0.0,0.0,0.0,0.0,0.0,0.0,0.0,0.0,0.0,0.0,0.0,0.0,0.0,0.0,0.0,0.0,0.0,0.0,0.0,0.0,0.0,0.0,0.0,0.0,0.0,0.0,0.0,0.0,0.0,0.0,0.0,0.0,0.0,0.0,0.0,0.0,0.0,0.0,0.0,0.0,0.0,0.0,0.0,0.0,0.0,0.0,0.0,0.0,0.0,0.0,3096.0,3130.0,3130.0,3130.0,3102.0,3100.0,3100.0,3101.0,3100.0,3100.0,3100.0,3122.0,3100.0,3101.0,3096.0,3096.0,3097.0,3096.0,3096.0,3096.0,3096.0,3097.0,3122.0,3110.0,3122.0,3122.0,3122.0,3122.0,3122.0,3122.0,3098.0,3122.0,3122.0,3122.0,3098.0,3104.0,3114.0,3114.0,3114.0,3096.0,3114.0,3114.0,3114.0,3094.0,3092.0,3092.0,3093.0,3092.0,3092.0,3092.0,3097.0,3092.0,3093.0,3100.0,3100.0,3101.0,3100.0,3100.0,3100.0,3100.0,3101.0,3096.0,3116.0,3130.0,3130.0,3130.0,3130.0,3130.0,3130.0,3102.0,3116.0,3130.0,3096.0,3130.0,3130.0,3130.0,3130.0,3130.0,3102.0,3100.0,3100.0,3101.0,3100.0,3096.0,3100.0,3100.0,3100.0,3101.0,3098.0,3106.0,3106.0,3106.0,3106.0,3106.0,3096.0,3106.0,3090.0,3088.0,3088.0,3089.0,3088.0,3088.0,3088.0,3088.0,3089.0,3097.0,3100.0,3100.0,3101.0,3100.0,3100.0,3100.0,3100.0,3101.0,3116.0,3130.0,3110.0,3130.0,3130.0,3130.0,3130.0,3130.0,3102.0,3116.0,3130.0,3130.0,3130.0,3122.0,131072.0,2801652.0,0.0,262272.0,0.0,4096.0
226,0,1,1300,1300,4194304,256,0,0,12,4,32,64,"void at::native::vectorized_elementwise_kernel<4, at::native::FillFunctor<int>, std::array<char*, 1ul> >(int, at::native::FillFunctor<int>, std::array<char*, 1ul>)",12739755195204,12739755237700,227,85,831779.0,1810.0,831779.0,65536.0,2862.0,24030110.0,0.0,0.0,556571189.0,556571189.0,0.0,0.0,262144.0,0.0,0.0,0.0,0.0,0.0,0.0,0.0,0.0,0.0,0.0,0.0,0.0,0.0,0.0,0.0,0.0,0.0,0.0,0.0,0.0,0.0,0.0,0.0,0.0,0.0,0.0,0.0,0.0,0.0,0.0,0.0,0.0,0.0,0.0,0.0,0.0,0.0,0.0,0.0,0.0,0.0,0.0,0.0,0.0,0.0,0.0,0.0,0.0,0.0,0.0,0.0,0.0,0.0,0.0,0.0,0.0,0.0,0.0,0.0,0.0,0.0,0.0,0.0,0.0,0.0,0.0,0.0,0.0,0.0,0.0,0.0,0.0,0.0,0.0,0.0,0.0,0.0,0.0,0.0,0.0,0.0,0.0,0.0,0.0,0.0,0.0,0.0,0.0,0.0,0.0,0.0,0.0,0.0,0.0,0.0,0.0,0.0,0.0,0.0,0.0,0.0,0.0,0.0,0.0,0.0,0.0,0.0,0.0,0.0,0.0,0.0,0.0,0.0,0.0,0.0,0.0,0.0,0.0,0.0,0.0,0.0,0.0,0.0,0.0,0.0,0.0,0.0,0.0,0.0,32788.0,32768.0,32848.0,32768.0,32769.0,32788.0,32768.0,32848.0,32768.0,32848.0,32848.0,32768.0,32848.0,32848.0,32788.0,32768.0,32848.0,32768.0,32848.0,32848.0,32848.0,32848.0,32769.0,32768.0,32768.0,32768.0,32769.0,32768.0,32848.0,32768.0,32769.0,32768.0,32848.0,32768.0,32769.0,32768.0,32768.0,32768.0,32769.0,32768.0,32768.0,32848.0,32768.0,32769.0,32788.0,32768.0,32848.0,32768.0,32848.0,32848.0,32848.0,32848.0,32848.0,32788.0,32768.0,32848.0,32768.0,32848.0,32848.0,32848.0,32848.0,32768.0,32768.0,32768.0,32768.0,32769.0,32768.0,32848.0,32768.0,32769.0,32768.0,32768.0,32848.0,32768.0,32769.0,32768.0,32848.0,32768.0,32769.0,32788.0,32768.0,32848.0,32768.0,32848.0,32848.0,32848.0,32848.0,32848.0,32768.0,32768.0,32768.0,32769.0,32768.0,32848.0,32848.0,32768.0,32769.0,32788.0,32768.0,32848.0,32768.0,32848.0,32848.0,32848.0,32848.0,32848.0,32788.0,32768.0,32848.0,32768.0,32848.0,32848.0,32848.0,32848.0,32768.0,32768.0,32768.0,32768.0,32769.0,32768.0,32848.0,32768.0,32769.0,32768.0,32768.0,32768.0,32769.0,32768.0,4194304.0,23658805.0,0.0,0.0,0.0,262144.0
227,0,1,1300,1300,32768,512,0,0,108,4,48,64,matmulbias_kernel,12739755646107,12739755671645,228,196,553800.0,2018.0,553800.0,0.0,688.0,3136711.0,0.0,0.0,46228420.0,46228420.0,4194304.0,622592.0,0.0,0.0,0.0,0.0,0.0,0.0,0.0,0.0,0.0,0.0,0.0,0.0,0.0,0.0,0.0,0.0,0.0,0.0,0.0,0.0,0.0,0.0,0.0,0.0,0.0,0.0,0.0,0.0,0.0,0.0,0.0,0.0,0.0,0.0,0.0,0.0,0.0,0.0,0.0,0.0,0.0,0.0,0.0,0.0,0.0,0.0,0.0,0.0,0.0,0.0,0.0,0.0,0.0,0.0,0.0,0.0,0.0,0.0,0.0,0.0,0.0,0.0,0.0,0.0,0.0,0.0,0.0,0.0,0.0,0.0,0.0,0.0,0.0,0.0,0.0,0.0,0.0,0.0,0.0,0.0,0.0,0.0,0.0,0.0,0.0,0.0,0.0,0.0,0.0,0.0,0.0,0.0,0.0,0.0,0.0,0.0,0.0,0.0,0.0,0.0,0.0,0.0,0.0,0.0,0.0,0.0,0.0,0.0,0.0,0.0,0.0,0.0,0.0,0.0,0.0,0.0,0.0,0.0,0.0,0.0,0.0,0.0,0.0,0.0,0.0,0.0,0.0,0.0,0.0,0.0,3096.0,3130.0,3131.0,3130.0,3102.0,3100.0,3100.0,3101.0,3100.0,3100.0,3100.0,3122.0,3100.0,3100.0,3096.0,3096.0,3097.0,3096.0,3096.0,3096.0,3096.0,3096.0,3122.0,3110.0,3122.0,3122.0,3122.0,3122.0,3123.0,3122.0,3098.0,3122.0,3123.0,3122.0,3098.0,3104.0,3114.0,3114.0,3114.0,3096.0,3114.0,3115.0,3114.0,3094.0,3092.0,3092.0,3093.0,3092.0,3092.0,3092.0,3097.0,3092.0,3092.0,3092.0,3092.0,3093.0,3092.0,3092.0,3092.0,3092.0,3092.0,3096.0,3104.0,3114.0,3114.0,3114.0,3114.0,3115.0,3114.0,3094.0,3110.0,3122.0,3096.0,3122.0,3122.0,3122.0,3123.0,3122.0,3098.0,3096.0,3096.0,3097.0,3096.0,3096.0,3096.0,3096.0,3096.0,3096.0,3110.0,3122.0,3122.0,3122.0,3122.0,3123.0,3096.0,3122.0,3098.0,3096.0,3096.0,3097.0,3096.0,3096.0,3096.0,3096.0,3096.0,3096.0,3096.0,3096.0,3097.0,3096.0,3096.0,3096.0,3096.0,3096.0,3110.0,3122.0,3110.0,3122.0,3122.0,3122.0,3123.0,3122.0,3098.0,3116.0,3130.0,3130.0,3130.0,3122.0,131072.0,2884797.0,0.0,262272.0,0.0,4096.0
228,0,1,1300,1300,4194304,256,0,0,12,4,32,64,"void at::native::vectorized_elementwise_kernel<4, at::native::FillFunctor<int>, std::array<char*, 1ul> >(int, at::native::FillFunctor<int>, std::array<char*, 1ul>)",12739756097412,12739756140630,229,85,835804.0,1810.0,835804.0,65536.0,2869.0,24124667.0,0.0,0.0,558593861.0,558593861.0,0.0,0.0,262144.0,0.0,0.0,0.0,0.0,0.0,0.0,0.0,0.0,0.0,0.0,0.0,0.0,0.0,0.0,0.0,0.0,0.0,0.0,0.0,0.0,0.0,0.0,0.0,0.0,0.0,0.0,0.0,0.0,0.0,0.0,0.0,0.0,0.0,0.0,0.0,0.0,0.0,0.0,0.0,0.0,0.0,0.0,0.0,0.0,0.0,0.0,0.0,0.0,0.0,0.0,0.0,0.0,0.0,0.0,0.0,0.0,0.0,0.0,0.0,0.0,0.0,0.0,0.0,0.0,0.0,0.0,0.0,0.0,0.0,0.0,0.0,0.0,0.0,0.0,0.0,0.0,0.0,0.0,0.0,0.0,0.0,0.0,0.0,0.0,0.0,0.0,0.0,0.0,0.0,0.0,0.0,0.0,0.0,0.0,0.0,0.0,0.0,0.0,0.0,0.0,0.0,0.0,0.0,0.0,0.0,0.0,0.0,0.0,0.0,0.0,0.0,0.0,0.0,0.0,0.0,0.0,0.0,0.0,0.0,0.0,0.0,0.0,0.0,0.0,0.0,0.0,0.0,0.0,0.0,32768.0,32768.0,32848.0,32768.0,32768.0,32768.0,32768.0,32848.0,32788.0,32848.0,32848.0,32768.0,32848.0,32848.0,32768.0,32768.0,32848.0,32788.0,32848.0,32848.0,32848.0,32848.0,32768.0,32768.0,32768.0,32768.0,32768.0,32768.0,32848.0,32768.0,32768.0,32768.0,32848.0,32768.0,32768.0,32768.0,32768.0,32768.0,32768.0,32768.0,32768.0,32848.0,32768.0,32768.0,32768.0,32768.0,32848.0,32788.0,32848.0,32848.0,32848.0,32848.0,32848.0,32768.0,32768.0,32848.0,32788.0,32848.0,32848.0,32848.0,32848.0,32788.0,32768.0,32768.0,32768.0,32768.0,32768.0,32848.0,32768.0,32768.0,32768.0,32768.0,32848.0,32768.0,32768.0,32768.0,32848.0,32768.0,32768.0,32768.0,32768.0,32848.0,32788.0,32848.0,32848.0,32848.0,32848.0,32848.0,32768.0,32768.0,32768.0,32768.0,32768.0,32848.0,32848.0,32768.0,32768.0,32768.0,32768.0,32848.0,32788.0,32848.0,32848.0,32848.0,32848.0,32848.0,32768.0,32768.0,32848.0,32788.0,32848.0,32848.0,32848.0,32848.0,32768.0,32768.0,32768.0,32768.0,32768.0,32768.0,32848.0,32768.0,32768.0,32768.0,32768.0,32768.0,32768.0,32768.0,4194304.0,23742351.0,0.0,0.0,0.0,262144.0
229,0,1,1300,1300,32768,512,0,0,108,4,48,64,matmulbias_kernel,12739756565514,12739756591293,230,196,554018.0,2018.0,554018.0,0.0,709.0,3154085.0,0.0,0.0,47012761.0,47012761.0,4194304.0,622592.0,0.0,0.0,0.0,0.0,0.0,0.0,0.0,0.0,0.0,0.0,0.0,0.0,0.0,0.0,0.0,0.0,0.0,0.0,0.0,0.0,0.0,0.0,0.0,0.0,0.0,0.0,0.0,0.0,0.0,0.0,0.0,0.0,0.0,0.0,0.0,0.0,0.0,0.0,0.0,0.0,0.0,0.0,0.0,0.0,0.0,0.0,0.0,0.0,0.0,0.0,0.0,0.0,0.0,0.0,0.0,0.0,0.0,0.0,0.0,0.0,0.0,0.0,0.0,0.0,0.0,0.0,0.0,0.0,0.0,0.0,0.0,0.0,0.0,0.0,0.0,0.0,0.0,0.0,0.0,0.0,0.0,0.0,0.0,0.0,0.0,0.0,0.0,0.0,0.0,0.0,0.0,0.0,0.0,0.0,0.0,0.0,0.0,0.0,0.0,0.0,0.0,0.0,0.0,0.0,0.0,0.0,0.0,0.0,0.0,0.0,0.0,0.0,0.0,0.0,0.0,0.0,0.0,0.0,0.0,0.0,0.0,0.0,0.0,0.0,0.0,0.0,0.0,0.0,0.0,0.0,3092.0,3114.0,3114.0,3114.0,3095.0,3092.0,3092.0,3093.0,3092.0,3092.0,3092.0,3114.0,3092.0,3092.0,3096.0,3096.0,3097.0,3096.0,3096.0,3096.0,3096.0,3096.0,3114.0,3110.0,3122.0,3122.0,3122.0,3122.0,3122.0,3122.0,3099.0,3114.0,3114.0,3114.0,3095.0,3104.0,3114.0,3114.0,3114.0,3092.0,3114.0,3114.0,3114.0,3095.0,3092.0,3092.0,3093.0,3092.0,3092.0,3092.0,3093.0,3092.0,3092.0,3100.0,3100.0,3101.0,3100.0,3100.0,3100.0,3100.0,3100.0,3092.0,3116.0,3130.0,3130.0,3130.0,3130.0,3130.0,3130.0,3103.0,3104.0,3114.0,3092.0,3114.0,3114.0,3114.0,3114.0,3114.0,3095.0,3092.0,3092.0,3093.0,3092.0,3092.0,3092.0,3092.0,3092.0,3092.0,3110.0,3122.0,3122.0,3122.0,3122.0,3122.0,3092.0,3122.0,3099.0,3096.0,3096.0,3097.0,3096.0,3096.0,3096.0,3096.0,3096.0,3092.0,3096.0,3096.0,3097.0,3096.0,3096.0,3096.0,3096.0,3096.0,3110.0,3122.0,3104.0,3122.0,3122.0,3122.0,3122.0,3122.0,3099.0,3104.0,3114.0,3114.0,3114.0,3114.0,131072.0,2897994.0,0.0,262272.0,0.0,4096.0
230,0,1,1300,1300,4194304,256,0,0,12,4,32,64,"void at::native::vectorized_elementwise_kernel<4, at::native::FillFunctor<int>, std::array<char*, 1ul> >(int, at::native::FillFunctor<int>, std::array<char*, 1ul>)",12739757004671,12739757047287,231,85,833024.0,1810.0,833024.0,65536.0,2847.0,23995394.0,0.0,0.0,556819353.0,556819353.0,0.0,0.0,262144.0,0.0,0.0,0.0,0.0,0.0,0.0,0.0,0.0,0.0,0.0,0.0,0.0,0.0,0.0,0.0,0.0,0.0,0.0,0.0,0.0,0.0,0.0,0.0,0.0,0.0,0.0,0.0,0.0,0.0,0.0,0.0,0.0,0.0,0.0,0.0,0.0,0.0,0.0,0.0,0.0,0.0,0.0,0.0,0.0,0.0,0.0,0.0,0.0,0.0,0.0,0.0,0.0,0.0,0.0,0.0,0.0,0.0,0.0,0.0,0.0,0.0,0.0,0.0,0.0,0.0,0.0,0.0,0.0,0.0,0.0,0.0,0.0,0.0,0.0,0.0,0.0,0.0,0.0,0.0,0.0,0.0,0.0,0.0,0.0,0.0,0.0,0.0,0.0,0.0,0.0,0.0,0.0,0.0,0.0,0.0,0.0,0.0,0.0,0.0,0.0,0.0,0.0,0.0,0.0,0.0,0.0,0.0,0.0,0.0,0.0,0.0,0.0,0.0,0.0,0.0,0.0,0.0,0.0,0.0,0.0,0.0,0.0,0.0,0.0,0.0,0.0,0.0,0.0,0.0,32768.0,32768.0,32848.0,32768.0,32769.0,32768.0,32769.0,32868.0,32768.0,32848.0,32848.0,32768.0,32848.0,32848.0,32768.0,32769.0,32868.0,32768.0,32848.0,32848.0,32848.0,32848.0,32768.0,32768.0,32768.0,32768.0,32768.0,32768.0,32848.0,32768.0,32769.0,32768.0,32848.0,32768.0,32769.0,32768.0,32768.0,32768.0,32768.0,32769.0,32768.0,32848.0,32768.0,32769.0,32768.0,32769.0,32868.0,32768.0,32848.0,32848.0,32868.0,32848.0,32848.0,32768.0,32769.0,32868.0,32768.0,32848.0,32848.0,32848.0,32848.0,32768.0,32768.0,32768.0,32768.0,32768.0,32768.0,32848.0,32768.0,32769.0,32768.0,32768.0,32848.0,32768.0,32768.0,32768.0,32848.0,32768.0,32769.0,32768.0,32769.0,32868.0,32768.0,32848.0,32848.0,32848.0,32848.0,32848.0,32768.0,32768.0,32768.0,32768.0,32768.0,32848.0,32848.0,32768.0,32769.0,32768.0,32769.0,32868.0,32768.0,32848.0,32848.0,32848.0,32848.0,32848.0,32768.0,32769.0,32868.0,32768.0,32848.0,32848.0,32848.0,32848.0,32768.0,32768.0,32768.0,32768.0,32768.0,32768.0,32848.0,32768.0,32769.0,32768.0,32768.0,32768.0,32768.0,32768.0,4194304.0,23674075.0,0.0,0.0,0.0,262144.0
231,0,1,1300,1300,32768,512,0,0,108,4,48,64,matmulbias_kernel,12739757464835,12739757490373,232,196,547888.0,2018.0,547888.0,0.0,761.0,3137151.0,0.0,0.0,46387203.0,46387203.0,4194304.0,622592.0,0.0,0.0,0.0,0.0,0.0,0.0,0.0,0.0,0.0,0.0,0.0,0.0,0.0,0.0,0.0,0.0,0.0,0.0,0.0,0.0,0.0,0.0,0.0,0.0,0.0,0.0,0.0,0.0,0.0,0.0,0.0,0.0,0.0,0.0,0.0,0.0,0.0,0.0,0.0,0.0,0.0,0.0,0.0,0.0,0.0,0.0,0.0,0.0,0.0,0.0,0.0,0.0,0.0,0.0,0.0,0.0,0.0,0.0,0.0,0.0,0.0,0.0,0.0,0.0,0.0,0.0,0.0,0.0,0.0,0.0,0.0,0.0,0.0,0.0,0.0,0.0,0.0,0.0,0.0,0.0,0.0,0.0,0.0,0.0,0.0,0.0,0.0,0.0,0.0,0.0,0.0,0.0,0.0,0.0,0.0,0.0,0.0,0.0,0.0,0.0,0.0,0.0,0.0,0.0,0.0,0.0,0.0,0.0,0.0,0.0,0.0,0.0,0.0,0.0,0.0,0.0,0.0,0.0,0.0,0.0,0.0,0.0,0.0,0.0,0.0,0.0,0.0,0.0,0.0,0.0,3096.0,3122.0,3122.0,3122.0,3098.0,3096.0,3096.0,3096.0,3096.0,3096.0,3096.0,3122.0,3096.0,3096.0,3092.0,3092.0,3092.0,3092.0,3092.0,3092.0,3092.0,3092.0,3122.0,3104.0,3114.0,3114.0,3114.0,3114.0,3114.0,3114.0,3094.0,3122.0,3122.0,3122.0,3098.0,3104.0,3114.0,3114.0,3114.0,3096.0,3114.0,3114.0,3114.0,3094.0,3092.0,3092.0,3092.0,3092.0,3092.0,3092.0,3096.0,3092.0,3092.0,3104.0,3104.0,3104.0,3104.0,3104.0,3104.0,3104.0,3104.0,3096.0,3122.0,3138.0,3138.0,3138.0,3138.0,3138.0,3138.0,3106.0,3110.0,3122.0,3096.0,3122.0,3122.0,3122.0,3122.0,3122.0,3098.0,3096.0,3096.0,3096.0,3096.0,3096.0,3096.0,3096.0,3096.0,3096.0,3098.0,3106.0,3106.0,3106.0,3106.0,3106.0,3096.0,3106.0,3090.0,3088.0,3088.0,3088.0,3088.0,3088.0,3088.0,3088.0,3088.0,3096.0,3092.0,3092.0,3092.0,3092.0,3092.0,3092.0,3092.0,3092.0,3104.0,3114.0,3110.0,3114.0,3114.0,3114.0,3114.0,3114.0,3094.0,3110.0,3122.0,3122.0,3122.0,3122.0,131072.0,2877948.0,0.0,262272.0,0.0,4096.0
232,0,1,1300,1300,4194304,256,0,0,12,4,32,64,"void at::native::vectorized_elementwise_kernel<4, at::native::FillFunctor<int>, std::array<char*, 1ul> >(int, at::native::FillFunctor<int>, std::array<char*, 1ul>)",12739757900303,12739757942960,233,85,842873.0,1810.0,842873.0,65536.0,2883.0,23947090.0,0.0,0.0,555433505.0,555433505.0,0.0,0.0,262144.0,0.0,0.0,0.0,0.0,0.0,0.0,0.0,0.0,0.0,0.0,0.0,0.0,0.0,0.0,0.0,0.0,0.0,0.0,0.0,0.0,0.0,0.0,0.0,0.0,0.0,0.0,0.0,0.0,0.0,0.0,0.0,0.0,0.0,0.0,0.0,0.0,0.0,0.0,0.0,0.0,0.0,0.0,0.0,0.0,0.0,0.0,0.0,0.0,0.0,0.0,0.0,0.0,0.0,0.0,0.0,0.0,0.0,0.0,0.0,0.0,0.0,0.0,0.0,0.0,0.0,0.0,0.0,0.0,0.0,0.0,0.0,0.0,0.0,0.0,0.0,0.0,0.0,0.0,0.0,0.0,0.0,0.0,0.0,0.0,0.0,0.0,0.0,0.0,0.0,0.0,0.0,0.0,0.0,0.0,0.0,0.0,0.0,0.0,0.0,0.0,0.0,0.0,0.0,0.0,0.0,0.0,0.0,0.0,0.0,0.0,0.0,0.0,0.0,0.0,0.0,0.0,0.0,0.0,0.0,0.0,0.0,0.0,0.0,0.0,0.0,0.0,0.0,0.0,0.0,32768.0,32768.0,32848.0,32768.0,32768.0,32768.0,32768.0,32849.0,32768.0,32848.0,32868.0,32768.0,32848.0,32848.0,32768.0,32768.0,32849.0,32768.0,32848.0,32868.0,32848.0,32848.0,32768.0,32768.0,32769.0,32768.0,32768.0,32768.0,32848.0,32768.0,32768.0,32768.0,32848.0,32768.0,32768.0,32768.0,32769.0,32768.0,32768.0,32768.0,32768.0,32848.0,32768.0,32768.0,32768.0,32768.0,32849.0,32768.0,32848.0,32868.0,32849.0,32848.0,32848.0,32768.0,32768.0,32849.0,32768.0,32848.0,32868.0,32848.0,32848.0,32768.0,32768.0,32769.0,32768.0,32768.0,32768.0,32848.0,32768.0,32768.0,32768.0,32769.0,32848.0,32768.0,32768.0,32768.0,32848.0,32768.0,32768.0,32768.0,32768.0,32849.0,32768.0,32868.0,32848.0,32868.0,32848.0,32848.0,32768.0,32769.0,32768.0,32768.0,32768.0,32848.0,32848.0,32768.0,32768.0,32768.0,32768.0,32849.0,32768.0,32848.0,32868.0,32848.0,32848.0,32848.0,32768.0,32768.0,32849.0,32768.0,32848.0,32868.0,32848.0,32848.0,32768.0,32769.0,32768.0,32768.0,32768.0,32768.0,32848.0,32768.0,32768.0,32768.0,32769.0,32768.0,32768.0,32769.0,4194304.0,23615315.0,0.0,0.0,0.0,262144.0
233,0,1,1300,1300,32768,512,0,0,108,4,48,64,matmulbias_kernel,12739758352690,12739758378188,234,196,534553.0,2018.0,534553.0,0.0,760.0,3104799.0,0.0,0.0,45518001.0,45518001.0,4194304.0,622592.0,0.0,0.0,0.0,0.0,0.0,0.0,0.0,0.0,0.0,0.0,0.0,0.0,0.0,0.0,0.0,0.0,0.0,0.0,0.0,0.0,0.0,0.0,0.0,0.0,0.0,0.0,0.0,0.0,0.0,0.0,0.0,0.0,0.0,0.0,0.0,0.0,0.0,0.0,0.0,0.0,0.0,0.0,0.0,0.0,0.0,0.0,0.0,0.0,0.0,0.0,0.0,0.0,0.0,0.0,0.0,0.0,0.0,0.0,0.0,0.0,0.0,0.0,0.0,0.0,0.0,0.0,0.0,0.0,0.0,0.0,0.0,0.0,0.0,0.0,0.0,0.0,0.0,0.0,0.0,0.0,0.0,0.0,0.0,0.0,0.0,0.0,0.0,0.0,0.0,0.0,0.0,0.0,0.0,0.0,0.0,0.0,0.0,0.0,0.0,0.0,0.0,0.0,0.0,0.0,0.0,0.0,0.0,0.0,0.0,0.0,0.0,0.0,0.0,0.0,0.0,0.0,0.0,0.0,0.0,0.0,0.0,0.0,0.0,0.0,0.0,0.0,0.0,0.0,0.0,0.0,3100.0,3130.0,3130.0,3130.0,3103.0,3100.0,3100.0,3100.0,3101.0,3100.0,3100.0,3130.0,3100.0,3100.0,3100.0,3100.0,3100.0,3101.0,3100.0,3100.0,3100.0,3100.0,3130.0,3116.0,3130.0,3130.0,3130.0,3130.0,3130.0,3130.0,3103.0,3130.0,3130.0,3130.0,3103.0,3104.0,3114.0,3114.0,3114.0,3100.0,3114.0,3114.0,3114.0,3095.0,3092.0,3092.0,3092.0,3093.0,3092.0,3092.0,3100.0,3092.0,3092.0,3096.0,3096.0,3096.0,3097.0,3096.0,3096.0,3096.0,3096.0,3101.0,3110.0,3122.0,3122.0,3122.0,3122.0,3122.0,3122.0,3099.0,3110.0,3122.0,3100.0,3122.0,3122.0,3122.0,3122.0,3122.0,3099.0,3096.0,3096.0,3096.0,3097.0,3100.0,3096.0,3096.0,3096.0,3096.0,3110.0,3122.0,3122.0,3122.0,3122.0,3122.0,3100.0,3122.0,3099.0,3096.0,3096.0,3096.0,3097.0,3096.0,3096.0,3096.0,3096.0,3100.0,3104.0,3104.0,3104.0,3105.0,3104.0,3104.0,3104.0,3104.0,3122.0,3138.0,3116.0,3138.0,3138.0,3138.0,3138.0,3138.0,3107.0,3116.0,3130.0,3130.0,3130.0,3130.0,131072.0,2842472.0,0.0,262272.0,0.0,4096.0
234,0,1,1300,1300,4194304,256,0,0,12,4,32,64,"void at::native::vectorized_elementwise_kernel<4, at::native::FillFunctor<int>, std::array<char*, 1ul> >(int, at::native::FillFunctor<int>, std::array<char*, 1ul>)",12739758781103,12739758823840,235,85,824616.0,1810.0,824616.0,65536.0,2835.0,24086777.0,0.0,0.0,559123417.0,559123417.0,0.0,0.0,262144.0,0.0,0.0,0.0,0.0,0.0,0.0,0.0,0.0,0.0,0.0,0.0,0.0,0.0,0.0,0.0,0.0,0.0,0.0,0.0,0.0,0.0,0.0,0.0,0.0,0.0,0.0,0.0,0.0,0.0,0.0,0.0,0.0,0.0,0.0,0.0,0.0,0.0,0.0,0.0,0.0,0.0,0.0,0.0,0.0,0.0,0.0,0.0,0.0,0.0,0.0,0.0,0.0,0.0,0.0,0.0,0.0,0.0,0.0,0.0,0.0,0.0,0.0,0.0,0.0,0.0,0.0,0.0,0.0,0.0,0.0,0.0,0.0,0.0,0.0,0.0,0.0,0.0,0.0,0.0,0.0,0.0,0.0,0.0,0.0,0.0,0.0,0.0,0.0,0.0,0.0,0.0,0.0,0.0,0.0,0.0,0.0,0.0,0.0,0.0,0.0,0.0,0.0,0.0,0.0,0.0,0.0,0.0,0.0,0.0,0.0,0.0,0.0,0.0,0.0,0.0,0.0,0.0,0.0,0.0,0.0,0.0,0.0,0.0,0.0,0.0,0.0,0.0,0.0,0.0,32768.0,32768.0,32848.0,32768.0,32768.0,32768.0,32768.0,32849.0,32768.0,32868.0,32848.0,32768.0,32848.0,32848.0,32768.0,32768.0,32849.0,32768.0,32868.0,32848.0,32848.0,32848.0,32769.0,32768.0,32768.0,32768.0,32769.0,32768.0,32848.0,32768.0,32768.0,32768.0,32848.0,32768.0,32768.0,32768.0,32768.0,32768.0,32769.0,32768.0,32768.0,32848.0,32768.0,32768.0,32768.0,32768.0,32849.0,32768.0,32868.0,32848.0,32849.0,32848.0,32848.0,32768.0,32768.0,32849.0,32768.0,32868.0,32848.0,32848.0,32848.0,32768.0,32768.0,32768.0,32768.0,32769.0,32768.0,32848.0,32768.0,32768.0,32768.0,32768.0,32868.0,32768.0,32769.0,32768.0,32848.0,32768.0,32768.0,32768.0,32768.0,32849.0,32768.0,32848.0,32868.0,32848.0,32848.0,32848.0,32768.0,32768.0,32768.0,32769.0,32768.0,32848.0,32848.0,32768.0,32768.0,32768.0,32768.0,32849.0,32768.0,32868.0,32848.0,32848.0,32848.0,32848.0,32768.0,32768.0,32849.0,32768.0,32868.0,32848.0,32848.0,32848.0,32768.0,32768.0,32768.0,32768.0,32769.0,32768.0,32848.0,32768.0,32768.0,32768.0,32768.0,32768.0,32769.0,32768.0,4194304.0,23769263.0,0.0,0.0,0.0,262144.0
235,0,1,1300,1300,32768,512,0,0,108,4,48,64,matmulbias_kernel,12739759234091,12739759259749,236,196,553508.0,2018.0,553508.0,0.0,669.0,3136199.0,0.0,0.0,46548256.0,46548256.0,4194304.0,622592.0,0.0,0.0,0.0,0.0,0.0,0.0,0.0,0.0,0.0,0.0,0.0,0.0,0.0,0.0,0.0,0.0,0.0,0.0,0.0,0.0,0.0,0.0,0.0,0.0,0.0,0.0,0.0,0.0,0.0,0.0,0.0,0.0,0.0,0.0,0.0,0.0,0.0,0.0,0.0,0.0,0.0,0.0,0.0,0.0,0.0,0.0,0.0,0.0,0.0,0.0,0.0,0.0,0.0,0.0,0.0,0.0,0.0,0.0,0.0,0.0,0.0,0.0,0.0,0.0,0.0,0.0,0.0,0.0,0.0,0.0,0.0,0.0,0.0,0.0,0.0,0.0,0.0,0.0,0.0,0.0,0.0,0.0,0.0,0.0,0.0,0.0,0.0,0.0,0.0,0.0,0.0,0.0,0.0,0.0,0.0,0.0,0.0,0.0,0.0,0.0,0.0,0.0,0.0,0.0,0.0,0.0,0.0,0.0,0.0,0.0,0.0,0.0,0.0,0.0,0.0,0.0,0.0,0.0,0.0,0.0,0.0,0.0,0.0,0.0,0.0,0.0,0.0,0.0,0.0,0.0,3100.0,3114.0,3114.0,3114.0,3094.0,3092.0,3092.0,3092.0,3092.0,3092.0,3092.0,3130.0,3092.0,3092.0,3096.0,3096.0,3096.0,3096.0,3096.0,3096.0,3096.0,3096.0,3130.0,3110.0,3122.0,3122.0,3122.0,3122.0,3122.0,3122.0,3098.0,3130.0,3130.0,3130.0,3102.0,3110.0,3122.0,3122.0,3122.0,3100.0,3122.0,3122.0,3122.0,3098.0,3096.0,3096.0,3096.0,3096.0,3096.0,3096.0,3100.0,3096.0,3096.0,3100.0,3100.0,3100.0,3100.0,3100.0,3100.0,3100.0,3100.0,3100.0,3116.0,3130.0,3130.0,3130.0,3130.0,3130.0,3130.0,3102.0,3122.0,3138.0,3100.0,3138.0,3138.0,3138.0,3138.0,3138.0,3106.0,3104.0,3104.0,3104.0,3104.0,3100.0,3104.0,3104.0,3104.0,3104.0,3116.0,3130.0,3130.0,3130.0,3130.0,3130.0,3100.0,3130.0,3102.0,3100.0,3100.0,3100.0,3100.0,3100.0,3100.0,3100.0,3100.0,3100.0,3100.0,3100.0,3100.0,3100.0,3100.0,3100.0,3100.0,3100.0,3116.0,3130.0,3116.0,3130.0,3130.0,3130.0,3130.0,3130.0,3102.0,3104.0,3114.0,3114.0,3114.0,3130.0,131072.0,2883224.0,0.0,262272.0,0.0,4096.0
236,0,1,1300,1300,4194304,256,0,0,12,4,32,64,"void at::native::vectorized_elementwise_kernel<4, at::native::FillFunctor<int>, std::array<char*, 1ul> >(int, at::native::FillFunctor<int>, std::array<char*, 1ul>)",12739759678259,12739759720715,237,85,830028.0,1810.0,830028.0,65536.0,2850.0,23954801.0,0.0,0.0,556333831.0,556333831.0,0.0,0.0,262144.0,0.0,0.0,0.0,0.0,0.0,0.0,0.0,0.0,0.0,0.0,0.0,0.0,0.0,0.0,0.0,0.0,0.0,0.0,0.0,0.0,0.0,0.0,0.0,0.0,0.0,0.0,0.0,0.0,0.0,0.0,0.0,0.0,0.0,0.0,0.0,0.0,0.0,0.0,0.0,0.0,0.0,0.0,0.0,0.0,0.0,0.0,0.0,0.0,0.0,0.0,0.0,0.0,0.0,0.0,0.0,0.0,0.0,0.0,0.0,0.0,0.0,0.0,0.0,0.0,0.0,0.0,0.0,0.0,0.0,0.0,0.0,0.0,0.0,0.0,0.0,0.0,0.0,0.0,0.0,0.0,0.0,0.0,0.0,0.0,0.0,0.0,0.0,0.0,0.0,0.0,0.0,0.0,0.0,0.0,0.0,0.0,0.0,0.0,0.0,0.0,0.0,0.0,0.0,0.0,0.0,0.0,0.0,0.0,0.0,0.0,0.0,0.0,0.0,0.0,0.0,0.0,0.0,0.0,0.0,0.0,0.0,0.0,0.0,0.0,0.0,0.0,0.0,0.0,0.0,32768.0,32768.0,32848.0,32768.0,32768.0,32768.0,32769.0,32849.0,32768.0,32848.0,32848.0,32768.0,32848.0,32868.0,32768.0,32769.0,32849.0,32768.0,32848.0,32848.0,32848.0,32868.0,32768.0,32768.0,32768.0,32768.0,32768.0,32768.0,32848.0,32768.0,32768.0,32768.0,32848.0,32768.0,32768.0,32768.0,32768.0,32768.0,32768.0,32769.0,32768.0,32848.0,32768.0,32768.0,32768.0,32769.0,32849.0,32768.0,32848.0,32848.0,32849.0,32848.0,32868.0,32768.0,32769.0,32849.0,32768.0,32848.0,32848.0,32848.0,32868.0,32768.0,32768.0,32768.0,32768.0,32768.0,32768.0,32848.0,32768.0,32768.0,32768.0,32768.0,32848.0,32768.0,32768.0,32768.0,32848.0,32768.0,32768.0,32768.0,32769.0,32849.0,32768.0,32848.0,32848.0,32848.0,32848.0,32868.0,32768.0,32768.0,32768.0,32768.0,32768.0,32848.0,32848.0,32768.0,32768.0,32768.0,32769.0,32849.0,32768.0,32848.0,32848.0,32848.0,32868.0,32868.0,32768.0,32769.0,32849.0,32768.0,32848.0,32848.0,32848.0,32868.0,32768.0,32768.0,32768.0,32768.0,32768.0,32768.0,32848.0,32768.0,32768.0,32768.0,32768.0,32768.0,32768.0,32768.0,4194304.0,23631846.0,0.0,0.0,0.0,262144.0
237,0,1,1300,1300,32768,512,0,0,108,4,48,64,matmulbias_kernel,12739760125754,12739760151693,238,196,557702.0,2018.0,557702.0,0.0,685.0,3156300.0,0.0,0.0,46528082.0,46528082.0,4194304.0,622592.0,0.0,0.0,0.0,0.0,0.0,0.0,0.0,0.0,0.0,0.0,0.0,0.0,0.0,0.0,0.0,0.0,0.0,0.0,0.0,0.0,0.0,0.0,0.0,0.0,0.0,0.0,0.0,0.0,0.0,0.0,0.0,0.0,0.0,0.0,0.0,0.0,0.0,0.0,0.0,0.0,0.0,0.0,0.0,0.0,0.0,0.0,0.0,0.0,0.0,0.0,0.0,0.0,0.0,0.0,0.0,0.0,0.0,0.0,0.0,0.0,0.0,0.0,0.0,0.0,0.0,0.0,0.0,0.0,0.0,0.0,0.0,0.0,0.0,0.0,0.0,0.0,0.0,0.0,0.0,0.0,0.0,0.0,0.0,0.0,0.0,0.0,0.0,0.0,0.0,0.0,0.0,0.0,0.0,0.0,0.0,0.0,0.0,0.0,0.0,0.0,0.0,0.0,0.0,0.0,0.0,0.0,0.0,0.0,0.0,0.0,0.0,0.0,0.0,0.0,0.0,0.0,0.0,0.0,0.0,0.0,0.0,0.0,0.0,0.0,0.0,0.0,0.0,0.0,0.0,0.0,3100.0,3130.0,3130.0,3130.0,3103.0,3100.0,3100.0,3100.0,3100.0,3100.0,3101.0,3130.0,3100.0,3100.0,3100.0,3100.0,3100.0,3100.0,3100.0,3101.0,3100.0,3100.0,3130.0,3116.0,3130.0,3130.0,3130.0,3130.0,3130.0,3130.0,3103.0,3130.0,3130.0,3130.0,3103.0,3116.0,3130.0,3130.0,3130.0,3100.0,3130.0,3130.0,3130.0,3103.0,3100.0,3100.0,3100.0,3100.0,3100.0,3101.0,3100.0,3100.0,3100.0,3100.0,3100.0,3100.0,3100.0,3100.0,3101.0,3100.0,3100.0,3100.0,3116.0,3130.0,3130.0,3130.0,3130.0,3130.0,3130.0,3103.0,3110.0,3122.0,3100.0,3122.0,3122.0,3122.0,3122.0,3122.0,3099.0,3096.0,3096.0,3096.0,3096.0,3101.0,3096.0,3097.0,3096.0,3096.0,3116.0,3130.0,3130.0,3130.0,3130.0,3130.0,3100.0,3130.0,3103.0,3100.0,3100.0,3100.0,3100.0,3100.0,3101.0,3100.0,3100.0,3100.0,3088.0,3088.0,3088.0,3088.0,3088.0,3089.0,3088.0,3088.0,3098.0,3106.0,3116.0,3106.0,3106.0,3106.0,3106.0,3106.0,3091.0,3116.0,3130.0,3130.0,3130.0,3130.0,131072.0,2900029.0,0.0,262272.0,0.0,4096.0
238,0,1,1300,1300,4194304,256,0,0,12,4,32,64,"void at::native::vectorized_elementwise_kernel<4, at::native::FillFunctor<int>, std::array<char*, 1ul> >(int, at::native::FillFunctor<int>, std::array<char*, 1ul>)",12739760561784,12739760604361,239,85,829223.0,1810.0,829223.0,65536.0,2850.0,24039697.0,0.0,0.0,557842545.0,557842545.0,0.0,0.0,262144.0,0.0,0.0,0.0,0.0,0.0,0.0,0.0,0.0,0.0,0.0,0.0,0.0,0.0,0.0,0.0,0.0,0.0,0.0,0.0,0.0,0.0,0.0,0.0,0.0,0.0,0.0,0.0,0.0,0.0,0.0,0.0,0.0,0.0,0.0,0.0,0.0,0.0,0.0,0.0,0.0,0.0,0.0,0.0,0.0,0.0,0.0,0.0,0.0,0.0,0.0,0.0,0.0,0.0,0.0,0.0,0.0,0.0,0.0,0.0,0.0,0.0,0.0,0.0,0.0,0.0,0.0,0.0,0.0,0.0,0.0,0.0,0.0,0.0,0.0,0.0,0.0,0.0,0.0,0.0,0.0,0.0,0.0,0.0,0.0,0.0,0.0,0.0,0.0,0.0,0.0,0.0,0.0,0.0,0.0,0.0,0.0,0.0,0.0,0.0,0.0,0.0,0.0,0.0,0.0,0.0,0.0,0.0,0.0,0.0,0.0,0.0,0.0,0.0,0.0,0.0,0.0,0.0,0.0,0.0,0.0,0.0,0.0,0.0,0.0,0.0,0.0,0.0,0.0,0.0,32768.0,32768.0,32848.0,32768.0,32768.0,32768.0,32768.0,32849.0,32769.0,32848.0,32848.0,32768.0,32868.0,32848.0,32768.0,32768.0,32849.0,32769.0,32848.0,32848.0,32868.0,32848.0,32768.0,32768.0,32768.0,32768.0,32768.0,32768.0,32848.0,32768.0,32768.0,32768.0,32848.0,32768.0,32768.0,32768.0,32768.0,32768.0,32768.0,32768.0,32768.0,32848.0,32768.0,32768.0,32768.0,32768.0,32849.0,32769.0,32848.0,32848.0,32849.0,32868.0,32848.0,32768.0,32768.0,32849.0,32769.0,32848.0,32848.0,32868.0,32848.0,32769.0,32768.0,32768.0,32768.0,32768.0,32768.0,32848.0,32768.0,32768.0,32768.0,32768.0,32848.0,32768.0,32768.0,32768.0,32848.0,32768.0,32768.0,32768.0,32768.0,32849.0,32769.0,32848.0,32848.0,32848.0,32868.0,32848.0,32768.0,32768.0,32768.0,32768.0,32768.0,32848.0,32868.0,32768.0,32768.0,32768.0,32768.0,32849.0,32769.0,32848.0,32848.0,32868.0,32848.0,32848.0,32768.0,32768.0,32849.0,32769.0,32848.0,32848.0,32868.0,32848.0,32768.0,32768.0,32768.0,32768.0,32768.0,32768.0,32848.0,32768.0,32768.0,32768.0,32768.0,32768.0,32768.0,32768.0,4194304.0,23708796.0,0.0,0.0,0.0,262144.0
239,0,1,1300,1300,32768,512,0,0,108,4,48,64,matmulbias_kernel,12739761018340,12739761044039,240,196,563008.0,2018.0,563008.0,0.0,766.0,3132579.0,0.0,0.0,46356777.0,46356777.0,4194304.0,622592.0,0.0,0.0,0.0,0.0,0.0,0.0,0.0,0.0,0.0,0.0,0.0,0.0,0.0,0.0,0.0,0.0,0.0,0.0,0.0,0.0,0.0,0.0,0.0,0.0,0.0,0.0,0.0,0.0,0.0,0.0,0.0,0.0,0.0,0.0,0.0,0.0,0.0,0.0,0.0,0.0,0.0,0.0,0.0,0.0,0.0,0.0,0.0,0.0,0.0,0.0,0.0,0.0,0.0,0.0,0.0,0.0,0.0,0.0,0.0,0.0,0.0,0.0,0.0,0.0,0.0,0.0,0.0,0.0,0.0,0.0,0.0,0.0,0.0,0.0,0.0,0.0,0.0,0.0,0.0,0.0,0.0,0.0,0.0,0.0,0.0,0.0,0.0,0.0,0.0,0.0,0.0,0.0,0.0,0.0,0.0,0.0,0.0,0.0,0.0,0.0,0.0,0.0,0.0,0.0,0.0,0.0,0.0,0.0,0.0,0.0,0.0,0.0,0.0,0.0,0.0,0.0,0.0,0.0,0.0,0.0,0.0,0.0,0.0,0.0,0.0,0.0,0.0,0.0,0.0,0.0,3104.0,3131.0,3130.0,3130.0,3102.0,3100.0,3100.0,3100.0,3100.0,3100.0,3100.0,3138.0,3100.0,3100.0,3088.0,3088.0,3088.0,3088.0,3088.0,3088.0,3088.0,3088.0,3139.0,3098.0,3106.0,3106.0,3107.0,3107.0,3106.0,3106.0,3090.0,3139.0,3138.0,3138.0,3106.0,3116.0,3130.0,3130.0,3131.0,3104.0,3131.0,3130.0,3130.0,3102.0,3100.0,3100.0,3100.0,3100.0,3100.0,3100.0,3104.0,3100.0,3100.0,3096.0,3096.0,3096.0,3096.0,3096.0,3096.0,3096.0,3096.0,3104.0,3110.0,3122.0,3122.0,3123.0,3123.0,3122.0,3122.0,3098.0,3104.0,3114.0,3104.0,3114.0,3115.0,3115.0,3114.0,3114.0,3094.0,3092.0,3092.0,3092.0,3092.0,3104.0,3092.0,3092.0,3092.0,3092.0,3110.0,3122.0,3122.0,3123.0,3123.0,3122.0,3104.0,3122.0,3098.0,3096.0,3096.0,3096.0,3096.0,3096.0,3096.0,3096.0,3096.0,3104.0,3100.0,3100.0,3100.0,3100.0,3100.0,3100.0,3100.0,3100.0,3116.0,3130.0,3122.0,3130.0,3131.0,3131.0,3130.0,3130.0,3102.0,3116.0,3130.0,3130.0,3131.0,3138.0,131072.0,2870883.0,0.0,262272.0,0.0,4096.0
240,0,1,1300,1300,4194304,256,0,0,12,4,32,64,"void at::native::vectorized_elementwise_kernel<4, at::native::FillFunctor<int>, std::array<char*, 1ul> >(int, at::native::FillFunctor<int>, std::array<char*, 1ul>)",12739761446191,12739761488808,241,85,814961.0,1810.0,814961.0,65536.0,2889.0,24076744.0,0.0,0.0,557066076.0,557066076.0,0.0,0.0,262144.0,0.0,0.0,0.0,0.0,0.0,0.0,0.0,0.0,0.0,0.0,0.0,0.0,0.0,0.0,0.0,0.0,0.0,0.0,0.0,0.0,0.0,0.0,0.0,0.0,0.0,0.0,0.0,0.0,0.0,0.0,0.0,0.0,0.0,0.0,0.0,0.0,0.0,0.0,0.0,0.0,0.0,0.0,0.0,0.0,0.0,0.0,0.0,0.0,0.0,0.0,0.0,0.0,0.0,0.0,0.0,0.0,0.0,0.0,0.0,0.0,0.0,0.0,0.0,0.0,0.0,0.0,0.0,0.0,0.0,0.0,0.0,0.0,0.0,0.0,0.0,0.0,0.0,0.0,0.0,0.0,0.0,0.0,0.0,0.0,0.0,0.0,0.0,0.0,0.0,0.0,0.0,0.0,0.0,0.0,0.0,0.0,0.0,0.0,0.0,0.0,0.0,0.0,0.0,0.0,0.0,0.0,0.0,0.0,0.0,0.0,0.0,0.0,0.0,0.0,0.0,0.0,0.0,0.0,0.0,0.0,0.0,0.0,0.0,0.0,0.0,0.0,0.0,0.0,0.0,32768.0,32768.0,32868.0,32768.0,32768.0,32768.0,32768.0,32849.0,32768.0,32848.0,32849.0,32768.0,32848.0,32848.0,32768.0,32768.0,32849.0,32768.0,32848.0,32849.0,32848.0,32848.0,32768.0,32768.0,32768.0,32768.0,32768.0,32768.0,32868.0,32768.0,32768.0,32768.0,32868.0,32768.0,32768.0,32768.0,32768.0,32768.0,32768.0,32768.0,32768.0,32868.0,32768.0,32768.0,32768.0,32768.0,32849.0,32768.0,32848.0,32849.0,32849.0,32848.0,32848.0,32768.0,32768.0,32849.0,32768.0,32848.0,32849.0,32848.0,32848.0,32768.0,32768.0,32768.0,32768.0,32768.0,32768.0,32868.0,32768.0,32768.0,32768.0,32768.0,32848.0,32768.0,32768.0,32768.0,32868.0,32768.0,32768.0,32768.0,32768.0,32849.0,32768.0,32849.0,32848.0,32849.0,32848.0,32848.0,32768.0,32768.0,32768.0,32768.0,32768.0,32868.0,32848.0,32768.0,32768.0,32768.0,32768.0,32849.0,32768.0,32848.0,32849.0,32848.0,32848.0,32848.0,32768.0,32768.0,32849.0,32768.0,32848.0,32849.0,32848.0,32848.0,32768.0,32768.0,32768.0,32768.0,32768.0,32768.0,32868.0,32768.0,32768.0,32768.0,32768.0,32768.0,32768.0,32768.0,4194304.0,23671268.0,0.0,0.0,0.0,262144.0
241,0,1,1300,1300,32768,512,0,0,108,4,48,64,matmulbias_kernel,12739761894729,12739761920468,242,196,550024.0,2018.0,550024.0,0.0,771.0,3135329.0,0.0,0.0,46373817.0,46373817.0,4194304.0,622592.0,0.0,0.0,0.0,0.0,0.0,0.0,0.0,0.0,0.0,0.0,0.0,0.0,0.0,0.0,0.0,0.0,0.0,0.0,0.0,0.0,0.0,0.0,0.0,0.0,0.0,0.0,0.0,0.0,0.0,0.0,0.0,0.0,0.0,0.0,0.0,0.0,0.0,0.0,0.0,0.0,0.0,0.0,0.0,0.0,0.0,0.0,0.0,0.0,0.0,0.0,0.0,0.0,0.0,0.0,0.0,0.0,0.0,0.0,0.0,0.0,0.0,0.0,0.0,0.0,0.0,0.0,0.0,0.0,0.0,0.0,0.0,0.0,0.0,0.0,0.0,0.0,0.0,0.0,0.0,0.0,0.0,0.0,0.0,0.0,0.0,0.0,0.0,0.0,0.0,0.0,0.0,0.0,0.0,0.0,0.0,0.0,0.0,0.0,0.0,0.0,0.0,0.0,0.0,0.0,0.0,0.0,0.0,0.0,0.0,0.0,0.0,0.0,0.0,0.0,0.0,0.0,0.0,0.0,0.0,0.0,0.0,0.0,0.0,0.0,0.0,0.0,0.0,0.0,0.0,0.0,3096.0,3122.0,3122.0,3122.0,3098.0,3096.0,3096.0,3096.0,3096.0,3096.0,3096.0,3122.0,3096.0,3096.0,3096.0,3096.0,3096.0,3096.0,3096.0,3096.0,3096.0,3096.0,3122.0,3110.0,3122.0,3122.0,3122.0,3122.0,3122.0,3122.0,3098.0,3122.0,3122.0,3122.0,3098.0,3110.0,3122.0,3122.0,3122.0,3096.0,3122.0,3122.0,3122.0,3098.0,3096.0,3096.0,3096.0,3096.0,3096.0,3096.0,3096.0,3096.0,3096.0,3100.0,3100.0,3100.0,3100.0,3100.0,3100.0,3100.0,3100.0,3096.0,3116.0,3130.0,3130.0,3130.0,3130.0,3130.0,3130.0,3102.0,3104.0,3114.0,3096.0,3114.0,3114.0,3114.0,3114.0,3114.0,3094.0,3092.0,3092.0,3092.0,3092.0,3096.0,3092.0,3092.0,3092.0,3092.0,3098.0,3106.0,3106.0,3106.0,3106.0,3106.0,3096.0,3106.0,3090.0,3088.0,3088.0,3088.0,3088.0,3088.0,3088.0,3088.0,3088.0,3096.0,3100.0,3100.0,3100.0,3100.0,3100.0,3100.0,3100.0,3100.0,3116.0,3130.0,3110.0,3130.0,3130.0,3130.0,3130.0,3130.0,3102.0,3110.0,3122.0,3122.0,3122.0,3122.0,131072.0,2873025.0,0.0,262272.0,0.0,4096.0
242,0,1,1300,1300,4194304,256,0,0,12,4,32,64,"void at::native::vectorized_elementwise_kernel<4, at::native::FillFunctor<int>, std::array<char*, 1ul> >(int, at::native::FillFunctor<int>, std::array<char*, 1ul>)",12739762339218,12739762381594,243,85,826684.0,1810.0,826684.0,65536.0,2910.0,23966813.0,0.0,0.0,554900178.0,554900178.0,0.0,0.0,262144.0,0.0,0.0,0.0,0.0,0.0,0.0,0.0,0.0,0.0,0.0,0.0,0.0,0.0,0.0,0.0,0.0,0.0,0.0,0.0,0.0,0.0,0.0,0.0,0.0,0.0,0.0,0.0,0.0,0.0,0.0,0.0,0.0,0.0,0.0,0.0,0.0,0.0,0.0,0.0,0.0,0.0,0.0,0.0,0.0,0.0,0.0,0.0,0.0,0.0,0.0,0.0,0.0,0.0,0.0,0.0,0.0,0.0,0.0,0.0,0.0,0.0,0.0,0.0,0.0,0.0,0.0,0.0,0.0,0.0,0.0,0.0,0.0,0.0,0.0,0.0,0.0,0.0,0.0,0.0,0.0,0.0,0.0,0.0,0.0,0.0,0.0,0.0,0.0,0.0,0.0,0.0,0.0,0.0,0.0,0.0,0.0,0.0,0.0,0.0,0.0,0.0,0.0,0.0,0.0,0.0,0.0,0.0,0.0,0.0,0.0,0.0,0.0,0.0,0.0,0.0,0.0,0.0,0.0,0.0,0.0,0.0,0.0,0.0,0.0,0.0,0.0,0.0,0.0,0.0,32768.0,32788.0,32848.0,32768.0,32768.0,32768.0,32768.0,32849.0,32768.0,32848.0,32848.0,32768.0,32848.0,32849.0,32768.0,32768.0,32849.0,32768.0,32848.0,32848.0,32848.0,32849.0,32768.0,32768.0,32768.0,32768.0,32768.0,32788.0,32848.0,32768.0,32768.0,32788.0,32848.0,32768.0,32768.0,32768.0,32768.0,32768.0,32768.0,32768.0,32788.0,32848.0,32768.0,32768.0,32768.0,32768.0,32849.0,32768.0,32848.0,32848.0,32849.0,32848.0,32849.0,32768.0,32768.0,32849.0,32768.0,32848.0,32848.0,32848.0,32849.0,32768.0,32768.0,32768.0,32768.0,32768.0,32788.0,32848.0,32768.0,32768.0,32768.0,32768.0,32848.0,32768.0,32768.0,32788.0,32848.0,32768.0,32768.0,32768.0,32768.0,32849.0,32768.0,32848.0,32848.0,32848.0,32848.0,32849.0,32768.0,32768.0,32768.0,32768.0,32788.0,32848.0,32848.0,32768.0,32768.0,32768.0,32768.0,32849.0,32768.0,32848.0,32848.0,32848.0,32849.0,32849.0,32768.0,32768.0,32849.0,32768.0,32848.0,32848.0,32848.0,32849.0,32768.0,32768.0,32768.0,32768.0,32768.0,32788.0,32848.0,32768.0,32768.0,32768.0,32768.0,32768.0,32768.0,32768.0,4194304.0,23580668.0,0.0,0.0,0.0,262144.0
243,0,1,1300,1300,32768,512,0,0,108,4,48,64,matmulbias_kernel,12739762801267,12739762826765,244,196,551415.0,2018.0,551415.0,0.0,764.0,3166128.0,0.0,0.0,47084631.0,47084631.0,4194304.0,622592.0,0.0,0.0,0.0,0.0,0.0,0.0,0.0,0.0,0.0,0.0,0.0,0.0,0.0,0.0,0.0,0.0,0.0,0.0,0.0,0.0,0.0,0.0,0.0,0.0,0.0,0.0,0.0,0.0,0.0,0.0,0.0,0.0,0.0,0.0,0.0,0.0,0.0,0.0,0.0,0.0,0.0,0.0,0.0,0.0,0.0,0.0,0.0,0.0,0.0,0.0,0.0,0.0,0.0,0.0,0.0,0.0,0.0,0.0,0.0,0.0,0.0,0.0,0.0,0.0,0.0,0.0,0.0,0.0,0.0,0.0,0.0,0.0,0.0,0.0,0.0,0.0,0.0,0.0,0.0,0.0,0.0,0.0,0.0,0.0,0.0,0.0,0.0,0.0,0.0,0.0,0.0,0.0,0.0,0.0,0.0,0.0,0.0,0.0,0.0,0.0,0.0,0.0,0.0,0.0,0.0,0.0,0.0,0.0,0.0,0.0,0.0,0.0,0.0,0.0,0.0,0.0,0.0,0.0,0.0,0.0,0.0,0.0,0.0,0.0,0.0,0.0,0.0,0.0,0.0,0.0,3092.0,3114.0,3114.0,3114.0,3095.0,3092.0,3092.0,3092.0,3092.0,3092.0,3093.0,3114.0,3092.0,3092.0,3096.0,3096.0,3096.0,3096.0,3096.0,3097.0,3096.0,3096.0,3114.0,3110.0,3122.0,3122.0,3122.0,3122.0,3122.0,3122.0,3099.0,3114.0,3114.0,3114.0,3095.0,3116.0,3130.0,3130.0,3130.0,3092.0,3130.0,3130.0,3130.0,3103.0,3100.0,3100.0,3100.0,3100.0,3100.0,3101.0,3092.0,3100.0,3100.0,3096.0,3096.0,3096.0,3096.0,3096.0,3097.0,3096.0,3096.0,3092.0,3110.0,3122.0,3122.0,3122.0,3122.0,3122.0,3122.0,3099.0,3104.0,3114.0,3092.0,3114.0,3114.0,3114.0,3114.0,3114.0,3095.0,3092.0,3092.0,3092.0,3092.0,3093.0,3092.0,3093.0,3092.0,3092.0,3110.0,3122.0,3122.0,3122.0,3122.0,3122.0,3092.0,3122.0,3099.0,3096.0,3096.0,3096.0,3096.0,3096.0,3097.0,3096.0,3096.0,3092.0,3096.0,3096.0,3096.0,3096.0,3096.0,3097.0,3096.0,3096.0,3110.0,3122.0,3104.0,3122.0,3122.0,3122.0,3122.0,3122.0,3099.0,3104.0,3114.0,3114.0,3114.0,3114.0,131072.0,2899212.0,0.0,262272.0,0.0,4096.0
244,0,1,1300,1300,4194304,256,0,0,12,4,32,64,"void at::native::vectorized_elementwise_kernel<4, at::native::FillFunctor<int>, std::array<char*, 1ul> >(int, at::native::FillFunctor<int>, std::array<char*, 1ul>)",12739763241346,12739763284243,245,85,840124.0,1810.0,840124.0,65536.0,2910.0,23997685.0,0.0,0.0,555798747.0,555798747.0,0.0,0.0,262144.0,0.0,0.0,0.0,0.0,0.0,0.0,0.0,0.0,0.0,0.0,0.0,0.0,0.0,0.0,0.0,0.0,0.0,0.0,0.0,0.0,0.0,0.0,0.0,0.0,0.0,0.0,0.0,0.0,0.0,0.0,0.0,0.0,0.0,0.0,0.0,0.0,0.0,0.0,0.0,0.0,0.0,0.0,0.0,0.0,0.0,0.0,0.0,0.0,0.0,0.0,0.0,0.0,0.0,0.0,0.0,0.0,0.0,0.0,0.0,0.0,0.0,0.0,0.0,0.0,0.0,0.0,0.0,0.0,0.0,0.0,0.0,0.0,0.0,0.0,0.0,0.0,0.0,0.0,0.0,0.0,0.0,0.0,0.0,0.0,0.0,0.0,0.0,0.0,0.0,0.0,0.0,0.0,0.0,0.0,0.0,0.0,0.0,0.0,0.0,0.0,0.0,0.0,0.0,0.0,0.0,0.0,0.0,0.0,0.0,0.0,0.0,0.0,0.0,0.0,0.0,0.0,0.0,0.0,0.0,0.0,0.0,0.0,0.0,0.0,0.0,0.0,0.0,0.0,0.0,32768.0,32768.0,32848.0,32768.0,32788.0,32768.0,32768.0,32849.0,32768.0,32848.0,32848.0,32769.0,32848.0,32848.0,32768.0,32768.0,32849.0,32768.0,32848.0,32848.0,32848.0,32848.0,32768.0,32768.0,32768.0,32769.0,32768.0,32768.0,32848.0,32768.0,32788.0,32768.0,32848.0,32768.0,32788.0,32768.0,32768.0,32769.0,32768.0,32768.0,32768.0,32848.0,32768.0,32788.0,32768.0,32768.0,32849.0,32768.0,32848.0,32848.0,32849.0,32848.0,32848.0,32768.0,32768.0,32849.0,32768.0,32848.0,32848.0,32848.0,32848.0,32768.0,32768.0,32768.0,32769.0,32768.0,32768.0,32848.0,32768.0,32788.0,32768.0,32768.0,32848.0,32769.0,32768.0,32768.0,32848.0,32768.0,32788.0,32768.0,32768.0,32849.0,32768.0,32848.0,32848.0,32848.0,32848.0,32848.0,32768.0,32768.0,32769.0,32768.0,32768.0,32848.0,32848.0,32768.0,32788.0,32768.0,32768.0,32849.0,32768.0,32848.0,32848.0,32848.0,32848.0,32848.0,32768.0,32768.0,32849.0,32768.0,32848.0,32848.0,32848.0,32848.0,32768.0,32768.0,32768.0,32769.0,32768.0,32768.0,32848.0,32768.0,32788.0,32768.0,32768.0,32769.0,32768.0,32768.0,4194304.0,23628479.0,0.0,0.0,0.0,262144.0
245,0,1,1300,1300,32768,512,0,0,108,4,48,64,matmulbias_kernel,12739763697381,12739763723159,246,196,552273.0,2018.0,552273.0,0.0,795.0,3120553.0,0.0,0.0,45926160.0,45926160.0,4194304.0,622592.0,0.0,0.0,0.0,0.0,0.0,0.0,0.0,0.0,0.0,0.0,0.0,0.0,0.0,0.0,0.0,0.0,0.0,0.0,0.0,0.0,0.0,0.0,0.0,0.0,0.0,0.0,0.0,0.0,0.0,0.0,0.0,0.0,0.0,0.0,0.0,0.0,0.0,0.0,0.0,0.0,0.0,0.0,0.0,0.0,0.0,0.0,0.0,0.0,0.0,0.0,0.0,0.0,0.0,0.0,0.0,0.0,0.0,0.0,0.0,0.0,0.0,0.0,0.0,0.0,0.0,0.0,0.0,0.0,0.0,0.0,0.0,0.0,0.0,0.0,0.0,0.0,0.0,0.0,0.0,0.0,0.0,0.0,0.0,0.0,0.0,0.0,0.0,0.0,0.0,0.0,0.0,0.0,0.0,0.0,0.0,0.0,0.0,0.0,0.0,0.0,0.0,0.0,0.0,0.0,0.0,0.0,0.0,0.0,0.0,0.0,0.0,0.0,0.0,0.0,0.0,0.0,0.0,0.0,0.0,0.0,0.0,0.0,0.0,0.0,0.0,0.0,0.0,0.0,0.0,0.0,3096.0,3106.0,3106.0,3106.0,3090.0,3088.0,3088.0,3088.0,3088.0,3088.0,3088.0,3122.0,3088.0,3088.0,3104.0,3104.0,3104.0,3104.0,3104.0,3104.0,3104.0,3104.0,3122.0,3122.0,3138.0,3138.0,3138.0,3138.0,3138.0,3138.0,3106.0,3122.0,3122.0,3122.0,3098.0,3110.0,3122.0,3122.0,3122.0,3096.0,3122.0,3122.0,3122.0,3098.0,3096.0,3096.0,3096.0,3096.0,3096.0,3096.0,3096.0,3096.0,3096.0,3092.0,3092.0,3092.0,3092.0,3092.0,3092.0,3092.0,3092.0,3096.0,3104.0,3114.0,3114.0,3114.0,3114.0,3114.0,3114.0,3094.0,3104.0,3114.0,3096.0,3114.0,3114.0,3114.0,3114.0,3114.0,3094.0,3092.0,3092.0,3092.0,3092.0,3096.0,3092.0,3092.0,3092.0,3092.0,3110.0,3122.0,3122.0,3122.0,3122.0,3122.0,3096.0,3122.0,3098.0,3096.0,3096.0,3096.0,3096.0,3096.0,3096.0,3096.0,3096.0,3096.0,3092.0,3092.0,3092.0,3092.0,3092.0,3092.0,3092.0,3092.0,3104.0,3114.0,3110.0,3114.0,3114.0,3114.0,3114.0,3114.0,3094.0,3098.0,3106.0,3106.0,3106.0,3122.0,131072.0,2856529.0,0.0,262272.0,0.0,4096.0
246,0,1,1300,1300,4194304,256,0,0,12,4,32,64,"void at::native::vectorized_elementwise_kernel<4, at::native::FillFunctor<int>, std::array<char*, 1ul> >(int, at::native::FillFunctor<int>, std::array<char*, 1ul>)",12739764135776,12739764178192,247,85,831611.0,1810.0,831611.0,65536.0,2876.0,24050645.0,0.0,0.0,556707958.0,556707958.0,0.0,0.0,262144.0,0.0,0.0,0.0,0.0,0.0,0.0,0.0,0.0,0.0,0.0,0.0,0.0,0.0,0.0,0.0,0.0,0.0,0.0,0.0,0.0,0.0,0.0,0.0,0.0,0.0,0.0,0.0,0.0,0.0,0.0,0.0,0.0,0.0,0.0,0.0,0.0,0.0,0.0,0.0,0.0,0.0,0.0,0.0,0.0,0.0,0.0,0.0,0.0,0.0,0.0,0.0,0.0,0.0,0.0,0.0,0.0,0.0,0.0,0.0,0.0,0.0,0.0,0.0,0.0,0.0,0.0,0.0,0.0,0.0,0.0,0.0,0.0,0.0,0.0,0.0,0.0,0.0,0.0,0.0,0.0,0.0,0.0,0.0,0.0,0.0,0.0,0.0,0.0,0.0,0.0,0.0,0.0,0.0,0.0,0.0,0.0,0.0,0.0,0.0,0.0,0.0,0.0,0.0,0.0,0.0,0.0,0.0,0.0,0.0,0.0,0.0,0.0,0.0,0.0,0.0,0.0,0.0,0.0,0.0,0.0,0.0,0.0,0.0,0.0,0.0,0.0,0.0,0.0,0.0,32768.0,32768.0,32848.0,32788.0,32768.0,32768.0,32768.0,32849.0,32768.0,32848.0,32848.0,32768.0,32848.0,32848.0,32768.0,32768.0,32849.0,32768.0,32848.0,32848.0,32848.0,32848.0,32768.0,32769.0,32768.0,32768.0,32768.0,32768.0,32848.0,32788.0,32768.0,32768.0,32848.0,32788.0,32768.0,32769.0,32768.0,32768.0,32768.0,32768.0,32768.0,32848.0,32788.0,32768.0,32768.0,32768.0,32849.0,32768.0,32848.0,32848.0,32849.0,32848.0,32848.0,32768.0,32768.0,32849.0,32768.0,32848.0,32848.0,32848.0,32848.0,32768.0,32769.0,32768.0,32768.0,32768.0,32768.0,32848.0,32788.0,32768.0,32769.0,32768.0,32848.0,32768.0,32768.0,32768.0,32848.0,32788.0,32768.0,32768.0,32768.0,32849.0,32768.0,32848.0,32848.0,32848.0,32848.0,32848.0,32769.0,32768.0,32768.0,32768.0,32768.0,32848.0,32848.0,32788.0,32768.0,32768.0,32768.0,32849.0,32768.0,32848.0,32848.0,32848.0,32848.0,32848.0,32768.0,32768.0,32849.0,32768.0,32848.0,32848.0,32848.0,32848.0,32769.0,32768.0,32769.0,32768.0,32768.0,32768.0,32848.0,32788.0,32768.0,32769.0,32768.0,32768.0,32768.0,32768.0,4194304.0,23674008.0,0.0,0.0,0.0,262144.0
247,0,1,1300,1300,32768,512,0,0,108,4,48,64,matmulbias_kernel,12739764581788,12739764606925,248,196,540318.0,2018.0,540318.0,0.0,749.0,3087247.0,0.0,0.0,45049076.0,45049076.0,4194304.0,622592.0,0.0,0.0,0.0,0.0,0.0,0.0,0.0,0.0,0.0,0.0,0.0,0.0,0.0,0.0,0.0,0.0,0.0,0.0,0.0,0.0,0.0,0.0,0.0,0.0,0.0,0.0,0.0,0.0,0.0,0.0,0.0,0.0,0.0,0.0,0.0,0.0,0.0,0.0,0.0,0.0,0.0,0.0,0.0,0.0,0.0,0.0,0.0,0.0,0.0,0.0,0.0,0.0,0.0,0.0,0.0,0.0,0.0,0.0,0.0,0.0,0.0,0.0,0.0,0.0,0.0,0.0,0.0,0.0,0.0,0.0,0.0,0.0,0.0,0.0,0.0,0.0,0.0,0.0,0.0,0.0,0.0,0.0,0.0,0.0,0.0,0.0,0.0,0.0,0.0,0.0,0.0,0.0,0.0,0.0,0.0,0.0,0.0,0.0,0.0,0.0,0.0,0.0,0.0,0.0,0.0,0.0,0.0,0.0,0.0,0.0,0.0,0.0,0.0,0.0,0.0,0.0,0.0,0.0,0.0,0.0,0.0,0.0,0.0,0.0,0.0,0.0,0.0,0.0,0.0,0.0,3096.0,3106.0,3106.0,3106.0,3091.0,3088.0,3088.0,3088.0,3088.0,3088.0,3088.0,3122.0,3088.0,3089.0,3104.0,3104.0,3104.0,3104.0,3104.0,3104.0,3104.0,3105.0,3122.0,3122.0,3138.0,3138.0,3138.0,3138.0,3138.0,3138.0,3107.0,3122.0,3122.0,3122.0,3099.0,3110.0,3122.0,3122.0,3122.0,3096.0,3122.0,3122.0,3122.0,3099.0,3096.0,3096.0,3096.0,3096.0,3096.0,3096.0,3096.0,3096.0,3097.0,3096.0,3096.0,3096.0,3096.0,3096.0,3096.0,3096.0,3097.0,3096.0,3110.0,3122.0,3122.0,3122.0,3122.0,3122.0,3122.0,3099.0,3116.0,3130.0,3096.0,3130.0,3130.0,3130.0,3130.0,3130.0,3103.0,3100.0,3100.0,3100.0,3100.0,3096.0,3100.0,3100.0,3100.0,3101.0,3110.0,3122.0,3122.0,3122.0,3122.0,3122.0,3096.0,3122.0,3099.0,3096.0,3096.0,3096.0,3096.0,3096.0,3096.0,3096.0,3097.0,3097.0,3100.0,3100.0,3100.0,3100.0,3100.0,3100.0,3100.0,3101.0,3116.0,3130.0,3110.0,3130.0,3130.0,3130.0,3130.0,3130.0,3103.0,3098.0,3106.0,3106.0,3106.0,3122.0,131072.0,2821728.0,0.0,262272.0,0.0,4096.0
248,0,1,1300,1300,4194304,256,0,0,12,4,32,64,"void at::native::vectorized_elementwise_kernel<4, at::native::FillFunctor<int>, std::array<char*, 1ul> >(int, at::native::FillFunctor<int>, std::array<char*, 1ul>)",12739765023951,12739765066809,249,85,844639.0,1810.0,844639.0,65536.0,2870.0,24065309.0,0.0,0.0,556978767.0,556978767.0,0.0,0.0,262144.0,0.0,0.0,0.0,0.0,0.0,0.0,0.0,0.0,0.0,0.0,0.0,0.0,0.0,0.0,0.0,0.0,0.0,0.0,0.0,0.0,0.0,0.0,0.0,0.0,0.0,0.0,0.0,0.0,0.0,0.0,0.0,0.0,0.0,0.0,0.0,0.0,0.0,0.0,0.0,0.0,0.0,0.0,0.0,0.0,0.0,0.0,0.0,0.0,0.0,0.0,0.0,0.0,0.0,0.0,0.0,0.0,0.0,0.0,0.0,0.0,0.0,0.0,0.0,0.0,0.0,0.0,0.0,0.0,0.0,0.0,0.0,0.0,0.0,0.0,0.0,0.0,0.0,0.0,0.0,0.0,0.0,0.0,0.0,0.0,0.0,0.0,0.0,0.0,0.0,0.0,0.0,0.0,0.0,0.0,0.0,0.0,0.0,0.0,0.0,0.0,0.0,0.0,0.0,0.0,0.0,0.0,0.0,0.0,0.0,0.0,0.0,0.0,0.0,0.0,0.0,0.0,0.0,0.0,0.0,0.0,0.0,0.0,0.0,0.0,0.0,0.0,0.0,0.0,0.0,32768.0,32768.0,32848.0,32769.0,32768.0,32768.0,32768.0,32849.0,32768.0,32848.0,32848.0,32768.0,32848.0,32848.0,32768.0,32768.0,32849.0,32768.0,32848.0,32848.0,32848.0,32848.0,32768.0,32768.0,32788.0,32768.0,32768.0,32768.0,32848.0,32769.0,32768.0,32768.0,32848.0,32769.0,32768.0,32768.0,32788.0,32768.0,32768.0,32768.0,32768.0,32848.0,32769.0,32768.0,32768.0,32768.0,32849.0,32768.0,32848.0,32848.0,32849.0,32848.0,32848.0,32768.0,32768.0,32849.0,32768.0,32848.0,32848.0,32848.0,32848.0,32768.0,32768.0,32788.0,32768.0,32768.0,32768.0,32848.0,32769.0,32768.0,32768.0,32788.0,32848.0,32768.0,32768.0,32768.0,32848.0,32769.0,32768.0,32768.0,32768.0,32849.0,32768.0,32848.0,32848.0,32848.0,32848.0,32848.0,32768.0,32788.0,32768.0,32768.0,32768.0,32848.0,32848.0,32769.0,32768.0,32768.0,32768.0,32849.0,32768.0,32848.0,32848.0,32848.0,32848.0,32848.0,32768.0,32768.0,32849.0,32768.0,32848.0,32848.0,32848.0,32848.0,32768.0,32788.0,32768.0,32768.0,32768.0,32768.0,32848.0,32769.0,32768.0,32768.0,32788.0,32768.0,32768.0,32788.0,4194304.0,23692745.0,0.0,0.0,0.0,262144.0
249,0,1,1300,1300,32768,512,0,0,108,4,48,64,matmulbias_kernel,12739765482953,12739765508611,250,196,565626.0,2018.0,565626.0,0.0,729.0,3150039.0,0.0,0.0,46740208.0,46740208.0,4194304.0,622592.0,0.0,0.0,0.0,0.0,0.0,0.0,0.0,0.0,0.0,0.0,0.0,0.0,0.0,0.0,0.0,0.0,0.0,0.0,0.0,0.0,0.0,0.0,0.0,0.0,0.0,0.0,0.0,0.0,0.0,0.0,0.0,0.0,0.0,0.0,0.0,0.0,0.0,0.0,0.0,0.0,0.0,0.0,0.0,0.0,0.0,0.0,0.0,0.0,0.0,0.0,0.0,0.0,0.0,0.0,0.0,0.0,0.0,0.0,0.0,0.0,0.0,0.0,0.0,0.0,0.0,0.0,0.0,0.0,0.0,0.0,0.0,0.0,0.0,0.0,0.0,0.0,0.0,0.0,0.0,0.0,0.0,0.0,0.0,0.0,0.0,0.0,0.0,0.0,0.0,0.0,0.0,0.0,0.0,0.0,0.0,0.0,0.0,0.0,0.0,0.0,0.0,0.0,0.0,0.0,0.0,0.0,0.0,0.0,0.0,0.0,0.0,0.0,0.0,0.0,0.0,0.0,0.0,0.0,0.0,0.0,0.0,0.0,0.0,0.0,0.0,0.0,0.0,0.0,0.0,0.0,3096.0,3130.0,3130.0,3130.0,3102.0,3100.0,3100.0,3100.0,3100.0,3100.0,3100.0,3123.0,3100.0,3100.0,3100.0,3100.0,3100.0,3100.0,3100.0,3100.0,3100.0,3100.0,3123.0,3116.0,3130.0,3131.0,3131.0,3130.0,3130.0,3130.0,3102.0,3122.0,3122.0,3122.0,3098.0,3104.0,3114.0,3115.0,3115.0,3096.0,3114.0,3114.0,3114.0,3094.0,3092.0,3092.0,3092.0,3092.0,3092.0,3092.0,3096.0,3092.0,3092.0,3100.0,3100.0,3100.0,3100.0,3100.0,3100.0,3100.0,3100.0,3096.0,3116.0,3130.0,3131.0,3131.0,3130.0,3130.0,3130.0,3102.0,3098.0,3106.0,3096.0,3107.0,3107.0,3106.0,3106.0,3106.0,3090.0,3088.0,3088.0,3088.0,3088.0,3096.0,3088.0,3088.0,3088.0,3088.0,3116.0,3130.0,3131.0,3131.0,3130.0,3130.0,3096.0,3130.0,3102.0,3100.0,3100.0,3100.0,3100.0,3100.0,3100.0,3100.0,3100.0,3096.0,3096.0,3096.0,3096.0,3096.0,3096.0,3096.0,3096.0,3096.0,3110.0,3122.0,3110.0,3123.0,3123.0,3122.0,3122.0,3122.0,3098.0,3116.0,3130.0,3131.0,3131.0,3122.0,131072.0,2890983.0,0.0,262272.0,0.0,4096.0
250,0,1,1300,1300,4194304,256,0,0,12,4,32,64,"void at::native::vectorized_elementwise_kernel<4, at::native::FillFunctor<int>, std::array<char*, 1ul> >(int, at::native::FillFunctor<int>, std::array<char*, 1ul>)",12739765918101,12739765960517,251,85,828912.0,1810.0,828912.0,65536.0,2893.0,24076046.0,0.0,0.0,557667883.0,557667883.0,0.0,0.0,262144.0,0.0,0.0,0.0,0.0,0.0,0.0,0.0,0.0,0.0,0.0,0.0,0.0,0.0,0.0,0.0,0.0,0.0,0.0,0.0,0.0,0.0,0.0,0.0,0.0,0.0,0.0,0.0,0.0,0.0,0.0,0.0,0.0,0.0,0.0,0.0,0.0,0.0,0.0,0.0,0.0,0.0,0.0,0.0,0.0,0.0,0.0,0.0,0.0,0.0,0.0,0.0,0.0,0.0,0.0,0.0,0.0,0.0,0.0,0.0,0.0,0.0,0.0,0.0,0.0,0.0,0.0,0.0,0.0,0.0,0.0,0.0,0.0,0.0,0.0,0.0,0.0,0.0,0.0,0.0,0.0,0.0,0.0,0.0,0.0,0.0,0.0,0.0,0.0,0.0,0.0,0.0,0.0,0.0,0.0,0.0,0.0,0.0,0.0,0.0,0.0,0.0,0.0,0.0,0.0,0.0,0.0,0.0,0.0,0.0,0.0,0.0,0.0,0.0,0.0,0.0,0.0,0.0,0.0,0.0,0.0,0.0,0.0,0.0,0.0,0.0,0.0,0.0,0.0,0.0,32768.0,32769.0,32848.0,32768.0,32768.0,32768.0,32768.0,32849.0,32768.0,32848.0,32848.0,32768.0,32848.0,32848.0,32768.0,32768.0,32849.0,32768.0,32848.0,32848.0,32848.0,32848.0,32768.0,32788.0,32768.0,32768.0,32768.0,32769.0,32848.0,32768.0,32768.0,32769.0,32848.0,32768.0,32768.0,32788.0,32768.0,32768.0,32768.0,32768.0,32769.0,32848.0,32768.0,32768.0,32768.0,32768.0,32849.0,32768.0,32848.0,32848.0,32849.0,32848.0,32848.0,32768.0,32768.0,32849.0,32768.0,32848.0,32848.0,32848.0,32848.0,32768.0,32788.0,32768.0,32768.0,32768.0,32769.0,32848.0,32768.0,32768.0,32788.0,32768.0,32848.0,32768.0,32768.0,32769.0,32848.0,32768.0,32768.0,32768.0,32768.0,32849.0,32768.0,32848.0,32848.0,32848.0,32848.0,32848.0,32788.0,32768.0,32768.0,32768.0,32769.0,32848.0,32848.0,32768.0,32768.0,32768.0,32768.0,32849.0,32768.0,32848.0,32848.0,32848.0,32848.0,32848.0,32768.0,32768.0,32849.0,32768.0,32848.0,32848.0,32848.0,32848.0,32788.0,32768.0,32788.0,32768.0,32768.0,32769.0,32848.0,32768.0,32768.0,32788.0,32768.0,32768.0,32768.0,32768.0,4194304.0,23704027.0,0.0,0.0,0.0,262144.0
251,0,1,1300,1300,32768,512,0,0,108,4,48,64,matmulbias_kernel,12739766368162,12739766393780,252,196,551660.0,2018.0,551660.0,0.0,781.0,3125687.0,0.0,0.0,45632582.0,45632582.0,4194304.0,622592.0,0.0,0.0,0.0,0.0,0.0,0.0,0.0,0.0,0.0,0.0,0.0,0.0,0.0,0.0,0.0,0.0,0.0,0.0,0.0,0.0,0.0,0.0,0.0,0.0,0.0,0.0,0.0,0.0,0.0,0.0,0.0,0.0,0.0,0.0,0.0,0.0,0.0,0.0,0.0,0.0,0.0,0.0,0.0,0.0,0.0,0.0,0.0,0.0,0.0,0.0,0.0,0.0,0.0,0.0,0.0,0.0,0.0,0.0,0.0,0.0,0.0,0.0,0.0,0.0,0.0,0.0,0.0,0.0,0.0,0.0,0.0,0.0,0.0,0.0,0.0,0.0,0.0,0.0,0.0,0.0,0.0,0.0,0.0,0.0,0.0,0.0,0.0,0.0,0.0,0.0,0.0,0.0,0.0,0.0,0.0,0.0,0.0,0.0,0.0,0.0,0.0,0.0,0.0,0.0,0.0,0.0,0.0,0.0,0.0,0.0,0.0,0.0,0.0,0.0,0.0,0.0,0.0,0.0,0.0,0.0,0.0,0.0,0.0,0.0,0.0,0.0,0.0,0.0,0.0,0.0,3092.0,3122.0,3123.0,3122.0,3099.0,3096.0,3096.0,3096.0,3096.0,3096.0,3096.0,3114.0,3096.0,3096.0,3100.0,3100.0,3100.0,3100.0,3100.0,3100.0,3100.0,3100.0,3114.0,3116.0,3130.0,3130.0,3130.0,3130.0,3131.0,3130.0,3103.0,3114.0,3115.0,3114.0,3095.0,3110.0,3122.0,3122.0,3122.0,3092.0,3122.0,3123.0,3122.0,3099.0,3096.0,3096.0,3096.0,3096.0,3096.0,3096.0,3092.0,3096.0,3096.0,3096.0,3096.0,3096.0,3096.0,3096.0,3096.0,3096.0,3096.0,3092.0,3110.0,3122.0,3122.0,3122.0,3122.0,3123.0,3122.0,3099.0,3110.0,3122.0,3092.0,3122.0,3122.0,3122.0,3123.0,3122.0,3099.0,3096.0,3096.0,3096.0,3096.0,3092.0,3096.0,3096.0,3096.0,3096.0,3110.0,3122.0,3122.0,3122.0,3122.0,3123.0,3092.0,3122.0,3099.0,3096.0,3096.0,3096.0,3096.0,3096.0,3096.0,3096.0,3096.0,3092.0,3096.0,3096.0,3096.0,3096.0,3096.0,3096.0,3096.0,3096.0,3110.0,3122.0,3104.0,3122.0,3122.0,3122.0,3123.0,3122.0,3099.0,3110.0,3122.0,3122.0,3122.0,3114.0,131072.0,2858496.0,0.0,262272.0,0.0,4096.0
252,0,1,1300,1300,4194304,256,0,0,12,4,32,64,"void at::native::vectorized_elementwise_kernel<4, at::native::FillFunctor<int>, std::array<char*, 1ul> >(int, at::native::FillFunctor<int>, std::array<char*, 1ul>)",12739766795412,12739766837588,253,85,824277.0,1810.0,824277.0,65536.0,2925.0,23967054.0,0.0,0.0,555235606.0,555235606.0,0.0,0.0,262144.0,0.0,0.0,0.0,0.0,0.0,0.0,0.0,0.0,0.0,0.0,0.0,0.0,0.0,0.0,0.0,0.0,0.0,0.0,0.0,0.0,0.0,0.0,0.0,0.0,0.0,0.0,0.0,0.0,0.0,0.0,0.0,0.0,0.0,0.0,0.0,0.0,0.0,0.0,0.0,0.0,0.0,0.0,0.0,0.0,0.0,0.0,0.0,0.0,0.0,0.0,0.0,0.0,0.0,0.0,0.0,0.0,0.0,0.0,0.0,0.0,0.0,0.0,0.0,0.0,0.0,0.0,0.0,0.0,0.0,0.0,0.0,0.0,0.0,0.0,0.0,0.0,0.0,0.0,0.0,0.0,0.0,0.0,0.0,0.0,0.0,0.0,0.0,0.0,0.0,0.0,0.0,0.0,0.0,0.0,0.0,0.0,0.0,0.0,0.0,0.0,0.0,0.0,0.0,0.0,0.0,0.0,0.0,0.0,0.0,0.0,0.0,0.0,0.0,0.0,0.0,0.0,0.0,0.0,0.0,0.0,0.0,0.0,0.0,0.0,0.0,0.0,0.0,0.0,0.0,32768.0,32768.0,32848.0,32768.0,32768.0,32768.0,32768.0,32849.0,32768.0,32848.0,32848.0,32768.0,32849.0,32848.0,32768.0,32768.0,32849.0,32768.0,32848.0,32848.0,32849.0,32848.0,32788.0,32768.0,32768.0,32768.0,32788.0,32768.0,32848.0,32768.0,32768.0,32768.0,32848.0,32768.0,32768.0,32768.0,32768.0,32768.0,32788.0,32768.0,32768.0,32848.0,32768.0,32768.0,32768.0,32768.0,32849.0,32768.0,32848.0,32848.0,32849.0,32849.0,32848.0,32768.0,32768.0,32849.0,32768.0,32848.0,32848.0,32849.0,32848.0,32768.0,32768.0,32768.0,32768.0,32788.0,32768.0,32848.0,32768.0,32768.0,32768.0,32768.0,32848.0,32768.0,32788.0,32768.0,32848.0,32768.0,32768.0,32768.0,32768.0,32849.0,32768.0,32848.0,32848.0,32848.0,32849.0,32848.0,32768.0,32768.0,32768.0,32788.0,32768.0,32848.0,32849.0,32768.0,32768.0,32768.0,32768.0,32849.0,32768.0,32848.0,32848.0,32849.0,32848.0,32848.0,32768.0,32768.0,32849.0,32768.0,32848.0,32848.0,32849.0,32848.0,32768.0,32768.0,32768.0,32768.0,32788.0,32768.0,32848.0,32768.0,32768.0,32768.0,32768.0,32768.0,32788.0,32768.0,4194304.0,23592461.0,0.0,0.0,0.0,262144.0
253,0,1,1300,1300,32768,512,0,0,108,4,48,64,matmulbias_kernel,12739767243910,12739767269448,254,196,547703.0,2018.0,547703.0,0.0,768.0,3109606.0,0.0,0.0,45430788.0,45430788.0,4194304.0,622592.0,0.0,0.0,0.0,0.0,0.0,0.0,0.0,0.0,0.0,0.0,0.0,0.0,0.0,0.0,0.0,0.0,0.0,0.0,0.0,0.0,0.0,0.0,0.0,0.0,0.0,0.0,0.0,0.0,0.0,0.0,0.0,0.0,0.0,0.0,0.0,0.0,0.0,0.0,0.0,0.0,0.0,0.0,0.0,0.0,0.0,0.0,0.0,0.0,0.0,0.0,0.0,0.0,0.0,0.0,0.0,0.0,0.0,0.0,0.0,0.0,0.0,0.0,0.0,0.0,0.0,0.0,0.0,0.0,0.0,0.0,0.0,0.0,0.0,0.0,0.0,0.0,0.0,0.0,0.0,0.0,0.0,0.0,0.0,0.0,0.0,0.0,0.0,0.0,0.0,0.0,0.0,0.0,0.0,0.0,0.0,0.0,0.0,0.0,0.0,0.0,0.0,0.0,0.0,0.0,0.0,0.0,0.0,0.0,0.0,0.0,0.0,0.0,0.0,0.0,0.0,0.0,0.0,0.0,0.0,0.0,0.0,0.0,0.0,0.0,0.0,0.0,0.0,0.0,0.0,0.0,3104.0,3138.0,3138.0,3138.0,3106.0,3104.0,3105.0,3104.0,3104.0,3104.0,3104.0,3138.0,3104.0,3104.0,3088.0,3089.0,3088.0,3088.0,3088.0,3088.0,3088.0,3088.0,3139.0,3098.0,3106.0,3106.0,3107.0,3106.0,3106.0,3106.0,3090.0,3138.0,3138.0,3138.0,3106.0,3104.0,3114.0,3114.0,3115.0,3105.0,3114.0,3114.0,3114.0,3094.0,3092.0,3093.0,3092.0,3092.0,3092.0,3092.0,3104.0,3092.0,3092.0,3096.0,3097.0,3096.0,3096.0,3096.0,3096.0,3096.0,3096.0,3104.0,3110.0,3122.0,3122.0,3123.0,3122.0,3122.0,3122.0,3098.0,3104.0,3114.0,3104.0,3114.0,3115.0,3114.0,3114.0,3114.0,3094.0,3092.0,3093.0,3092.0,3092.0,3104.0,3092.0,3092.0,3092.0,3092.0,3110.0,3122.0,3122.0,3123.0,3122.0,3122.0,3104.0,3122.0,3098.0,3096.0,3097.0,3096.0,3096.0,3096.0,3096.0,3096.0,3096.0,3104.0,3088.0,3089.0,3088.0,3088.0,3088.0,3088.0,3088.0,3088.0,3098.0,3106.0,3122.0,3106.0,3107.0,3106.0,3106.0,3106.0,3090.0,3122.0,3138.0,3138.0,3139.0,3138.0,131072.0,2850238.0,0.0,262272.0,0.0,4096.0
254,0,1,1300,1300,4194304,256,0,0,12,4,32,64,"void at::native::vectorized_elementwise_kernel<4, at::native::FillFunctor<int>, std::array<char*, 1ul> >(int, at::native::FillFunctor<int>, std::array<char*, 1ul>)",12739767683588,12739767726726,255,85,846382.0,1810.0,846382.0,65536.0,2859.0,23986759.0,0.0,0.0,556576763.0,556576763.0,0.0,0.0,262144.0,0.0,0.0,0.0,0.0,0.0,0.0,0.0,0.0,0.0,0.0,0.0,0.0,0.0,0.0,0.0,0.0,0.0,0.0,0.0,0.0,0.0,0.0,0.0,0.0,0.0,0.0,0.0,0.0,0.0,0.0,0.0,0.0,0.0,0.0,0.0,0.0,0.0,0.0,0.0,0.0,0.0,0.0,0.0,0.0,0.0,0.0,0.0,0.0,0.0,0.0,0.0,0.0,0.0,0.0,0.0,0.0,0.0,0.0,0.0,0.0,0.0,0.0,0.0,0.0,0.0,0.0,0.0,0.0,0.0,0.0,0.0,0.0,0.0,0.0,0.0,0.0,0.0,0.0,0.0,0.0,0.0,0.0,0.0,0.0,0.0,0.0,0.0,0.0,0.0,0.0,0.0,0.0,0.0,0.0,0.0,0.0,0.0,0.0,0.0,0.0,0.0,0.0,0.0,0.0,0.0,0.0,0.0,0.0,0.0,0.0,0.0,0.0,0.0,0.0,0.0,0.0,0.0,0.0,0.0,0.0,0.0,0.0,0.0,0.0,0.0,0.0,0.0,0.0,0.0,32768.0,32768.0,32848.0,32768.0,32768.0,32768.0,32768.0,32849.0,32768.0,32849.0,32848.0,32788.0,32848.0,32848.0,32768.0,32768.0,32849.0,32768.0,32849.0,32848.0,32848.0,32848.0,32768.0,32768.0,32768.0,32788.0,32768.0,32768.0,32848.0,32768.0,32768.0,32768.0,32848.0,32768.0,32768.0,32768.0,32768.0,32788.0,32768.0,32768.0,32768.0,32848.0,32768.0,32768.0,32768.0,32768.0,32849.0,32768.0,32849.0,32848.0,32849.0,32848.0,32848.0,32768.0,32768.0,32849.0,32768.0,32849.0,32848.0,32848.0,32848.0,32768.0,32768.0,32768.0,32788.0,32768.0,32768.0,32848.0,32768.0,32768.0,32768.0,32768.0,32849.0,32788.0,32768.0,32768.0,32848.0,32768.0,32768.0,32768.0,32768.0,32849.0,32768.0,32848.0,32849.0,32848.0,32848.0,32848.0,32768.0,32768.0,32788.0,32768.0,32768.0,32848.0,32848.0,32768.0,32768.0,32768.0,32768.0,32849.0,32768.0,32849.0,32848.0,32848.0,32848.0,32848.0,32768.0,32768.0,32849.0,32768.0,32849.0,32848.0,32848.0,32848.0,32768.0,32768.0,32768.0,32788.0,32768.0,32768.0,32848.0,32768.0,32768.0,32768.0,32768.0,32788.0,32768.0,32768.0,4194304.0,23659536.0,0.0,0.0,0.0,262144.0
255,0,1,1300,1300,32768,512,0,0,108,4,48,64,matmulbias_kernel,12739768143712,12739768169130,256,196,554733.0,2018.0,554733.0,0.0,740.0,3134589.0,0.0,0.0,46187621.0,46187621.0,4194304.0,622592.0,0.0,0.0,0.0,0.0,0.0,0.0,0.0,0.0,0.0,0.0,0.0,0.0,0.0,0.0,0.0,0.0,0.0,0.0,0.0,0.0,0.0,0.0,0.0,0.0,0.0,0.0,0.0,0.0,0.0,0.0,0.0,0.0,0.0,0.0,0.0,0.0,0.0,0.0,0.0,0.0,0.0,0.0,0.0,0.0,0.0,0.0,0.0,0.0,0.0,0.0,0.0,0.0,0.0,0.0,0.0,0.0,0.0,0.0,0.0,0.0,0.0,0.0,0.0,0.0,0.0,0.0,0.0,0.0,0.0,0.0,0.0,0.0,0.0,0.0,0.0,0.0,0.0,0.0,0.0,0.0,0.0,0.0,0.0,0.0,0.0,0.0,0.0,0.0,0.0,0.0,0.0,0.0,0.0,0.0,0.0,0.0,0.0,0.0,0.0,0.0,0.0,0.0,0.0,0.0,0.0,0.0,0.0,0.0,0.0,0.0,0.0,0.0,0.0,0.0,0.0,0.0,0.0,0.0,0.0,0.0,0.0,0.0,0.0,0.0,0.0,0.0,0.0,0.0,0.0,0.0,3100.0,3130.0,3130.0,3130.0,3104.0,3100.0,3100.0,3100.0,3100.0,3100.0,3100.0,3130.0,3100.0,3100.0,3092.0,3092.0,3092.0,3092.0,3092.0,3092.0,3092.0,3092.0,3130.0,3104.0,3114.0,3114.0,3114.0,3114.0,3114.0,3114.0,3096.0,3130.0,3130.0,3130.0,3104.0,3104.0,3114.0,3114.0,3114.0,3100.0,3114.0,3114.0,3114.0,3096.0,3092.0,3092.0,3092.0,3092.0,3092.0,3092.0,3100.0,3092.0,3092.0,3096.0,3096.0,3096.0,3096.0,3096.0,3096.0,3096.0,3096.0,3100.0,3110.0,3122.0,3122.0,3122.0,3122.0,3122.0,3122.0,3100.0,3104.0,3114.0,3100.0,3114.0,3114.0,3114.0,3114.0,3114.0,3096.0,3092.0,3092.0,3092.0,3092.0,3100.0,3092.0,3092.0,3092.0,3092.0,3116.0,3130.0,3130.0,3130.0,3130.0,3130.0,3100.0,3130.0,3104.0,3100.0,3100.0,3100.0,3100.0,3100.0,3100.0,3100.0,3100.0,3100.0,3100.0,3100.0,3100.0,3100.0,3100.0,3100.0,3100.0,3100.0,3116.0,3130.0,3116.0,3130.0,3130.0,3130.0,3130.0,3130.0,3104.0,3116.0,3130.0,3130.0,3130.0,3130.0,131072.0,2880953.0,0.0,262272.0,0.0,4096.0
256,0,1,1300,1300,4194304,256,0,0,12,4,32,64,"void at::native::vectorized_elementwise_kernel<4, at::native::FillFunctor<int>, std::array<char*, 1ul> >(int, at::native::FillFunctor<int>, std::array<char*, 1ul>)",12739768571643,12739768614380,257,85,830008.0,1810.0,830008.0,65536.0,2913.0,23949837.0,0.0,0.0,554673334.0,554673334.0,0.0,0.0,262144.0,0.0,0.0,0.0,0.0,0.0,0.0,0.0,0.0,0.0,0.0,0.0,0.0,0.0,0.0,0.0,0.0,0.0,0.0,0.0,0.0,0.0,0.0,0.0,0.0,0.0,0.0,0.0,0.0,0.0,0.0,0.0,0.0,0.0,0.0,0.0,0.0,0.0,0.0,0.0,0.0,0.0,0.0,0.0,0.0,0.0,0.0,0.0,0.0,0.0,0.0,0.0,0.0,0.0,0.0,0.0,0.0,0.0,0.0,0.0,0.0,0.0,0.0,0.0,0.0,0.0,0.0,0.0,0.0,0.0,0.0,0.0,0.0,0.0,0.0,0.0,0.0,0.0,0.0,0.0,0.0,0.0,0.0,0.0,0.0,0.0,0.0,0.0,0.0,0.0,0.0,0.0,0.0,0.0,0.0,0.0,0.0,0.0,0.0,0.0,0.0,0.0,0.0,0.0,0.0,0.0,0.0,0.0,0.0,0.0,0.0,0.0,0.0,0.0,0.0,0.0,0.0,0.0,0.0,0.0,0.0,0.0,0.0,0.0,0.0,0.0,0.0,0.0,0.0,0.0,32768.0,32768.0,32848.0,32768.0,32768.0,32768.0,32788.0,32850.0,32768.0,32848.0,32848.0,32768.0,32848.0,32848.0,32768.0,32788.0,32850.0,32768.0,32848.0,32848.0,32848.0,32848.0,32768.0,32768.0,32768.0,32768.0,32768.0,32768.0,32848.0,32768.0,32768.0,32768.0,32848.0,32768.0,32768.0,32768.0,32768.0,32768.0,32768.0,32788.0,32768.0,32848.0,32768.0,32768.0,32768.0,32788.0,32850.0,32768.0,32848.0,32848.0,32850.0,32848.0,32848.0,32768.0,32788.0,32850.0,32768.0,32848.0,32848.0,32848.0,32848.0,32768.0,32768.0,32768.0,32768.0,32768.0,32768.0,32848.0,32768.0,32768.0,32768.0,32768.0,32848.0,32768.0,32768.0,32768.0,32848.0,32768.0,32768.0,32768.0,32788.0,32850.0,32768.0,32848.0,32848.0,32848.0,32848.0,32848.0,32768.0,32768.0,32768.0,32768.0,32768.0,32848.0,32848.0,32768.0,32768.0,32768.0,32788.0,32850.0,32768.0,32848.0,32848.0,32848.0,32848.0,32848.0,32768.0,32788.0,32850.0,32768.0,32848.0,32848.0,32848.0,32848.0,32768.0,32768.0,32768.0,32768.0,32768.0,32768.0,32848.0,32768.0,32768.0,32768.0,32768.0,32768.0,32768.0,32768.0,4194304.0,23577475.0,0.0,0.0,0.0,262144.0
257,0,1,1300,1300,32768,512,0,0,108,4,48,64,matmulbias_kernel,12739769015571,12739769040828,258,196,549626.0,2018.0,549626.0,0.0,773.0,3125285.0,0.0,0.0,45795415.0,45795415.0,4194304.0,622592.0,0.0,0.0,0.0,0.0,0.0,0.0,0.0,0.0,0.0,0.0,0.0,0.0,0.0,0.0,0.0,0.0,0.0,0.0,0.0,0.0,0.0,0.0,0.0,0.0,0.0,0.0,0.0,0.0,0.0,0.0,0.0,0.0,0.0,0.0,0.0,0.0,0.0,0.0,0.0,0.0,0.0,0.0,0.0,0.0,0.0,0.0,0.0,0.0,0.0,0.0,0.0,0.0,0.0,0.0,0.0,0.0,0.0,0.0,0.0,0.0,0.0,0.0,0.0,0.0,0.0,0.0,0.0,0.0,0.0,0.0,0.0,0.0,0.0,0.0,0.0,0.0,0.0,0.0,0.0,0.0,0.0,0.0,0.0,0.0,0.0,0.0,0.0,0.0,0.0,0.0,0.0,0.0,0.0,0.0,0.0,0.0,0.0,0.0,0.0,0.0,0.0,0.0,0.0,0.0,0.0,0.0,0.0,0.0,0.0,0.0,0.0,0.0,0.0,0.0,0.0,0.0,0.0,0.0,0.0,0.0,0.0,0.0,0.0,0.0,0.0,0.0,0.0,0.0,0.0,0.0,3096.0,3114.0,3114.0,3114.0,3094.0,3092.0,3092.0,3092.0,3092.0,3092.0,3092.0,3122.0,3092.0,3092.0,3088.0,3088.0,3088.0,3088.0,3088.0,3088.0,3088.0,3088.0,3122.0,3098.0,3106.0,3106.0,3106.0,3106.0,3106.0,3106.0,3090.0,3122.0,3122.0,3122.0,3098.0,3116.0,3130.0,3130.0,3130.0,3096.0,3130.0,3130.0,3130.0,3102.0,3100.0,3100.0,3100.0,3100.0,3100.0,3100.0,3096.0,3100.0,3100.0,3096.0,3096.0,3096.0,3096.0,3096.0,3096.0,3096.0,3096.0,3096.0,3110.0,3122.0,3122.0,3122.0,3122.0,3122.0,3122.0,3098.0,3116.0,3130.0,3096.0,3130.0,3130.0,3130.0,3130.0,3130.0,3102.0,3100.0,3100.0,3100.0,3100.0,3096.0,3100.0,3100.0,3100.0,3100.0,3116.0,3130.0,3130.0,3130.0,3130.0,3130.0,3096.0,3130.0,3102.0,3100.0,3100.0,3100.0,3100.0,3100.0,3100.0,3100.0,3100.0,3096.0,3100.0,3100.0,3100.0,3100.0,3100.0,3100.0,3100.0,3100.0,3116.0,3130.0,3110.0,3130.0,3130.0,3130.0,3130.0,3130.0,3102.0,3104.0,3114.0,3114.0,3114.0,3122.0,131072.0,2863396.0,0.0,262272.0,0.0,4096.0
258,0,1,1300,1300,4194304,256,0,0,12,4,32,64,"void at::native::vectorized_elementwise_kernel<4, at::native::FillFunctor<int>, std::array<char*, 1ul> >(int, at::native::FillFunctor<int>, std::array<char*, 1ul>)",12739769455209,12739769497825,259,85,827830.0,1810.0,827830.0,65536.0,2916.0,24003379.0,0.0,0.0,555879254.0,555879254.0,0.0,0.0,262144.0,0.0,0.0,0.0,0.0,0.0,0.0,0.0,0.0,0.0,0.0,0.0,0.0,0.0,0.0,0.0,0.0,0.0,0.0,0.0,0.0,0.0,0.0,0.0,0.0,0.0,0.0,0.0,0.0,0.0,0.0,0.0,0.0,0.0,0.0,0.0,0.0,0.0,0.0,0.0,0.0,0.0,0.0,0.0,0.0,0.0,0.0,0.0,0.0,0.0,0.0,0.0,0.0,0.0,0.0,0.0,0.0,0.0,0.0,0.0,0.0,0.0,0.0,0.0,0.0,0.0,0.0,0.0,0.0,0.0,0.0,0.0,0.0,0.0,0.0,0.0,0.0,0.0,0.0,0.0,0.0,0.0,0.0,0.0,0.0,0.0,0.0,0.0,0.0,0.0,0.0,0.0,0.0,0.0,0.0,0.0,0.0,0.0,0.0,0.0,0.0,0.0,0.0,0.0,0.0,0.0,0.0,0.0,0.0,0.0,0.0,0.0,0.0,0.0,0.0,0.0,0.0,0.0,0.0,0.0,0.0,0.0,0.0,0.0,0.0,0.0,0.0,0.0,0.0,0.0,32788.0,32768.0,32848.0,32768.0,32769.0,32788.0,32768.0,32848.0,32768.0,32848.0,32848.0,32768.0,32848.0,32848.0,32788.0,32768.0,32848.0,32768.0,32848.0,32848.0,32848.0,32848.0,32768.0,32768.0,32769.0,32768.0,32768.0,32768.0,32848.0,32768.0,32769.0,32768.0,32848.0,32768.0,32769.0,32768.0,32769.0,32768.0,32768.0,32768.0,32768.0,32848.0,32768.0,32769.0,32788.0,32768.0,32848.0,32768.0,32848.0,32848.0,32848.0,32848.0,32848.0,32788.0,32768.0,32848.0,32768.0,32848.0,32848.0,32848.0,32848.0,32768.0,32768.0,32769.0,32768.0,32768.0,32768.0,32848.0,32768.0,32769.0,32768.0,32769.0,32848.0,32768.0,32768.0,32768.0,32848.0,32768.0,32769.0,32788.0,32768.0,32848.0,32768.0,32848.0,32848.0,32848.0,32848.0,32848.0,32768.0,32769.0,32768.0,32768.0,32768.0,32848.0,32848.0,32768.0,32769.0,32788.0,32768.0,32848.0,32768.0,32848.0,32848.0,32848.0,32848.0,32848.0,32788.0,32768.0,32848.0,32768.0,32848.0,32848.0,32848.0,32848.0,32768.0,32769.0,32768.0,32768.0,32768.0,32768.0,32848.0,32768.0,32769.0,32768.0,32769.0,32768.0,32768.0,32769.0,4194304.0,23631107.0,0.0,0.0,0.0,262144.0
259,0,1,1300,1300,32768,512,0,0,108,4,48,64,matmulbias_kernel,12739769910482,12739769935859,260,196,559718.0,2018.0,559718.0,0.0,896.0,3124475.0,0.0,0.0,45276565.0,45276565.0,4194304.0,622592.0,0.0,0.0,0.0,0.0,0.0,0.0,0.0,0.0,0.0,0.0,0.0,0.0,0.0,0.0,0.0,0.0,0.0,0.0,0.0,0.0,0.0,0.0,0.0,0.0,0.0,0.0,0.0,0.0,0.0,0.0,0.0,0.0,0.0,0.0,0.0,0.0,0.0,0.0,0.0,0.0,0.0,0.0,0.0,0.0,0.0,0.0,0.0,0.0,0.0,0.0,0.0,0.0,0.0,0.0,0.0,0.0,0.0,0.0,0.0,0.0,0.0,0.0,0.0,0.0,0.0,0.0,0.0,0.0,0.0,0.0,0.0,0.0,0.0,0.0,0.0,0.0,0.0,0.0,0.0,0.0,0.0,0.0,0.0,0.0,0.0,0.0,0.0,0.0,0.0,0.0,0.0,0.0,0.0,0.0,0.0,0.0,0.0,0.0,0.0,0.0,0.0,0.0,0.0,0.0,0.0,0.0,0.0,0.0,0.0,0.0,0.0,0.0,0.0,0.0,0.0,0.0,0.0,0.0,0.0,0.0,0.0,0.0,0.0,0.0,0.0,0.0,0.0,0.0,0.0,0.0,3093.0,3106.0,3106.0,3106.0,3090.0,3089.0,3088.0,3088.0,3088.0,3088.0,3088.0,3114.0,3089.0,3088.0,3101.0,3100.0,3100.0,3100.0,3100.0,3100.0,3101.0,3100.0,3114.0,3116.0,3130.0,3130.0,3130.0,3130.0,3130.0,3130.0,3102.0,3114.0,3114.0,3114.0,3094.0,3116.0,3130.0,3130.0,3130.0,3092.0,3130.0,3130.0,3130.0,3102.0,3101.0,3100.0,3100.0,3100.0,3100.0,3100.0,3092.0,3101.0,3100.0,3101.0,3100.0,3100.0,3100.0,3100.0,3100.0,3101.0,3100.0,3092.0,3116.0,3130.0,3130.0,3130.0,3130.0,3130.0,3130.0,3102.0,3110.0,3122.0,3092.0,3122.0,3122.0,3122.0,3122.0,3122.0,3098.0,3097.0,3096.0,3096.0,3096.0,3092.0,3096.0,3096.0,3097.0,3096.0,3110.0,3122.0,3122.0,3122.0,3122.0,3122.0,3093.0,3122.0,3098.0,3097.0,3096.0,3096.0,3096.0,3096.0,3096.0,3097.0,3096.0,3092.0,3097.0,3096.0,3096.0,3096.0,3096.0,3096.0,3097.0,3096.0,3110.0,3122.0,3104.0,3122.0,3122.0,3122.0,3122.0,3122.0,3098.0,3098.0,3106.0,3106.0,3106.0,3114.0,131072.0,2838380.0,0.0,262272.0,0.0,4096.0
260,0,1,1300,1300,4194304,256,0,0,12,4,32,64,"void at::native::vectorized_elementwise_kernel<4, at::native::FillFunctor<int>, std::array<char*, 1ul> >(int, at::native::FillFunctor<int>, std::array<char*, 1ul>)",12739770343431,12739770386007,261,85,828389.0,1810.0,828389.0,65536.0,2846.0,24042083.0,0.0,0.0,556664768.0,556664768.0,0.0,0.0,262144.0,0.0,0.0,0.0,0.0,0.0,0.0,0.0,0.0,0.0,0.0,0.0,0.0,0.0,0.0,0.0,0.0,0.0,0.0,0.0,0.0,0.0,0.0,0.0,0.0,0.0,0.0,0.0,0.0,0.0,0.0,0.0,0.0,0.0,0.0,0.0,0.0,0.0,0.0,0.0,0.0,0.0,0.0,0.0,0.0,0.0,0.0,0.0,0.0,0.0,0.0,0.0,0.0,0.0,0.0,0.0,0.0,0.0,0.0,0.0,0.0,0.0,0.0,0.0,0.0,0.0,0.0,0.0,0.0,0.0,0.0,0.0,0.0,0.0,0.0,0.0,0.0,0.0,0.0,0.0,0.0,0.0,0.0,0.0,0.0,0.0,0.0,0.0,0.0,0.0,0.0,0.0,0.0,0.0,0.0,0.0,0.0,0.0,0.0,0.0,0.0,0.0,0.0,0.0,0.0,0.0,0.0,0.0,0.0,0.0,0.0,0.0,0.0,0.0,0.0,0.0,0.0,0.0,0.0,0.0,0.0,0.0,0.0,0.0,0.0,0.0,0.0,0.0,0.0,0.0,32768.0,32768.0,32848.0,32768.0,32768.0,32768.0,32768.0,32848.0,32788.0,32848.0,32848.0,32768.0,32848.0,32848.0,32768.0,32768.0,32848.0,32788.0,32848.0,32848.0,32848.0,32848.0,32769.0,32769.0,32768.0,32768.0,32769.0,32768.0,32848.0,32768.0,32768.0,32768.0,32848.0,32768.0,32768.0,32769.0,32768.0,32768.0,32769.0,32768.0,32768.0,32848.0,32768.0,32768.0,32768.0,32768.0,32848.0,32788.0,32848.0,32848.0,32848.0,32848.0,32848.0,32768.0,32768.0,32848.0,32788.0,32848.0,32848.0,32848.0,32848.0,32788.0,32769.0,32768.0,32768.0,32769.0,32768.0,32848.0,32768.0,32768.0,32769.0,32768.0,32848.0,32768.0,32769.0,32768.0,32848.0,32768.0,32768.0,32768.0,32768.0,32848.0,32788.0,32848.0,32848.0,32848.0,32848.0,32848.0,32769.0,32768.0,32768.0,32769.0,32768.0,32848.0,32848.0,32768.0,32768.0,32768.0,32768.0,32848.0,32788.0,32848.0,32848.0,32848.0,32848.0,32848.0,32768.0,32768.0,32848.0,32788.0,32848.0,32848.0,32848.0,32848.0,32769.0,32768.0,32769.0,32768.0,32769.0,32768.0,32848.0,32768.0,32768.0,32769.0,32768.0,32768.0,32769.0,32768.0,4194304.0,23669036.0,0.0,0.0,0.0,262144.0
261,0,1,1300,1300,32768,512,0,0,108,4,48,64,matmulbias_kernel,12739770811452,12739770837110,262,196,562023.0,2019.0,562023.0,0.0,677.0,3129155.0,0.0,0.0,46126542.0,46126542.0,4194304.0,622592.0,0.0,0.0,0.0,0.0,0.0,0.0,0.0,0.0,0.0,0.0,0.0,0.0,0.0,0.0,0.0,0.0,0.0,0.0,0.0,0.0,0.0,0.0,0.0,0.0,0.0,0.0,0.0,0.0,0.0,0.0,0.0,0.0,0.0,0.0,0.0,0.0,0.0,0.0,0.0,0.0,0.0,0.0,0.0,0.0,0.0,0.0,0.0,0.0,0.0,0.0,0.0,0.0,0.0,0.0,0.0,0.0,0.0,0.0,0.0,0.0,0.0,0.0,0.0,0.0,0.0,0.0,0.0,0.0,0.0,0.0,0.0,0.0,0.0,0.0,0.0,0.0,0.0,0.0,0.0,0.0,0.0,0.0,0.0,0.0,0.0,0.0,0.0,0.0,0.0,0.0,0.0,0.0,0.0,0.0,0.0,0.0,0.0,0.0,0.0,0.0,0.0,0.0,0.0,0.0,0.0,0.0,0.0,0.0,0.0,0.0,0.0,0.0,0.0,0.0,0.0,0.0,0.0,0.0,0.0,0.0,0.0,0.0,0.0,0.0,0.0,0.0,0.0,0.0,0.0,0.0,3093.0,3122.0,3122.0,3122.0,3098.0,3097.0,3096.0,3096.0,3096.0,3097.0,3096.0,3114.0,3096.0,3096.0,3101.0,3100.0,3100.0,3100.0,3101.0,3100.0,3100.0,3100.0,3114.0,3116.0,3130.0,3130.0,3130.0,3130.0,3130.0,3130.0,3102.0,3114.0,3114.0,3114.0,3094.0,3122.0,3138.0,3138.0,3138.0,3092.0,3138.0,3138.0,3138.0,3106.0,3105.0,3104.0,3104.0,3104.0,3105.0,3104.0,3092.0,3104.0,3104.0,3097.0,3096.0,3096.0,3096.0,3097.0,3096.0,3096.0,3096.0,3092.0,3110.0,3122.0,3122.0,3122.0,3122.0,3122.0,3122.0,3098.0,3110.0,3122.0,3093.0,3122.0,3122.0,3122.0,3122.0,3122.0,3098.0,3097.0,3096.0,3096.0,3096.0,3092.0,3097.0,3096.0,3096.0,3096.0,3116.0,3130.0,3130.0,3130.0,3130.0,3130.0,3092.0,3130.0,3102.0,3101.0,3100.0,3100.0,3100.0,3101.0,3100.0,3100.0,3100.0,3092.0,3105.0,3104.0,3104.0,3104.0,3105.0,3104.0,3104.0,3104.0,3122.0,3138.0,3104.0,3138.0,3138.0,3138.0,3138.0,3138.0,3106.0,3110.0,3122.0,3122.0,3122.0,3114.0,131072.0,2876220.0,0.0,262272.0,0.0,4096.0
262,0,1,1300,1300,4194304,256,0,0,12,4,32,64,"void at::native::vectorized_elementwise_kernel<4, at::native::FillFunctor<int>, std::array<char*, 1ul> >(int, at::native::FillFunctor<int>, std::array<char*, 1ul>)",12739771242992,12739771285448,263,85,833363.0,1810.0,833363.0,65536.0,2870.0,23807542.0,0.0,0.0,552455507.0,552455507.0,0.0,0.0,262144.0,0.0,0.0,0.0,0.0,0.0,0.0,0.0,0.0,0.0,0.0,0.0,0.0,0.0,0.0,0.0,0.0,0.0,0.0,0.0,0.0,0.0,0.0,0.0,0.0,0.0,0.0,0.0,0.0,0.0,0.0,0.0,0.0,0.0,0.0,0.0,0.0,0.0,0.0,0.0,0.0,0.0,0.0,0.0,0.0,0.0,0.0,0.0,0.0,0.0,0.0,0.0,0.0,0.0,0.0,0.0,0.0,0.0,0.0,0.0,0.0,0.0,0.0,0.0,0.0,0.0,0.0,0.0,0.0,0.0,0.0,0.0,0.0,0.0,0.0,0.0,0.0,0.0,0.0,0.0,0.0,0.0,0.0,0.0,0.0,0.0,0.0,0.0,0.0,0.0,0.0,0.0,0.0,0.0,0.0,0.0,0.0,0.0,0.0,0.0,0.0,0.0,0.0,0.0,0.0,0.0,0.0,0.0,0.0,0.0,0.0,0.0,0.0,0.0,0.0,0.0,0.0,0.0,0.0,0.0,0.0,0.0,0.0,0.0,0.0,0.0,0.0,0.0,0.0,0.0,32768.0,32768.0,32848.0,32768.0,32769.0,32768.0,32768.0,32868.0,32768.0,32848.0,32848.0,32768.0,32848.0,32848.0,32768.0,32768.0,32868.0,32768.0,32848.0,32848.0,32848.0,32848.0,32769.0,32768.0,32768.0,32768.0,32769.0,32768.0,32848.0,32768.0,32769.0,32768.0,32848.0,32768.0,32769.0,32768.0,32768.0,32768.0,32769.0,32768.0,32768.0,32848.0,32768.0,32769.0,32768.0,32768.0,32868.0,32768.0,32848.0,32848.0,32868.0,32848.0,32848.0,32768.0,32768.0,32868.0,32768.0,32848.0,32848.0,32848.0,32848.0,32768.0,32768.0,32768.0,32768.0,32769.0,32768.0,32848.0,32768.0,32769.0,32768.0,32768.0,32848.0,32768.0,32769.0,32768.0,32848.0,32768.0,32769.0,32768.0,32768.0,32868.0,32768.0,32848.0,32848.0,32848.0,32848.0,32848.0,32768.0,32768.0,32768.0,32769.0,32768.0,32848.0,32848.0,32768.0,32769.0,32768.0,32768.0,32868.0,32768.0,32848.0,32848.0,32848.0,32848.0,32848.0,32768.0,32768.0,32868.0,32768.0,32848.0,32848.0,32848.0,32848.0,32768.0,32768.0,32768.0,32768.0,32769.0,32768.0,32848.0,32768.0,32769.0,32768.0,32768.0,32768.0,32769.0,32768.0,4194304.0,23485162.0,0.0,0.0,0.0,262144.0
263,0,1,1300,1300,32768,512,0,0,108,4,48,64,matmulbias_kernel,12739771698466,12739771723843,264,196,549063.0,2018.0,549063.0,0.0,710.0,3129404.0,0.0,0.0,45950596.0,45950596.0,4194304.0,622592.0,0.0,0.0,0.0,0.0,0.0,0.0,0.0,0.0,0.0,0.0,0.0,0.0,0.0,0.0,0.0,0.0,0.0,0.0,0.0,0.0,0.0,0.0,0.0,0.0,0.0,0.0,0.0,0.0,0.0,0.0,0.0,0.0,0.0,0.0,0.0,0.0,0.0,0.0,0.0,0.0,0.0,0.0,0.0,0.0,0.0,0.0,0.0,0.0,0.0,0.0,0.0,0.0,0.0,0.0,0.0,0.0,0.0,0.0,0.0,0.0,0.0,0.0,0.0,0.0,0.0,0.0,0.0,0.0,0.0,0.0,0.0,0.0,0.0,0.0,0.0,0.0,0.0,0.0,0.0,0.0,0.0,0.0,0.0,0.0,0.0,0.0,0.0,0.0,0.0,0.0,0.0,0.0,0.0,0.0,0.0,0.0,0.0,0.0,0.0,0.0,0.0,0.0,0.0,0.0,0.0,0.0,0.0,0.0,0.0,0.0,0.0,0.0,0.0,0.0,0.0,0.0,0.0,0.0,0.0,0.0,0.0,0.0,0.0,0.0,0.0,0.0,0.0,0.0,0.0,0.0,3097.0,3122.0,3122.0,3122.0,3098.0,3097.0,3096.0,3097.0,3096.0,3096.0,3096.0,3122.0,3096.0,3096.0,3097.0,3096.0,3097.0,3096.0,3096.0,3096.0,3096.0,3096.0,3122.0,3110.0,3122.0,3122.0,3122.0,3122.0,3122.0,3122.0,3098.0,3122.0,3122.0,3122.0,3098.0,3110.0,3122.0,3122.0,3122.0,3096.0,3122.0,3122.0,3122.0,3098.0,3097.0,3096.0,3097.0,3096.0,3096.0,3096.0,3097.0,3096.0,3096.0,3093.0,3092.0,3093.0,3092.0,3092.0,3092.0,3092.0,3092.0,3096.0,3104.0,3114.0,3114.0,3114.0,3114.0,3114.0,3114.0,3094.0,3110.0,3122.0,3096.0,3122.0,3122.0,3122.0,3122.0,3122.0,3098.0,3097.0,3096.0,3097.0,3096.0,3096.0,3096.0,3096.0,3096.0,3096.0,3122.0,3138.0,3138.0,3138.0,3138.0,3138.0,3096.0,3138.0,3106.0,3105.0,3104.0,3105.0,3104.0,3104.0,3104.0,3104.0,3104.0,3096.0,3097.0,3096.0,3097.0,3096.0,3096.0,3096.0,3096.0,3096.0,3110.0,3122.0,3110.0,3122.0,3122.0,3122.0,3122.0,3122.0,3098.0,3110.0,3122.0,3122.0,3122.0,3122.0,131072.0,2866519.0,0.0,262272.0,0.0,4096.0
264,0,1,1300,1300,4194304,256,0,0,12,4,32,64,"void at::native::vectorized_elementwise_kernel<4, at::native::FillFunctor<int>, std::array<char*, 1ul> >(int, at::native::FillFunctor<int>, std::array<char*, 1ul>)",12739772138264,12739772180600,265,85,824341.0,1810.0,824341.0,65536.0,2862.0,23928738.0,0.0,0.0,555238955.0,555238955.0,0.0,0.0,262144.0,0.0,0.0,0.0,0.0,0.0,0.0,0.0,0.0,0.0,0.0,0.0,0.0,0.0,0.0,0.0,0.0,0.0,0.0,0.0,0.0,0.0,0.0,0.0,0.0,0.0,0.0,0.0,0.0,0.0,0.0,0.0,0.0,0.0,0.0,0.0,0.0,0.0,0.0,0.0,0.0,0.0,0.0,0.0,0.0,0.0,0.0,0.0,0.0,0.0,0.0,0.0,0.0,0.0,0.0,0.0,0.0,0.0,0.0,0.0,0.0,0.0,0.0,0.0,0.0,0.0,0.0,0.0,0.0,0.0,0.0,0.0,0.0,0.0,0.0,0.0,0.0,0.0,0.0,0.0,0.0,0.0,0.0,0.0,0.0,0.0,0.0,0.0,0.0,0.0,0.0,0.0,0.0,0.0,0.0,0.0,0.0,0.0,0.0,0.0,0.0,0.0,0.0,0.0,0.0,0.0,0.0,0.0,0.0,0.0,0.0,0.0,0.0,0.0,0.0,0.0,0.0,0.0,0.0,0.0,0.0,0.0,0.0,0.0,0.0,0.0,0.0,0.0,0.0,0.0,32768.0,32768.0,32848.0,32768.0,32768.0,32768.0,32768.0,32848.0,32768.0,32848.0,32868.0,32768.0,32848.0,32848.0,32768.0,32768.0,32848.0,32768.0,32848.0,32868.0,32848.0,32848.0,32768.0,32768.0,32768.0,32768.0,32768.0,32768.0,32848.0,32768.0,32768.0,32768.0,32848.0,32768.0,32768.0,32768.0,32768.0,32768.0,32768.0,32768.0,32768.0,32848.0,32768.0,32768.0,32768.0,32768.0,32848.0,32768.0,32848.0,32868.0,32848.0,32848.0,32848.0,32768.0,32768.0,32848.0,32768.0,32848.0,32868.0,32848.0,32848.0,32768.0,32768.0,32768.0,32768.0,32768.0,32768.0,32848.0,32768.0,32768.0,32768.0,32768.0,32848.0,32768.0,32768.0,32768.0,32848.0,32768.0,32768.0,32768.0,32768.0,32848.0,32768.0,32868.0,32848.0,32868.0,32848.0,32848.0,32768.0,32768.0,32768.0,32768.0,32768.0,32848.0,32848.0,32768.0,32768.0,32768.0,32768.0,32848.0,32768.0,32848.0,32868.0,32848.0,32848.0,32848.0,32768.0,32768.0,32848.0,32768.0,32848.0,32868.0,32848.0,32848.0,32768.0,32768.0,32768.0,32768.0,32768.0,32768.0,32848.0,32768.0,32768.0,32768.0,32768.0,32768.0,32768.0,32768.0,4194304.0,23617011.0,0.0,0.0,0.0,262144.0
265,0,1,1300,1300,32768,512,0,0,108,4,48,64,matmulbias_kernel,12739772585439,12739772611177,266,196,540063.0,2018.0,540063.0,0.0,740.0,3118687.0,0.0,0.0,45950429.0,45950429.0,4194304.0,622592.0,0.0,0.0,0.0,0.0,0.0,0.0,0.0,0.0,0.0,0.0,0.0,0.0,0.0,0.0,0.0,0.0,0.0,0.0,0.0,0.0,0.0,0.0,0.0,0.0,0.0,0.0,0.0,0.0,0.0,0.0,0.0,0.0,0.0,0.0,0.0,0.0,0.0,0.0,0.0,0.0,0.0,0.0,0.0,0.0,0.0,0.0,0.0,0.0,0.0,0.0,0.0,0.0,0.0,0.0,0.0,0.0,0.0,0.0,0.0,0.0,0.0,0.0,0.0,0.0,0.0,0.0,0.0,0.0,0.0,0.0,0.0,0.0,0.0,0.0,0.0,0.0,0.0,0.0,0.0,0.0,0.0,0.0,0.0,0.0,0.0,0.0,0.0,0.0,0.0,0.0,0.0,0.0,0.0,0.0,0.0,0.0,0.0,0.0,0.0,0.0,0.0,0.0,0.0,0.0,0.0,0.0,0.0,0.0,0.0,0.0,0.0,0.0,0.0,0.0,0.0,0.0,0.0,0.0,0.0,0.0,0.0,0.0,0.0,0.0,0.0,0.0,0.0,0.0,0.0,0.0,3100.0,3130.0,3130.0,3130.0,3102.0,3100.0,3100.0,3100.0,3100.0,3101.0,3100.0,3130.0,3100.0,3101.0,3088.0,3088.0,3088.0,3088.0,3089.0,3088.0,3088.0,3089.0,3130.0,3098.0,3106.0,3106.0,3106.0,3106.0,3106.0,3106.0,3090.0,3130.0,3130.0,3130.0,3102.0,3116.0,3130.0,3130.0,3130.0,3100.0,3130.0,3130.0,3130.0,3102.0,3100.0,3100.0,3100.0,3100.0,3101.0,3100.0,3100.0,3100.0,3101.0,3092.0,3092.0,3092.0,3092.0,3093.0,3092.0,3092.0,3093.0,3100.0,3104.0,3114.0,3114.0,3114.0,3114.0,3114.0,3114.0,3094.0,3098.0,3106.0,3101.0,3106.0,3106.0,3106.0,3106.0,3106.0,3090.0,3088.0,3088.0,3088.0,3088.0,3100.0,3089.0,3088.0,3088.0,3089.0,3104.0,3114.0,3114.0,3114.0,3114.0,3114.0,3100.0,3114.0,3094.0,3092.0,3092.0,3092.0,3092.0,3093.0,3092.0,3092.0,3093.0,3101.0,3100.0,3100.0,3100.0,3100.0,3101.0,3100.0,3100.0,3101.0,3116.0,3130.0,3116.0,3130.0,3130.0,3130.0,3130.0,3130.0,3102.0,3116.0,3130.0,3130.0,3130.0,3130.0,131072.0,2860270.0,0.0,262272.0,0.0,4096.0
266,0,1,1300,1300,4194304,256,0,0,12,4,32,64,"void at::native::vectorized_elementwise_kernel<4, at::native::FillFunctor<int>, std::array<char*, 1ul> >(int, at::native::FillFunctor<int>, std::array<char*, 1ul>)",12739773010604,12739773053461,267,85,834287.0,1810.0,834287.0,65536.0,2871.0,24108390.0,0.0,0.0,559044471.0,559044471.0,0.0,0.0,262144.0,0.0,0.0,0.0,0.0,0.0,0.0,0.0,0.0,0.0,0.0,0.0,0.0,0.0,0.0,0.0,0.0,0.0,0.0,0.0,0.0,0.0,0.0,0.0,0.0,0.0,0.0,0.0,0.0,0.0,0.0,0.0,0.0,0.0,0.0,0.0,0.0,0.0,0.0,0.0,0.0,0.0,0.0,0.0,0.0,0.0,0.0,0.0,0.0,0.0,0.0,0.0,0.0,0.0,0.0,0.0,0.0,0.0,0.0,0.0,0.0,0.0,0.0,0.0,0.0,0.0,0.0,0.0,0.0,0.0,0.0,0.0,0.0,0.0,0.0,0.0,0.0,0.0,0.0,0.0,0.0,0.0,0.0,0.0,0.0,0.0,0.0,0.0,0.0,0.0,0.0,0.0,0.0,0.0,0.0,0.0,0.0,0.0,0.0,0.0,0.0,0.0,0.0,0.0,0.0,0.0,0.0,0.0,0.0,0.0,0.0,0.0,0.0,0.0,0.0,0.0,0.0,0.0,0.0,0.0,0.0,0.0,0.0,0.0,0.0,0.0,0.0,0.0,0.0,0.0,32768.0,32768.0,32848.0,32768.0,32769.0,32768.0,32769.0,32848.0,32768.0,32868.0,32848.0,32768.0,32848.0,32848.0,32768.0,32769.0,32848.0,32768.0,32868.0,32848.0,32848.0,32848.0,32768.0,32768.0,32768.0,32768.0,32768.0,32768.0,32848.0,32768.0,32769.0,32768.0,32848.0,32768.0,32769.0,32768.0,32768.0,32768.0,32768.0,32769.0,32768.0,32848.0,32768.0,32769.0,32768.0,32769.0,32848.0,32768.0,32868.0,32848.0,32848.0,32848.0,32848.0,32768.0,32769.0,32848.0,32768.0,32868.0,32848.0,32848.0,32848.0,32768.0,32768.0,32768.0,32768.0,32768.0,32768.0,32848.0,32768.0,32769.0,32768.0,32768.0,32868.0,32768.0,32768.0,32768.0,32848.0,32768.0,32769.0,32768.0,32769.0,32848.0,32768.0,32848.0,32868.0,32848.0,32848.0,32848.0,32768.0,32768.0,32768.0,32768.0,32768.0,32848.0,32848.0,32768.0,32769.0,32768.0,32769.0,32848.0,32768.0,32868.0,32848.0,32848.0,32848.0,32848.0,32768.0,32769.0,32848.0,32768.0,32868.0,32848.0,32848.0,32848.0,32768.0,32768.0,32768.0,32768.0,32768.0,32768.0,32848.0,32768.0,32769.0,32768.0,32768.0,32768.0,32768.0,32768.0,4194304.0,23791369.0,0.0,0.0,0.0,262144.0
267,0,1,1300,1300,32768,512,0,0,108,4,48,64,matmulbias_kernel,12739773450844,12739773476502,268,196,554722.0,2018.0,554722.0,0.0,667.0,3106596.0,0.0,0.0,45772838.0,45772838.0,4194304.0,622592.0,0.0,0.0,0.0,0.0,0.0,0.0,0.0,0.0,0.0,0.0,0.0,0.0,0.0,0.0,0.0,0.0,0.0,0.0,0.0,0.0,0.0,0.0,0.0,0.0,0.0,0.0,0.0,0.0,0.0,0.0,0.0,0.0,0.0,0.0,0.0,0.0,0.0,0.0,0.0,0.0,0.0,0.0,0.0,0.0,0.0,0.0,0.0,0.0,0.0,0.0,0.0,0.0,0.0,0.0,0.0,0.0,0.0,0.0,0.0,0.0,0.0,0.0,0.0,0.0,0.0,0.0,0.0,0.0,0.0,0.0,0.0,0.0,0.0,0.0,0.0,0.0,0.0,0.0,0.0,0.0,0.0,0.0,0.0,0.0,0.0,0.0,0.0,0.0,0.0,0.0,0.0,0.0,0.0,0.0,0.0,0.0,0.0,0.0,0.0,0.0,0.0,0.0,0.0,0.0,0.0,0.0,0.0,0.0,0.0,0.0,0.0,0.0,0.0,0.0,0.0,0.0,0.0,0.0,0.0,0.0,0.0,0.0,0.0,0.0,0.0,0.0,0.0,0.0,0.0,0.0,3096.0,3114.0,3114.0,3114.0,3094.0,3092.0,3092.0,3092.0,3092.0,3093.0,3093.0,3122.0,3092.0,3092.0,3092.0,3092.0,3092.0,3092.0,3093.0,3093.0,3092.0,3092.0,3122.0,3104.0,3114.0,3114.0,3114.0,3114.0,3114.0,3114.0,3094.0,3122.0,3122.0,3122.0,3098.0,3104.0,3114.0,3114.0,3114.0,3096.0,3114.0,3114.0,3114.0,3094.0,3092.0,3092.0,3092.0,3092.0,3093.0,3093.0,3096.0,3092.0,3092.0,3096.0,3096.0,3096.0,3096.0,3097.0,3097.0,3096.0,3096.0,3096.0,3110.0,3122.0,3122.0,3122.0,3122.0,3122.0,3122.0,3098.0,3110.0,3122.0,3097.0,3122.0,3122.0,3122.0,3122.0,3122.0,3098.0,3096.0,3096.0,3096.0,3096.0,3097.0,3097.0,3097.0,3096.0,3096.0,3110.0,3122.0,3122.0,3122.0,3122.0,3122.0,3096.0,3122.0,3098.0,3096.0,3096.0,3096.0,3096.0,3097.0,3097.0,3096.0,3096.0,3096.0,3092.0,3092.0,3092.0,3092.0,3093.0,3093.0,3092.0,3092.0,3104.0,3114.0,3110.0,3114.0,3114.0,3114.0,3114.0,3114.0,3094.0,3104.0,3114.0,3114.0,3114.0,3122.0,131072.0,2858194.0,0.0,262272.0,0.0,4096.0
268,0,1,1300,1300,4194304,256,0,0,12,4,32,64,"void at::native::vectorized_elementwise_kernel<4, at::native::FillFunctor<int>, std::array<char*, 1ul> >(int, at::native::FillFunctor<int>, std::array<char*, 1ul>)",12739773886833,12739773929089,269,85,823839.0,1810.0,823839.0,65536.0,2853.0,23930767.0,0.0,0.0,555507427.0,555507427.0,0.0,0.0,262144.0,0.0,0.0,0.0,0.0,0.0,0.0,0.0,0.0,0.0,0.0,0.0,0.0,0.0,0.0,0.0,0.0,0.0,0.0,0.0,0.0,0.0,0.0,0.0,0.0,0.0,0.0,0.0,0.0,0.0,0.0,0.0,0.0,0.0,0.0,0.0,0.0,0.0,0.0,0.0,0.0,0.0,0.0,0.0,0.0,0.0,0.0,0.0,0.0,0.0,0.0,0.0,0.0,0.0,0.0,0.0,0.0,0.0,0.0,0.0,0.0,0.0,0.0,0.0,0.0,0.0,0.0,0.0,0.0,0.0,0.0,0.0,0.0,0.0,0.0,0.0,0.0,0.0,0.0,0.0,0.0,0.0,0.0,0.0,0.0,0.0,0.0,0.0,0.0,0.0,0.0,0.0,0.0,0.0,0.0,0.0,0.0,0.0,0.0,0.0,0.0,0.0,0.0,0.0,0.0,0.0,0.0,0.0,0.0,0.0,0.0,0.0,0.0,0.0,0.0,0.0,0.0,0.0,0.0,0.0,0.0,0.0,0.0,0.0,0.0,0.0,0.0,0.0,0.0,0.0,32768.0,32768.0,32848.0,32768.0,32769.0,32768.0,32768.0,32848.0,32768.0,32848.0,32848.0,32768.0,32849.0,32868.0,32768.0,32768.0,32848.0,32768.0,32848.0,32848.0,32849.0,32868.0,32768.0,32768.0,32768.0,32768.0,32768.0,32768.0,32848.0,32768.0,32769.0,32768.0,32848.0,32768.0,32769.0,32768.0,32768.0,32768.0,32768.0,32768.0,32768.0,32848.0,32768.0,32769.0,32768.0,32768.0,32848.0,32768.0,32848.0,32848.0,32848.0,32849.0,32868.0,32768.0,32768.0,32848.0,32768.0,32848.0,32848.0,32849.0,32868.0,32768.0,32768.0,32768.0,32768.0,32768.0,32768.0,32848.0,32768.0,32769.0,32768.0,32768.0,32848.0,32768.0,32768.0,32768.0,32848.0,32768.0,32769.0,32768.0,32768.0,32848.0,32768.0,32848.0,32848.0,32848.0,32849.0,32868.0,32768.0,32768.0,32768.0,32768.0,32768.0,32848.0,32849.0,32768.0,32769.0,32768.0,32768.0,32848.0,32768.0,32848.0,32848.0,32849.0,32868.0,32868.0,32768.0,32768.0,32848.0,32768.0,32848.0,32848.0,32849.0,32868.0,32768.0,32768.0,32768.0,32768.0,32768.0,32768.0,32848.0,32768.0,32769.0,32768.0,32768.0,32768.0,32768.0,32768.0,4194304.0,23616996.0,0.0,0.0,0.0,262144.0
269,0,1,1300,1300,32768,512,0,0,108,4,48,64,matmulbias_kernel,12739774329679,12739774355096,270,196,550417.0,2018.0,550417.0,0.0,699.0,3129933.0,0.0,0.0,46131635.0,46131635.0,4194304.0,622592.0,0.0,0.0,0.0,0.0,0.0,0.0,0.0,0.0,0.0,0.0,0.0,0.0,0.0,0.0,0.0,0.0,0.0,0.0,0.0,0.0,0.0,0.0,0.0,0.0,0.0,0.0,0.0,0.0,0.0,0.0,0.0,0.0,0.0,0.0,0.0,0.0,0.0,0.0,0.0,0.0,0.0,0.0,0.0,0.0,0.0,0.0,0.0,0.0,0.0,0.0,0.0,0.0,0.0,0.0,0.0,0.0,0.0,0.0,0.0,0.0,0.0,0.0,0.0,0.0,0.0,0.0,0.0,0.0,0.0,0.0,0.0,0.0,0.0,0.0,0.0,0.0,0.0,0.0,0.0,0.0,0.0,0.0,0.0,0.0,0.0,0.0,0.0,0.0,0.0,0.0,0.0,0.0,0.0,0.0,0.0,0.0,0.0,0.0,0.0,0.0,0.0,0.0,0.0,0.0,0.0,0.0,0.0,0.0,0.0,0.0,0.0,0.0,0.0,0.0,0.0,0.0,0.0,0.0,0.0,0.0,0.0,0.0,0.0,0.0,0.0,0.0,0.0,0.0,0.0,0.0,3096.0,3122.0,3122.0,3122.0,3098.0,3096.0,3096.0,3096.0,3097.0,3097.0,3096.0,3122.0,3096.0,3096.0,3104.0,3104.0,3104.0,3105.0,3105.0,3104.0,3104.0,3104.0,3122.0,3122.0,3138.0,3138.0,3138.0,3138.0,3138.0,3138.0,3106.0,3122.0,3122.0,3122.0,3098.0,3116.0,3130.0,3130.0,3130.0,3096.0,3130.0,3130.0,3130.0,3102.0,3100.0,3100.0,3100.0,3101.0,3101.0,3100.0,3096.0,3100.0,3100.0,3096.0,3096.0,3096.0,3097.0,3097.0,3096.0,3096.0,3096.0,3097.0,3110.0,3122.0,3122.0,3122.0,3122.0,3122.0,3122.0,3098.0,3110.0,3122.0,3097.0,3122.0,3122.0,3122.0,3122.0,3122.0,3098.0,3096.0,3096.0,3096.0,3097.0,3096.0,3097.0,3096.0,3096.0,3096.0,3104.0,3114.0,3114.0,3114.0,3114.0,3114.0,3096.0,3114.0,3094.0,3092.0,3092.0,3092.0,3093.0,3093.0,3092.0,3092.0,3092.0,3096.0,3088.0,3088.0,3088.0,3089.0,3089.0,3088.0,3088.0,3088.0,3098.0,3106.0,3110.0,3106.0,3106.0,3106.0,3106.0,3106.0,3090.0,3110.0,3122.0,3122.0,3122.0,3122.0,131072.0,2884644.0,0.0,262272.0,0.0,4096.0
270,0,1,1300,1300,4194304,256,0,0,12,4,32,64,"void at::native::vectorized_elementwise_kernel<4, at::native::FillFunctor<int>, std::array<char*, 1ul> >(int, at::native::FillFunctor<int>, std::array<char*, 1ul>)",12739774756487,12739774799024,271,85,849918.0,1810.0,849918.0,65536.0,2865.0,24056910.0,0.0,0.0,558297335.0,558297335.0,0.0,0.0,262144.0,0.0,0.0,0.0,0.0,0.0,0.0,0.0,0.0,0.0,0.0,0.0,0.0,0.0,0.0,0.0,0.0,0.0,0.0,0.0,0.0,0.0,0.0,0.0,0.0,0.0,0.0,0.0,0.0,0.0,0.0,0.0,0.0,0.0,0.0,0.0,0.0,0.0,0.0,0.0,0.0,0.0,0.0,0.0,0.0,0.0,0.0,0.0,0.0,0.0,0.0,0.0,0.0,0.0,0.0,0.0,0.0,0.0,0.0,0.0,0.0,0.0,0.0,0.0,0.0,0.0,0.0,0.0,0.0,0.0,0.0,0.0,0.0,0.0,0.0,0.0,0.0,0.0,0.0,0.0,0.0,0.0,0.0,0.0,0.0,0.0,0.0,0.0,0.0,0.0,0.0,0.0,0.0,0.0,0.0,0.0,0.0,0.0,0.0,0.0,0.0,0.0,0.0,0.0,0.0,0.0,0.0,0.0,0.0,0.0,0.0,0.0,0.0,0.0,0.0,0.0,0.0,0.0,0.0,0.0,0.0,0.0,0.0,0.0,0.0,0.0,0.0,0.0,0.0,0.0,32768.0,32768.0,32848.0,32768.0,32769.0,32768.0,32768.0,32848.0,32769.0,32848.0,32848.0,32768.0,32868.0,32848.0,32768.0,32768.0,32848.0,32769.0,32848.0,32848.0,32868.0,32848.0,32768.0,32768.0,32768.0,32768.0,32768.0,32768.0,32848.0,32768.0,32769.0,32768.0,32848.0,32768.0,32769.0,32768.0,32768.0,32768.0,32768.0,32768.0,32768.0,32848.0,32768.0,32769.0,32768.0,32768.0,32848.0,32769.0,32848.0,32848.0,32848.0,32868.0,32848.0,32768.0,32768.0,32848.0,32769.0,32848.0,32848.0,32868.0,32848.0,32769.0,32768.0,32768.0,32768.0,32768.0,32768.0,32848.0,32768.0,32769.0,32768.0,32768.0,32848.0,32768.0,32768.0,32768.0,32848.0,32768.0,32769.0,32768.0,32768.0,32848.0,32769.0,32848.0,32848.0,32848.0,32868.0,32848.0,32768.0,32768.0,32768.0,32768.0,32768.0,32848.0,32868.0,32768.0,32769.0,32768.0,32768.0,32848.0,32769.0,32848.0,32848.0,32868.0,32848.0,32848.0,32768.0,32768.0,32848.0,32769.0,32848.0,32848.0,32868.0,32848.0,32768.0,32768.0,32768.0,32768.0,32768.0,32768.0,32848.0,32768.0,32769.0,32768.0,32768.0,32768.0,32768.0,32768.0,4194304.0,23731605.0,0.0,0.0,0.0,262144.0
271,0,1,1300,1300,32768,512,0,0,108,4,48,64,matmulbias_kernel,12739775200455,12739775225913,272,196,543350.0,2018.0,543350.0,0.0,766.0,3109359.0,0.0,0.0,45191668.0,45191668.0,4194304.0,622592.0,0.0,0.0,0.0,0.0,0.0,0.0,0.0,0.0,0.0,0.0,0.0,0.0,0.0,0.0,0.0,0.0,0.0,0.0,0.0,0.0,0.0,0.0,0.0,0.0,0.0,0.0,0.0,0.0,0.0,0.0,0.0,0.0,0.0,0.0,0.0,0.0,0.0,0.0,0.0,0.0,0.0,0.0,0.0,0.0,0.0,0.0,0.0,0.0,0.0,0.0,0.0,0.0,0.0,0.0,0.0,0.0,0.0,0.0,0.0,0.0,0.0,0.0,0.0,0.0,0.0,0.0,0.0,0.0,0.0,0.0,0.0,0.0,0.0,0.0,0.0,0.0,0.0,0.0,0.0,0.0,0.0,0.0,0.0,0.0,0.0,0.0,0.0,0.0,0.0,0.0,0.0,0.0,0.0,0.0,0.0,0.0,0.0,0.0,0.0,0.0,0.0,0.0,0.0,0.0,0.0,0.0,0.0,0.0,0.0,0.0,0.0,0.0,0.0,0.0,0.0,0.0,0.0,0.0,0.0,0.0,0.0,0.0,0.0,0.0,0.0,0.0,0.0,0.0,0.0,0.0,3088.0,3122.0,3122.0,3122.0,3098.0,3096.0,3097.0,3096.0,3096.0,3097.0,3096.0,3106.0,3096.0,3096.0,3092.0,3093.0,3092.0,3092.0,3093.0,3092.0,3092.0,3092.0,3106.0,3104.0,3114.0,3114.0,3114.0,3114.0,3114.0,3114.0,3094.0,3106.0,3106.0,3106.0,3090.0,3116.0,3130.0,3130.0,3130.0,3089.0,3130.0,3130.0,3130.0,3102.0,3100.0,3101.0,3100.0,3100.0,3101.0,3100.0,3088.0,3100.0,3100.0,3096.0,3097.0,3096.0,3096.0,3097.0,3096.0,3096.0,3096.0,3088.0,3110.0,3122.0,3122.0,3122.0,3122.0,3122.0,3122.0,3098.0,3116.0,3130.0,3089.0,3130.0,3130.0,3130.0,3130.0,3130.0,3102.0,3100.0,3101.0,3100.0,3100.0,3088.0,3101.0,3100.0,3100.0,3100.0,3104.0,3114.0,3114.0,3114.0,3114.0,3114.0,3088.0,3114.0,3094.0,3092.0,3093.0,3092.0,3092.0,3093.0,3092.0,3092.0,3092.0,3088.0,3100.0,3101.0,3100.0,3100.0,3101.0,3100.0,3100.0,3100.0,3116.0,3130.0,3098.0,3130.0,3130.0,3130.0,3130.0,3130.0,3102.0,3110.0,3122.0,3122.0,3122.0,3106.0,131072.0,2838664.0,0.0,262272.0,0.0,4096.0
272,0,1,1300,1300,4194304,256,0,0,12,4,32,64,"void at::native::vectorized_elementwise_kernel<4, at::native::FillFunctor<int>, std::array<char*, 1ul> >(int, at::native::FillFunctor<int>, std::array<char*, 1ul>)",12739775636766,12739775679663,273,85,844598.0,1810.0,844598.0,65536.0,2890.0,24240743.0,0.0,0.0,558431167.0,558431167.0,0.0,0.0,262144.0,0.0,0.0,0.0,0.0,0.0,0.0,0.0,0.0,0.0,0.0,0.0,0.0,0.0,0.0,0.0,0.0,0.0,0.0,0.0,0.0,0.0,0.0,0.0,0.0,0.0,0.0,0.0,0.0,0.0,0.0,0.0,0.0,0.0,0.0,0.0,0.0,0.0,0.0,0.0,0.0,0.0,0.0,0.0,0.0,0.0,0.0,0.0,0.0,0.0,0.0,0.0,0.0,0.0,0.0,0.0,0.0,0.0,0.0,0.0,0.0,0.0,0.0,0.0,0.0,0.0,0.0,0.0,0.0,0.0,0.0,0.0,0.0,0.0,0.0,0.0,0.0,0.0,0.0,0.0,0.0,0.0,0.0,0.0,0.0,0.0,0.0,0.0,0.0,0.0,0.0,0.0,0.0,0.0,0.0,0.0,0.0,0.0,0.0,0.0,0.0,0.0,0.0,0.0,0.0,0.0,0.0,0.0,0.0,0.0,0.0,0.0,0.0,0.0,0.0,0.0,0.0,0.0,0.0,0.0,0.0,0.0,0.0,0.0,0.0,0.0,0.0,0.0,0.0,0.0,32768.0,32768.0,32868.0,32768.0,32768.0,32768.0,32768.0,32849.0,32768.0,32848.0,32848.0,32768.0,32848.0,32848.0,32768.0,32768.0,32849.0,32768.0,32848.0,32848.0,32848.0,32848.0,32769.0,32768.0,32768.0,32768.0,32769.0,32768.0,32868.0,32768.0,32768.0,32768.0,32868.0,32768.0,32768.0,32768.0,32768.0,32768.0,32769.0,32768.0,32768.0,32868.0,32768.0,32768.0,32768.0,32768.0,32849.0,32768.0,32848.0,32848.0,32849.0,32848.0,32848.0,32768.0,32768.0,32849.0,32768.0,32848.0,32848.0,32848.0,32848.0,32768.0,32768.0,32768.0,32768.0,32769.0,32768.0,32868.0,32768.0,32768.0,32768.0,32768.0,32848.0,32768.0,32769.0,32768.0,32868.0,32768.0,32768.0,32768.0,32768.0,32849.0,32768.0,32848.0,32848.0,32848.0,32848.0,32848.0,32768.0,32768.0,32768.0,32769.0,32768.0,32868.0,32848.0,32768.0,32768.0,32768.0,32768.0,32849.0,32768.0,32848.0,32848.0,32848.0,32848.0,32848.0,32768.0,32768.0,32849.0,32768.0,32848.0,32848.0,32848.0,32848.0,32768.0,32768.0,32768.0,32768.0,32769.0,32768.0,32868.0,32768.0,32768.0,32768.0,32768.0,32768.0,32769.0,32768.0,4194304.0,23728634.0,0.0,0.0,0.0,262144.0
273,0,1,1300,1300,32768,512,0,0,108,4,48,64,matmulbias_kernel,12739776086707,12739776112165,274,196,558332.0,2018.0,558332.0,0.0,760.0,3113970.0,0.0,0.0,45785478.0,45785478.0,4194304.0,622592.0,0.0,0.0,0.0,0.0,0.0,0.0,0.0,0.0,0.0,0.0,0.0,0.0,0.0,0.0,0.0,0.0,0.0,0.0,0.0,0.0,0.0,0.0,0.0,0.0,0.0,0.0,0.0,0.0,0.0,0.0,0.0,0.0,0.0,0.0,0.0,0.0,0.0,0.0,0.0,0.0,0.0,0.0,0.0,0.0,0.0,0.0,0.0,0.0,0.0,0.0,0.0,0.0,0.0,0.0,0.0,0.0,0.0,0.0,0.0,0.0,0.0,0.0,0.0,0.0,0.0,0.0,0.0,0.0,0.0,0.0,0.0,0.0,0.0,0.0,0.0,0.0,0.0,0.0,0.0,0.0,0.0,0.0,0.0,0.0,0.0,0.0,0.0,0.0,0.0,0.0,0.0,0.0,0.0,0.0,0.0,0.0,0.0,0.0,0.0,0.0,0.0,0.0,0.0,0.0,0.0,0.0,0.0,0.0,0.0,0.0,0.0,0.0,0.0,0.0,0.0,0.0,0.0,0.0,0.0,0.0,0.0,0.0,0.0,0.0,0.0,0.0,0.0,0.0,0.0,0.0,3092.0,3138.0,3138.0,3138.0,3107.0,3104.0,3104.0,3104.0,3104.0,3104.0,3105.0,3114.0,3104.0,3104.0,3092.0,3092.0,3092.0,3092.0,3092.0,3093.0,3092.0,3092.0,3114.0,3104.0,3114.0,3114.0,3114.0,3114.0,3114.0,3114.0,3095.0,3114.0,3114.0,3114.0,3095.0,3104.0,3114.0,3114.0,3114.0,3092.0,3114.0,3114.0,3114.0,3095.0,3092.0,3092.0,3092.0,3092.0,3092.0,3093.0,3092.0,3092.0,3092.0,3100.0,3100.0,3100.0,3100.0,3100.0,3101.0,3100.0,3100.0,3092.0,3116.0,3130.0,3130.0,3130.0,3130.0,3130.0,3130.0,3103.0,3116.0,3130.0,3092.0,3130.0,3130.0,3130.0,3130.0,3130.0,3103.0,3100.0,3100.0,3100.0,3100.0,3093.0,3100.0,3101.0,3100.0,3100.0,3104.0,3114.0,3114.0,3114.0,3114.0,3114.0,3092.0,3114.0,3095.0,3092.0,3092.0,3092.0,3092.0,3092.0,3093.0,3092.0,3092.0,3092.0,3092.0,3092.0,3092.0,3092.0,3092.0,3093.0,3092.0,3092.0,3104.0,3114.0,3104.0,3114.0,3114.0,3114.0,3114.0,3114.0,3095.0,3122.0,3138.0,3138.0,3138.0,3114.0,131072.0,2850770.0,0.0,262272.0,0.0,4096.0
274,0,1,1300,1300,4194304,256,0,0,12,4,32,64,"void at::native::vectorized_elementwise_kernel<4, at::native::FillFunctor<int>, std::array<char*, 1ul> >(int, at::native::FillFunctor<int>, std::array<char*, 1ul>)",12739776524581,12739776567198,275,85,843515.0,1810.0,843515.0,65536.0,2831.0,24076921.0,0.0,0.0,557090653.0,557090653.0,0.0,0.0,262144.0,0.0,0.0,0.0,0.0,0.0,0.0,0.0,0.0,0.0,0.0,0.0,0.0,0.0,0.0,0.0,0.0,0.0,0.0,0.0,0.0,0.0,0.0,0.0,0.0,0.0,0.0,0.0,0.0,0.0,0.0,0.0,0.0,0.0,0.0,0.0,0.0,0.0,0.0,0.0,0.0,0.0,0.0,0.0,0.0,0.0,0.0,0.0,0.0,0.0,0.0,0.0,0.0,0.0,0.0,0.0,0.0,0.0,0.0,0.0,0.0,0.0,0.0,0.0,0.0,0.0,0.0,0.0,0.0,0.0,0.0,0.0,0.0,0.0,0.0,0.0,0.0,0.0,0.0,0.0,0.0,0.0,0.0,0.0,0.0,0.0,0.0,0.0,0.0,0.0,0.0,0.0,0.0,0.0,0.0,0.0,0.0,0.0,0.0,0.0,0.0,0.0,0.0,0.0,0.0,0.0,0.0,0.0,0.0,0.0,0.0,0.0,0.0,0.0,0.0,0.0,0.0,0.0,0.0,0.0,0.0,0.0,0.0,0.0,0.0,0.0,0.0,0.0,0.0,0.0,32768.0,32788.0,32848.0,32768.0,32768.0,32768.0,32768.0,32848.0,32768.0,32849.0,32848.0,32768.0,32848.0,32848.0,32768.0,32768.0,32848.0,32768.0,32849.0,32848.0,32848.0,32848.0,32769.0,32768.0,32768.0,32768.0,32769.0,32788.0,32848.0,32768.0,32768.0,32788.0,32848.0,32768.0,32768.0,32768.0,32768.0,32768.0,32769.0,32768.0,32788.0,32848.0,32768.0,32768.0,32768.0,32768.0,32848.0,32768.0,32849.0,32848.0,32848.0,32848.0,32848.0,32768.0,32768.0,32848.0,32768.0,32849.0,32848.0,32848.0,32848.0,32768.0,32768.0,32768.0,32768.0,32769.0,32788.0,32848.0,32768.0,32768.0,32768.0,32768.0,32849.0,32768.0,32769.0,32788.0,32848.0,32768.0,32768.0,32768.0,32768.0,32848.0,32768.0,32848.0,32849.0,32848.0,32848.0,32848.0,32768.0,32768.0,32768.0,32769.0,32788.0,32848.0,32848.0,32768.0,32768.0,32768.0,32768.0,32848.0,32768.0,32849.0,32848.0,32848.0,32848.0,32848.0,32768.0,32768.0,32848.0,32768.0,32849.0,32848.0,32848.0,32848.0,32768.0,32768.0,32768.0,32768.0,32769.0,32788.0,32848.0,32768.0,32768.0,32768.0,32768.0,32768.0,32769.0,32768.0,4194304.0,23680508.0,0.0,0.0,0.0,262144.0
275,0,1,1300,1300,32768,512,0,0,108,4,48,64,matmulbias_kernel,12739776970072,12739776995691,276,196,557143.0,2018.0,557143.0,0.0,783.0,3117026.0,0.0,0.0,45596170.0,45596170.0,4194304.0,622592.0,0.0,0.0,0.0,0.0,0.0,0.0,0.0,0.0,0.0,0.0,0.0,0.0,0.0,0.0,0.0,0.0,0.0,0.0,0.0,0.0,0.0,0.0,0.0,0.0,0.0,0.0,0.0,0.0,0.0,0.0,0.0,0.0,0.0,0.0,0.0,0.0,0.0,0.0,0.0,0.0,0.0,0.0,0.0,0.0,0.0,0.0,0.0,0.0,0.0,0.0,0.0,0.0,0.0,0.0,0.0,0.0,0.0,0.0,0.0,0.0,0.0,0.0,0.0,0.0,0.0,0.0,0.0,0.0,0.0,0.0,0.0,0.0,0.0,0.0,0.0,0.0,0.0,0.0,0.0,0.0,0.0,0.0,0.0,0.0,0.0,0.0,0.0,0.0,0.0,0.0,0.0,0.0,0.0,0.0,0.0,0.0,0.0,0.0,0.0,0.0,0.0,0.0,0.0,0.0,0.0,0.0,0.0,0.0,0.0,0.0,0.0,0.0,0.0,0.0,0.0,0.0,0.0,0.0,0.0,0.0,0.0,0.0,0.0,0.0,0.0,0.0,0.0,0.0,0.0,0.0,3104.0,3122.0,3122.0,3122.0,3098.0,3096.0,3096.0,3096.0,3096.0,3096.0,3096.0,3138.0,3096.0,3096.0,3100.0,3100.0,3100.0,3100.0,3100.0,3100.0,3100.0,3100.0,3138.0,3116.0,3130.0,3130.0,3130.0,3130.0,3130.0,3130.0,3102.0,3138.0,3138.0,3138.0,3106.0,3104.0,3114.0,3114.0,3114.0,3104.0,3114.0,3114.0,3114.0,3094.0,3092.0,3092.0,3092.0,3092.0,3092.0,3092.0,3104.0,3092.0,3092.0,3096.0,3096.0,3096.0,3096.0,3096.0,3096.0,3096.0,3096.0,3104.0,3110.0,3122.0,3122.0,3122.0,3122.0,3122.0,3122.0,3098.0,3110.0,3122.0,3104.0,3122.0,3122.0,3122.0,3122.0,3122.0,3098.0,3096.0,3096.0,3096.0,3096.0,3104.0,3096.0,3096.0,3096.0,3096.0,3104.0,3114.0,3114.0,3114.0,3114.0,3114.0,3104.0,3114.0,3094.0,3092.0,3092.0,3092.0,3092.0,3092.0,3092.0,3092.0,3092.0,3104.0,3096.0,3096.0,3096.0,3096.0,3096.0,3096.0,3096.0,3096.0,3110.0,3122.0,3122.0,3122.0,3122.0,3122.0,3122.0,3122.0,3098.0,3110.0,3122.0,3122.0,3122.0,3138.0,131072.0,2847250.0,0.0,262272.0,0.0,4096.0
276,0,1,1300,1300,4194304,256,0,0,12,4,32,64,"void at::native::vectorized_elementwise_kernel<4, at::native::FillFunctor<int>, std::array<char*, 1ul> >(int, at::native::FillFunctor<int>, std::array<char*, 1ul>)",12739777395478,12739777438135,277,85,835977.0,1810.0,835977.0,65536.0,3106.0,24057689.0,0.0,0.0,556558529.0,556558529.0,0.0,0.0,262144.0,0.0,0.0,0.0,0.0,0.0,0.0,0.0,0.0,0.0,0.0,0.0,0.0,0.0,0.0,0.0,0.0,0.0,0.0,0.0,0.0,0.0,0.0,0.0,0.0,0.0,0.0,0.0,0.0,0.0,0.0,0.0,0.0,0.0,0.0,0.0,0.0,0.0,0.0,0.0,0.0,0.0,0.0,0.0,0.0,0.0,0.0,0.0,0.0,0.0,0.0,0.0,0.0,0.0,0.0,0.0,0.0,0.0,0.0,0.0,0.0,0.0,0.0,0.0,0.0,0.0,0.0,0.0,0.0,0.0,0.0,0.0,0.0,0.0,0.0,0.0,0.0,0.0,0.0,0.0,0.0,0.0,0.0,0.0,0.0,0.0,0.0,0.0,0.0,0.0,0.0,0.0,0.0,0.0,0.0,0.0,0.0,0.0,0.0,0.0,0.0,0.0,0.0,0.0,0.0,0.0,0.0,0.0,0.0,0.0,0.0,0.0,0.0,0.0,0.0,0.0,0.0,0.0,0.0,0.0,0.0,0.0,0.0,0.0,0.0,0.0,0.0,0.0,0.0,0.0,32768.0,32768.0,32848.0,32768.0,32788.0,32768.0,32768.0,32848.0,32768.0,32849.0,32848.0,32768.0,32848.0,32848.0,32768.0,32768.0,32848.0,32768.0,32849.0,32848.0,32848.0,32848.0,32768.0,32768.0,32769.0,32768.0,32768.0,32768.0,32848.0,32768.0,32788.0,32768.0,32848.0,32768.0,32788.0,32768.0,32769.0,32768.0,32768.0,32768.0,32768.0,32848.0,32768.0,32788.0,32768.0,32768.0,32848.0,32768.0,32849.0,32848.0,32848.0,32848.0,32848.0,32768.0,32768.0,32848.0,32768.0,32849.0,32848.0,32848.0,32848.0,32768.0,32768.0,32769.0,32768.0,32768.0,32768.0,32848.0,32768.0,32788.0,32768.0,32769.0,32849.0,32768.0,32768.0,32768.0,32848.0,32768.0,32788.0,32768.0,32768.0,32848.0,32768.0,32848.0,32849.0,32848.0,32848.0,32848.0,32768.0,32769.0,32768.0,32768.0,32768.0,32848.0,32848.0,32768.0,32788.0,32768.0,32768.0,32848.0,32768.0,32849.0,32848.0,32848.0,32848.0,32848.0,32768.0,32768.0,32848.0,32768.0,32849.0,32848.0,32848.0,32848.0,32768.0,32769.0,32768.0,32768.0,32768.0,32768.0,32848.0,32768.0,32788.0,32768.0,32769.0,32768.0,32768.0,32769.0,4194304.0,23669204.0,0.0,0.0,0.0,262144.0
277,0,1,1300,1300,32768,512,0,0,108,4,48,64,matmulbias_kernel,12739777847464,12739777873363,278,196,558341.0,2018.0,558341.0,0.0,783.0,3151246.0,0.0,0.0,46595091.0,46595091.0,4194304.0,622592.0,0.0,0.0,0.0,0.0,0.0,0.0,0.0,0.0,0.0,0.0,0.0,0.0,0.0,0.0,0.0,0.0,0.0,0.0,0.0,0.0,0.0,0.0,0.0,0.0,0.0,0.0,0.0,0.0,0.0,0.0,0.0,0.0,0.0,0.0,0.0,0.0,0.0,0.0,0.0,0.0,0.0,0.0,0.0,0.0,0.0,0.0,0.0,0.0,0.0,0.0,0.0,0.0,0.0,0.0,0.0,0.0,0.0,0.0,0.0,0.0,0.0,0.0,0.0,0.0,0.0,0.0,0.0,0.0,0.0,0.0,0.0,0.0,0.0,0.0,0.0,0.0,0.0,0.0,0.0,0.0,0.0,0.0,0.0,0.0,0.0,0.0,0.0,0.0,0.0,0.0,0.0,0.0,0.0,0.0,0.0,0.0,0.0,0.0,0.0,0.0,0.0,0.0,0.0,0.0,0.0,0.0,0.0,0.0,0.0,0.0,0.0,0.0,0.0,0.0,0.0,0.0,0.0,0.0,0.0,0.0,0.0,0.0,0.0,0.0,0.0,0.0,0.0,0.0,0.0,0.0,3096.0,3114.0,3114.0,3114.0,3094.0,3092.0,3092.0,3092.0,3092.0,3092.0,3092.0,3122.0,3092.0,3092.0,3096.0,3096.0,3096.0,3096.0,3096.0,3096.0,3096.0,3096.0,3122.0,3110.0,3122.0,3122.0,3122.0,3122.0,3122.0,3122.0,3098.0,3122.0,3122.0,3122.0,3098.0,3122.0,3138.0,3138.0,3138.0,3096.0,3138.0,3138.0,3138.0,3106.0,3104.0,3104.0,3104.0,3104.0,3104.0,3104.0,3096.0,3104.0,3104.0,3096.0,3096.0,3096.0,3096.0,3096.0,3096.0,3096.0,3096.0,3096.0,3110.0,3122.0,3122.0,3122.0,3122.0,3122.0,3122.0,3098.0,3116.0,3130.0,3096.0,3130.0,3130.0,3130.0,3130.0,3130.0,3102.0,3100.0,3100.0,3100.0,3100.0,3096.0,3100.0,3100.0,3100.0,3100.0,3104.0,3114.0,3114.0,3114.0,3114.0,3114.0,3096.0,3114.0,3094.0,3092.0,3092.0,3092.0,3092.0,3092.0,3092.0,3092.0,3092.0,3096.0,3096.0,3096.0,3096.0,3096.0,3096.0,3096.0,3096.0,3096.0,3110.0,3122.0,3110.0,3122.0,3122.0,3122.0,3122.0,3122.0,3098.0,3104.0,3114.0,3114.0,3114.0,3122.0,131072.0,2892202.0,0.0,262272.0,0.0,4096.0
278,0,1,1300,1300,4194304,256,0,0,12,4,32,64,"void at::native::vectorized_elementwise_kernel<4, at::native::FillFunctor<int>, std::array<char*, 1ul> >(int, at::native::FillFunctor<int>, std::array<char*, 1ul>)",12739778279605,12739778322021,279,85,828863.0,1810.0,828863.0,65536.0,2880.0,24045698.0,0.0,0.0,556635109.0,556635109.0,0.0,0.0,262144.0,0.0,0.0,0.0,0.0,0.0,0.0,0.0,0.0,0.0,0.0,0.0,0.0,0.0,0.0,0.0,0.0,0.0,0.0,0.0,0.0,0.0,0.0,0.0,0.0,0.0,0.0,0.0,0.0,0.0,0.0,0.0,0.0,0.0,0.0,0.0,0.0,0.0,0.0,0.0,0.0,0.0,0.0,0.0,0.0,0.0,0.0,0.0,0.0,0.0,0.0,0.0,0.0,0.0,0.0,0.0,0.0,0.0,0.0,0.0,0.0,0.0,0.0,0.0,0.0,0.0,0.0,0.0,0.0,0.0,0.0,0.0,0.0,0.0,0.0,0.0,0.0,0.0,0.0,0.0,0.0,0.0,0.0,0.0,0.0,0.0,0.0,0.0,0.0,0.0,0.0,0.0,0.0,0.0,0.0,0.0,0.0,0.0,0.0,0.0,0.0,0.0,0.0,0.0,0.0,0.0,0.0,0.0,0.0,0.0,0.0,0.0,0.0,0.0,0.0,0.0,0.0,0.0,0.0,0.0,0.0,0.0,0.0,0.0,0.0,0.0,0.0,0.0,0.0,0.0,32768.0,32768.0,32848.0,32788.0,32769.0,32768.0,32768.0,32848.0,32768.0,32849.0,32848.0,32768.0,32848.0,32848.0,32768.0,32768.0,32848.0,32768.0,32849.0,32848.0,32848.0,32848.0,32768.0,32768.0,32768.0,32768.0,32768.0,32768.0,32848.0,32788.0,32769.0,32768.0,32848.0,32788.0,32769.0,32768.0,32768.0,32768.0,32768.0,32768.0,32768.0,32848.0,32788.0,32769.0,32768.0,32768.0,32848.0,32768.0,32849.0,32848.0,32848.0,32848.0,32848.0,32768.0,32768.0,32848.0,32768.0,32849.0,32848.0,32848.0,32848.0,32768.0,32768.0,32768.0,32768.0,32768.0,32768.0,32848.0,32788.0,32769.0,32768.0,32768.0,32849.0,32768.0,32768.0,32768.0,32848.0,32788.0,32769.0,32768.0,32768.0,32848.0,32768.0,32848.0,32849.0,32848.0,32848.0,32848.0,32768.0,32768.0,32768.0,32768.0,32768.0,32848.0,32848.0,32788.0,32769.0,32768.0,32768.0,32848.0,32768.0,32849.0,32848.0,32848.0,32848.0,32848.0,32768.0,32768.0,32848.0,32768.0,32849.0,32848.0,32848.0,32848.0,32768.0,32768.0,32768.0,32768.0,32768.0,32768.0,32848.0,32788.0,32769.0,32768.0,32768.0,32768.0,32768.0,32768.0,4194304.0,23652370.0,0.0,0.0,0.0,262144.0
279,0,1,1300,1300,32768,512,0,0,108,4,48,64,matmulbias_kernel,12739778721167,12739778746786,280,196,551889.0,2018.0,551889.0,0.0,728.0,3108585.0,0.0,0.0,46149566.0,46149566.0,4194304.0,622592.0,0.0,0.0,0.0,0.0,0.0,0.0,0.0,0.0,0.0,0.0,0.0,0.0,0.0,0.0,0.0,0.0,0.0,0.0,0.0,0.0,0.0,0.0,0.0,0.0,0.0,0.0,0.0,0.0,0.0,0.0,0.0,0.0,0.0,0.0,0.0,0.0,0.0,0.0,0.0,0.0,0.0,0.0,0.0,0.0,0.0,0.0,0.0,0.0,0.0,0.0,0.0,0.0,0.0,0.0,0.0,0.0,0.0,0.0,0.0,0.0,0.0,0.0,0.0,0.0,0.0,0.0,0.0,0.0,0.0,0.0,0.0,0.0,0.0,0.0,0.0,0.0,0.0,0.0,0.0,0.0,0.0,0.0,0.0,0.0,0.0,0.0,0.0,0.0,0.0,0.0,0.0,0.0,0.0,0.0,0.0,0.0,0.0,0.0,0.0,0.0,0.0,0.0,0.0,0.0,0.0,0.0,0.0,0.0,0.0,0.0,0.0,0.0,0.0,0.0,0.0,0.0,0.0,0.0,0.0,0.0,0.0,0.0,0.0,0.0,0.0,0.0,0.0,0.0,0.0,0.0,3097.0,3122.0,3122.0,3122.0,3098.0,3097.0,3096.0,3096.0,3096.0,3096.0,3096.0,3122.0,3096.0,3096.0,3093.0,3092.0,3092.0,3092.0,3092.0,3092.0,3092.0,3092.0,3123.0,3104.0,3114.0,3114.0,3115.0,3114.0,3114.0,3114.0,3094.0,3122.0,3122.0,3122.0,3098.0,3110.0,3122.0,3122.0,3123.0,3096.0,3122.0,3122.0,3122.0,3098.0,3097.0,3096.0,3096.0,3096.0,3096.0,3096.0,3096.0,3096.0,3096.0,3097.0,3096.0,3096.0,3096.0,3096.0,3096.0,3096.0,3096.0,3096.0,3110.0,3122.0,3122.0,3123.0,3122.0,3122.0,3122.0,3098.0,3104.0,3114.0,3096.0,3114.0,3115.0,3114.0,3114.0,3114.0,3094.0,3093.0,3092.0,3092.0,3092.0,3096.0,3092.0,3092.0,3092.0,3092.0,3116.0,3130.0,3130.0,3131.0,3130.0,3130.0,3096.0,3130.0,3102.0,3101.0,3100.0,3100.0,3100.0,3100.0,3100.0,3100.0,3100.0,3096.0,3101.0,3100.0,3100.0,3100.0,3100.0,3100.0,3100.0,3100.0,3116.0,3130.0,3110.0,3130.0,3131.0,3130.0,3130.0,3130.0,3102.0,3110.0,3122.0,3122.0,3123.0,3122.0,131072.0,2849769.0,0.0,262272.0,0.0,4096.0
280,0,1,1300,1300,4194304,256,0,0,12,4,32,64,"void at::native::vectorized_elementwise_kernel<4, at::native::FillFunctor<int>, std::array<char*, 1ul> >(int, at::native::FillFunctor<int>, std::array<char*, 1ul>)",12739779147255,12739779190032,281,85,839303.0,1810.0,839303.0,65536.0,2891.0,24054314.0,0.0,0.0,556554928.0,556554928.0,0.0,0.0,262144.0,0.0,0.0,0.0,0.0,0.0,0.0,0.0,0.0,0.0,0.0,0.0,0.0,0.0,0.0,0.0,0.0,0.0,0.0,0.0,0.0,0.0,0.0,0.0,0.0,0.0,0.0,0.0,0.0,0.0,0.0,0.0,0.0,0.0,0.0,0.0,0.0,0.0,0.0,0.0,0.0,0.0,0.0,0.0,0.0,0.0,0.0,0.0,0.0,0.0,0.0,0.0,0.0,0.0,0.0,0.0,0.0,0.0,0.0,0.0,0.0,0.0,0.0,0.0,0.0,0.0,0.0,0.0,0.0,0.0,0.0,0.0,0.0,0.0,0.0,0.0,0.0,0.0,0.0,0.0,0.0,0.0,0.0,0.0,0.0,0.0,0.0,0.0,0.0,0.0,0.0,0.0,0.0,0.0,0.0,0.0,0.0,0.0,0.0,0.0,0.0,0.0,0.0,0.0,0.0,0.0,0.0,0.0,0.0,0.0,0.0,0.0,0.0,0.0,0.0,0.0,0.0,0.0,0.0,0.0,0.0,0.0,0.0,0.0,0.0,0.0,0.0,0.0,0.0,0.0,32768.0,32768.0,32849.0,32768.0,32768.0,32768.0,32768.0,32848.0,32768.0,32849.0,32848.0,32768.0,32848.0,32848.0,32768.0,32768.0,32848.0,32768.0,32849.0,32848.0,32848.0,32848.0,32768.0,32768.0,32788.0,32768.0,32768.0,32768.0,32849.0,32768.0,32768.0,32768.0,32849.0,32768.0,32768.0,32768.0,32788.0,32768.0,32768.0,32768.0,32768.0,32849.0,32768.0,32768.0,32768.0,32768.0,32848.0,32768.0,32849.0,32848.0,32848.0,32848.0,32848.0,32768.0,32768.0,32848.0,32768.0,32849.0,32848.0,32848.0,32848.0,32768.0,32768.0,32788.0,32768.0,32768.0,32768.0,32849.0,32768.0,32768.0,32768.0,32788.0,32849.0,32768.0,32768.0,32768.0,32849.0,32768.0,32768.0,32768.0,32768.0,32848.0,32768.0,32848.0,32849.0,32848.0,32848.0,32848.0,32768.0,32788.0,32768.0,32768.0,32768.0,32849.0,32848.0,32768.0,32768.0,32768.0,32768.0,32848.0,32768.0,32849.0,32848.0,32848.0,32848.0,32848.0,32768.0,32768.0,32848.0,32768.0,32849.0,32848.0,32848.0,32848.0,32768.0,32788.0,32768.0,32768.0,32768.0,32768.0,32849.0,32768.0,32768.0,32768.0,32788.0,32768.0,32768.0,32788.0,4194304.0,23665227.0,0.0,0.0,0.0,262144.0
281,0,1,1300,1300,32768,512,0,0,108,4,48,64,matmulbias_kernel,12739779593949,12739779619527,282,196,552747.0,2018.0,552747.0,0.0,801.0,3126179.0,0.0,0.0,45932360.0,45932360.0,4194304.0,622592.0,0.0,0.0,0.0,0.0,0.0,0.0,0.0,0.0,0.0,0.0,0.0,0.0,0.0,0.0,0.0,0.0,0.0,0.0,0.0,0.0,0.0,0.0,0.0,0.0,0.0,0.0,0.0,0.0,0.0,0.0,0.0,0.0,0.0,0.0,0.0,0.0,0.0,0.0,0.0,0.0,0.0,0.0,0.0,0.0,0.0,0.0,0.0,0.0,0.0,0.0,0.0,0.0,0.0,0.0,0.0,0.0,0.0,0.0,0.0,0.0,0.0,0.0,0.0,0.0,0.0,0.0,0.0,0.0,0.0,0.0,0.0,0.0,0.0,0.0,0.0,0.0,0.0,0.0,0.0,0.0,0.0,0.0,0.0,0.0,0.0,0.0,0.0,0.0,0.0,0.0,0.0,0.0,0.0,0.0,0.0,0.0,0.0,0.0,0.0,0.0,0.0,0.0,0.0,0.0,0.0,0.0,0.0,0.0,0.0,0.0,0.0,0.0,0.0,0.0,0.0,0.0,0.0,0.0,0.0,0.0,0.0,0.0,0.0,0.0,0.0,0.0,0.0,0.0,0.0,0.0,3088.0,3130.0,3130.0,3130.0,3102.0,3100.0,3100.0,3100.0,3100.0,3100.0,3100.0,3106.0,3100.0,3100.0,3088.0,3088.0,3088.0,3088.0,3088.0,3088.0,3088.0,3088.0,3106.0,3098.0,3106.0,3106.0,3106.0,3106.0,3106.0,3106.0,3090.0,3106.0,3106.0,3106.0,3090.0,3116.0,3130.0,3130.0,3130.0,3088.0,3130.0,3130.0,3130.0,3102.0,3100.0,3100.0,3100.0,3100.0,3100.0,3100.0,3088.0,3100.0,3100.0,3100.0,3100.0,3100.0,3100.0,3100.0,3100.0,3100.0,3100.0,3088.0,3116.0,3130.0,3130.0,3130.0,3130.0,3130.0,3130.0,3102.0,3104.0,3114.0,3088.0,3114.0,3114.0,3114.0,3114.0,3114.0,3094.0,3092.0,3092.0,3092.0,3092.0,3088.0,3092.0,3092.0,3092.0,3092.0,3104.0,3114.0,3114.0,3114.0,3114.0,3114.0,3088.0,3114.0,3094.0,3092.0,3092.0,3092.0,3092.0,3092.0,3092.0,3092.0,3092.0,3088.0,3092.0,3092.0,3092.0,3092.0,3092.0,3092.0,3092.0,3092.0,3104.0,3114.0,3098.0,3114.0,3114.0,3114.0,3114.0,3114.0,3094.0,3116.0,3130.0,3130.0,3130.0,3106.0,131072.0,2865237.0,0.0,262272.0,0.0,4096.0
282,0,1,1300,1300,4194304,256,0,0,12,4,32,64,"void at::native::vectorized_elementwise_kernel<4, at::native::FillFunctor<int>, std::array<char*, 1ul> >(int, at::native::FillFunctor<int>, std::array<char*, 1ul>)",12739780020357,12739780062813,283,85,829020.0,1810.0,829020.0,65536.0,2902.0,23953156.0,0.0,0.0,554393404.0,554393404.0,0.0,0.0,262144.0,0.0,0.0,0.0,0.0,0.0,0.0,0.0,0.0,0.0,0.0,0.0,0.0,0.0,0.0,0.0,0.0,0.0,0.0,0.0,0.0,0.0,0.0,0.0,0.0,0.0,0.0,0.0,0.0,0.0,0.0,0.0,0.0,0.0,0.0,0.0,0.0,0.0,0.0,0.0,0.0,0.0,0.0,0.0,0.0,0.0,0.0,0.0,0.0,0.0,0.0,0.0,0.0,0.0,0.0,0.0,0.0,0.0,0.0,0.0,0.0,0.0,0.0,0.0,0.0,0.0,0.0,0.0,0.0,0.0,0.0,0.0,0.0,0.0,0.0,0.0,0.0,0.0,0.0,0.0,0.0,0.0,0.0,0.0,0.0,0.0,0.0,0.0,0.0,0.0,0.0,0.0,0.0,0.0,0.0,0.0,0.0,0.0,0.0,0.0,0.0,0.0,0.0,0.0,0.0,0.0,0.0,0.0,0.0,0.0,0.0,0.0,0.0,0.0,0.0,0.0,0.0,0.0,0.0,0.0,0.0,0.0,0.0,0.0,0.0,0.0,0.0,0.0,0.0,0.0,32768.0,32768.0,32848.0,32768.0,32768.0,32768.0,32768.0,32848.0,32768.0,32849.0,32848.0,32768.0,32848.0,32849.0,32768.0,32768.0,32848.0,32768.0,32849.0,32848.0,32848.0,32849.0,32768.0,32788.0,32768.0,32768.0,32768.0,32768.0,32848.0,32768.0,32768.0,32768.0,32848.0,32768.0,32768.0,32788.0,32768.0,32768.0,32768.0,32768.0,32768.0,32848.0,32768.0,32768.0,32768.0,32768.0,32848.0,32768.0,32849.0,32848.0,32848.0,32848.0,32849.0,32768.0,32768.0,32848.0,32768.0,32849.0,32848.0,32848.0,32849.0,32768.0,32788.0,32768.0,32768.0,32768.0,32768.0,32848.0,32768.0,32768.0,32788.0,32768.0,32849.0,32768.0,32768.0,32768.0,32848.0,32768.0,32768.0,32768.0,32768.0,32848.0,32768.0,32848.0,32849.0,32848.0,32848.0,32849.0,32788.0,32768.0,32768.0,32768.0,32768.0,32848.0,32848.0,32768.0,32768.0,32768.0,32768.0,32848.0,32768.0,32849.0,32848.0,32848.0,32849.0,32849.0,32768.0,32768.0,32848.0,32768.0,32849.0,32848.0,32848.0,32849.0,32788.0,32768.0,32788.0,32768.0,32768.0,32768.0,32848.0,32768.0,32768.0,32788.0,32768.0,32768.0,32768.0,32768.0,4194304.0,23555930.0,0.0,0.0,0.0,262144.0
283,0,1,1300,1300,32768,512,0,0,108,4,48,64,matmulbias_kernel,12739780463643,12739780489582,284,196,557053.0,2018.0,557053.0,0.0,672.0,3174760.0,0.0,0.0,47207548.0,47207548.0,4194304.0,622592.0,0.0,0.0,0.0,0.0,0.0,0.0,0.0,0.0,0.0,0.0,0.0,0.0,0.0,0.0,0.0,0.0,0.0,0.0,0.0,0.0,0.0,0.0,0.0,0.0,0.0,0.0,0.0,0.0,0.0,0.0,0.0,0.0,0.0,0.0,0.0,0.0,0.0,0.0,0.0,0.0,0.0,0.0,0.0,0.0,0.0,0.0,0.0,0.0,0.0,0.0,0.0,0.0,0.0,0.0,0.0,0.0,0.0,0.0,0.0,0.0,0.0,0.0,0.0,0.0,0.0,0.0,0.0,0.0,0.0,0.0,0.0,0.0,0.0,0.0,0.0,0.0,0.0,0.0,0.0,0.0,0.0,0.0,0.0,0.0,0.0,0.0,0.0,0.0,0.0,0.0,0.0,0.0,0.0,0.0,0.0,0.0,0.0,0.0,0.0,0.0,0.0,0.0,0.0,0.0,0.0,0.0,0.0,0.0,0.0,0.0,0.0,0.0,0.0,0.0,0.0,0.0,0.0,0.0,0.0,0.0,0.0,0.0,0.0,0.0,0.0,0.0,0.0,0.0,0.0,0.0,3096.0,3130.0,3130.0,3130.0,3102.0,3100.0,3100.0,3100.0,3100.0,3100.0,3100.0,3122.0,3100.0,3100.0,3100.0,3100.0,3100.0,3100.0,3100.0,3100.0,3100.0,3100.0,3122.0,3116.0,3130.0,3130.0,3130.0,3130.0,3130.0,3130.0,3102.0,3122.0,3122.0,3122.0,3098.0,3110.0,3122.0,3122.0,3122.0,3096.0,3122.0,3122.0,3122.0,3098.0,3096.0,3096.0,3096.0,3096.0,3096.0,3096.0,3096.0,3096.0,3096.0,3104.0,3104.0,3104.0,3104.0,3104.0,3104.0,3104.0,3104.0,3096.0,3122.0,3138.0,3138.0,3138.0,3138.0,3138.0,3138.0,3106.0,3104.0,3114.0,3096.0,3114.0,3114.0,3114.0,3114.0,3114.0,3094.0,3092.0,3092.0,3092.0,3092.0,3096.0,3092.0,3092.0,3092.0,3092.0,3110.0,3122.0,3122.0,3122.0,3122.0,3122.0,3096.0,3122.0,3098.0,3096.0,3096.0,3096.0,3096.0,3096.0,3096.0,3096.0,3096.0,3096.0,3096.0,3096.0,3096.0,3096.0,3096.0,3096.0,3096.0,3096.0,3110.0,3122.0,3110.0,3122.0,3122.0,3122.0,3122.0,3122.0,3098.0,3116.0,3130.0,3130.0,3130.0,3122.0,131072.0,2922191.0,0.0,262272.0,0.0,4096.0
284,0,1,1300,1300,4194304,256,0,0,12,4,32,64,"void at::native::vectorized_elementwise_kernel<4, at::native::FillFunctor<int>, std::array<char*, 1ul> >(int, at::native::FillFunctor<int>, std::array<char*, 1ul>)",12739780893539,12739780935835,285,85,827282.0,1810.0,827282.0,65536.0,2818.0,23980930.0,0.0,0.0,554904390.0,554904390.0,0.0,0.0,262144.0,0.0,0.0,0.0,0.0,0.0,0.0,0.0,0.0,0.0,0.0,0.0,0.0,0.0,0.0,0.0,0.0,0.0,0.0,0.0,0.0,0.0,0.0,0.0,0.0,0.0,0.0,0.0,0.0,0.0,0.0,0.0,0.0,0.0,0.0,0.0,0.0,0.0,0.0,0.0,0.0,0.0,0.0,0.0,0.0,0.0,0.0,0.0,0.0,0.0,0.0,0.0,0.0,0.0,0.0,0.0,0.0,0.0,0.0,0.0,0.0,0.0,0.0,0.0,0.0,0.0,0.0,0.0,0.0,0.0,0.0,0.0,0.0,0.0,0.0,0.0,0.0,0.0,0.0,0.0,0.0,0.0,0.0,0.0,0.0,0.0,0.0,0.0,0.0,0.0,0.0,0.0,0.0,0.0,0.0,0.0,0.0,0.0,0.0,0.0,0.0,0.0,0.0,0.0,0.0,0.0,0.0,0.0,0.0,0.0,0.0,0.0,0.0,0.0,0.0,0.0,0.0,0.0,0.0,0.0,0.0,0.0,0.0,0.0,0.0,0.0,0.0,0.0,0.0,0.0,32768.0,32768.0,32848.0,32768.0,32768.0,32768.0,32768.0,32848.0,32768.0,32849.0,32849.0,32768.0,32848.0,32848.0,32768.0,32768.0,32848.0,32768.0,32849.0,32849.0,32848.0,32848.0,32788.0,32768.0,32768.0,32768.0,32788.0,32768.0,32848.0,32768.0,32768.0,32768.0,32848.0,32768.0,32768.0,32768.0,32768.0,32768.0,32788.0,32768.0,32768.0,32848.0,32768.0,32768.0,32768.0,32768.0,32848.0,32768.0,32849.0,32849.0,32848.0,32848.0,32848.0,32768.0,32768.0,32848.0,32768.0,32849.0,32849.0,32848.0,32848.0,32768.0,32768.0,32768.0,32768.0,32788.0,32768.0,32848.0,32768.0,32768.0,32768.0,32768.0,32849.0,32768.0,32788.0,32768.0,32848.0,32768.0,32768.0,32768.0,32768.0,32848.0,32768.0,32849.0,32849.0,32849.0,32848.0,32848.0,32768.0,32768.0,32768.0,32788.0,32768.0,32848.0,32848.0,32768.0,32768.0,32768.0,32768.0,32848.0,32768.0,32849.0,32849.0,32848.0,32848.0,32848.0,32768.0,32768.0,32848.0,32768.0,32849.0,32849.0,32848.0,32848.0,32768.0,32768.0,32768.0,32768.0,32788.0,32768.0,32848.0,32768.0,32768.0,32768.0,32768.0,32768.0,32788.0,32768.0,4194304.0,23585805.0,0.0,0.0,0.0,262144.0
285,0,1,1300,1300,32768,512,0,0,108,4,48,64,matmulbias_kernel,12739781330691,12739781356790,286,196,563015.0,2018.0,563015.0,0.0,743.0,3165783.0,0.0,0.0,47096158.0,47096158.0,4194304.0,622592.0,0.0,0.0,0.0,0.0,0.0,0.0,0.0,0.0,0.0,0.0,0.0,0.0,0.0,0.0,0.0,0.0,0.0,0.0,0.0,0.0,0.0,0.0,0.0,0.0,0.0,0.0,0.0,0.0,0.0,0.0,0.0,0.0,0.0,0.0,0.0,0.0,0.0,0.0,0.0,0.0,0.0,0.0,0.0,0.0,0.0,0.0,0.0,0.0,0.0,0.0,0.0,0.0,0.0,0.0,0.0,0.0,0.0,0.0,0.0,0.0,0.0,0.0,0.0,0.0,0.0,0.0,0.0,0.0,0.0,0.0,0.0,0.0,0.0,0.0,0.0,0.0,0.0,0.0,0.0,0.0,0.0,0.0,0.0,0.0,0.0,0.0,0.0,0.0,0.0,0.0,0.0,0.0,0.0,0.0,0.0,0.0,0.0,0.0,0.0,0.0,0.0,0.0,0.0,0.0,0.0,0.0,0.0,0.0,0.0,0.0,0.0,0.0,0.0,0.0,0.0,0.0,0.0,0.0,0.0,0.0,0.0,0.0,0.0,0.0,0.0,0.0,0.0,0.0,0.0,0.0,3092.0,3123.0,3122.0,3122.0,3098.0,3096.0,3096.0,3097.0,3096.0,3096.0,3096.0,3114.0,3096.0,3096.0,3096.0,3096.0,3097.0,3096.0,3096.0,3096.0,3096.0,3096.0,3114.0,3110.0,3122.0,3122.0,3122.0,3123.0,3122.0,3122.0,3098.0,3115.0,3114.0,3114.0,3094.0,3122.0,3138.0,3138.0,3138.0,3092.0,3139.0,3138.0,3138.0,3106.0,3104.0,3104.0,3105.0,3104.0,3104.0,3104.0,3093.0,3104.0,3104.0,3100.0,3100.0,3101.0,3100.0,3100.0,3100.0,3100.0,3100.0,3092.0,3116.0,3130.0,3130.0,3130.0,3131.0,3130.0,3130.0,3102.0,3104.0,3114.0,3092.0,3114.0,3114.0,3115.0,3114.0,3114.0,3094.0,3092.0,3092.0,3093.0,3092.0,3092.0,3092.0,3092.0,3092.0,3092.0,3116.0,3130.0,3130.0,3130.0,3131.0,3130.0,3092.0,3130.0,3102.0,3100.0,3100.0,3101.0,3100.0,3100.0,3100.0,3100.0,3100.0,3092.0,3092.0,3092.0,3093.0,3092.0,3092.0,3092.0,3092.0,3092.0,3104.0,3114.0,3104.0,3114.0,3114.0,3115.0,3114.0,3114.0,3094.0,3110.0,3122.0,3122.0,3122.0,3114.0,131072.0,2905872.0,0.0,262272.0,0.0,4096.0
286,0,1,1300,1300,4194304,256,0,0,12,4,32,64,"void at::native::vectorized_elementwise_kernel<4, at::native::FillFunctor<int>, std::array<char*, 1ul> >(int, at::native::FillFunctor<int>, std::array<char*, 1ul>)",12739781753210,12739781796068,287,85,886534.0,1810.0,886534.0,65536.0,2832.0,24046104.0,0.0,0.0,558052603.0,558052603.0,0.0,0.0,262144.0,0.0,0.0,0.0,0.0,0.0,0.0,0.0,0.0,0.0,0.0,0.0,0.0,0.0,0.0,0.0,0.0,0.0,0.0,0.0,0.0,0.0,0.0,0.0,0.0,0.0,0.0,0.0,0.0,0.0,0.0,0.0,0.0,0.0,0.0,0.0,0.0,0.0,0.0,0.0,0.0,0.0,0.0,0.0,0.0,0.0,0.0,0.0,0.0,0.0,0.0,0.0,0.0,0.0,0.0,0.0,0.0,0.0,0.0,0.0,0.0,0.0,0.0,0.0,0.0,0.0,0.0,0.0,0.0,0.0,0.0,0.0,0.0,0.0,0.0,0.0,0.0,0.0,0.0,0.0,0.0,0.0,0.0,0.0,0.0,0.0,0.0,0.0,0.0,0.0,0.0,0.0,0.0,0.0,0.0,0.0,0.0,0.0,0.0,0.0,0.0,0.0,0.0,0.0,0.0,0.0,0.0,0.0,0.0,0.0,0.0,0.0,0.0,0.0,0.0,0.0,0.0,0.0,0.0,0.0,0.0,0.0,0.0,0.0,0.0,0.0,0.0,0.0,0.0,0.0,32768.0,32768.0,32848.0,32768.0,32768.0,32768.0,32768.0,32848.0,32769.0,32849.0,32848.0,32788.0,32848.0,32848.0,32768.0,32768.0,32848.0,32769.0,32849.0,32848.0,32848.0,32848.0,32768.0,32768.0,32768.0,32788.0,32768.0,32768.0,32848.0,32768.0,32768.0,32768.0,32848.0,32768.0,32768.0,32768.0,32768.0,32788.0,32768.0,32768.0,32768.0,32848.0,32768.0,32768.0,32768.0,32768.0,32848.0,32769.0,32849.0,32848.0,32848.0,32848.0,32848.0,32768.0,32768.0,32848.0,32769.0,32849.0,32848.0,32848.0,32848.0,32769.0,32768.0,32768.0,32788.0,32768.0,32768.0,32848.0,32768.0,32768.0,32768.0,32768.0,32849.0,32788.0,32768.0,32768.0,32848.0,32768.0,32768.0,32768.0,32768.0,32848.0,32769.0,32848.0,32849.0,32848.0,32848.0,32848.0,32768.0,32768.0,32788.0,32768.0,32768.0,32848.0,32848.0,32768.0,32768.0,32768.0,32768.0,32848.0,32769.0,32849.0,32848.0,32848.0,32848.0,32848.0,32768.0,32768.0,32848.0,32769.0,32849.0,32848.0,32848.0,32848.0,32768.0,32768.0,32768.0,32788.0,32768.0,32768.0,32848.0,32768.0,32768.0,32768.0,32768.0,32788.0,32768.0,32768.0,4194304.0,23719184.0,0.0,0.0,0.0,262144.0
287,0,1,1300,1300,32768,512,0,0,108,4,48,64,matmulbias_kernel,12739782201508,12739782227206,288,196,551341.0,2018.0,551341.0,0.0,733.0,3140109.0,0.0,0.0,46572891.0,46572891.0,4194304.0,622592.0,0.0,0.0,0.0,0.0,0.0,0.0,0.0,0.0,0.0,0.0,0.0,0.0,0.0,0.0,0.0,0.0,0.0,0.0,0.0,0.0,0.0,0.0,0.0,0.0,0.0,0.0,0.0,0.0,0.0,0.0,0.0,0.0,0.0,0.0,0.0,0.0,0.0,0.0,0.0,0.0,0.0,0.0,0.0,0.0,0.0,0.0,0.0,0.0,0.0,0.0,0.0,0.0,0.0,0.0,0.0,0.0,0.0,0.0,0.0,0.0,0.0,0.0,0.0,0.0,0.0,0.0,0.0,0.0,0.0,0.0,0.0,0.0,0.0,0.0,0.0,0.0,0.0,0.0,0.0,0.0,0.0,0.0,0.0,0.0,0.0,0.0,0.0,0.0,0.0,0.0,0.0,0.0,0.0,0.0,0.0,0.0,0.0,0.0,0.0,0.0,0.0,0.0,0.0,0.0,0.0,0.0,0.0,0.0,0.0,0.0,0.0,0.0,0.0,0.0,0.0,0.0,0.0,0.0,0.0,0.0,0.0,0.0,0.0,0.0,0.0,0.0,0.0,0.0,0.0,0.0,3096.0,3122.0,3122.0,3122.0,3098.0,3096.0,3096.0,3096.0,3096.0,3096.0,3096.0,3122.0,3096.0,3096.0,3100.0,3100.0,3100.0,3100.0,3100.0,3100.0,3100.0,3100.0,3122.0,3116.0,3130.0,3130.0,3130.0,3130.0,3130.0,3130.0,3102.0,3122.0,3122.0,3122.0,3098.0,3122.0,3138.0,3138.0,3138.0,3096.0,3138.0,3138.0,3138.0,3106.0,3104.0,3104.0,3104.0,3104.0,3104.0,3104.0,3096.0,3104.0,3104.0,3092.0,3092.0,3092.0,3092.0,3092.0,3092.0,3092.0,3092.0,3096.0,3104.0,3114.0,3114.0,3114.0,3114.0,3114.0,3114.0,3094.0,3110.0,3122.0,3096.0,3122.0,3122.0,3122.0,3122.0,3122.0,3098.0,3096.0,3096.0,3096.0,3096.0,3096.0,3096.0,3096.0,3096.0,3096.0,3110.0,3122.0,3122.0,3122.0,3122.0,3122.0,3096.0,3122.0,3098.0,3096.0,3096.0,3096.0,3096.0,3096.0,3096.0,3096.0,3096.0,3096.0,3096.0,3096.0,3096.0,3096.0,3096.0,3096.0,3096.0,3096.0,3110.0,3122.0,3110.0,3122.0,3122.0,3122.0,3122.0,3122.0,3098.0,3110.0,3122.0,3122.0,3122.0,3122.0,131072.0,2881440.0,0.0,262272.0,0.0,4096.0
288,0,1,1300,1300,4194304,256,0,0,12,4,32,64,"void at::native::vectorized_elementwise_kernel<4, at::native::FillFunctor<int>, std::array<char*, 1ul> >(int, at::native::FillFunctor<int>, std::array<char*, 1ul>)",12739782624789,12739782667365,289,85,837529.0,1810.0,837529.0,65536.0,2882.0,24016237.0,0.0,0.0,555739703.0,555739703.0,0.0,0.0,262144.0,0.0,0.0,0.0,0.0,0.0,0.0,0.0,0.0,0.0,0.0,0.0,0.0,0.0,0.0,0.0,0.0,0.0,0.0,0.0,0.0,0.0,0.0,0.0,0.0,0.0,0.0,0.0,0.0,0.0,0.0,0.0,0.0,0.0,0.0,0.0,0.0,0.0,0.0,0.0,0.0,0.0,0.0,0.0,0.0,0.0,0.0,0.0,0.0,0.0,0.0,0.0,0.0,0.0,0.0,0.0,0.0,0.0,0.0,0.0,0.0,0.0,0.0,0.0,0.0,0.0,0.0,0.0,0.0,0.0,0.0,0.0,0.0,0.0,0.0,0.0,0.0,0.0,0.0,0.0,0.0,0.0,0.0,0.0,0.0,0.0,0.0,0.0,0.0,0.0,0.0,0.0,0.0,0.0,0.0,0.0,0.0,0.0,0.0,0.0,0.0,0.0,0.0,0.0,0.0,0.0,0.0,0.0,0.0,0.0,0.0,0.0,0.0,0.0,0.0,0.0,0.0,0.0,0.0,0.0,0.0,0.0,0.0,0.0,0.0,0.0,0.0,0.0,0.0,0.0,32768.0,32768.0,32848.0,32768.0,32768.0,32768.0,32789.0,32848.0,32768.0,32849.0,32848.0,32768.0,32848.0,32848.0,32768.0,32789.0,32848.0,32768.0,32849.0,32848.0,32848.0,32848.0,32768.0,32768.0,32768.0,32768.0,32768.0,32768.0,32848.0,32768.0,32768.0,32768.0,32848.0,32768.0,32768.0,32768.0,32768.0,32768.0,32768.0,32789.0,32768.0,32848.0,32768.0,32768.0,32768.0,32789.0,32848.0,32768.0,32849.0,32848.0,32848.0,32848.0,32848.0,32768.0,32789.0,32848.0,32768.0,32849.0,32848.0,32848.0,32848.0,32768.0,32768.0,32768.0,32768.0,32768.0,32768.0,32848.0,32768.0,32768.0,32768.0,32768.0,32849.0,32768.0,32768.0,32768.0,32848.0,32768.0,32768.0,32768.0,32789.0,32848.0,32768.0,32848.0,32849.0,32848.0,32848.0,32848.0,32768.0,32768.0,32768.0,32768.0,32768.0,32848.0,32848.0,32768.0,32768.0,32768.0,32789.0,32848.0,32768.0,32849.0,32848.0,32848.0,32848.0,32848.0,32768.0,32789.0,32848.0,32768.0,32849.0,32848.0,32848.0,32848.0,32768.0,32768.0,32768.0,32768.0,32768.0,32768.0,32848.0,32768.0,32768.0,32768.0,32768.0,32768.0,32768.0,32768.0,4194304.0,23627928.0,0.0,0.0,0.0,262144.0
289,0,1,1300,1300,32768,512,0,0,108,4,48,64,matmulbias_kernel,12739783072325,12739783098063,290,196,561385.0,2018.0,561385.0,0.0,671.0,3139191.0,0.0,0.0,46383605.0,46383605.0,4194304.0,622592.0,0.0,0.0,0.0,0.0,0.0,0.0,0.0,0.0,0.0,0.0,0.0,0.0,0.0,0.0,0.0,0.0,0.0,0.0,0.0,0.0,0.0,0.0,0.0,0.0,0.0,0.0,0.0,0.0,0.0,0.0,0.0,0.0,0.0,0.0,0.0,0.0,0.0,0.0,0.0,0.0,0.0,0.0,0.0,0.0,0.0,0.0,0.0,0.0,0.0,0.0,0.0,0.0,0.0,0.0,0.0,0.0,0.0,0.0,0.0,0.0,0.0,0.0,0.0,0.0,0.0,0.0,0.0,0.0,0.0,0.0,0.0,0.0,0.0,0.0,0.0,0.0,0.0,0.0,0.0,0.0,0.0,0.0,0.0,0.0,0.0,0.0,0.0,0.0,0.0,0.0,0.0,0.0,0.0,0.0,0.0,0.0,0.0,0.0,0.0,0.0,0.0,0.0,0.0,0.0,0.0,0.0,0.0,0.0,0.0,0.0,0.0,0.0,0.0,0.0,0.0,0.0,0.0,0.0,0.0,0.0,0.0,0.0,0.0,0.0,0.0,0.0,0.0,0.0,0.0,0.0,3088.0,3130.0,3130.0,3131.0,3102.0,3100.0,3100.0,3101.0,3100.0,3100.0,3100.0,3106.0,3100.0,3100.0,3100.0,3100.0,3101.0,3100.0,3100.0,3100.0,3100.0,3100.0,3106.0,3116.0,3130.0,3130.0,3130.0,3130.0,3130.0,3131.0,3102.0,3106.0,3106.0,3107.0,3090.0,3116.0,3130.0,3130.0,3130.0,3088.0,3130.0,3130.0,3131.0,3102.0,3100.0,3100.0,3101.0,3100.0,3100.0,3100.0,3089.0,3100.0,3100.0,3092.0,3092.0,3093.0,3092.0,3092.0,3092.0,3092.0,3092.0,3088.0,3104.0,3114.0,3114.0,3114.0,3114.0,3114.0,3115.0,3094.0,3110.0,3122.0,3088.0,3122.0,3122.0,3122.0,3122.0,3123.0,3098.0,3096.0,3096.0,3097.0,3096.0,3088.0,3096.0,3096.0,3096.0,3096.0,3116.0,3130.0,3130.0,3130.0,3130.0,3130.0,3088.0,3131.0,3102.0,3100.0,3100.0,3101.0,3100.0,3100.0,3100.0,3100.0,3100.0,3088.0,3096.0,3096.0,3097.0,3096.0,3096.0,3096.0,3096.0,3096.0,3110.0,3122.0,3098.0,3122.0,3122.0,3122.0,3122.0,3123.0,3098.0,3116.0,3130.0,3130.0,3130.0,3106.0,131072.0,2887008.0,0.0,262272.0,0.0,4096.0
290,0,1,1300,1300,4194304,256,0,0,12,4,32,64,"void at::native::vectorized_elementwise_kernel<4, at::native::FillFunctor<int>, std::array<char*, 1ul> >(int, at::native::FillFunctor<int>, std::array<char*, 1ul>)",12739783495245,12739783537862,291,85,824507.0,1810.0,824507.0,65536.0,2844.0,24091498.0,0.0,0.0,557590789.0,557590789.0,0.0,0.0,262144.0,0.0,0.0,0.0,0.0,0.0,0.0,0.0,0.0,0.0,0.0,0.0,0.0,0.0,0.0,0.0,0.0,0.0,0.0,0.0,0.0,0.0,0.0,0.0,0.0,0.0,0.0,0.0,0.0,0.0,0.0,0.0,0.0,0.0,0.0,0.0,0.0,0.0,0.0,0.0,0.0,0.0,0.0,0.0,0.0,0.0,0.0,0.0,0.0,0.0,0.0,0.0,0.0,0.0,0.0,0.0,0.0,0.0,0.0,0.0,0.0,0.0,0.0,0.0,0.0,0.0,0.0,0.0,0.0,0.0,0.0,0.0,0.0,0.0,0.0,0.0,0.0,0.0,0.0,0.0,0.0,0.0,0.0,0.0,0.0,0.0,0.0,0.0,0.0,0.0,0.0,0.0,0.0,0.0,0.0,0.0,0.0,0.0,0.0,0.0,0.0,0.0,0.0,0.0,0.0,0.0,0.0,0.0,0.0,0.0,0.0,0.0,0.0,0.0,0.0,0.0,0.0,0.0,0.0,0.0,0.0,0.0,0.0,0.0,0.0,0.0,0.0,0.0,0.0,0.0,32788.0,32768.0,32848.0,32768.0,32768.0,32788.0,32768.0,32848.0,32768.0,32849.0,32848.0,32768.0,32848.0,32848.0,32788.0,32768.0,32848.0,32768.0,32849.0,32848.0,32848.0,32848.0,32769.0,32768.0,32768.0,32768.0,32769.0,32768.0,32848.0,32768.0,32768.0,32768.0,32848.0,32768.0,32768.0,32768.0,32768.0,32768.0,32769.0,32768.0,32768.0,32848.0,32768.0,32768.0,32788.0,32768.0,32848.0,32768.0,32849.0,32848.0,32848.0,32848.0,32848.0,32788.0,32768.0,32848.0,32768.0,32849.0,32848.0,32848.0,32848.0,32768.0,32768.0,32768.0,32768.0,32769.0,32768.0,32848.0,32768.0,32768.0,32768.0,32768.0,32849.0,32768.0,32769.0,32768.0,32848.0,32768.0,32768.0,32788.0,32768.0,32848.0,32768.0,32848.0,32849.0,32848.0,32848.0,32848.0,32768.0,32768.0,32768.0,32769.0,32768.0,32848.0,32848.0,32768.0,32768.0,32788.0,32768.0,32848.0,32768.0,32849.0,32848.0,32848.0,32848.0,32848.0,32788.0,32768.0,32848.0,32768.0,32849.0,32848.0,32848.0,32848.0,32768.0,32768.0,32768.0,32768.0,32769.0,32768.0,32848.0,32768.0,32768.0,32768.0,32768.0,32768.0,32769.0,32768.0,4194304.0,23696000.0,0.0,0.0,0.0,262144.0
291,0,1,1300,1300,32768,512,0,0,108,4,48,64,matmulbias_kernel,12739783939533,12739783965152,292,196,562452.0,2018.0,562452.0,0.0,709.0,3138015.0,0.0,0.0,46476134.0,46476134.0,4194304.0,622592.0,0.0,0.0,0.0,0.0,0.0,0.0,0.0,0.0,0.0,0.0,0.0,0.0,0.0,0.0,0.0,0.0,0.0,0.0,0.0,0.0,0.0,0.0,0.0,0.0,0.0,0.0,0.0,0.0,0.0,0.0,0.0,0.0,0.0,0.0,0.0,0.0,0.0,0.0,0.0,0.0,0.0,0.0,0.0,0.0,0.0,0.0,0.0,0.0,0.0,0.0,0.0,0.0,0.0,0.0,0.0,0.0,0.0,0.0,0.0,0.0,0.0,0.0,0.0,0.0,0.0,0.0,0.0,0.0,0.0,0.0,0.0,0.0,0.0,0.0,0.0,0.0,0.0,0.0,0.0,0.0,0.0,0.0,0.0,0.0,0.0,0.0,0.0,0.0,0.0,0.0,0.0,0.0,0.0,0.0,0.0,0.0,0.0,0.0,0.0,0.0,0.0,0.0,0.0,0.0,0.0,0.0,0.0,0.0,0.0,0.0,0.0,0.0,0.0,0.0,0.0,0.0,0.0,0.0,0.0,0.0,0.0,0.0,0.0,0.0,0.0,0.0,0.0,0.0,0.0,0.0,3096.0,3114.0,3114.0,3114.0,3094.0,3092.0,3092.0,3092.0,3092.0,3092.0,3092.0,3122.0,3093.0,3092.0,3100.0,3100.0,3100.0,3100.0,3100.0,3100.0,3101.0,3100.0,3123.0,3116.0,3130.0,3130.0,3131.0,3130.0,3130.0,3130.0,3102.0,3122.0,3122.0,3122.0,3098.0,3104.0,3114.0,3114.0,3115.0,3096.0,3114.0,3114.0,3114.0,3094.0,3092.0,3092.0,3092.0,3092.0,3092.0,3092.0,3096.0,3093.0,3092.0,3096.0,3096.0,3096.0,3096.0,3096.0,3096.0,3097.0,3096.0,3096.0,3110.0,3122.0,3122.0,3123.0,3122.0,3122.0,3122.0,3098.0,3098.0,3106.0,3096.0,3106.0,3107.0,3106.0,3106.0,3106.0,3090.0,3088.0,3088.0,3088.0,3088.0,3096.0,3088.0,3088.0,3089.0,3088.0,3104.0,3114.0,3114.0,3115.0,3114.0,3114.0,3097.0,3114.0,3094.0,3092.0,3092.0,3092.0,3092.0,3092.0,3092.0,3093.0,3092.0,3096.0,3096.0,3096.0,3096.0,3096.0,3096.0,3096.0,3097.0,3096.0,3110.0,3122.0,3110.0,3122.0,3123.0,3122.0,3122.0,3122.0,3098.0,3104.0,3114.0,3114.0,3115.0,3122.0,131072.0,2881077.0,0.0,262272.0,0.0,4096.0
292,0,1,1300,1300,4194304,256,0,0,12,4,32,64,"void at::native::vectorized_elementwise_kernel<4, at::native::FillFunctor<int>, std::array<char*, 1ul> >(int, at::native::FillFunctor<int>, std::array<char*, 1ul>)",12739784357402,12739784399898,293,85,823254.0,1810.0,823254.0,65536.0,2839.0,24098250.0,0.0,0.0,557672594.0,557672594.0,0.0,0.0,262144.0,0.0,0.0,0.0,0.0,0.0,0.0,0.0,0.0,0.0,0.0,0.0,0.0,0.0,0.0,0.0,0.0,0.0,0.0,0.0,0.0,0.0,0.0,0.0,0.0,0.0,0.0,0.0,0.0,0.0,0.0,0.0,0.0,0.0,0.0,0.0,0.0,0.0,0.0,0.0,0.0,0.0,0.0,0.0,0.0,0.0,0.0,0.0,0.0,0.0,0.0,0.0,0.0,0.0,0.0,0.0,0.0,0.0,0.0,0.0,0.0,0.0,0.0,0.0,0.0,0.0,0.0,0.0,0.0,0.0,0.0,0.0,0.0,0.0,0.0,0.0,0.0,0.0,0.0,0.0,0.0,0.0,0.0,0.0,0.0,0.0,0.0,0.0,0.0,0.0,0.0,0.0,0.0,0.0,0.0,0.0,0.0,0.0,0.0,0.0,0.0,0.0,0.0,0.0,0.0,0.0,0.0,0.0,0.0,0.0,0.0,0.0,0.0,0.0,0.0,0.0,0.0,0.0,0.0,0.0,0.0,0.0,0.0,0.0,0.0,0.0,0.0,0.0,0.0,0.0,32768.0,32768.0,32848.0,32768.0,32768.0,32768.0,32768.0,32848.0,32788.0,32848.0,32848.0,32768.0,32848.0,32848.0,32768.0,32768.0,32848.0,32788.0,32848.0,32848.0,32848.0,32848.0,32768.0,32768.0,32768.0,32768.0,32768.0,32768.0,32848.0,32768.0,32768.0,32768.0,32848.0,32768.0,32768.0,32768.0,32768.0,32768.0,32768.0,32768.0,32768.0,32848.0,32768.0,32768.0,32768.0,32768.0,32848.0,32788.0,32848.0,32848.0,32848.0,32848.0,32848.0,32768.0,32768.0,32848.0,32788.0,32848.0,32848.0,32848.0,32848.0,32788.0,32768.0,32768.0,32768.0,32768.0,32768.0,32848.0,32768.0,32768.0,32768.0,32768.0,32848.0,32768.0,32768.0,32768.0,32848.0,32768.0,32768.0,32768.0,32768.0,32848.0,32788.0,32848.0,32848.0,32848.0,32848.0,32848.0,32768.0,32768.0,32768.0,32768.0,32768.0,32848.0,32848.0,32768.0,32768.0,32768.0,32768.0,32848.0,32788.0,32848.0,32848.0,32848.0,32848.0,32848.0,32768.0,32768.0,32848.0,32788.0,32848.0,32848.0,32848.0,32848.0,32768.0,32768.0,32768.0,32768.0,32768.0,32768.0,32848.0,32768.0,32768.0,32768.0,32768.0,32768.0,32768.0,32768.0,4194304.0,23705837.0,0.0,0.0,0.0,262144.0
293,0,1,1300,1300,32768,512,0,0,108,4,48,64,matmulbias_kernel,12739784797882,12739784823620,294,196,565699.0,2018.0,565699.0,0.0,765.0,3123732.0,0.0,0.0,45928928.0,45928928.0,4194304.0,622592.0,0.0,0.0,0.0,0.0,0.0,0.0,0.0,0.0,0.0,0.0,0.0,0.0,0.0,0.0,0.0,0.0,0.0,0.0,0.0,0.0,0.0,0.0,0.0,0.0,0.0,0.0,0.0,0.0,0.0,0.0,0.0,0.0,0.0,0.0,0.0,0.0,0.0,0.0,0.0,0.0,0.0,0.0,0.0,0.0,0.0,0.0,0.0,0.0,0.0,0.0,0.0,0.0,0.0,0.0,0.0,0.0,0.0,0.0,0.0,0.0,0.0,0.0,0.0,0.0,0.0,0.0,0.0,0.0,0.0,0.0,0.0,0.0,0.0,0.0,0.0,0.0,0.0,0.0,0.0,0.0,0.0,0.0,0.0,0.0,0.0,0.0,0.0,0.0,0.0,0.0,0.0,0.0,0.0,0.0,0.0,0.0,0.0,0.0,0.0,0.0,0.0,0.0,0.0,0.0,0.0,0.0,0.0,0.0,0.0,0.0,0.0,0.0,0.0,0.0,0.0,0.0,0.0,0.0,0.0,0.0,0.0,0.0,0.0,0.0,0.0,0.0,0.0,0.0,0.0,0.0,3100.0,3114.0,3114.0,3114.0,3094.0,3092.0,3092.0,3092.0,3092.0,3093.0,3092.0,3130.0,3092.0,3092.0,3104.0,3104.0,3104.0,3104.0,3105.0,3104.0,3104.0,3104.0,3130.0,3122.0,3139.0,3138.0,3138.0,3138.0,3138.0,3138.0,3106.0,3130.0,3130.0,3130.0,3102.0,3110.0,3123.0,3122.0,3122.0,3100.0,3122.0,3122.0,3122.0,3098.0,3096.0,3096.0,3096.0,3096.0,3097.0,3096.0,3100.0,3096.0,3096.0,3100.0,3100.0,3100.0,3100.0,3101.0,3100.0,3100.0,3100.0,3100.0,3116.0,3131.0,3130.0,3130.0,3130.0,3130.0,3130.0,3102.0,3104.0,3115.0,3101.0,3114.0,3114.0,3114.0,3114.0,3114.0,3094.0,3092.0,3092.0,3092.0,3092.0,3100.0,3093.0,3092.0,3092.0,3092.0,3110.0,3123.0,3122.0,3122.0,3122.0,3122.0,3100.0,3122.0,3098.0,3096.0,3096.0,3096.0,3096.0,3097.0,3096.0,3096.0,3096.0,3100.0,3100.0,3100.0,3100.0,3100.0,3101.0,3100.0,3100.0,3100.0,3116.0,3131.0,3116.0,3130.0,3130.0,3130.0,3130.0,3130.0,3102.0,3104.0,3115.0,3114.0,3114.0,3131.0,131072.0,2863711.0,0.0,262272.0,0.0,4096.0
294,0,1,1300,1300,4194304,256,0,0,12,4,32,64,"void at::native::vectorized_elementwise_kernel<4, at::native::FillFunctor<int>, std::array<char*, 1ul> >(int, at::native::FillFunctor<int>, std::array<char*, 1ul>)",12739785230384,12739785272880,295,85,828708.0,1810.0,828708.0,65536.0,2887.0,24082246.0,0.0,0.0,557996011.0,557996011.0,0.0,0.0,262144.0,0.0,0.0,0.0,0.0,0.0,0.0,0.0,0.0,0.0,0.0,0.0,0.0,0.0,0.0,0.0,0.0,0.0,0.0,0.0,0.0,0.0,0.0,0.0,0.0,0.0,0.0,0.0,0.0,0.0,0.0,0.0,0.0,0.0,0.0,0.0,0.0,0.0,0.0,0.0,0.0,0.0,0.0,0.0,0.0,0.0,0.0,0.0,0.0,0.0,0.0,0.0,0.0,0.0,0.0,0.0,0.0,0.0,0.0,0.0,0.0,0.0,0.0,0.0,0.0,0.0,0.0,0.0,0.0,0.0,0.0,0.0,0.0,0.0,0.0,0.0,0.0,0.0,0.0,0.0,0.0,0.0,0.0,0.0,0.0,0.0,0.0,0.0,0.0,0.0,0.0,0.0,0.0,0.0,0.0,0.0,0.0,0.0,0.0,0.0,0.0,0.0,0.0,0.0,0.0,0.0,0.0,0.0,0.0,0.0,0.0,0.0,0.0,0.0,0.0,0.0,0.0,0.0,0.0,0.0,0.0,0.0,0.0,0.0,0.0,0.0,0.0,0.0,0.0,0.0,32768.0,32768.0,32848.0,32768.0,32768.0,32768.0,32768.0,32869.0,32768.0,32848.0,32848.0,32768.0,32848.0,32848.0,32768.0,32768.0,32869.0,32768.0,32848.0,32848.0,32848.0,32848.0,32768.0,32769.0,32768.0,32768.0,32768.0,32768.0,32848.0,32768.0,32768.0,32768.0,32848.0,32768.0,32768.0,32769.0,32768.0,32768.0,32768.0,32768.0,32768.0,32848.0,32768.0,32768.0,32768.0,32768.0,32869.0,32768.0,32848.0,32848.0,32869.0,32848.0,32848.0,32768.0,32768.0,32869.0,32768.0,32848.0,32848.0,32848.0,32848.0,32768.0,32769.0,32768.0,32768.0,32768.0,32768.0,32848.0,32768.0,32768.0,32769.0,32768.0,32848.0,32768.0,32768.0,32768.0,32848.0,32768.0,32768.0,32768.0,32768.0,32869.0,32768.0,32848.0,32848.0,32848.0,32848.0,32848.0,32769.0,32768.0,32768.0,32768.0,32768.0,32848.0,32848.0,32768.0,32768.0,32768.0,32768.0,32869.0,32768.0,32848.0,32848.0,32848.0,32848.0,32848.0,32768.0,32768.0,32869.0,32768.0,32848.0,32848.0,32848.0,32848.0,32769.0,32768.0,32769.0,32768.0,32768.0,32768.0,32848.0,32768.0,32768.0,32769.0,32768.0,32768.0,32768.0,32768.0,4194304.0,23739432.0,0.0,0.0,0.0,262144.0
295,0,1,1300,1300,32768,512,0,0,108,4,48,64,matmulbias_kernel,12739785670904,12739785696562,296,196,550049.0,2018.0,550049.0,0.0,758.0,3117692.0,0.0,0.0,45616473.0,45616473.0,4194304.0,622592.0,0.0,0.0,0.0,0.0,0.0,0.0,0.0,0.0,0.0,0.0,0.0,0.0,0.0,0.0,0.0,0.0,0.0,0.0,0.0,0.0,0.0,0.0,0.0,0.0,0.0,0.0,0.0,0.0,0.0,0.0,0.0,0.0,0.0,0.0,0.0,0.0,0.0,0.0,0.0,0.0,0.0,0.0,0.0,0.0,0.0,0.0,0.0,0.0,0.0,0.0,0.0,0.0,0.0,0.0,0.0,0.0,0.0,0.0,0.0,0.0,0.0,0.0,0.0,0.0,0.0,0.0,0.0,0.0,0.0,0.0,0.0,0.0,0.0,0.0,0.0,0.0,0.0,0.0,0.0,0.0,0.0,0.0,0.0,0.0,0.0,0.0,0.0,0.0,0.0,0.0,0.0,0.0,0.0,0.0,0.0,0.0,0.0,0.0,0.0,0.0,0.0,0.0,0.0,0.0,0.0,0.0,0.0,0.0,0.0,0.0,0.0,0.0,0.0,0.0,0.0,0.0,0.0,0.0,0.0,0.0,0.0,0.0,0.0,0.0,0.0,0.0,0.0,0.0,0.0,0.0,3092.0,3114.0,3114.0,3114.0,3095.0,3092.0,3092.0,3092.0,3092.0,3093.0,3092.0,3114.0,3092.0,3092.0,3096.0,3096.0,3096.0,3096.0,3097.0,3096.0,3096.0,3096.0,3114.0,3110.0,3122.0,3122.0,3122.0,3122.0,3122.0,3122.0,3099.0,3114.0,3114.0,3114.0,3095.0,3116.0,3130.0,3130.0,3130.0,3092.0,3130.0,3130.0,3130.0,3103.0,3100.0,3100.0,3100.0,3100.0,3101.0,3100.0,3092.0,3100.0,3100.0,3100.0,3100.0,3100.0,3100.0,3101.0,3100.0,3100.0,3100.0,3092.0,3116.0,3130.0,3130.0,3130.0,3130.0,3130.0,3130.0,3103.0,3110.0,3122.0,3093.0,3122.0,3122.0,3122.0,3122.0,3122.0,3099.0,3096.0,3096.0,3096.0,3096.0,3092.0,3097.0,3096.0,3096.0,3096.0,3104.0,3114.0,3114.0,3114.0,3114.0,3114.0,3092.0,3114.0,3095.0,3092.0,3092.0,3092.0,3092.0,3093.0,3092.0,3092.0,3092.0,3092.0,3096.0,3096.0,3096.0,3096.0,3097.0,3096.0,3096.0,3096.0,3110.0,3122.0,3104.0,3122.0,3122.0,3122.0,3122.0,3122.0,3099.0,3104.0,3114.0,3114.0,3114.0,3114.0,131072.0,2853608.0,0.0,262272.0,0.0,4096.0
296,0,1,1300,1300,4194304,256,0,0,12,4,32,64,"void at::native::vectorized_elementwise_kernel<4, at::native::FillFunctor<int>, std::array<char*, 1ul> >(int, at::native::FillFunctor<int>, std::array<char*, 1ul>)",12739786094585,12739786137483,297,85,828904.0,1810.0,828904.0,65536.0,2911.0,23991940.0,0.0,0.0,555824314.0,555824314.0,0.0,0.0,262144.0,0.0,0.0,0.0,0.0,0.0,0.0,0.0,0.0,0.0,0.0,0.0,0.0,0.0,0.0,0.0,0.0,0.0,0.0,0.0,0.0,0.0,0.0,0.0,0.0,0.0,0.0,0.0,0.0,0.0,0.0,0.0,0.0,0.0,0.0,0.0,0.0,0.0,0.0,0.0,0.0,0.0,0.0,0.0,0.0,0.0,0.0,0.0,0.0,0.0,0.0,0.0,0.0,0.0,0.0,0.0,0.0,0.0,0.0,0.0,0.0,0.0,0.0,0.0,0.0,0.0,0.0,0.0,0.0,0.0,0.0,0.0,0.0,0.0,0.0,0.0,0.0,0.0,0.0,0.0,0.0,0.0,0.0,0.0,0.0,0.0,0.0,0.0,0.0,0.0,0.0,0.0,0.0,0.0,0.0,0.0,0.0,0.0,0.0,0.0,0.0,0.0,0.0,0.0,0.0,0.0,0.0,0.0,0.0,0.0,0.0,0.0,0.0,0.0,0.0,0.0,0.0,0.0,0.0,0.0,0.0,0.0,0.0,0.0,0.0,0.0,0.0,0.0,0.0,0.0,32768.0,32768.0,32848.0,32768.0,32768.0,32768.0,32768.0,32848.0,32768.0,32849.0,32868.0,32768.0,32848.0,32848.0,32768.0,32768.0,32848.0,32768.0,32849.0,32868.0,32848.0,32848.0,32769.0,32768.0,32768.0,32768.0,32769.0,32768.0,32848.0,32768.0,32768.0,32768.0,32848.0,32768.0,32768.0,32768.0,32768.0,32768.0,32769.0,32768.0,32768.0,32848.0,32768.0,32768.0,32768.0,32768.0,32848.0,32768.0,32849.0,32868.0,32848.0,32848.0,32848.0,32768.0,32768.0,32848.0,32768.0,32849.0,32868.0,32848.0,32848.0,32768.0,32768.0,32768.0,32768.0,32769.0,32768.0,32848.0,32768.0,32768.0,32768.0,32768.0,32849.0,32768.0,32769.0,32768.0,32848.0,32768.0,32768.0,32768.0,32768.0,32848.0,32768.0,32868.0,32849.0,32868.0,32848.0,32848.0,32768.0,32768.0,32768.0,32769.0,32768.0,32848.0,32848.0,32768.0,32768.0,32768.0,32768.0,32848.0,32768.0,32849.0,32868.0,32848.0,32848.0,32848.0,32768.0,32768.0,32848.0,32768.0,32849.0,32868.0,32848.0,32848.0,32768.0,32768.0,32768.0,32768.0,32769.0,32768.0,32848.0,32768.0,32768.0,32768.0,32768.0,32768.0,32769.0,32768.0,4194304.0,23640446.0,0.0,0.0,0.0,262144.0
297,0,1,1300,1300,32768,512,0,0,108,4,48,64,matmulbias_kernel,12739786535907,12739786561646,298,196,555802.0,2018.0,555802.0,0.0,682.0,3118953.0,0.0,0.0,46034670.0,46034670.0,4194304.0,622592.0,0.0,0.0,0.0,0.0,0.0,0.0,0.0,0.0,0.0,0.0,0.0,0.0,0.0,0.0,0.0,0.0,0.0,0.0,0.0,0.0,0.0,0.0,0.0,0.0,0.0,0.0,0.0,0.0,0.0,0.0,0.0,0.0,0.0,0.0,0.0,0.0,0.0,0.0,0.0,0.0,0.0,0.0,0.0,0.0,0.0,0.0,0.0,0.0,0.0,0.0,0.0,0.0,0.0,0.0,0.0,0.0,0.0,0.0,0.0,0.0,0.0,0.0,0.0,0.0,0.0,0.0,0.0,0.0,0.0,0.0,0.0,0.0,0.0,0.0,0.0,0.0,0.0,0.0,0.0,0.0,0.0,0.0,0.0,0.0,0.0,0.0,0.0,0.0,0.0,0.0,0.0,0.0,0.0,0.0,0.0,0.0,0.0,0.0,0.0,0.0,0.0,0.0,0.0,0.0,0.0,0.0,0.0,0.0,0.0,0.0,0.0,0.0,0.0,0.0,0.0,0.0,0.0,0.0,0.0,0.0,0.0,0.0,0.0,0.0,0.0,0.0,0.0,0.0,0.0,0.0,3104.0,3114.0,3115.0,3114.0,3094.0,3092.0,3092.0,3092.0,3092.0,3093.0,3092.0,3138.0,3092.0,3092.0,3100.0,3100.0,3100.0,3100.0,3101.0,3100.0,3100.0,3100.0,3138.0,3116.0,3130.0,3130.0,3130.0,3130.0,3131.0,3130.0,3102.0,3138.0,3139.0,3138.0,3106.0,3116.0,3130.0,3130.0,3130.0,3104.0,3130.0,3131.0,3130.0,3102.0,3100.0,3100.0,3100.0,3100.0,3101.0,3100.0,3104.0,3100.0,3100.0,3088.0,3088.0,3088.0,3088.0,3089.0,3088.0,3088.0,3088.0,3104.0,3098.0,3106.0,3106.0,3106.0,3106.0,3107.0,3106.0,3090.0,3116.0,3130.0,3105.0,3130.0,3130.0,3130.0,3131.0,3130.0,3102.0,3100.0,3100.0,3100.0,3100.0,3104.0,3101.0,3100.0,3100.0,3100.0,3104.0,3114.0,3114.0,3114.0,3114.0,3115.0,3104.0,3114.0,3094.0,3092.0,3092.0,3092.0,3092.0,3093.0,3092.0,3092.0,3092.0,3104.0,3096.0,3096.0,3096.0,3096.0,3097.0,3096.0,3096.0,3096.0,3110.0,3122.0,3122.0,3122.0,3122.0,3122.0,3123.0,3122.0,3098.0,3104.0,3114.0,3114.0,3114.0,3138.0,131072.0,2869644.0,0.0,262272.0,0.0,4096.0
298,0,1,1300,1300,4194304,256,0,0,12,4,32,64,"void at::native::vectorized_elementwise_kernel<4, at::native::FillFunctor<int>, std::array<char*, 1ul> >(int, at::native::FillFunctor<int>, std::array<char*, 1ul>)",12739786957705,12739787000281,299,85,841373.0,1810.0,841373.0,65536.0,2866.0,24022408.0,0.0,0.0,556966315.0,556966315.0,0.0,0.0,262144.0,0.0,0.0,0.0,0.0,0.0,0.0,0.0,0.0,0.0,0.0,0.0,0.0,0.0,0.0,0.0,0.0,0.0,0.0,0.0,0.0,0.0,0.0,0.0,0.0,0.0,0.0,0.0,0.0,0.0,0.0,0.0,0.0,0.0,0.0,0.0,0.0,0.0,0.0,0.0,0.0,0.0,0.0,0.0,0.0,0.0,0.0,0.0,0.0,0.0,0.0,0.0,0.0,0.0,0.0,0.0,0.0,0.0,0.0,0.0,0.0,0.0,0.0,0.0,0.0,0.0,0.0,0.0,0.0,0.0,0.0,0.0,0.0,0.0,0.0,0.0,0.0,0.0,0.0,0.0,0.0,0.0,0.0,0.0,0.0,0.0,0.0,0.0,0.0,0.0,0.0,0.0,0.0,0.0,0.0,0.0,0.0,0.0,0.0,0.0,0.0,0.0,0.0,0.0,0.0,0.0,0.0,0.0,0.0,0.0,0.0,0.0,0.0,0.0,0.0,0.0,0.0,0.0,0.0,0.0,0.0,0.0,0.0,0.0,0.0,0.0,0.0,0.0,0.0,0.0,32768.0,32768.0,32848.0,32768.0,32768.0,32768.0,32768.0,32849.0,32768.0,32868.0,32848.0,32769.0,32848.0,32848.0,32768.0,32768.0,32849.0,32768.0,32868.0,32848.0,32848.0,32848.0,32768.0,32768.0,32768.0,32769.0,32768.0,32768.0,32848.0,32768.0,32768.0,32768.0,32848.0,32768.0,32768.0,32768.0,32768.0,32769.0,32768.0,32768.0,32768.0,32848.0,32768.0,32768.0,32768.0,32768.0,32849.0,32768.0,32868.0,32848.0,32849.0,32848.0,32848.0,32768.0,32768.0,32849.0,32768.0,32868.0,32848.0,32848.0,32848.0,32768.0,32768.0,32768.0,32769.0,32768.0,32768.0,32848.0,32768.0,32768.0,32768.0,32768.0,32868.0,32769.0,32768.0,32768.0,32848.0,32768.0,32768.0,32768.0,32768.0,32849.0,32768.0,32848.0,32868.0,32848.0,32848.0,32848.0,32768.0,32768.0,32769.0,32768.0,32768.0,32848.0,32848.0,32768.0,32768.0,32768.0,32768.0,32849.0,32768.0,32868.0,32848.0,32848.0,32848.0,32848.0,32768.0,32768.0,32849.0,32768.0,32868.0,32848.0,32848.0,32848.0,32768.0,32768.0,32768.0,32769.0,32768.0,32768.0,32848.0,32768.0,32768.0,32768.0,32768.0,32769.0,32768.0,32768.0,4194304.0,23679935.0,0.0,0.0,0.0,262144.0
299,0,1,1300,1300,32768,512,0,0,108,4,48,64,matmulbias_kernel,12739787400229,12739787425847,300,196,552067.0,2018.0,552067.0,0.0,731.0,3161764.0,0.0,0.0,47007446.0,47007446.0,4194304.0,622592.0,0.0,0.0,0.0,0.0,0.0,0.0,0.0,0.0,0.0,0.0,0.0,0.0,0.0,0.0,0.0,0.0,0.0,0.0,0.0,0.0,0.0,0.0,0.0,0.0,0.0,0.0,0.0,0.0,0.0,0.0,0.0,0.0,0.0,0.0,0.0,0.0,0.0,0.0,0.0,0.0,0.0,0.0,0.0,0.0,0.0,0.0,0.0,0.0,0.0,0.0,0.0,0.0,0.0,0.0,0.0,0.0,0.0,0.0,0.0,0.0,0.0,0.0,0.0,0.0,0.0,0.0,0.0,0.0,0.0,0.0,0.0,0.0,0.0,0.0,0.0,0.0,0.0,0.0,0.0,0.0,0.0,0.0,0.0,0.0,0.0,0.0,0.0,0.0,0.0,0.0,0.0,0.0,0.0,0.0,0.0,0.0,0.0,0.0,0.0,0.0,0.0,0.0,0.0,0.0,0.0,0.0,0.0,0.0,0.0,0.0,0.0,0.0,0.0,0.0,0.0,0.0,0.0,0.0,0.0,0.0,0.0,0.0,0.0,0.0,0.0,0.0,0.0,0.0,0.0,0.0,3096.0,3122.0,3123.0,3122.0,3098.0,3096.0,3096.0,3096.0,3096.0,3097.0,3096.0,3122.0,3096.0,3096.0,3096.0,3096.0,3096.0,3096.0,3097.0,3096.0,3096.0,3096.0,3122.0,3110.0,3122.0,3122.0,3122.0,3122.0,3123.0,3122.0,3098.0,3122.0,3123.0,3122.0,3098.0,3116.0,3130.0,3130.0,3130.0,3096.0,3130.0,3131.0,3130.0,3102.0,3100.0,3100.0,3100.0,3100.0,3101.0,3100.0,3096.0,3100.0,3100.0,3096.0,3096.0,3096.0,3096.0,3097.0,3096.0,3096.0,3096.0,3096.0,3110.0,3122.0,3122.0,3122.0,3122.0,3123.0,3122.0,3098.0,3104.0,3114.0,3097.0,3114.0,3114.0,3114.0,3115.0,3114.0,3094.0,3092.0,3092.0,3092.0,3092.0,3096.0,3093.0,3092.0,3092.0,3092.0,3110.0,3122.0,3122.0,3122.0,3122.0,3123.0,3096.0,3122.0,3098.0,3096.0,3096.0,3096.0,3096.0,3097.0,3096.0,3096.0,3096.0,3096.0,3100.0,3100.0,3100.0,3100.0,3101.0,3100.0,3100.0,3100.0,3116.0,3130.0,3110.0,3130.0,3130.0,3130.0,3131.0,3130.0,3102.0,3110.0,3122.0,3122.0,3122.0,3122.0,131072.0,2890142.0,0.0,262272.0,0.0,4096.0
300,0,1,1300,1300,4194304,256,0,0,12,4,32,64,"void at::native::vectorized_elementwise_kernel<4, at::native::FillFunctor<int>, std::array<char*, 1ul> >(int, at::native::FillFunctor<int>, std::array<char*, 1ul>)",12739787822187,12739787864844,301,85,834058.0,1810.0,834058.0,65536.0,3144.0,23935634.0,0.0,0.0,554933729.0,554933729.0,0.0,0.0,262144.0,0.0,0.0,0.0,0.0,0.0,0.0,0.0,0.0,0.0,0.0,0.0,0.0,0.0,0.0,0.0,0.0,0.0,0.0,0.0,0.0,0.0,0.0,0.0,0.0,0.0,0.0,0.0,0.0,0.0,0.0,0.0,0.0,0.0,0.0,0.0,0.0,0.0,0.0,0.0,0.0,0.0,0.0,0.0,0.0,0.0,0.0,0.0,0.0,0.0,0.0,0.0,0.0,0.0,0.0,0.0,0.0,0.0,0.0,0.0,0.0,0.0,0.0,0.0,0.0,0.0,0.0,0.0,0.0,0.0,0.0,0.0,0.0,0.0,0.0,0.0,0.0,0.0,0.0,0.0,0.0,0.0,0.0,0.0,0.0,0.0,0.0,0.0,0.0,0.0,0.0,0.0,0.0,0.0,0.0,0.0,0.0,0.0,0.0,0.0,0.0,0.0,0.0,0.0,0.0,0.0,0.0,0.0,0.0,0.0,0.0,0.0,0.0,0.0,0.0,0.0,0.0,0.0,0.0,0.0,0.0,0.0,0.0,0.0,0.0,0.0,0.0,0.0,0.0,0.0,32769.0,32768.0,32848.0,32768.0,32769.0,32769.0,32768.0,32848.0,32768.0,32848.0,32848.0,32768.0,32848.0,32868.0,32769.0,32768.0,32848.0,32768.0,32848.0,32848.0,32848.0,32868.0,32768.0,32768.0,32768.0,32768.0,32768.0,32768.0,32848.0,32768.0,32769.0,32768.0,32848.0,32768.0,32769.0,32768.0,32768.0,32768.0,32768.0,32768.0,32768.0,32848.0,32768.0,32769.0,32769.0,32768.0,32848.0,32768.0,32848.0,32848.0,32848.0,32848.0,32868.0,32769.0,32768.0,32848.0,32768.0,32848.0,32848.0,32848.0,32868.0,32768.0,32768.0,32768.0,32768.0,32768.0,32768.0,32848.0,32768.0,32769.0,32768.0,32768.0,32848.0,32768.0,32768.0,32768.0,32848.0,32768.0,32769.0,32769.0,32768.0,32848.0,32768.0,32848.0,32848.0,32848.0,32848.0,32868.0,32768.0,32768.0,32768.0,32768.0,32768.0,32848.0,32848.0,32768.0,32769.0,32769.0,32768.0,32848.0,32768.0,32848.0,32848.0,32848.0,32868.0,32868.0,32769.0,32768.0,32848.0,32768.0,32848.0,32848.0,32848.0,32868.0,32768.0,32768.0,32768.0,32768.0,32768.0,32768.0,32848.0,32768.0,32769.0,32768.0,32768.0,32768.0,32768.0,32768.0,4194304.0,23598180.0,0.0,0.0,0.0,262144.0
301,0,1,1300,1300,32768,512,0,0,108,4,48,64,matmulbias_kernel,12739788265794,12739788291212,302,196,547966.0,2018.0,547966.0,0.0,723.0,3122276.0,0.0,0.0,45981589.0,45981589.0,4194304.0,622592.0,0.0,0.0,0.0,0.0,0.0,0.0,0.0,0.0,0.0,0.0,0.0,0.0,0.0,0.0,0.0,0.0,0.0,0.0,0.0,0.0,0.0,0.0,0.0,0.0,0.0,0.0,0.0,0.0,0.0,0.0,0.0,0.0,0.0,0.0,0.0,0.0,0.0,0.0,0.0,0.0,0.0,0.0,0.0,0.0,0.0,0.0,0.0,0.0,0.0,0.0,0.0,0.0,0.0,0.0,0.0,0.0,0.0,0.0,0.0,0.0,0.0,0.0,0.0,0.0,0.0,0.0,0.0,0.0,0.0,0.0,0.0,0.0,0.0,0.0,0.0,0.0,0.0,0.0,0.0,0.0,0.0,0.0,0.0,0.0,0.0,0.0,0.0,0.0,0.0,0.0,0.0,0.0,0.0,0.0,0.0,0.0,0.0,0.0,0.0,0.0,0.0,0.0,0.0,0.0,0.0,0.0,0.0,0.0,0.0,0.0,0.0,0.0,0.0,0.0,0.0,0.0,0.0,0.0,0.0,0.0,0.0,0.0,0.0,0.0,0.0,0.0,0.0,0.0,0.0,0.0,3100.0,3122.0,3122.0,3122.0,3099.0,3096.0,3096.0,3096.0,3096.0,3097.0,3096.0,3130.0,3096.0,3096.0,3088.0,3088.0,3088.0,3088.0,3089.0,3088.0,3088.0,3088.0,3130.0,3098.0,3106.0,3106.0,3106.0,3106.0,3106.0,3106.0,3091.0,3130.0,3130.0,3130.0,3103.0,3116.0,3130.0,3130.0,3130.0,3100.0,3130.0,3130.0,3130.0,3103.0,3100.0,3100.0,3100.0,3100.0,3101.0,3100.0,3100.0,3100.0,3100.0,3088.0,3088.0,3088.0,3088.0,3089.0,3088.0,3088.0,3088.0,3100.0,3098.0,3106.0,3106.0,3106.0,3106.0,3106.0,3106.0,3091.0,3110.0,3122.0,3101.0,3122.0,3122.0,3122.0,3122.0,3122.0,3099.0,3096.0,3096.0,3096.0,3096.0,3100.0,3097.0,3096.0,3096.0,3096.0,3116.0,3130.0,3130.0,3130.0,3130.0,3130.0,3100.0,3130.0,3103.0,3100.0,3100.0,3100.0,3100.0,3101.0,3100.0,3100.0,3100.0,3100.0,3096.0,3096.0,3096.0,3096.0,3097.0,3096.0,3096.0,3096.0,3110.0,3122.0,3116.0,3122.0,3122.0,3122.0,3122.0,3122.0,3099.0,3110.0,3122.0,3122.0,3122.0,3130.0,131072.0,2868133.0,0.0,262272.0,0.0,4096.0
302,0,1,1300,1300,4194304,256,0,0,12,4,32,64,"void at::native::vectorized_elementwise_kernel<4, at::native::FillFunctor<int>, std::array<char*, 1ul> >(int, at::native::FillFunctor<int>, std::array<char*, 1ul>)",12739788683703,12739788726159,303,85,830804.0,1810.0,830804.0,65536.0,2846.0,24007628.0,0.0,0.0,556474643.0,556474643.0,0.0,0.0,262144.0,0.0,0.0,0.0,0.0,0.0,0.0,0.0,0.0,0.0,0.0,0.0,0.0,0.0,0.0,0.0,0.0,0.0,0.0,0.0,0.0,0.0,0.0,0.0,0.0,0.0,0.0,0.0,0.0,0.0,0.0,0.0,0.0,0.0,0.0,0.0,0.0,0.0,0.0,0.0,0.0,0.0,0.0,0.0,0.0,0.0,0.0,0.0,0.0,0.0,0.0,0.0,0.0,0.0,0.0,0.0,0.0,0.0,0.0,0.0,0.0,0.0,0.0,0.0,0.0,0.0,0.0,0.0,0.0,0.0,0.0,0.0,0.0,0.0,0.0,0.0,0.0,0.0,0.0,0.0,0.0,0.0,0.0,0.0,0.0,0.0,0.0,0.0,0.0,0.0,0.0,0.0,0.0,0.0,0.0,0.0,0.0,0.0,0.0,0.0,0.0,0.0,0.0,0.0,0.0,0.0,0.0,0.0,0.0,0.0,0.0,0.0,0.0,0.0,0.0,0.0,0.0,0.0,0.0,0.0,0.0,0.0,0.0,0.0,0.0,0.0,0.0,0.0,0.0,0.0,32769.0,32768.0,32848.0,32768.0,32768.0,32769.0,32768.0,32849.0,32768.0,32848.0,32848.0,32768.0,32868.0,32848.0,32769.0,32768.0,32849.0,32768.0,32848.0,32848.0,32868.0,32848.0,32768.0,32768.0,32768.0,32768.0,32768.0,32768.0,32848.0,32768.0,32768.0,32768.0,32848.0,32768.0,32768.0,32768.0,32768.0,32768.0,32768.0,32768.0,32768.0,32848.0,32768.0,32768.0,32769.0,32768.0,32849.0,32768.0,32848.0,32848.0,32849.0,32868.0,32848.0,32769.0,32768.0,32849.0,32768.0,32848.0,32848.0,32868.0,32848.0,32768.0,32768.0,32768.0,32768.0,32768.0,32768.0,32848.0,32768.0,32768.0,32768.0,32768.0,32848.0,32768.0,32768.0,32768.0,32848.0,32768.0,32768.0,32769.0,32768.0,32849.0,32768.0,32848.0,32848.0,32848.0,32868.0,32848.0,32768.0,32768.0,32768.0,32768.0,32768.0,32848.0,32868.0,32768.0,32768.0,32769.0,32768.0,32849.0,32768.0,32848.0,32848.0,32868.0,32848.0,32848.0,32769.0,32768.0,32849.0,32768.0,32848.0,32848.0,32868.0,32848.0,32768.0,32768.0,32768.0,32768.0,32768.0,32768.0,32848.0,32768.0,32768.0,32768.0,32768.0,32768.0,32768.0,32768.0,4194304.0,23658136.0,0.0,0.0,0.0,262144.0
303,0,1,1300,1300,32768,512,0,0,108,4,48,64,matmulbias_kernel,12739789125867,12739789151525,304,196,549066.0,2018.0,549066.0,0.0,763.0,3135710.0,0.0,0.0,46455377.0,46455377.0,4194304.0,622592.0,0.0,0.0,0.0,0.0,0.0,0.0,0.0,0.0,0.0,0.0,0.0,0.0,0.0,0.0,0.0,0.0,0.0,0.0,0.0,0.0,0.0,0.0,0.0,0.0,0.0,0.0,0.0,0.0,0.0,0.0,0.0,0.0,0.0,0.0,0.0,0.0,0.0,0.0,0.0,0.0,0.0,0.0,0.0,0.0,0.0,0.0,0.0,0.0,0.0,0.0,0.0,0.0,0.0,0.0,0.0,0.0,0.0,0.0,0.0,0.0,0.0,0.0,0.0,0.0,0.0,0.0,0.0,0.0,0.0,0.0,0.0,0.0,0.0,0.0,0.0,0.0,0.0,0.0,0.0,0.0,0.0,0.0,0.0,0.0,0.0,0.0,0.0,0.0,0.0,0.0,0.0,0.0,0.0,0.0,0.0,0.0,0.0,0.0,0.0,0.0,0.0,0.0,0.0,0.0,0.0,0.0,0.0,0.0,0.0,0.0,0.0,0.0,0.0,0.0,0.0,0.0,0.0,0.0,0.0,0.0,0.0,0.0,0.0,0.0,0.0,0.0,0.0,0.0,0.0,0.0,3100.0,3130.0,3130.0,3130.0,3102.0,3100.0,3100.0,3100.0,3100.0,3101.0,3100.0,3130.0,3100.0,3100.0,3096.0,3096.0,3096.0,3096.0,3097.0,3096.0,3096.0,3096.0,3130.0,3110.0,3123.0,3122.0,3122.0,3122.0,3122.0,3122.0,3098.0,3130.0,3130.0,3130.0,3102.0,3110.0,3123.0,3122.0,3122.0,3100.0,3122.0,3122.0,3122.0,3098.0,3096.0,3096.0,3096.0,3096.0,3097.0,3096.0,3100.0,3096.0,3096.0,3100.0,3100.0,3100.0,3100.0,3101.0,3100.0,3100.0,3100.0,3100.0,3116.0,3131.0,3130.0,3130.0,3130.0,3130.0,3130.0,3102.0,3116.0,3131.0,3101.0,3130.0,3130.0,3130.0,3130.0,3130.0,3102.0,3100.0,3100.0,3100.0,3100.0,3100.0,3101.0,3100.0,3100.0,3100.0,3110.0,3123.0,3122.0,3122.0,3122.0,3122.0,3100.0,3122.0,3098.0,3096.0,3096.0,3096.0,3096.0,3097.0,3096.0,3096.0,3096.0,3100.0,3096.0,3096.0,3096.0,3096.0,3097.0,3096.0,3096.0,3096.0,3110.0,3123.0,3116.0,3122.0,3122.0,3122.0,3122.0,3122.0,3098.0,3116.0,3131.0,3130.0,3130.0,3131.0,131072.0,2870827.0,0.0,262272.0,0.0,4096.0
304,0,1,1300,1300,4194304,256,0,0,12,4,32,64,"void at::native::vectorized_elementwise_kernel<4, at::native::FillFunctor<int>, std::array<char*, 1ul> >(int, at::native::FillFunctor<int>, std::array<char*, 1ul>)",12739789549749,12739789592165,305,85,828653.0,1810.0,828653.0,65536.0,2878.0,23986224.0,0.0,0.0,554973245.0,554973245.0,0.0,0.0,262144.0,0.0,0.0,0.0,0.0,0.0,0.0,0.0,0.0,0.0,0.0,0.0,0.0,0.0,0.0,0.0,0.0,0.0,0.0,0.0,0.0,0.0,0.0,0.0,0.0,0.0,0.0,0.0,0.0,0.0,0.0,0.0,0.0,0.0,0.0,0.0,0.0,0.0,0.0,0.0,0.0,0.0,0.0,0.0,0.0,0.0,0.0,0.0,0.0,0.0,0.0,0.0,0.0,0.0,0.0,0.0,0.0,0.0,0.0,0.0,0.0,0.0,0.0,0.0,0.0,0.0,0.0,0.0,0.0,0.0,0.0,0.0,0.0,0.0,0.0,0.0,0.0,0.0,0.0,0.0,0.0,0.0,0.0,0.0,0.0,0.0,0.0,0.0,0.0,0.0,0.0,0.0,0.0,0.0,0.0,0.0,0.0,0.0,0.0,0.0,0.0,0.0,0.0,0.0,0.0,0.0,0.0,0.0,0.0,0.0,0.0,0.0,0.0,0.0,0.0,0.0,0.0,0.0,0.0,0.0,0.0,0.0,0.0,0.0,0.0,0.0,0.0,0.0,0.0,0.0,32768.0,32768.0,32868.0,32768.0,32768.0,32768.0,32768.0,32849.0,32768.0,32848.0,32848.0,32768.0,32848.0,32848.0,32768.0,32768.0,32849.0,32768.0,32848.0,32848.0,32848.0,32848.0,32768.0,32768.0,32769.0,32768.0,32768.0,32768.0,32868.0,32768.0,32768.0,32768.0,32868.0,32768.0,32768.0,32768.0,32769.0,32768.0,32768.0,32768.0,32768.0,32868.0,32768.0,32768.0,32768.0,32768.0,32849.0,32768.0,32848.0,32848.0,32849.0,32848.0,32848.0,32768.0,32768.0,32849.0,32768.0,32848.0,32848.0,32848.0,32848.0,32768.0,32768.0,32769.0,32768.0,32768.0,32768.0,32868.0,32768.0,32768.0,32768.0,32769.0,32848.0,32768.0,32768.0,32768.0,32868.0,32768.0,32768.0,32768.0,32768.0,32849.0,32768.0,32848.0,32848.0,32848.0,32848.0,32848.0,32768.0,32769.0,32768.0,32768.0,32768.0,32868.0,32848.0,32768.0,32768.0,32768.0,32768.0,32849.0,32768.0,32848.0,32848.0,32848.0,32848.0,32848.0,32768.0,32768.0,32849.0,32768.0,32848.0,32848.0,32848.0,32848.0,32768.0,32769.0,32768.0,32768.0,32768.0,32768.0,32868.0,32768.0,32768.0,32768.0,32769.0,32768.0,32768.0,32769.0,4194304.0,23585873.0,0.0,0.0,0.0,262144.0
305,0,1,1300,1300,32768,512,0,0,108,4,48,64,matmulbias_kernel,12739789987182,12739790012840,306,196,564897.0,2018.0,564897.0,0.0,770.0,3114640.0,0.0,0.0,45758880.0,45758880.0,4194304.0,622592.0,0.0,0.0,0.0,0.0,0.0,0.0,0.0,0.0,0.0,0.0,0.0,0.0,0.0,0.0,0.0,0.0,0.0,0.0,0.0,0.0,0.0,0.0,0.0,0.0,0.0,0.0,0.0,0.0,0.0,0.0,0.0,0.0,0.0,0.0,0.0,0.0,0.0,0.0,0.0,0.0,0.0,0.0,0.0,0.0,0.0,0.0,0.0,0.0,0.0,0.0,0.0,0.0,0.0,0.0,0.0,0.0,0.0,0.0,0.0,0.0,0.0,0.0,0.0,0.0,0.0,0.0,0.0,0.0,0.0,0.0,0.0,0.0,0.0,0.0,0.0,0.0,0.0,0.0,0.0,0.0,0.0,0.0,0.0,0.0,0.0,0.0,0.0,0.0,0.0,0.0,0.0,0.0,0.0,0.0,0.0,0.0,0.0,0.0,0.0,0.0,0.0,0.0,0.0,0.0,0.0,0.0,0.0,0.0,0.0,0.0,0.0,0.0,0.0,0.0,0.0,0.0,0.0,0.0,0.0,0.0,0.0,0.0,0.0,0.0,0.0,0.0,0.0,0.0,0.0,0.0,3092.0,3122.0,3122.0,3122.0,3098.0,3096.0,3096.0,3096.0,3096.0,3097.0,3096.0,3114.0,3096.0,3096.0,3096.0,3096.0,3096.0,3096.0,3097.0,3096.0,3096.0,3096.0,3115.0,3110.0,3122.0,3122.0,3123.0,3122.0,3122.0,3122.0,3098.0,3114.0,3114.0,3114.0,3094.0,3104.0,3114.0,3114.0,3115.0,3092.0,3114.0,3114.0,3114.0,3094.0,3092.0,3092.0,3092.0,3092.0,3093.0,3092.0,3092.0,3092.0,3092.0,3096.0,3096.0,3096.0,3096.0,3097.0,3096.0,3096.0,3096.0,3092.0,3110.0,3122.0,3122.0,3123.0,3122.0,3122.0,3122.0,3098.0,3116.0,3130.0,3093.0,3130.0,3131.0,3130.0,3130.0,3130.0,3102.0,3100.0,3100.0,3100.0,3100.0,3092.0,3101.0,3100.0,3100.0,3100.0,3104.0,3114.0,3114.0,3115.0,3114.0,3114.0,3092.0,3114.0,3094.0,3092.0,3092.0,3092.0,3092.0,3093.0,3092.0,3092.0,3092.0,3092.0,3096.0,3096.0,3096.0,3096.0,3097.0,3096.0,3096.0,3096.0,3110.0,3122.0,3104.0,3122.0,3123.0,3122.0,3122.0,3122.0,3098.0,3110.0,3122.0,3122.0,3123.0,3114.0,131072.0,2856211.0,0.0,262272.0,0.0,4096.0
306,0,1,1300,1300,4194304,256,0,0,12,4,32,64,"void at::native::vectorized_elementwise_kernel<4, at::native::FillFunctor<int>, std::array<char*, 1ul> >(int, at::native::FillFunctor<int>, std::array<char*, 1ul>)",12739790407135,12739790449311,307,85,822655.0,1810.0,822655.0,65536.0,2828.0,23872558.0,0.0,0.0,552355237.0,552355237.0,0.0,0.0,262144.0,0.0,0.0,0.0,0.0,0.0,0.0,0.0,0.0,0.0,0.0,0.0,0.0,0.0,0.0,0.0,0.0,0.0,0.0,0.0,0.0,0.0,0.0,0.0,0.0,0.0,0.0,0.0,0.0,0.0,0.0,0.0,0.0,0.0,0.0,0.0,0.0,0.0,0.0,0.0,0.0,0.0,0.0,0.0,0.0,0.0,0.0,0.0,0.0,0.0,0.0,0.0,0.0,0.0,0.0,0.0,0.0,0.0,0.0,0.0,0.0,0.0,0.0,0.0,0.0,0.0,0.0,0.0,0.0,0.0,0.0,0.0,0.0,0.0,0.0,0.0,0.0,0.0,0.0,0.0,0.0,0.0,0.0,0.0,0.0,0.0,0.0,0.0,0.0,0.0,0.0,0.0,0.0,0.0,0.0,0.0,0.0,0.0,0.0,0.0,0.0,0.0,0.0,0.0,0.0,0.0,0.0,0.0,0.0,0.0,0.0,0.0,0.0,0.0,0.0,0.0,0.0,0.0,0.0,0.0,0.0,0.0,0.0,0.0,0.0,0.0,0.0,0.0,0.0,0.0,32768.0,32788.0,32848.0,32768.0,32768.0,32768.0,32768.0,32850.0,32768.0,32848.0,32848.0,32768.0,32848.0,32848.0,32768.0,32768.0,32850.0,32768.0,32848.0,32848.0,32848.0,32848.0,32768.0,32768.0,32768.0,32768.0,32768.0,32788.0,32848.0,32768.0,32768.0,32788.0,32848.0,32768.0,32768.0,32768.0,32768.0,32768.0,32768.0,32768.0,32788.0,32848.0,32768.0,32768.0,32768.0,32768.0,32850.0,32768.0,32848.0,32848.0,32850.0,32848.0,32848.0,32768.0,32768.0,32850.0,32768.0,32848.0,32848.0,32848.0,32848.0,32768.0,32768.0,32768.0,32768.0,32768.0,32788.0,32848.0,32768.0,32768.0,32768.0,32768.0,32848.0,32768.0,32768.0,32788.0,32848.0,32768.0,32768.0,32768.0,32768.0,32850.0,32768.0,32848.0,32848.0,32848.0,32848.0,32848.0,32768.0,32768.0,32768.0,32768.0,32788.0,32848.0,32848.0,32768.0,32768.0,32768.0,32768.0,32850.0,32768.0,32848.0,32848.0,32848.0,32848.0,32848.0,32768.0,32768.0,32850.0,32768.0,32848.0,32848.0,32848.0,32848.0,32768.0,32768.0,32768.0,32768.0,32768.0,32788.0,32848.0,32768.0,32768.0,32768.0,32768.0,32768.0,32768.0,32768.0,4194304.0,23481097.0,0.0,0.0,0.0,262144.0
307,0,1,1300,1300,32768,512,0,0,108,4,48,64,matmulbias_kernel,12739790841241,12739790866939,308,196,576738.0,2018.0,576738.0,0.0,761.0,3176526.0,0.0,0.0,47495447.0,47495447.0,4194304.0,622592.0,0.0,0.0,0.0,0.0,0.0,0.0,0.0,0.0,0.0,0.0,0.0,0.0,0.0,0.0,0.0,0.0,0.0,0.0,0.0,0.0,0.0,0.0,0.0,0.0,0.0,0.0,0.0,0.0,0.0,0.0,0.0,0.0,0.0,0.0,0.0,0.0,0.0,0.0,0.0,0.0,0.0,0.0,0.0,0.0,0.0,0.0,0.0,0.0,0.0,0.0,0.0,0.0,0.0,0.0,0.0,0.0,0.0,0.0,0.0,0.0,0.0,0.0,0.0,0.0,0.0,0.0,0.0,0.0,0.0,0.0,0.0,0.0,0.0,0.0,0.0,0.0,0.0,0.0,0.0,0.0,0.0,0.0,0.0,0.0,0.0,0.0,0.0,0.0,0.0,0.0,0.0,0.0,0.0,0.0,0.0,0.0,0.0,0.0,0.0,0.0,0.0,0.0,0.0,0.0,0.0,0.0,0.0,0.0,0.0,0.0,0.0,0.0,0.0,0.0,0.0,0.0,0.0,0.0,0.0,0.0,0.0,0.0,0.0,0.0,0.0,0.0,0.0,0.0,0.0,0.0,3100.0,3130.0,3130.0,3130.0,3102.0,3100.0,3101.0,3100.0,3100.0,3101.0,3100.0,3130.0,3100.0,3100.0,3096.0,3097.0,3096.0,3096.0,3097.0,3096.0,3096.0,3096.0,3130.0,3110.0,3122.0,3122.0,3122.0,3122.0,3122.0,3122.0,3098.0,3130.0,3130.0,3130.0,3102.0,3116.0,3130.0,3130.0,3130.0,3101.0,3130.0,3130.0,3130.0,3102.0,3100.0,3101.0,3100.0,3100.0,3101.0,3100.0,3100.0,3100.0,3100.0,3096.0,3097.0,3096.0,3096.0,3097.0,3096.0,3096.0,3096.0,3100.0,3110.0,3122.0,3122.0,3122.0,3122.0,3122.0,3122.0,3098.0,3116.0,3130.0,3101.0,3130.0,3130.0,3130.0,3130.0,3130.0,3102.0,3100.0,3101.0,3100.0,3100.0,3100.0,3101.0,3100.0,3100.0,3100.0,3098.0,3106.0,3106.0,3106.0,3106.0,3106.0,3100.0,3106.0,3090.0,3088.0,3089.0,3088.0,3088.0,3089.0,3088.0,3088.0,3088.0,3100.0,3088.0,3089.0,3088.0,3088.0,3089.0,3088.0,3088.0,3088.0,3098.0,3106.0,3116.0,3106.0,3106.0,3106.0,3106.0,3106.0,3090.0,3116.0,3130.0,3130.0,3130.0,3130.0,131072.0,2916071.0,0.0,262272.0,0.0,4096.0
308,0,1,1300,1300,4194304,256,0,0,12,4,32,64,"void at::native::vectorized_elementwise_kernel<4, at::native::FillFunctor<int>, std::array<char*, 1ul> >(int, at::native::FillFunctor<int>, std::array<char*, 1ul>)",12739791263599,12739791306136,309,85,835970.0,1810.0,835970.0,65536.0,2828.0,24127274.0,0.0,0.0,558623952.0,558623952.0,0.0,0.0,262144.0,0.0,0.0,0.0,0.0,0.0,0.0,0.0,0.0,0.0,0.0,0.0,0.0,0.0,0.0,0.0,0.0,0.0,0.0,0.0,0.0,0.0,0.0,0.0,0.0,0.0,0.0,0.0,0.0,0.0,0.0,0.0,0.0,0.0,0.0,0.0,0.0,0.0,0.0,0.0,0.0,0.0,0.0,0.0,0.0,0.0,0.0,0.0,0.0,0.0,0.0,0.0,0.0,0.0,0.0,0.0,0.0,0.0,0.0,0.0,0.0,0.0,0.0,0.0,0.0,0.0,0.0,0.0,0.0,0.0,0.0,0.0,0.0,0.0,0.0,0.0,0.0,0.0,0.0,0.0,0.0,0.0,0.0,0.0,0.0,0.0,0.0,0.0,0.0,0.0,0.0,0.0,0.0,0.0,0.0,0.0,0.0,0.0,0.0,0.0,0.0,0.0,0.0,0.0,0.0,0.0,0.0,0.0,0.0,0.0,0.0,0.0,0.0,0.0,0.0,0.0,0.0,0.0,0.0,0.0,0.0,0.0,0.0,0.0,0.0,0.0,0.0,0.0,0.0,0.0,32768.0,32768.0,32848.0,32768.0,32788.0,32768.0,32768.0,32848.0,32769.0,32848.0,32848.0,32768.0,32848.0,32848.0,32768.0,32768.0,32848.0,32769.0,32848.0,32848.0,32848.0,32848.0,32769.0,32768.0,32768.0,32768.0,32769.0,32768.0,32848.0,32768.0,32788.0,32768.0,32848.0,32768.0,32788.0,32768.0,32768.0,32768.0,32769.0,32768.0,32768.0,32848.0,32768.0,32788.0,32768.0,32768.0,32848.0,32769.0,32848.0,32848.0,32848.0,32848.0,32848.0,32768.0,32768.0,32848.0,32769.0,32848.0,32848.0,32848.0,32848.0,32769.0,32768.0,32768.0,32768.0,32769.0,32768.0,32848.0,32768.0,32788.0,32768.0,32768.0,32848.0,32768.0,32769.0,32768.0,32848.0,32768.0,32788.0,32768.0,32768.0,32848.0,32769.0,32848.0,32848.0,32848.0,32848.0,32848.0,32768.0,32768.0,32768.0,32769.0,32768.0,32848.0,32848.0,32768.0,32788.0,32768.0,32768.0,32848.0,32769.0,32848.0,32848.0,32848.0,32848.0,32848.0,32768.0,32768.0,32848.0,32769.0,32848.0,32848.0,32848.0,32848.0,32768.0,32768.0,32768.0,32768.0,32769.0,32768.0,32848.0,32768.0,32788.0,32768.0,32768.0,32768.0,32769.0,32768.0,4194304.0,23730430.0,0.0,0.0,0.0,262144.0
309,0,1,1300,1300,32768,512,0,0,108,4,48,64,matmulbias_kernel,12739791699830,12739791725327,310,196,552656.0,2018.0,552656.0,0.0,722.0,3149196.0,0.0,0.0,46499627.0,46499627.0,4194304.0,622592.0,0.0,0.0,0.0,0.0,0.0,0.0,0.0,0.0,0.0,0.0,0.0,0.0,0.0,0.0,0.0,0.0,0.0,0.0,0.0,0.0,0.0,0.0,0.0,0.0,0.0,0.0,0.0,0.0,0.0,0.0,0.0,0.0,0.0,0.0,0.0,0.0,0.0,0.0,0.0,0.0,0.0,0.0,0.0,0.0,0.0,0.0,0.0,0.0,0.0,0.0,0.0,0.0,0.0,0.0,0.0,0.0,0.0,0.0,0.0,0.0,0.0,0.0,0.0,0.0,0.0,0.0,0.0,0.0,0.0,0.0,0.0,0.0,0.0,0.0,0.0,0.0,0.0,0.0,0.0,0.0,0.0,0.0,0.0,0.0,0.0,0.0,0.0,0.0,0.0,0.0,0.0,0.0,0.0,0.0,0.0,0.0,0.0,0.0,0.0,0.0,0.0,0.0,0.0,0.0,0.0,0.0,0.0,0.0,0.0,0.0,0.0,0.0,0.0,0.0,0.0,0.0,0.0,0.0,0.0,0.0,0.0,0.0,0.0,0.0,0.0,0.0,0.0,0.0,0.0,0.0,3096.0,3130.0,3130.0,3130.0,3102.0,3100.0,3100.0,3100.0,3101.0,3101.0,3100.0,3122.0,3100.0,3100.0,3096.0,3096.0,3096.0,3097.0,3097.0,3096.0,3096.0,3096.0,3122.0,3110.0,3122.0,3122.0,3122.0,3122.0,3122.0,3122.0,3098.0,3122.0,3122.0,3122.0,3098.0,3116.0,3130.0,3130.0,3130.0,3096.0,3130.0,3130.0,3130.0,3102.0,3100.0,3100.0,3100.0,3101.0,3101.0,3100.0,3096.0,3100.0,3100.0,3096.0,3096.0,3096.0,3097.0,3097.0,3096.0,3096.0,3096.0,3097.0,3110.0,3122.0,3122.0,3122.0,3122.0,3122.0,3122.0,3098.0,3116.0,3130.0,3097.0,3130.0,3130.0,3130.0,3130.0,3130.0,3102.0,3100.0,3100.0,3100.0,3101.0,3096.0,3101.0,3100.0,3100.0,3100.0,3116.0,3130.0,3130.0,3130.0,3130.0,3130.0,3096.0,3130.0,3102.0,3100.0,3100.0,3100.0,3101.0,3101.0,3100.0,3100.0,3100.0,3096.0,3096.0,3096.0,3096.0,3097.0,3097.0,3096.0,3096.0,3096.0,3110.0,3122.0,3110.0,3122.0,3122.0,3122.0,3122.0,3122.0,3098.0,3116.0,3130.0,3130.0,3130.0,3122.0,131072.0,2892703.0,0.0,262272.0,0.0,4096.0
310,0,1,1300,1300,4194304,256,0,0,12,4,32,64,"void at::native::vectorized_elementwise_kernel<4, at::native::FillFunctor<int>, std::array<char*, 1ul> >(int, at::native::FillFunctor<int>, std::array<char*, 1ul>)",12739792117979,12739792160636,311,85,832442.0,1810.0,832442.0,65536.0,2823.0,24035247.0,0.0,0.0,555660451.0,555660451.0,0.0,0.0,262144.0,0.0,0.0,0.0,0.0,0.0,0.0,0.0,0.0,0.0,0.0,0.0,0.0,0.0,0.0,0.0,0.0,0.0,0.0,0.0,0.0,0.0,0.0,0.0,0.0,0.0,0.0,0.0,0.0,0.0,0.0,0.0,0.0,0.0,0.0,0.0,0.0,0.0,0.0,0.0,0.0,0.0,0.0,0.0,0.0,0.0,0.0,0.0,0.0,0.0,0.0,0.0,0.0,0.0,0.0,0.0,0.0,0.0,0.0,0.0,0.0,0.0,0.0,0.0,0.0,0.0,0.0,0.0,0.0,0.0,0.0,0.0,0.0,0.0,0.0,0.0,0.0,0.0,0.0,0.0,0.0,0.0,0.0,0.0,0.0,0.0,0.0,0.0,0.0,0.0,0.0,0.0,0.0,0.0,0.0,0.0,0.0,0.0,0.0,0.0,0.0,0.0,0.0,0.0,0.0,0.0,0.0,0.0,0.0,0.0,0.0,0.0,0.0,0.0,0.0,0.0,0.0,0.0,0.0,0.0,0.0,0.0,0.0,0.0,0.0,0.0,0.0,0.0,0.0,0.0,32768.0,32768.0,32848.0,32788.0,32768.0,32768.0,32768.0,32849.0,32768.0,32849.0,32848.0,32768.0,32848.0,32848.0,32768.0,32768.0,32849.0,32768.0,32849.0,32848.0,32848.0,32848.0,32768.0,32768.0,32768.0,32768.0,32768.0,32768.0,32848.0,32788.0,32768.0,32768.0,32848.0,32788.0,32768.0,32768.0,32768.0,32768.0,32768.0,32768.0,32768.0,32848.0,32788.0,32768.0,32768.0,32768.0,32849.0,32768.0,32849.0,32848.0,32849.0,32848.0,32848.0,32768.0,32768.0,32849.0,32768.0,32849.0,32848.0,32848.0,32848.0,32768.0,32768.0,32768.0,32768.0,32768.0,32768.0,32848.0,32788.0,32768.0,32768.0,32768.0,32849.0,32768.0,32768.0,32768.0,32848.0,32788.0,32768.0,32768.0,32768.0,32849.0,32768.0,32848.0,32849.0,32848.0,32848.0,32848.0,32768.0,32768.0,32768.0,32768.0,32768.0,32848.0,32848.0,32788.0,32768.0,32768.0,32768.0,32849.0,32768.0,32849.0,32848.0,32848.0,32848.0,32848.0,32768.0,32768.0,32849.0,32768.0,32849.0,32848.0,32848.0,32848.0,32768.0,32768.0,32768.0,32768.0,32768.0,32768.0,32848.0,32788.0,32768.0,32768.0,32768.0,32768.0,32768.0,32768.0,4194304.0,23636200.0,0.0,0.0,0.0,262144.0
311,0,1,1300,1300,32768,512,0,0,108,4,48,64,matmulbias_kernel,12739792556053,12739792581351,312,196,535722.0,2018.0,535722.0,0.0,757.0,3096221.0,0.0,0.0,45506374.0,45506374.0,4194304.0,622592.0,0.0,0.0,0.0,0.0,0.0,0.0,0.0,0.0,0.0,0.0,0.0,0.0,0.0,0.0,0.0,0.0,0.0,0.0,0.0,0.0,0.0,0.0,0.0,0.0,0.0,0.0,0.0,0.0,0.0,0.0,0.0,0.0,0.0,0.0,0.0,0.0,0.0,0.0,0.0,0.0,0.0,0.0,0.0,0.0,0.0,0.0,0.0,0.0,0.0,0.0,0.0,0.0,0.0,0.0,0.0,0.0,0.0,0.0,0.0,0.0,0.0,0.0,0.0,0.0,0.0,0.0,0.0,0.0,0.0,0.0,0.0,0.0,0.0,0.0,0.0,0.0,0.0,0.0,0.0,0.0,0.0,0.0,0.0,0.0,0.0,0.0,0.0,0.0,0.0,0.0,0.0,0.0,0.0,0.0,0.0,0.0,0.0,0.0,0.0,0.0,0.0,0.0,0.0,0.0,0.0,0.0,0.0,0.0,0.0,0.0,0.0,0.0,0.0,0.0,0.0,0.0,0.0,0.0,0.0,0.0,0.0,0.0,0.0,0.0,0.0,0.0,0.0,0.0,0.0,0.0,3092.0,3130.0,3130.0,3130.0,3102.0,3100.0,3100.0,3100.0,3100.0,3100.0,3100.0,3114.0,3100.0,3100.0,3100.0,3100.0,3100.0,3100.0,3100.0,3100.0,3100.0,3100.0,3114.0,3116.0,3130.0,3130.0,3130.0,3130.0,3130.0,3130.0,3102.0,3114.0,3114.0,3114.0,3094.0,3110.0,3122.0,3122.0,3122.0,3092.0,3122.0,3122.0,3122.0,3098.0,3096.0,3096.0,3096.0,3096.0,3096.0,3096.0,3092.0,3096.0,3096.0,3092.0,3092.0,3092.0,3092.0,3092.0,3092.0,3092.0,3092.0,3092.0,3104.0,3114.0,3114.0,3114.0,3114.0,3114.0,3114.0,3094.0,3122.0,3138.0,3092.0,3138.0,3138.0,3138.0,3138.0,3138.0,3106.0,3104.0,3104.0,3104.0,3104.0,3092.0,3104.0,3104.0,3104.0,3104.0,3110.0,3122.0,3122.0,3122.0,3122.0,3122.0,3092.0,3122.0,3098.0,3096.0,3096.0,3096.0,3096.0,3096.0,3096.0,3096.0,3096.0,3092.0,3096.0,3096.0,3096.0,3096.0,3096.0,3096.0,3096.0,3096.0,3110.0,3122.0,3104.0,3122.0,3122.0,3122.0,3122.0,3122.0,3098.0,3116.0,3130.0,3130.0,3130.0,3114.0,131072.0,2834246.0,0.0,262272.0,0.0,4096.0
312,0,1,1300,1300,4194304,256,0,0,12,4,32,64,"void at::native::vectorized_elementwise_kernel<4, at::native::FillFunctor<int>, std::array<char*, 1ul> >(int, at::native::FillFunctor<int>, std::array<char*, 1ul>)",12739792978292,12739793020548,313,85,823538.0,1810.0,823538.0,65536.0,2891.0,23842930.0,0.0,0.0,551746365.0,551746365.0,0.0,0.0,262144.0,0.0,0.0,0.0,0.0,0.0,0.0,0.0,0.0,0.0,0.0,0.0,0.0,0.0,0.0,0.0,0.0,0.0,0.0,0.0,0.0,0.0,0.0,0.0,0.0,0.0,0.0,0.0,0.0,0.0,0.0,0.0,0.0,0.0,0.0,0.0,0.0,0.0,0.0,0.0,0.0,0.0,0.0,0.0,0.0,0.0,0.0,0.0,0.0,0.0,0.0,0.0,0.0,0.0,0.0,0.0,0.0,0.0,0.0,0.0,0.0,0.0,0.0,0.0,0.0,0.0,0.0,0.0,0.0,0.0,0.0,0.0,0.0,0.0,0.0,0.0,0.0,0.0,0.0,0.0,0.0,0.0,0.0,0.0,0.0,0.0,0.0,0.0,0.0,0.0,0.0,0.0,0.0,0.0,0.0,0.0,0.0,0.0,0.0,0.0,0.0,0.0,0.0,0.0,0.0,0.0,0.0,0.0,0.0,0.0,0.0,0.0,0.0,0.0,0.0,0.0,0.0,0.0,0.0,0.0,0.0,0.0,0.0,0.0,0.0,0.0,0.0,0.0,0.0,0.0,32768.0,32768.0,32848.0,32768.0,32768.0,32768.0,32768.0,32848.0,32768.0,32849.0,32849.0,32768.0,32848.0,32848.0,32768.0,32768.0,32848.0,32768.0,32849.0,32849.0,32848.0,32848.0,32768.0,32768.0,32788.0,32768.0,32768.0,32768.0,32848.0,32768.0,32768.0,32768.0,32848.0,32768.0,32768.0,32768.0,32788.0,32768.0,32768.0,32768.0,32768.0,32848.0,32768.0,32768.0,32768.0,32768.0,32848.0,32768.0,32849.0,32849.0,32848.0,32848.0,32848.0,32768.0,32768.0,32848.0,32768.0,32849.0,32849.0,32848.0,32848.0,32768.0,32768.0,32788.0,32768.0,32768.0,32768.0,32848.0,32768.0,32768.0,32768.0,32788.0,32849.0,32768.0,32768.0,32768.0,32848.0,32768.0,32768.0,32768.0,32768.0,32848.0,32768.0,32849.0,32849.0,32849.0,32848.0,32848.0,32768.0,32788.0,32768.0,32768.0,32768.0,32848.0,32848.0,32768.0,32768.0,32768.0,32768.0,32848.0,32768.0,32849.0,32849.0,32848.0,32848.0,32848.0,32768.0,32768.0,32848.0,32768.0,32849.0,32849.0,32848.0,32848.0,32768.0,32788.0,32768.0,32768.0,32768.0,32768.0,32848.0,32768.0,32768.0,32768.0,32788.0,32768.0,32768.0,32788.0,4194304.0,23435345.0,0.0,0.0,0.0,262144.0
313,0,1,1300,1300,32768,512,0,0,108,4,48,64,matmulbias_kernel,12739793414442,12739793440140,314,196,571182.0,2018.0,571182.0,0.0,726.0,3130251.0,0.0,0.0,46346877.0,46346877.0,4194304.0,622592.0,0.0,0.0,0.0,0.0,0.0,0.0,0.0,0.0,0.0,0.0,0.0,0.0,0.0,0.0,0.0,0.0,0.0,0.0,0.0,0.0,0.0,0.0,0.0,0.0,0.0,0.0,0.0,0.0,0.0,0.0,0.0,0.0,0.0,0.0,0.0,0.0,0.0,0.0,0.0,0.0,0.0,0.0,0.0,0.0,0.0,0.0,0.0,0.0,0.0,0.0,0.0,0.0,0.0,0.0,0.0,0.0,0.0,0.0,0.0,0.0,0.0,0.0,0.0,0.0,0.0,0.0,0.0,0.0,0.0,0.0,0.0,0.0,0.0,0.0,0.0,0.0,0.0,0.0,0.0,0.0,0.0,0.0,0.0,0.0,0.0,0.0,0.0,0.0,0.0,0.0,0.0,0.0,0.0,0.0,0.0,0.0,0.0,0.0,0.0,0.0,0.0,0.0,0.0,0.0,0.0,0.0,0.0,0.0,0.0,0.0,0.0,0.0,0.0,0.0,0.0,0.0,0.0,0.0,0.0,0.0,0.0,0.0,0.0,0.0,0.0,0.0,0.0,0.0,0.0,0.0,3092.0,3130.0,3130.0,3130.0,3102.0,3100.0,3100.0,3101.0,3100.0,3100.0,3101.0,3114.0,3100.0,3100.0,3096.0,3096.0,3097.0,3096.0,3096.0,3097.0,3096.0,3096.0,3114.0,3110.0,3122.0,3122.0,3122.0,3122.0,3122.0,3122.0,3098.0,3114.0,3114.0,3114.0,3094.0,3110.0,3122.0,3122.0,3122.0,3092.0,3122.0,3122.0,3122.0,3098.0,3096.0,3096.0,3097.0,3096.0,3096.0,3097.0,3093.0,3096.0,3096.0,3096.0,3096.0,3097.0,3096.0,3096.0,3097.0,3096.0,3096.0,3092.0,3110.0,3122.0,3122.0,3122.0,3122.0,3122.0,3122.0,3098.0,3104.0,3114.0,3092.0,3114.0,3114.0,3114.0,3114.0,3114.0,3094.0,3092.0,3092.0,3093.0,3092.0,3093.0,3092.0,3093.0,3092.0,3092.0,3110.0,3122.0,3122.0,3122.0,3122.0,3122.0,3092.0,3122.0,3098.0,3096.0,3096.0,3097.0,3096.0,3096.0,3097.0,3096.0,3096.0,3092.0,3100.0,3100.0,3101.0,3100.0,3100.0,3101.0,3100.0,3100.0,3116.0,3130.0,3104.0,3130.0,3130.0,3130.0,3130.0,3130.0,3102.0,3116.0,3130.0,3130.0,3130.0,3114.0,131072.0,2872405.0,0.0,262272.0,0.0,4096.0
314,0,1,1300,1300,4194304,256,0,0,12,4,32,64,"void at::native::vectorized_elementwise_kernel<4, at::native::FillFunctor<int>, std::array<char*, 1ul> >(int, at::native::FillFunctor<int>, std::array<char*, 1ul>)",12739793830506,12739793872842,315,85,827627.0,1810.0,827627.0,65536.0,2887.0,23966062.0,0.0,0.0,554261618.0,554261618.0,0.0,0.0,262144.0,0.0,0.0,0.0,0.0,0.0,0.0,0.0,0.0,0.0,0.0,0.0,0.0,0.0,0.0,0.0,0.0,0.0,0.0,0.0,0.0,0.0,0.0,0.0,0.0,0.0,0.0,0.0,0.0,0.0,0.0,0.0,0.0,0.0,0.0,0.0,0.0,0.0,0.0,0.0,0.0,0.0,0.0,0.0,0.0,0.0,0.0,0.0,0.0,0.0,0.0,0.0,0.0,0.0,0.0,0.0,0.0,0.0,0.0,0.0,0.0,0.0,0.0,0.0,0.0,0.0,0.0,0.0,0.0,0.0,0.0,0.0,0.0,0.0,0.0,0.0,0.0,0.0,0.0,0.0,0.0,0.0,0.0,0.0,0.0,0.0,0.0,0.0,0.0,0.0,0.0,0.0,0.0,0.0,0.0,0.0,0.0,0.0,0.0,0.0,0.0,0.0,0.0,0.0,0.0,0.0,0.0,0.0,0.0,0.0,0.0,0.0,0.0,0.0,0.0,0.0,0.0,0.0,0.0,0.0,0.0,0.0,0.0,0.0,0.0,0.0,0.0,0.0,0.0,0.0,32768.0,32768.0,32848.0,32768.0,32768.0,32768.0,32768.0,32848.0,32768.0,32849.0,32848.0,32768.0,32848.0,32849.0,32768.0,32768.0,32848.0,32768.0,32849.0,32848.0,32848.0,32849.0,32768.0,32788.0,32768.0,32768.0,32768.0,32768.0,32848.0,32768.0,32768.0,32768.0,32848.0,32768.0,32768.0,32788.0,32768.0,32768.0,32768.0,32768.0,32768.0,32848.0,32768.0,32768.0,32768.0,32768.0,32848.0,32768.0,32849.0,32848.0,32848.0,32848.0,32849.0,32768.0,32768.0,32848.0,32768.0,32849.0,32848.0,32848.0,32849.0,32768.0,32788.0,32768.0,32768.0,32768.0,32768.0,32848.0,32768.0,32768.0,32788.0,32768.0,32849.0,32768.0,32768.0,32768.0,32848.0,32768.0,32768.0,32768.0,32768.0,32848.0,32768.0,32848.0,32849.0,32848.0,32848.0,32849.0,32788.0,32768.0,32768.0,32768.0,32768.0,32848.0,32848.0,32768.0,32768.0,32768.0,32768.0,32848.0,32768.0,32849.0,32848.0,32848.0,32849.0,32849.0,32768.0,32768.0,32848.0,32768.0,32849.0,32848.0,32848.0,32849.0,32788.0,32768.0,32788.0,32768.0,32768.0,32768.0,32848.0,32768.0,32768.0,32788.0,32768.0,32768.0,32768.0,32768.0,4194304.0,23574383.0,0.0,0.0,0.0,262144.0
315,0,1,1300,1300,32768,512,0,0,108,4,48,64,matmulbias_kernel,12739794261725,12739794287464,316,196,560737.0,2018.0,560737.0,0.0,701.0,3158023.0,0.0,0.0,47139410.0,47139410.0,4194304.0,622592.0,0.0,0.0,0.0,0.0,0.0,0.0,0.0,0.0,0.0,0.0,0.0,0.0,0.0,0.0,0.0,0.0,0.0,0.0,0.0,0.0,0.0,0.0,0.0,0.0,0.0,0.0,0.0,0.0,0.0,0.0,0.0,0.0,0.0,0.0,0.0,0.0,0.0,0.0,0.0,0.0,0.0,0.0,0.0,0.0,0.0,0.0,0.0,0.0,0.0,0.0,0.0,0.0,0.0,0.0,0.0,0.0,0.0,0.0,0.0,0.0,0.0,0.0,0.0,0.0,0.0,0.0,0.0,0.0,0.0,0.0,0.0,0.0,0.0,0.0,0.0,0.0,0.0,0.0,0.0,0.0,0.0,0.0,0.0,0.0,0.0,0.0,0.0,0.0,0.0,0.0,0.0,0.0,0.0,0.0,0.0,0.0,0.0,0.0,0.0,0.0,0.0,0.0,0.0,0.0,0.0,0.0,0.0,0.0,0.0,0.0,0.0,0.0,0.0,0.0,0.0,0.0,0.0,0.0,0.0,0.0,0.0,0.0,0.0,0.0,0.0,0.0,0.0,0.0,0.0,0.0,3096.0,3114.0,3114.0,3114.0,3094.0,3092.0,3092.0,3092.0,3092.0,3092.0,3093.0,3122.0,3092.0,3092.0,3100.0,3100.0,3100.0,3100.0,3100.0,3101.0,3100.0,3100.0,3123.0,3116.0,3130.0,3130.0,3131.0,3130.0,3130.0,3130.0,3102.0,3122.0,3122.0,3122.0,3098.0,3098.0,3106.0,3106.0,3107.0,3096.0,3106.0,3106.0,3106.0,3090.0,3088.0,3088.0,3088.0,3088.0,3088.0,3089.0,3096.0,3088.0,3088.0,3092.0,3092.0,3092.0,3092.0,3092.0,3093.0,3092.0,3092.0,3096.0,3104.0,3114.0,3114.0,3115.0,3114.0,3114.0,3114.0,3094.0,3098.0,3106.0,3096.0,3106.0,3107.0,3106.0,3106.0,3106.0,3090.0,3088.0,3088.0,3088.0,3088.0,3097.0,3088.0,3089.0,3088.0,3088.0,3110.0,3122.0,3122.0,3123.0,3122.0,3122.0,3096.0,3122.0,3098.0,3096.0,3096.0,3096.0,3096.0,3096.0,3097.0,3096.0,3096.0,3096.0,3096.0,3096.0,3096.0,3096.0,3096.0,3097.0,3096.0,3096.0,3110.0,3122.0,3110.0,3122.0,3123.0,3122.0,3122.0,3122.0,3098.0,3104.0,3114.0,3114.0,3115.0,3122.0,131072.0,2902820.0,0.0,262272.0,0.0,4096.0
316,0,1,1300,1300,4194304,256,0,0,12,4,32,64,"void at::native::vectorized_elementwise_kernel<4, at::native::FillFunctor<int>, std::array<char*, 1ul> >(int, at::native::FillFunctor<int>, std::array<char*, 1ul>)",12739794676667,12739794719124,317,85,827813.0,1810.0,827813.0,65536.0,2854.0,24051120.0,0.0,0.0,556136189.0,556136189.0,0.0,0.0,262144.0,0.0,0.0,0.0,0.0,0.0,0.0,0.0,0.0,0.0,0.0,0.0,0.0,0.0,0.0,0.0,0.0,0.0,0.0,0.0,0.0,0.0,0.0,0.0,0.0,0.0,0.0,0.0,0.0,0.0,0.0,0.0,0.0,0.0,0.0,0.0,0.0,0.0,0.0,0.0,0.0,0.0,0.0,0.0,0.0,0.0,0.0,0.0,0.0,0.0,0.0,0.0,0.0,0.0,0.0,0.0,0.0,0.0,0.0,0.0,0.0,0.0,0.0,0.0,0.0,0.0,0.0,0.0,0.0,0.0,0.0,0.0,0.0,0.0,0.0,0.0,0.0,0.0,0.0,0.0,0.0,0.0,0.0,0.0,0.0,0.0,0.0,0.0,0.0,0.0,0.0,0.0,0.0,0.0,0.0,0.0,0.0,0.0,0.0,0.0,0.0,0.0,0.0,0.0,0.0,0.0,0.0,0.0,0.0,0.0,0.0,0.0,0.0,0.0,0.0,0.0,0.0,0.0,0.0,0.0,0.0,0.0,0.0,0.0,0.0,0.0,0.0,0.0,0.0,0.0,32768.0,32768.0,32849.0,32768.0,32768.0,32768.0,32768.0,32848.0,32768.0,32849.0,32848.0,32768.0,32848.0,32848.0,32768.0,32768.0,32848.0,32768.0,32849.0,32848.0,32848.0,32848.0,32788.0,32768.0,32768.0,32768.0,32788.0,32768.0,32849.0,32768.0,32768.0,32768.0,32849.0,32768.0,32768.0,32768.0,32768.0,32768.0,32788.0,32768.0,32768.0,32849.0,32768.0,32768.0,32768.0,32768.0,32848.0,32768.0,32849.0,32848.0,32848.0,32848.0,32848.0,32768.0,32768.0,32848.0,32768.0,32849.0,32848.0,32848.0,32848.0,32768.0,32768.0,32768.0,32768.0,32788.0,32768.0,32849.0,32768.0,32768.0,32768.0,32768.0,32849.0,32768.0,32788.0,32768.0,32849.0,32768.0,32768.0,32768.0,32768.0,32848.0,32768.0,32848.0,32849.0,32848.0,32848.0,32848.0,32768.0,32768.0,32768.0,32788.0,32768.0,32849.0,32848.0,32768.0,32768.0,32768.0,32768.0,32848.0,32768.0,32849.0,32848.0,32848.0,32848.0,32848.0,32768.0,32768.0,32848.0,32768.0,32849.0,32848.0,32848.0,32848.0,32768.0,32768.0,32768.0,32768.0,32788.0,32768.0,32849.0,32768.0,32768.0,32768.0,32768.0,32768.0,32788.0,32768.0,4194304.0,23644750.0,0.0,0.0,0.0,262144.0
317,0,1,1300,1300,32768,512,0,0,108,4,48,64,matmulbias_kernel,12739795116025,12739795142004,318,196,565505.0,2018.0,565505.0,0.0,744.0,3145406.0,0.0,0.0,46678196.0,46678196.0,4194304.0,622592.0,0.0,0.0,0.0,0.0,0.0,0.0,0.0,0.0,0.0,0.0,0.0,0.0,0.0,0.0,0.0,0.0,0.0,0.0,0.0,0.0,0.0,0.0,0.0,0.0,0.0,0.0,0.0,0.0,0.0,0.0,0.0,0.0,0.0,0.0,0.0,0.0,0.0,0.0,0.0,0.0,0.0,0.0,0.0,0.0,0.0,0.0,0.0,0.0,0.0,0.0,0.0,0.0,0.0,0.0,0.0,0.0,0.0,0.0,0.0,0.0,0.0,0.0,0.0,0.0,0.0,0.0,0.0,0.0,0.0,0.0,0.0,0.0,0.0,0.0,0.0,0.0,0.0,0.0,0.0,0.0,0.0,0.0,0.0,0.0,0.0,0.0,0.0,0.0,0.0,0.0,0.0,0.0,0.0,0.0,0.0,0.0,0.0,0.0,0.0,0.0,0.0,0.0,0.0,0.0,0.0,0.0,0.0,0.0,0.0,0.0,0.0,0.0,0.0,0.0,0.0,0.0,0.0,0.0,0.0,0.0,0.0,0.0,0.0,0.0,0.0,0.0,0.0,0.0,0.0,0.0,3092.0,3130.0,3130.0,3130.0,3102.0,3100.0,3100.0,3101.0,3100.0,3100.0,3100.0,3114.0,3100.0,3101.0,3092.0,3092.0,3093.0,3092.0,3092.0,3092.0,3092.0,3093.0,3114.0,3104.0,3114.0,3114.0,3114.0,3114.0,3114.0,3114.0,3094.0,3114.0,3114.0,3114.0,3094.0,3116.0,3130.0,3130.0,3130.0,3092.0,3130.0,3130.0,3130.0,3102.0,3100.0,3100.0,3101.0,3100.0,3100.0,3100.0,3093.0,3100.0,3101.0,3096.0,3096.0,3097.0,3096.0,3096.0,3096.0,3096.0,3097.0,3092.0,3110.0,3122.0,3122.0,3122.0,3122.0,3122.0,3122.0,3098.0,3104.0,3114.0,3092.0,3114.0,3114.0,3114.0,3114.0,3114.0,3094.0,3092.0,3092.0,3093.0,3092.0,3092.0,3092.0,3092.0,3092.0,3093.0,3116.0,3130.0,3130.0,3130.0,3130.0,3130.0,3092.0,3130.0,3102.0,3100.0,3100.0,3101.0,3100.0,3100.0,3100.0,3100.0,3101.0,3093.0,3096.0,3096.0,3097.0,3096.0,3096.0,3096.0,3096.0,3097.0,3110.0,3122.0,3104.0,3122.0,3122.0,3122.0,3122.0,3122.0,3098.0,3116.0,3130.0,3130.0,3130.0,3114.0,131072.0,2884301.0,0.0,262272.0,0.0,4096.0
318,0,1,1300,1300,4194304,256,0,0,12,4,32,64,"void at::native::vectorized_elementwise_kernel<4, at::native::FillFunctor<int>, std::array<char*, 1ul> >(int, at::native::FillFunctor<int>, std::array<char*, 1ul>)",12739795531167,12739795573503,319,85,827357.0,1810.0,827357.0,65536.0,2871.0,23969615.0,0.0,0.0,555716988.0,555716988.0,0.0,0.0,262144.0,0.0,0.0,0.0,0.0,0.0,0.0,0.0,0.0,0.0,0.0,0.0,0.0,0.0,0.0,0.0,0.0,0.0,0.0,0.0,0.0,0.0,0.0,0.0,0.0,0.0,0.0,0.0,0.0,0.0,0.0,0.0,0.0,0.0,0.0,0.0,0.0,0.0,0.0,0.0,0.0,0.0,0.0,0.0,0.0,0.0,0.0,0.0,0.0,0.0,0.0,0.0,0.0,0.0,0.0,0.0,0.0,0.0,0.0,0.0,0.0,0.0,0.0,0.0,0.0,0.0,0.0,0.0,0.0,0.0,0.0,0.0,0.0,0.0,0.0,0.0,0.0,0.0,0.0,0.0,0.0,0.0,0.0,0.0,0.0,0.0,0.0,0.0,0.0,0.0,0.0,0.0,0.0,0.0,0.0,0.0,0.0,0.0,0.0,0.0,0.0,0.0,0.0,0.0,0.0,0.0,0.0,0.0,0.0,0.0,0.0,0.0,0.0,0.0,0.0,0.0,0.0,0.0,0.0,0.0,0.0,0.0,0.0,0.0,0.0,0.0,0.0,0.0,0.0,0.0,32768.0,32768.0,32848.0,32768.0,32769.0,32768.0,32768.0,32848.0,32768.0,32849.0,32848.0,32788.0,32848.0,32848.0,32768.0,32768.0,32848.0,32768.0,32849.0,32848.0,32848.0,32848.0,32768.0,32768.0,32768.0,32788.0,32768.0,32768.0,32848.0,32768.0,32769.0,32768.0,32848.0,32768.0,32769.0,32768.0,32768.0,32788.0,32768.0,32768.0,32768.0,32848.0,32768.0,32769.0,32768.0,32768.0,32848.0,32768.0,32849.0,32848.0,32848.0,32848.0,32848.0,32768.0,32768.0,32848.0,32768.0,32849.0,32848.0,32848.0,32848.0,32768.0,32768.0,32768.0,32788.0,32768.0,32768.0,32848.0,32768.0,32769.0,32768.0,32768.0,32849.0,32788.0,32768.0,32768.0,32848.0,32768.0,32769.0,32768.0,32768.0,32848.0,32768.0,32848.0,32849.0,32848.0,32848.0,32848.0,32768.0,32768.0,32788.0,32768.0,32768.0,32848.0,32848.0,32768.0,32769.0,32768.0,32768.0,32848.0,32768.0,32849.0,32848.0,32848.0,32848.0,32848.0,32768.0,32768.0,32848.0,32768.0,32849.0,32848.0,32848.0,32848.0,32768.0,32768.0,32768.0,32788.0,32768.0,32768.0,32848.0,32768.0,32769.0,32768.0,32768.0,32788.0,32768.0,32768.0,4194304.0,23621776.0,0.0,0.0,0.0,262144.0
319,0,1,1300,1300,32768,512,0,0,108,4,48,64,matmulbias_kernel,12739795968921,12739795994659,320,196,548035.0,2018.0,548035.0,0.0,767.0,3115177.0,0.0,0.0,45745852.0,45745852.0,4194304.0,622592.0,0.0,0.0,0.0,0.0,0.0,0.0,0.0,0.0,0.0,0.0,0.0,0.0,0.0,0.0,0.0,0.0,0.0,0.0,0.0,0.0,0.0,0.0,0.0,0.0,0.0,0.0,0.0,0.0,0.0,0.0,0.0,0.0,0.0,0.0,0.0,0.0,0.0,0.0,0.0,0.0,0.0,0.0,0.0,0.0,0.0,0.0,0.0,0.0,0.0,0.0,0.0,0.0,0.0,0.0,0.0,0.0,0.0,0.0,0.0,0.0,0.0,0.0,0.0,0.0,0.0,0.0,0.0,0.0,0.0,0.0,0.0,0.0,0.0,0.0,0.0,0.0,0.0,0.0,0.0,0.0,0.0,0.0,0.0,0.0,0.0,0.0,0.0,0.0,0.0,0.0,0.0,0.0,0.0,0.0,0.0,0.0,0.0,0.0,0.0,0.0,0.0,0.0,0.0,0.0,0.0,0.0,0.0,0.0,0.0,0.0,0.0,0.0,0.0,0.0,0.0,0.0,0.0,0.0,0.0,0.0,0.0,0.0,0.0,0.0,0.0,0.0,0.0,0.0,0.0,0.0,3092.0,3114.0,3114.0,3114.0,3094.0,3092.0,3092.0,3092.0,3092.0,3092.0,3092.0,3114.0,3092.0,3092.0,3096.0,3096.0,3096.0,3096.0,3096.0,3096.0,3096.0,3096.0,3114.0,3110.0,3122.0,3122.0,3122.0,3122.0,3122.0,3122.0,3098.0,3114.0,3114.0,3114.0,3094.0,3104.0,3114.0,3114.0,3114.0,3092.0,3114.0,3114.0,3114.0,3094.0,3092.0,3092.0,3092.0,3092.0,3092.0,3092.0,3092.0,3092.0,3092.0,3100.0,3100.0,3100.0,3100.0,3100.0,3100.0,3100.0,3100.0,3092.0,3116.0,3130.0,3130.0,3130.0,3130.0,3130.0,3130.0,3102.0,3110.0,3122.0,3092.0,3122.0,3122.0,3122.0,3122.0,3122.0,3098.0,3096.0,3096.0,3096.0,3096.0,3092.0,3096.0,3096.0,3096.0,3096.0,3104.0,3114.0,3114.0,3114.0,3114.0,3114.0,3092.0,3114.0,3094.0,3092.0,3092.0,3092.0,3092.0,3092.0,3092.0,3092.0,3092.0,3092.0,3092.0,3092.0,3092.0,3092.0,3092.0,3092.0,3092.0,3092.0,3104.0,3114.0,3104.0,3114.0,3114.0,3114.0,3114.0,3114.0,3094.0,3104.0,3114.0,3114.0,3114.0,3114.0,131072.0,2855439.0,0.0,262272.0,0.0,4096.0
320,0,1,1300,1300,4194304,256,0,0,12,4,32,64,"void at::native::vectorized_elementwise_kernel<4, at::native::FillFunctor<int>, std::array<char*, 1ul> >(int, at::native::FillFunctor<int>, std::array<char*, 1ul>)",12739798873474,12739798919499,321,85,902221.0,1810.0,902221.0,65536.0,7076.0,26494378.0,0.0,0.0,539558907.0,539558907.0,0.0,0.0,262144.0,0.0,0.0,0.0,0.0,0.0,0.0,0.0,0.0,0.0,0.0,0.0,0.0,0.0,0.0,0.0,0.0,0.0,0.0,0.0,0.0,0.0,0.0,0.0,0.0,0.0,0.0,0.0,0.0,0.0,0.0,0.0,0.0,0.0,0.0,0.0,0.0,0.0,0.0,0.0,0.0,0.0,0.0,0.0,0.0,0.0,0.0,0.0,0.0,0.0,0.0,0.0,0.0,0.0,0.0,0.0,0.0,0.0,0.0,0.0,0.0,0.0,0.0,0.0,0.0,0.0,0.0,0.0,0.0,0.0,0.0,0.0,0.0,0.0,0.0,0.0,0.0,0.0,0.0,0.0,0.0,0.0,0.0,0.0,0.0,0.0,0.0,0.0,0.0,0.0,0.0,0.0,0.0,0.0,0.0,0.0,0.0,0.0,0.0,0.0,0.0,0.0,0.0,0.0,0.0,0.0,0.0,0.0,0.0,0.0,0.0,0.0,0.0,0.0,0.0,0.0,0.0,0.0,0.0,0.0,0.0,0.0,0.0,0.0,0.0,0.0,0.0,0.0,0.0,0.0,32773.0,32768.0,32849.0,32769.0,32770.0,32774.0,32788.0,32848.0,32768.0,32850.0,32855.0,32768.0,32852.0,32853.0,32775.0,32788.0,32848.0,32768.0,32850.0,32853.0,32853.0,32852.0,32768.0,32768.0,32769.0,32768.0,32768.0,32768.0,32849.0,32769.0,32770.0,32768.0,32849.0,32769.0,32770.0,32768.0,32769.0,32768.0,32768.0,32788.0,32768.0,32849.0,32769.0,32770.0,32774.0,32788.0,32848.0,32768.0,32850.0,32854.0,32848.0,32852.0,32852.0,32775.0,32788.0,32848.0,32768.0,32850.0,32852.0,32852.0,32854.0,32768.0,32768.0,32769.0,32768.0,32768.0,32768.0,32849.0,32769.0,32770.0,32768.0,32769.0,32850.0,32768.0,32768.0,32768.0,32849.0,32769.0,32770.0,32775.0,32788.0,32848.0,32768.0,32853.0,32850.0,32853.0,32852.0,32853.0,32768.0,32769.0,32768.0,32768.0,32768.0,32849.0,32852.0,32769.0,32770.0,32772.0,32788.0,32848.0,32768.0,32850.0,32853.0,32852.0,32853.0,32853.0,32773.0,32788.0,32848.0,32768.0,32850.0,32852.0,32853.0,32852.0,32768.0,32769.0,32768.0,32768.0,32768.0,32768.0,32849.0,32769.0,32770.0,32768.0,32769.0,32768.0,32768.0,32769.0,4194304.0,25781939.0,0.0,0.0,0.0,262144.0
321,0,1,1300,1300,32768,512,0,0,108,4,48,64,matmulbias_kernel,12739799314916,12739799340615,322,196,564160.0,2018.0,564160.0,0.0,758.0,3133267.0,0.0,0.0,45902556.0,45902556.0,4194304.0,622592.0,0.0,0.0,0.0,0.0,0.0,0.0,0.0,0.0,0.0,0.0,0.0,0.0,0.0,0.0,0.0,0.0,0.0,0.0,0.0,0.0,0.0,0.0,0.0,0.0,0.0,0.0,0.0,0.0,0.0,0.0,0.0,0.0,0.0,0.0,0.0,0.0,0.0,0.0,0.0,0.0,0.0,0.0,0.0,0.0,0.0,0.0,0.0,0.0,0.0,0.0,0.0,0.0,0.0,0.0,0.0,0.0,0.0,0.0,0.0,0.0,0.0,0.0,0.0,0.0,0.0,0.0,0.0,0.0,0.0,0.0,0.0,0.0,0.0,0.0,0.0,0.0,0.0,0.0,0.0,0.0,0.0,0.0,0.0,0.0,0.0,0.0,0.0,0.0,0.0,0.0,0.0,0.0,0.0,0.0,0.0,0.0,0.0,0.0,0.0,0.0,0.0,0.0,0.0,0.0,0.0,0.0,0.0,0.0,0.0,0.0,0.0,0.0,0.0,0.0,0.0,0.0,0.0,0.0,0.0,0.0,0.0,0.0,0.0,0.0,0.0,0.0,0.0,0.0,0.0,0.0,3092.0,3139.0,3138.0,3138.0,3106.0,3104.0,3104.0,3105.0,3104.0,3104.0,3104.0,3115.0,3104.0,3104.0,3096.0,3096.0,3097.0,3096.0,3096.0,3096.0,3096.0,3096.0,3115.0,3110.0,3123.0,3123.0,3123.0,3123.0,3122.0,3122.0,3098.0,3115.0,3114.0,3114.0,3094.0,3104.0,3115.0,3115.0,3115.0,3092.0,3115.0,3114.0,3114.0,3094.0,3092.0,3092.0,3093.0,3092.0,3092.0,3092.0,3093.0,3092.0,3092.0,3100.0,3100.0,3101.0,3100.0,3100.0,3100.0,3100.0,3100.0,3092.0,3116.0,3131.0,3131.0,3131.0,3131.0,3130.0,3130.0,3102.0,3104.0,3115.0,3092.0,3115.0,3115.0,3115.0,3114.0,3114.0,3094.0,3092.0,3092.0,3093.0,3092.0,3092.0,3092.0,3092.0,3092.0,3092.0,3116.0,3131.0,3131.0,3131.0,3131.0,3130.0,3092.0,3130.0,3102.0,3100.0,3100.0,3101.0,3100.0,3100.0,3100.0,3100.0,3100.0,3092.0,3096.0,3096.0,3097.0,3096.0,3096.0,3096.0,3096.0,3096.0,3110.0,3123.0,3104.0,3123.0,3123.0,3123.0,3122.0,3122.0,3098.0,3122.0,3139.0,3139.0,3139.0,3115.0,131072.0,2861720.0,0.0,262272.0,0.0,4096.0
322,0,1,1300,1300,4194304,256,0,0,12,4,32,64,"void at::native::vectorized_elementwise_kernel<4, at::native::FillFunctor<int>, std::array<char*, 1ul> >(int, at::native::FillFunctor<int>, std::array<char*, 1ul>)",12739799730179,12739799773197,323,85,839177.0,1810.0,839177.0,65536.0,2846.0,23942936.0,0.0,0.0,554555161.0,554555161.0,0.0,0.0,262144.0,0.0,0.0,0.0,0.0,0.0,0.0,0.0,0.0,0.0,0.0,0.0,0.0,0.0,0.0,0.0,0.0,0.0,0.0,0.0,0.0,0.0,0.0,0.0,0.0,0.0,0.0,0.0,0.0,0.0,0.0,0.0,0.0,0.0,0.0,0.0,0.0,0.0,0.0,0.0,0.0,0.0,0.0,0.0,0.0,0.0,0.0,0.0,0.0,0.0,0.0,0.0,0.0,0.0,0.0,0.0,0.0,0.0,0.0,0.0,0.0,0.0,0.0,0.0,0.0,0.0,0.0,0.0,0.0,0.0,0.0,0.0,0.0,0.0,0.0,0.0,0.0,0.0,0.0,0.0,0.0,0.0,0.0,0.0,0.0,0.0,0.0,0.0,0.0,0.0,0.0,0.0,0.0,0.0,0.0,0.0,0.0,0.0,0.0,0.0,0.0,0.0,0.0,0.0,0.0,0.0,0.0,0.0,0.0,0.0,0.0,0.0,0.0,0.0,0.0,0.0,0.0,0.0,0.0,0.0,0.0,0.0,0.0,0.0,0.0,0.0,0.0,0.0,0.0,0.0,32788.0,32768.0,32848.0,32768.0,32768.0,32788.0,32768.0,32848.0,32768.0,32849.0,32848.0,32768.0,32848.0,32848.0,32788.0,32768.0,32848.0,32768.0,32849.0,32848.0,32848.0,32848.0,32769.0,32768.0,32768.0,32768.0,32769.0,32768.0,32848.0,32768.0,32768.0,32768.0,32848.0,32768.0,32768.0,32768.0,32768.0,32768.0,32769.0,32768.0,32768.0,32848.0,32768.0,32768.0,32788.0,32768.0,32848.0,32768.0,32849.0,32848.0,32848.0,32848.0,32848.0,32788.0,32768.0,32848.0,32768.0,32849.0,32848.0,32848.0,32848.0,32768.0,32768.0,32768.0,32768.0,32769.0,32768.0,32848.0,32768.0,32768.0,32768.0,32768.0,32849.0,32768.0,32769.0,32768.0,32848.0,32768.0,32768.0,32788.0,32768.0,32848.0,32768.0,32848.0,32849.0,32848.0,32848.0,32848.0,32768.0,32768.0,32768.0,32769.0,32768.0,32848.0,32848.0,32768.0,32768.0,32788.0,32768.0,32848.0,32768.0,32849.0,32848.0,32848.0,32848.0,32848.0,32788.0,32768.0,32848.0,32768.0,32849.0,32848.0,32848.0,32848.0,32768.0,32768.0,32768.0,32768.0,32769.0,32768.0,32848.0,32768.0,32768.0,32768.0,32768.0,32768.0,32769.0,32768.0,4194304.0,23557717.0,0.0,0.0,0.0,262144.0
323,0,1,1300,1300,32768,512,0,0,108,4,48,64,matmulbias_kernel,12739800165447,12739800190945,324,196,544523.0,2018.0,544523.0,0.0,691.0,3147563.0,0.0,0.0,46810032.0,46810032.0,4194304.0,622592.0,0.0,0.0,0.0,0.0,0.0,0.0,0.0,0.0,0.0,0.0,0.0,0.0,0.0,0.0,0.0,0.0,0.0,0.0,0.0,0.0,0.0,0.0,0.0,0.0,0.0,0.0,0.0,0.0,0.0,0.0,0.0,0.0,0.0,0.0,0.0,0.0,0.0,0.0,0.0,0.0,0.0,0.0,0.0,0.0,0.0,0.0,0.0,0.0,0.0,0.0,0.0,0.0,0.0,0.0,0.0,0.0,0.0,0.0,0.0,0.0,0.0,0.0,0.0,0.0,0.0,0.0,0.0,0.0,0.0,0.0,0.0,0.0,0.0,0.0,0.0,0.0,0.0,0.0,0.0,0.0,0.0,0.0,0.0,0.0,0.0,0.0,0.0,0.0,0.0,0.0,0.0,0.0,0.0,0.0,0.0,0.0,0.0,0.0,0.0,0.0,0.0,0.0,0.0,0.0,0.0,0.0,0.0,0.0,0.0,0.0,0.0,0.0,0.0,0.0,0.0,0.0,0.0,0.0,0.0,0.0,0.0,0.0,0.0,0.0,0.0,0.0,0.0,0.0,0.0,0.0,3096.0,3106.0,3107.0,3106.0,3090.0,3088.0,3089.0,3088.0,3088.0,3088.0,3088.0,3122.0,3088.0,3088.0,3092.0,3093.0,3092.0,3092.0,3092.0,3092.0,3092.0,3092.0,3122.0,3104.0,3114.0,3114.0,3114.0,3114.0,3115.0,3114.0,3094.0,3122.0,3123.0,3122.0,3098.0,3116.0,3130.0,3130.0,3130.0,3097.0,3130.0,3131.0,3130.0,3102.0,3100.0,3101.0,3100.0,3100.0,3100.0,3100.0,3096.0,3100.0,3100.0,3088.0,3089.0,3088.0,3088.0,3088.0,3088.0,3088.0,3088.0,3096.0,3098.0,3106.0,3106.0,3106.0,3106.0,3107.0,3106.0,3090.0,3110.0,3122.0,3096.0,3122.0,3122.0,3122.0,3123.0,3122.0,3098.0,3096.0,3097.0,3096.0,3096.0,3096.0,3096.0,3096.0,3096.0,3096.0,3104.0,3114.0,3114.0,3114.0,3114.0,3115.0,3096.0,3114.0,3094.0,3092.0,3093.0,3092.0,3092.0,3092.0,3092.0,3092.0,3092.0,3096.0,3096.0,3097.0,3096.0,3096.0,3096.0,3096.0,3096.0,3096.0,3110.0,3122.0,3110.0,3122.0,3122.0,3122.0,3123.0,3122.0,3098.0,3098.0,3106.0,3106.0,3106.0,3122.0,131072.0,2893665.0,0.0,262272.0,0.0,4096.0
324,0,1,1300,1300,4194304,256,0,0,12,4,32,64,"void at::native::vectorized_elementwise_kernel<4, at::native::FillFunctor<int>, std::array<char*, 1ul> >(int, at::native::FillFunctor<int>, std::array<char*, 1ul>)",12739800583716,12739800626614,325,85,838321.0,1810.0,838321.0,65536.0,3068.0,24097875.0,0.0,0.0,556975432.0,556975432.0,0.0,0.0,262144.0,0.0,0.0,0.0,0.0,0.0,0.0,0.0,0.0,0.0,0.0,0.0,0.0,0.0,0.0,0.0,0.0,0.0,0.0,0.0,0.0,0.0,0.0,0.0,0.0,0.0,0.0,0.0,0.0,0.0,0.0,0.0,0.0,0.0,0.0,0.0,0.0,0.0,0.0,0.0,0.0,0.0,0.0,0.0,0.0,0.0,0.0,0.0,0.0,0.0,0.0,0.0,0.0,0.0,0.0,0.0,0.0,0.0,0.0,0.0,0.0,0.0,0.0,0.0,0.0,0.0,0.0,0.0,0.0,0.0,0.0,0.0,0.0,0.0,0.0,0.0,0.0,0.0,0.0,0.0,0.0,0.0,0.0,0.0,0.0,0.0,0.0,0.0,0.0,0.0,0.0,0.0,0.0,0.0,0.0,0.0,0.0,0.0,0.0,0.0,0.0,0.0,0.0,0.0,0.0,0.0,0.0,0.0,0.0,0.0,0.0,0.0,0.0,0.0,0.0,0.0,0.0,0.0,0.0,0.0,0.0,0.0,0.0,0.0,0.0,0.0,0.0,0.0,0.0,0.0,32768.0,32768.0,32848.0,32768.0,32768.0,32768.0,32769.0,32848.0,32788.0,32849.0,32848.0,32768.0,32848.0,32848.0,32768.0,32769.0,32848.0,32788.0,32849.0,32848.0,32848.0,32848.0,32768.0,32768.0,32768.0,32768.0,32768.0,32768.0,32848.0,32768.0,32768.0,32768.0,32848.0,32768.0,32768.0,32768.0,32768.0,32768.0,32768.0,32769.0,32768.0,32848.0,32768.0,32768.0,32768.0,32769.0,32848.0,32788.0,32849.0,32848.0,32848.0,32848.0,32848.0,32768.0,32769.0,32848.0,32788.0,32849.0,32848.0,32848.0,32848.0,32788.0,32768.0,32768.0,32768.0,32768.0,32768.0,32848.0,32768.0,32768.0,32768.0,32768.0,32849.0,32768.0,32768.0,32768.0,32848.0,32768.0,32768.0,32768.0,32769.0,32848.0,32788.0,32848.0,32849.0,32848.0,32848.0,32848.0,32768.0,32768.0,32768.0,32768.0,32768.0,32848.0,32848.0,32768.0,32768.0,32768.0,32769.0,32848.0,32788.0,32849.0,32848.0,32848.0,32848.0,32848.0,32768.0,32769.0,32848.0,32788.0,32849.0,32848.0,32848.0,32848.0,32768.0,32768.0,32768.0,32768.0,32768.0,32768.0,32848.0,32768.0,32768.0,32768.0,32768.0,32768.0,32768.0,32768.0,4194304.0,23673137.0,0.0,0.0,0.0,262144.0
325,0,1,1300,1300,32768,512,0,0,108,4,48,64,matmulbias_kernel,12739801017461,12739801043400,326,196,553413.0,2018.0,553413.0,0.0,718.0,3162798.0,0.0,0.0,46965498.0,46965498.0,4194304.0,622592.0,0.0,0.0,0.0,0.0,0.0,0.0,0.0,0.0,0.0,0.0,0.0,0.0,0.0,0.0,0.0,0.0,0.0,0.0,0.0,0.0,0.0,0.0,0.0,0.0,0.0,0.0,0.0,0.0,0.0,0.0,0.0,0.0,0.0,0.0,0.0,0.0,0.0,0.0,0.0,0.0,0.0,0.0,0.0,0.0,0.0,0.0,0.0,0.0,0.0,0.0,0.0,0.0,0.0,0.0,0.0,0.0,0.0,0.0,0.0,0.0,0.0,0.0,0.0,0.0,0.0,0.0,0.0,0.0,0.0,0.0,0.0,0.0,0.0,0.0,0.0,0.0,0.0,0.0,0.0,0.0,0.0,0.0,0.0,0.0,0.0,0.0,0.0,0.0,0.0,0.0,0.0,0.0,0.0,0.0,0.0,0.0,0.0,0.0,0.0,0.0,0.0,0.0,0.0,0.0,0.0,0.0,0.0,0.0,0.0,0.0,0.0,0.0,0.0,0.0,0.0,0.0,0.0,0.0,0.0,0.0,0.0,0.0,0.0,0.0,0.0,0.0,0.0,0.0,0.0,0.0,3092.0,3130.0,3130.0,3131.0,3102.0,3100.0,3100.0,3101.0,3100.0,3100.0,3100.0,3114.0,3100.0,3100.0,3100.0,3100.0,3101.0,3100.0,3100.0,3100.0,3100.0,3100.0,3114.0,3116.0,3130.0,3130.0,3130.0,3130.0,3130.0,3131.0,3102.0,3114.0,3114.0,3115.0,3094.0,3104.0,3114.0,3114.0,3114.0,3092.0,3114.0,3114.0,3115.0,3094.0,3092.0,3092.0,3093.0,3092.0,3092.0,3092.0,3093.0,3092.0,3092.0,3100.0,3100.0,3101.0,3100.0,3100.0,3100.0,3100.0,3100.0,3092.0,3116.0,3130.0,3130.0,3130.0,3130.0,3130.0,3131.0,3102.0,3110.0,3122.0,3092.0,3122.0,3122.0,3122.0,3122.0,3123.0,3098.0,3096.0,3096.0,3097.0,3096.0,3092.0,3096.0,3096.0,3096.0,3096.0,3110.0,3122.0,3122.0,3122.0,3122.0,3122.0,3092.0,3123.0,3098.0,3096.0,3096.0,3097.0,3096.0,3096.0,3096.0,3096.0,3096.0,3092.0,3096.0,3096.0,3097.0,3096.0,3096.0,3096.0,3096.0,3096.0,3110.0,3122.0,3104.0,3122.0,3122.0,3122.0,3122.0,3123.0,3098.0,3116.0,3130.0,3130.0,3130.0,3114.0,131072.0,2900986.0,0.0,262272.0,0.0,4096.0
326,0,1,1300,1300,4194304,256,0,0,12,4,32,64,"void at::native::vectorized_elementwise_kernel<4, at::native::FillFunctor<int>, std::array<char*, 1ul> >(int, at::native::FillFunctor<int>, std::array<char*, 1ul>)",12739801435530,12739801477826,327,85,826131.0,1810.0,826131.0,65536.0,2830.0,23916514.0,0.0,0.0,554482318.0,554482318.0,0.0,0.0,262144.0,0.0,0.0,0.0,0.0,0.0,0.0,0.0,0.0,0.0,0.0,0.0,0.0,0.0,0.0,0.0,0.0,0.0,0.0,0.0,0.0,0.0,0.0,0.0,0.0,0.0,0.0,0.0,0.0,0.0,0.0,0.0,0.0,0.0,0.0,0.0,0.0,0.0,0.0,0.0,0.0,0.0,0.0,0.0,0.0,0.0,0.0,0.0,0.0,0.0,0.0,0.0,0.0,0.0,0.0,0.0,0.0,0.0,0.0,0.0,0.0,0.0,0.0,0.0,0.0,0.0,0.0,0.0,0.0,0.0,0.0,0.0,0.0,0.0,0.0,0.0,0.0,0.0,0.0,0.0,0.0,0.0,0.0,0.0,0.0,0.0,0.0,0.0,0.0,0.0,0.0,0.0,0.0,0.0,0.0,0.0,0.0,0.0,0.0,0.0,0.0,0.0,0.0,0.0,0.0,0.0,0.0,0.0,0.0,0.0,0.0,0.0,0.0,0.0,0.0,0.0,0.0,0.0,0.0,0.0,0.0,0.0,0.0,0.0,0.0,0.0,0.0,0.0,0.0,0.0,32768.0,32768.0,32848.0,32768.0,32768.0,32768.0,32768.0,32868.0,32769.0,32849.0,32848.0,32768.0,32848.0,32848.0,32768.0,32768.0,32868.0,32769.0,32849.0,32848.0,32848.0,32848.0,32768.0,32768.0,32768.0,32768.0,32768.0,32768.0,32848.0,32768.0,32768.0,32768.0,32848.0,32768.0,32768.0,32768.0,32768.0,32768.0,32768.0,32768.0,32768.0,32848.0,32768.0,32768.0,32768.0,32768.0,32868.0,32769.0,32849.0,32848.0,32868.0,32848.0,32848.0,32768.0,32768.0,32868.0,32769.0,32849.0,32848.0,32848.0,32848.0,32769.0,32768.0,32768.0,32768.0,32768.0,32768.0,32848.0,32768.0,32768.0,32768.0,32768.0,32849.0,32768.0,32768.0,32768.0,32848.0,32768.0,32768.0,32768.0,32768.0,32868.0,32769.0,32848.0,32849.0,32848.0,32848.0,32848.0,32768.0,32768.0,32768.0,32768.0,32768.0,32848.0,32848.0,32768.0,32768.0,32768.0,32768.0,32868.0,32769.0,32849.0,32848.0,32848.0,32848.0,32848.0,32768.0,32768.0,32868.0,32769.0,32849.0,32848.0,32848.0,32848.0,32768.0,32768.0,32768.0,32768.0,32768.0,32768.0,32848.0,32768.0,32768.0,32768.0,32768.0,32768.0,32768.0,32768.0,4194304.0,23574992.0,0.0,0.0,0.0,262144.0
327,0,1,1300,1300,32768,512,0,0,108,4,48,64,matmulbias_kernel,12739801870678,12739801896176,328,196,571404.0,2018.0,571404.0,0.0,770.0,3147626.0,0.0,0.0,46686750.0,46686750.0,4194304.0,622592.0,0.0,0.0,0.0,0.0,0.0,0.0,0.0,0.0,0.0,0.0,0.0,0.0,0.0,0.0,0.0,0.0,0.0,0.0,0.0,0.0,0.0,0.0,0.0,0.0,0.0,0.0,0.0,0.0,0.0,0.0,0.0,0.0,0.0,0.0,0.0,0.0,0.0,0.0,0.0,0.0,0.0,0.0,0.0,0.0,0.0,0.0,0.0,0.0,0.0,0.0,0.0,0.0,0.0,0.0,0.0,0.0,0.0,0.0,0.0,0.0,0.0,0.0,0.0,0.0,0.0,0.0,0.0,0.0,0.0,0.0,0.0,0.0,0.0,0.0,0.0,0.0,0.0,0.0,0.0,0.0,0.0,0.0,0.0,0.0,0.0,0.0,0.0,0.0,0.0,0.0,0.0,0.0,0.0,0.0,0.0,0.0,0.0,0.0,0.0,0.0,0.0,0.0,0.0,0.0,0.0,0.0,0.0,0.0,0.0,0.0,0.0,0.0,0.0,0.0,0.0,0.0,0.0,0.0,0.0,0.0,0.0,0.0,0.0,0.0,0.0,0.0,0.0,0.0,0.0,0.0,3092.0,3138.0,3138.0,3138.0,3106.0,3104.0,3104.0,3104.0,3104.0,3104.0,3104.0,3114.0,3104.0,3105.0,3100.0,3100.0,3100.0,3100.0,3100.0,3100.0,3100.0,3101.0,3115.0,3116.0,3130.0,3130.0,3131.0,3130.0,3130.0,3130.0,3102.0,3114.0,3114.0,3114.0,3094.0,3104.0,3114.0,3114.0,3115.0,3092.0,3114.0,3114.0,3114.0,3094.0,3092.0,3092.0,3092.0,3092.0,3092.0,3092.0,3092.0,3092.0,3093.0,3096.0,3096.0,3096.0,3096.0,3096.0,3096.0,3096.0,3097.0,3092.0,3110.0,3122.0,3122.0,3123.0,3122.0,3122.0,3122.0,3098.0,3110.0,3122.0,3092.0,3122.0,3123.0,3122.0,3122.0,3122.0,3098.0,3096.0,3096.0,3096.0,3096.0,3092.0,3096.0,3096.0,3096.0,3097.0,3110.0,3122.0,3122.0,3123.0,3122.0,3122.0,3092.0,3122.0,3098.0,3096.0,3096.0,3096.0,3096.0,3096.0,3096.0,3096.0,3097.0,3093.0,3096.0,3096.0,3096.0,3096.0,3096.0,3096.0,3096.0,3097.0,3110.0,3122.0,3104.0,3122.0,3123.0,3122.0,3122.0,3122.0,3098.0,3122.0,3138.0,3138.0,3139.0,3114.0,131072.0,2883215.0,0.0,262272.0,0.0,4096.0
328,0,1,1300,1300,4194304,256,0,0,12,4,32,64,"void at::native::vectorized_elementwise_kernel<4, at::native::FillFunctor<int>, std::array<char*, 1ul> >(int, at::native::FillFunctor<int>, std::array<char*, 1ul>)",12739802283094,12739802325671,329,85,831005.0,1810.0,831005.0,65536.0,2893.0,23988951.0,0.0,0.0,555889134.0,555889134.0,0.0,0.0,262144.0,0.0,0.0,0.0,0.0,0.0,0.0,0.0,0.0,0.0,0.0,0.0,0.0,0.0,0.0,0.0,0.0,0.0,0.0,0.0,0.0,0.0,0.0,0.0,0.0,0.0,0.0,0.0,0.0,0.0,0.0,0.0,0.0,0.0,0.0,0.0,0.0,0.0,0.0,0.0,0.0,0.0,0.0,0.0,0.0,0.0,0.0,0.0,0.0,0.0,0.0,0.0,0.0,0.0,0.0,0.0,0.0,0.0,0.0,0.0,0.0,0.0,0.0,0.0,0.0,0.0,0.0,0.0,0.0,0.0,0.0,0.0,0.0,0.0,0.0,0.0,0.0,0.0,0.0,0.0,0.0,0.0,0.0,0.0,0.0,0.0,0.0,0.0,0.0,0.0,0.0,0.0,0.0,0.0,0.0,0.0,0.0,0.0,0.0,0.0,0.0,0.0,0.0,0.0,0.0,0.0,0.0,0.0,0.0,0.0,0.0,0.0,0.0,0.0,0.0,0.0,0.0,0.0,0.0,0.0,0.0,0.0,0.0,0.0,0.0,0.0,0.0,0.0,0.0,0.0,32768.0,32768.0,32848.0,32768.0,32768.0,32768.0,32768.0,32848.0,32768.0,32849.0,32869.0,32768.0,32848.0,32848.0,32768.0,32768.0,32848.0,32768.0,32849.0,32869.0,32848.0,32848.0,32768.0,32768.0,32768.0,32768.0,32768.0,32768.0,32848.0,32768.0,32768.0,32768.0,32848.0,32768.0,32768.0,32768.0,32768.0,32768.0,32768.0,32768.0,32768.0,32848.0,32768.0,32768.0,32768.0,32768.0,32848.0,32768.0,32849.0,32869.0,32848.0,32848.0,32848.0,32768.0,32768.0,32848.0,32768.0,32849.0,32869.0,32848.0,32848.0,32768.0,32768.0,32768.0,32768.0,32768.0,32768.0,32848.0,32768.0,32768.0,32768.0,32768.0,32849.0,32768.0,32768.0,32768.0,32848.0,32768.0,32768.0,32768.0,32768.0,32848.0,32768.0,32869.0,32849.0,32869.0,32848.0,32848.0,32768.0,32768.0,32768.0,32768.0,32768.0,32848.0,32848.0,32768.0,32768.0,32768.0,32768.0,32848.0,32768.0,32849.0,32869.0,32848.0,32848.0,32848.0,32768.0,32768.0,32848.0,32768.0,32849.0,32869.0,32848.0,32848.0,32768.0,32768.0,32768.0,32768.0,32768.0,32768.0,32848.0,32768.0,32768.0,32768.0,32768.0,32768.0,32768.0,32768.0,4194304.0,23635115.0,0.0,0.0,0.0,262144.0
329,0,1,1300,1300,32768,512,0,0,108,4,48,64,matmulbias_kernel,12739802721409,12739802747188,330,196,557259.0,2018.0,557259.0,0.0,716.0,3130514.0,0.0,0.0,45968384.0,45968384.0,4194304.0,622592.0,0.0,0.0,0.0,0.0,0.0,0.0,0.0,0.0,0.0,0.0,0.0,0.0,0.0,0.0,0.0,0.0,0.0,0.0,0.0,0.0,0.0,0.0,0.0,0.0,0.0,0.0,0.0,0.0,0.0,0.0,0.0,0.0,0.0,0.0,0.0,0.0,0.0,0.0,0.0,0.0,0.0,0.0,0.0,0.0,0.0,0.0,0.0,0.0,0.0,0.0,0.0,0.0,0.0,0.0,0.0,0.0,0.0,0.0,0.0,0.0,0.0,0.0,0.0,0.0,0.0,0.0,0.0,0.0,0.0,0.0,0.0,0.0,0.0,0.0,0.0,0.0,0.0,0.0,0.0,0.0,0.0,0.0,0.0,0.0,0.0,0.0,0.0,0.0,0.0,0.0,0.0,0.0,0.0,0.0,0.0,0.0,0.0,0.0,0.0,0.0,0.0,0.0,0.0,0.0,0.0,0.0,0.0,0.0,0.0,0.0,0.0,0.0,0.0,0.0,0.0,0.0,0.0,0.0,0.0,0.0,0.0,0.0,0.0,0.0,0.0,0.0,0.0,0.0,0.0,0.0,3096.0,3122.0,3122.0,3122.0,3098.0,3096.0,3096.0,3097.0,3096.0,3096.0,3096.0,3122.0,3096.0,3096.0,3100.0,3100.0,3101.0,3100.0,3100.0,3100.0,3100.0,3100.0,3122.0,3117.0,3130.0,3130.0,3130.0,3130.0,3130.0,3130.0,3102.0,3122.0,3122.0,3122.0,3098.0,3105.0,3114.0,3114.0,3114.0,3096.0,3114.0,3114.0,3114.0,3094.0,3092.0,3092.0,3093.0,3092.0,3092.0,3092.0,3097.0,3092.0,3092.0,3096.0,3096.0,3097.0,3096.0,3096.0,3096.0,3096.0,3096.0,3096.0,3111.0,3122.0,3122.0,3122.0,3122.0,3122.0,3122.0,3098.0,3111.0,3122.0,3096.0,3122.0,3122.0,3122.0,3122.0,3122.0,3098.0,3096.0,3096.0,3097.0,3096.0,3096.0,3096.0,3096.0,3096.0,3096.0,3111.0,3122.0,3122.0,3122.0,3122.0,3122.0,3096.0,3122.0,3098.0,3096.0,3096.0,3097.0,3096.0,3096.0,3096.0,3096.0,3096.0,3096.0,3096.0,3096.0,3097.0,3096.0,3096.0,3096.0,3096.0,3096.0,3111.0,3122.0,3111.0,3122.0,3122.0,3122.0,3122.0,3122.0,3098.0,3111.0,3122.0,3122.0,3122.0,3122.0,131072.0,2870251.0,0.0,262272.0,0.0,4096.0
330,0,1,1300,1300,4194304,256,0,0,12,4,32,64,"void at::native::vectorized_elementwise_kernel<4, at::native::FillFunctor<int>, std::array<char*, 1ul> >(int, at::native::FillFunctor<int>, std::array<char*, 1ul>)",12739803137754,12739803180491,331,85,836554.0,1810.0,836554.0,65536.0,2842.0,24067260.0,0.0,0.0,555968342.0,555968342.0,0.0,0.0,262144.0,0.0,0.0,0.0,0.0,0.0,0.0,0.0,0.0,0.0,0.0,0.0,0.0,0.0,0.0,0.0,0.0,0.0,0.0,0.0,0.0,0.0,0.0,0.0,0.0,0.0,0.0,0.0,0.0,0.0,0.0,0.0,0.0,0.0,0.0,0.0,0.0,0.0,0.0,0.0,0.0,0.0,0.0,0.0,0.0,0.0,0.0,0.0,0.0,0.0,0.0,0.0,0.0,0.0,0.0,0.0,0.0,0.0,0.0,0.0,0.0,0.0,0.0,0.0,0.0,0.0,0.0,0.0,0.0,0.0,0.0,0.0,0.0,0.0,0.0,0.0,0.0,0.0,0.0,0.0,0.0,0.0,0.0,0.0,0.0,0.0,0.0,0.0,0.0,0.0,0.0,0.0,0.0,0.0,0.0,0.0,0.0,0.0,0.0,0.0,0.0,0.0,0.0,0.0,0.0,0.0,0.0,0.0,0.0,0.0,0.0,0.0,0.0,0.0,0.0,0.0,0.0,0.0,0.0,0.0,0.0,0.0,0.0,0.0,0.0,0.0,0.0,0.0,0.0,0.0,32768.0,32768.0,32848.0,32768.0,32768.0,32768.0,32768.0,32848.0,32768.0,32869.0,32848.0,32768.0,32848.0,32849.0,32768.0,32768.0,32848.0,32768.0,32869.0,32848.0,32848.0,32849.0,32768.0,32768.0,32768.0,32768.0,32768.0,32768.0,32848.0,32768.0,32768.0,32768.0,32848.0,32768.0,32768.0,32768.0,32768.0,32768.0,32768.0,32768.0,32768.0,32848.0,32768.0,32768.0,32768.0,32768.0,32848.0,32768.0,32869.0,32848.0,32848.0,32848.0,32849.0,32768.0,32768.0,32848.0,32768.0,32869.0,32848.0,32848.0,32849.0,32768.0,32768.0,32768.0,32768.0,32768.0,32768.0,32848.0,32768.0,32768.0,32768.0,32768.0,32869.0,32768.0,32768.0,32768.0,32848.0,32768.0,32768.0,32768.0,32768.0,32848.0,32768.0,32848.0,32869.0,32848.0,32848.0,32849.0,32768.0,32768.0,32768.0,32768.0,32768.0,32848.0,32848.0,32768.0,32768.0,32768.0,32768.0,32848.0,32768.0,32869.0,32848.0,32848.0,32849.0,32849.0,32768.0,32768.0,32848.0,32768.0,32869.0,32848.0,32848.0,32849.0,32768.0,32768.0,32768.0,32768.0,32768.0,32768.0,32848.0,32768.0,32768.0,32768.0,32768.0,32768.0,32768.0,32768.0,4194304.0,23641149.0,0.0,0.0,0.0,262144.0
331,0,1,1300,1300,32768,512,0,0,108,4,48,64,matmulbias_kernel,12739803575147,12739803601006,332,196,565690.0,2018.0,565690.0,0.0,731.0,3163906.0,0.0,0.0,46997415.0,46997415.0,4194304.0,622592.0,0.0,0.0,0.0,0.0,0.0,0.0,0.0,0.0,0.0,0.0,0.0,0.0,0.0,0.0,0.0,0.0,0.0,0.0,0.0,0.0,0.0,0.0,0.0,0.0,0.0,0.0,0.0,0.0,0.0,0.0,0.0,0.0,0.0,0.0,0.0,0.0,0.0,0.0,0.0,0.0,0.0,0.0,0.0,0.0,0.0,0.0,0.0,0.0,0.0,0.0,0.0,0.0,0.0,0.0,0.0,0.0,0.0,0.0,0.0,0.0,0.0,0.0,0.0,0.0,0.0,0.0,0.0,0.0,0.0,0.0,0.0,0.0,0.0,0.0,0.0,0.0,0.0,0.0,0.0,0.0,0.0,0.0,0.0,0.0,0.0,0.0,0.0,0.0,0.0,0.0,0.0,0.0,0.0,0.0,0.0,0.0,0.0,0.0,0.0,0.0,0.0,0.0,0.0,0.0,0.0,0.0,0.0,0.0,0.0,0.0,0.0,0.0,0.0,0.0,0.0,0.0,0.0,0.0,0.0,0.0,0.0,0.0,0.0,0.0,0.0,0.0,0.0,0.0,0.0,0.0,3088.0,3122.0,3123.0,3122.0,3098.0,3096.0,3096.0,3096.0,3096.0,3096.0,3096.0,3106.0,3096.0,3096.0,3092.0,3092.0,3092.0,3092.0,3092.0,3092.0,3092.0,3092.0,3107.0,3104.0,3114.0,3114.0,3115.0,3114.0,3115.0,3114.0,3094.0,3106.0,3107.0,3106.0,3090.0,3110.0,3122.0,3122.0,3123.0,3088.0,3122.0,3123.0,3122.0,3098.0,3096.0,3096.0,3096.0,3096.0,3096.0,3096.0,3088.0,3096.0,3096.0,3100.0,3100.0,3100.0,3100.0,3100.0,3100.0,3100.0,3100.0,3088.0,3116.0,3130.0,3130.0,3131.0,3130.0,3131.0,3130.0,3102.0,3110.0,3122.0,3088.0,3122.0,3123.0,3122.0,3123.0,3122.0,3098.0,3096.0,3096.0,3096.0,3096.0,3088.0,3096.0,3096.0,3096.0,3096.0,3116.0,3130.0,3130.0,3131.0,3130.0,3131.0,3088.0,3130.0,3102.0,3100.0,3100.0,3100.0,3100.0,3100.0,3100.0,3100.0,3100.0,3088.0,3092.0,3092.0,3092.0,3092.0,3092.0,3092.0,3092.0,3092.0,3104.0,3114.0,3098.0,3114.0,3115.0,3114.0,3115.0,3114.0,3094.0,3110.0,3122.0,3122.0,3123.0,3106.0,131072.0,2903969.0,0.0,262272.0,0.0,4096.0
332,0,1,1300,1300,4194304,256,0,0,12,4,32,64,"void at::native::vectorized_elementwise_kernel<4, at::native::FillFunctor<int>, std::array<char*, 1ul> >(int, at::native::FillFunctor<int>, std::array<char*, 1ul>)",12739803988967,12739804031623,333,85,838000.0,1810.0,838000.0,65536.0,2892.0,23972753.0,0.0,0.0,555772867.0,555772867.0,0.0,0.0,262144.0,0.0,0.0,0.0,0.0,0.0,0.0,0.0,0.0,0.0,0.0,0.0,0.0,0.0,0.0,0.0,0.0,0.0,0.0,0.0,0.0,0.0,0.0,0.0,0.0,0.0,0.0,0.0,0.0,0.0,0.0,0.0,0.0,0.0,0.0,0.0,0.0,0.0,0.0,0.0,0.0,0.0,0.0,0.0,0.0,0.0,0.0,0.0,0.0,0.0,0.0,0.0,0.0,0.0,0.0,0.0,0.0,0.0,0.0,0.0,0.0,0.0,0.0,0.0,0.0,0.0,0.0,0.0,0.0,0.0,0.0,0.0,0.0,0.0,0.0,0.0,0.0,0.0,0.0,0.0,0.0,0.0,0.0,0.0,0.0,0.0,0.0,0.0,0.0,0.0,0.0,0.0,0.0,0.0,0.0,0.0,0.0,0.0,0.0,0.0,0.0,0.0,0.0,0.0,0.0,0.0,0.0,0.0,0.0,0.0,0.0,0.0,0.0,0.0,0.0,0.0,0.0,0.0,0.0,0.0,0.0,0.0,0.0,0.0,0.0,0.0,0.0,0.0,0.0,0.0,32768.0,32768.0,32848.0,32768.0,32768.0,32768.0,32768.0,32849.0,32768.0,32848.0,32848.0,32769.0,32848.0,32868.0,32768.0,32768.0,32849.0,32768.0,32848.0,32848.0,32848.0,32868.0,32768.0,32768.0,32768.0,32769.0,32768.0,32768.0,32848.0,32768.0,32768.0,32768.0,32848.0,32768.0,32768.0,32768.0,32768.0,32769.0,32768.0,32768.0,32768.0,32848.0,32768.0,32768.0,32768.0,32768.0,32849.0,32768.0,32848.0,32848.0,32849.0,32848.0,32868.0,32768.0,32768.0,32849.0,32768.0,32848.0,32848.0,32848.0,32868.0,32768.0,32768.0,32768.0,32769.0,32768.0,32768.0,32848.0,32768.0,32768.0,32768.0,32768.0,32848.0,32769.0,32768.0,32768.0,32848.0,32768.0,32768.0,32768.0,32768.0,32849.0,32768.0,32848.0,32848.0,32848.0,32848.0,32868.0,32768.0,32768.0,32769.0,32768.0,32768.0,32848.0,32848.0,32768.0,32768.0,32768.0,32768.0,32849.0,32768.0,32848.0,32848.0,32848.0,32868.0,32868.0,32768.0,32768.0,32849.0,32768.0,32848.0,32848.0,32848.0,32868.0,32768.0,32768.0,32768.0,32769.0,32768.0,32768.0,32848.0,32768.0,32768.0,32768.0,32768.0,32769.0,32768.0,32768.0,4194304.0,23628172.0,0.0,0.0,0.0,262144.0
333,0,1,1300,1300,32768,512,0,0,108,4,48,64,matmulbias_kernel,12739804419704,12739804445483,334,196,563549.0,2018.0,563549.0,0.0,784.0,3135023.0,0.0,0.0,46291457.0,46291457.0,4194304.0,622592.0,0.0,0.0,0.0,0.0,0.0,0.0,0.0,0.0,0.0,0.0,0.0,0.0,0.0,0.0,0.0,0.0,0.0,0.0,0.0,0.0,0.0,0.0,0.0,0.0,0.0,0.0,0.0,0.0,0.0,0.0,0.0,0.0,0.0,0.0,0.0,0.0,0.0,0.0,0.0,0.0,0.0,0.0,0.0,0.0,0.0,0.0,0.0,0.0,0.0,0.0,0.0,0.0,0.0,0.0,0.0,0.0,0.0,0.0,0.0,0.0,0.0,0.0,0.0,0.0,0.0,0.0,0.0,0.0,0.0,0.0,0.0,0.0,0.0,0.0,0.0,0.0,0.0,0.0,0.0,0.0,0.0,0.0,0.0,0.0,0.0,0.0,0.0,0.0,0.0,0.0,0.0,0.0,0.0,0.0,0.0,0.0,0.0,0.0,0.0,0.0,0.0,0.0,0.0,0.0,0.0,0.0,0.0,0.0,0.0,0.0,0.0,0.0,0.0,0.0,0.0,0.0,0.0,0.0,0.0,0.0,0.0,0.0,0.0,0.0,0.0,0.0,0.0,0.0,0.0,0.0,3092.0,3122.0,3122.0,3122.0,3098.0,3096.0,3096.0,3096.0,3096.0,3097.0,3096.0,3114.0,3096.0,3097.0,3096.0,3096.0,3096.0,3096.0,3097.0,3096.0,3096.0,3097.0,3114.0,3110.0,3122.0,3122.0,3122.0,3122.0,3122.0,3122.0,3098.0,3114.0,3114.0,3114.0,3094.0,3110.0,3122.0,3122.0,3122.0,3092.0,3122.0,3122.0,3122.0,3098.0,3096.0,3096.0,3096.0,3096.0,3097.0,3096.0,3092.0,3096.0,3097.0,3088.0,3088.0,3088.0,3088.0,3089.0,3088.0,3088.0,3089.0,3092.0,3098.0,3106.0,3106.0,3106.0,3106.0,3106.0,3106.0,3090.0,3110.0,3122.0,3093.0,3122.0,3122.0,3122.0,3122.0,3122.0,3098.0,3096.0,3096.0,3096.0,3096.0,3092.0,3097.0,3096.0,3096.0,3097.0,3110.0,3122.0,3122.0,3122.0,3122.0,3122.0,3092.0,3122.0,3098.0,3096.0,3096.0,3096.0,3096.0,3097.0,3096.0,3096.0,3097.0,3093.0,3088.0,3088.0,3088.0,3088.0,3089.0,3088.0,3088.0,3089.0,3098.0,3106.0,3104.0,3106.0,3106.0,3106.0,3106.0,3106.0,3090.0,3110.0,3122.0,3122.0,3122.0,3114.0,131072.0,2872231.0,0.0,262272.0,0.0,4096.0
334,0,1,1300,1300,4194304,256,0,0,12,4,32,64,"void at::native::vectorized_elementwise_kernel<4, at::native::FillFunctor<int>, std::array<char*, 1ul> >(int, at::native::FillFunctor<int>, std::array<char*, 1ul>)",12739804852567,12739804895023,335,85,831158.0,1810.0,831158.0,65536.0,2832.0,24018400.0,0.0,0.0,556982333.0,556982333.0,0.0,0.0,262144.0,0.0,0.0,0.0,0.0,0.0,0.0,0.0,0.0,0.0,0.0,0.0,0.0,0.0,0.0,0.0,0.0,0.0,0.0,0.0,0.0,0.0,0.0,0.0,0.0,0.0,0.0,0.0,0.0,0.0,0.0,0.0,0.0,0.0,0.0,0.0,0.0,0.0,0.0,0.0,0.0,0.0,0.0,0.0,0.0,0.0,0.0,0.0,0.0,0.0,0.0,0.0,0.0,0.0,0.0,0.0,0.0,0.0,0.0,0.0,0.0,0.0,0.0,0.0,0.0,0.0,0.0,0.0,0.0,0.0,0.0,0.0,0.0,0.0,0.0,0.0,0.0,0.0,0.0,0.0,0.0,0.0,0.0,0.0,0.0,0.0,0.0,0.0,0.0,0.0,0.0,0.0,0.0,0.0,0.0,0.0,0.0,0.0,0.0,0.0,0.0,0.0,0.0,0.0,0.0,0.0,0.0,0.0,0.0,0.0,0.0,0.0,0.0,0.0,0.0,0.0,0.0,0.0,0.0,0.0,0.0,0.0,0.0,0.0,0.0,0.0,0.0,0.0,0.0,0.0,32768.0,32768.0,32848.0,32768.0,32768.0,32768.0,32768.0,32848.0,32768.0,32848.0,32848.0,32768.0,32868.0,32848.0,32768.0,32768.0,32848.0,32768.0,32848.0,32848.0,32868.0,32848.0,32768.0,32769.0,32769.0,32768.0,32768.0,32768.0,32848.0,32768.0,32768.0,32768.0,32848.0,32768.0,32768.0,32769.0,32769.0,32768.0,32768.0,32768.0,32768.0,32848.0,32768.0,32768.0,32768.0,32768.0,32848.0,32768.0,32848.0,32848.0,32848.0,32868.0,32848.0,32768.0,32768.0,32848.0,32768.0,32848.0,32848.0,32868.0,32848.0,32768.0,32769.0,32769.0,32768.0,32768.0,32768.0,32848.0,32768.0,32768.0,32769.0,32769.0,32848.0,32768.0,32768.0,32768.0,32848.0,32768.0,32768.0,32768.0,32768.0,32848.0,32768.0,32848.0,32848.0,32848.0,32868.0,32848.0,32769.0,32769.0,32768.0,32768.0,32768.0,32848.0,32868.0,32768.0,32768.0,32768.0,32768.0,32848.0,32768.0,32848.0,32848.0,32868.0,32848.0,32848.0,32768.0,32768.0,32848.0,32768.0,32848.0,32848.0,32868.0,32848.0,32769.0,32769.0,32769.0,32768.0,32768.0,32768.0,32848.0,32768.0,32768.0,32769.0,32769.0,32768.0,32768.0,32769.0,4194304.0,23657933.0,0.0,0.0,0.0,262144.0
335,0,1,1300,1300,32768,512,0,0,108,4,48,64,matmulbias_kernel,12739805290040,12739805315859,336,196,562706.0,2018.0,562706.0,0.0,737.0,3126248.0,0.0,0.0,46145049.0,46145049.0,4194304.0,622592.0,0.0,0.0,0.0,0.0,0.0,0.0,0.0,0.0,0.0,0.0,0.0,0.0,0.0,0.0,0.0,0.0,0.0,0.0,0.0,0.0,0.0,0.0,0.0,0.0,0.0,0.0,0.0,0.0,0.0,0.0,0.0,0.0,0.0,0.0,0.0,0.0,0.0,0.0,0.0,0.0,0.0,0.0,0.0,0.0,0.0,0.0,0.0,0.0,0.0,0.0,0.0,0.0,0.0,0.0,0.0,0.0,0.0,0.0,0.0,0.0,0.0,0.0,0.0,0.0,0.0,0.0,0.0,0.0,0.0,0.0,0.0,0.0,0.0,0.0,0.0,0.0,0.0,0.0,0.0,0.0,0.0,0.0,0.0,0.0,0.0,0.0,0.0,0.0,0.0,0.0,0.0,0.0,0.0,0.0,0.0,0.0,0.0,0.0,0.0,0.0,0.0,0.0,0.0,0.0,0.0,0.0,0.0,0.0,0.0,0.0,0.0,0.0,0.0,0.0,0.0,0.0,0.0,0.0,0.0,0.0,0.0,0.0,0.0,0.0,0.0,0.0,0.0,0.0,0.0,0.0,3092.0,3130.0,3130.0,3130.0,3102.0,3100.0,3100.0,3100.0,3100.0,3101.0,3101.0,3114.0,3100.0,3100.0,3092.0,3092.0,3092.0,3092.0,3093.0,3093.0,3092.0,3092.0,3114.0,3104.0,3114.0,3114.0,3114.0,3114.0,3114.0,3114.0,3094.0,3114.0,3114.0,3114.0,3094.0,3110.0,3122.0,3122.0,3122.0,3092.0,3122.0,3122.0,3122.0,3098.0,3096.0,3096.0,3096.0,3096.0,3097.0,3097.0,3092.0,3096.0,3096.0,3100.0,3100.0,3100.0,3100.0,3101.0,3101.0,3100.0,3100.0,3092.0,3116.0,3130.0,3130.0,3130.0,3130.0,3130.0,3130.0,3102.0,3110.0,3122.0,3093.0,3122.0,3122.0,3122.0,3122.0,3122.0,3098.0,3096.0,3096.0,3096.0,3096.0,3093.0,3097.0,3097.0,3096.0,3096.0,3104.0,3114.0,3114.0,3114.0,3114.0,3114.0,3092.0,3114.0,3094.0,3092.0,3092.0,3092.0,3092.0,3093.0,3093.0,3092.0,3092.0,3092.0,3092.0,3092.0,3092.0,3092.0,3093.0,3093.0,3092.0,3092.0,3104.0,3114.0,3104.0,3114.0,3114.0,3114.0,3114.0,3114.0,3094.0,3116.0,3130.0,3130.0,3130.0,3114.0,131072.0,2870950.0,0.0,262272.0,0.0,4096.0
336,0,1,1300,1300,4194304,256,0,0,12,4,32,64,"void at::native::vectorized_elementwise_kernel<4, at::native::FillFunctor<int>, std::array<char*, 1ul> >(int, at::native::FillFunctor<int>, std::array<char*, 1ul>)",12739805703859,12739805746316,337,85,832499.0,1810.0,832499.0,65536.0,2856.0,23853950.0,0.0,0.0,552323890.0,552323890.0,0.0,0.0,262144.0,0.0,0.0,0.0,0.0,0.0,0.0,0.0,0.0,0.0,0.0,0.0,0.0,0.0,0.0,0.0,0.0,0.0,0.0,0.0,0.0,0.0,0.0,0.0,0.0,0.0,0.0,0.0,0.0,0.0,0.0,0.0,0.0,0.0,0.0,0.0,0.0,0.0,0.0,0.0,0.0,0.0,0.0,0.0,0.0,0.0,0.0,0.0,0.0,0.0,0.0,0.0,0.0,0.0,0.0,0.0,0.0,0.0,0.0,0.0,0.0,0.0,0.0,0.0,0.0,0.0,0.0,0.0,0.0,0.0,0.0,0.0,0.0,0.0,0.0,0.0,0.0,0.0,0.0,0.0,0.0,0.0,0.0,0.0,0.0,0.0,0.0,0.0,0.0,0.0,0.0,0.0,0.0,0.0,0.0,0.0,0.0,0.0,0.0,0.0,0.0,0.0,0.0,0.0,0.0,0.0,0.0,0.0,0.0,0.0,0.0,0.0,0.0,0.0,0.0,0.0,0.0,0.0,0.0,0.0,0.0,0.0,0.0,0.0,0.0,0.0,0.0,0.0,0.0,0.0,32769.0,32788.0,32848.0,32768.0,32768.0,32769.0,32768.0,32849.0,32768.0,32848.0,32848.0,32768.0,32848.0,32848.0,32769.0,32768.0,32849.0,32768.0,32848.0,32848.0,32848.0,32848.0,32768.0,32768.0,32768.0,32768.0,32768.0,32788.0,32848.0,32768.0,32768.0,32788.0,32848.0,32768.0,32768.0,32768.0,32768.0,32768.0,32768.0,32768.0,32788.0,32848.0,32768.0,32768.0,32769.0,32768.0,32849.0,32768.0,32848.0,32848.0,32849.0,32848.0,32848.0,32769.0,32768.0,32849.0,32768.0,32848.0,32848.0,32848.0,32848.0,32768.0,32768.0,32768.0,32768.0,32768.0,32788.0,32848.0,32768.0,32768.0,32768.0,32768.0,32848.0,32768.0,32768.0,32788.0,32848.0,32768.0,32768.0,32769.0,32768.0,32849.0,32768.0,32848.0,32848.0,32848.0,32848.0,32848.0,32768.0,32768.0,32768.0,32768.0,32788.0,32848.0,32848.0,32768.0,32768.0,32769.0,32768.0,32849.0,32768.0,32848.0,32848.0,32848.0,32848.0,32848.0,32769.0,32768.0,32849.0,32768.0,32848.0,32848.0,32848.0,32848.0,32768.0,32768.0,32768.0,32768.0,32768.0,32788.0,32848.0,32768.0,32768.0,32768.0,32768.0,32768.0,32768.0,32768.0,4194304.0,23478030.0,0.0,0.0,0.0,262144.0
337,0,1,1300,1300,32768,512,0,0,108,4,48,64,matmulbias_kernel,12739806138446,12739806163984,338,196,554213.0,2018.0,554213.0,0.0,678.0,3122450.0,0.0,0.0,45680716.0,45680716.0,4194304.0,622592.0,0.0,0.0,0.0,0.0,0.0,0.0,0.0,0.0,0.0,0.0,0.0,0.0,0.0,0.0,0.0,0.0,0.0,0.0,0.0,0.0,0.0,0.0,0.0,0.0,0.0,0.0,0.0,0.0,0.0,0.0,0.0,0.0,0.0,0.0,0.0,0.0,0.0,0.0,0.0,0.0,0.0,0.0,0.0,0.0,0.0,0.0,0.0,0.0,0.0,0.0,0.0,0.0,0.0,0.0,0.0,0.0,0.0,0.0,0.0,0.0,0.0,0.0,0.0,0.0,0.0,0.0,0.0,0.0,0.0,0.0,0.0,0.0,0.0,0.0,0.0,0.0,0.0,0.0,0.0,0.0,0.0,0.0,0.0,0.0,0.0,0.0,0.0,0.0,0.0,0.0,0.0,0.0,0.0,0.0,0.0,0.0,0.0,0.0,0.0,0.0,0.0,0.0,0.0,0.0,0.0,0.0,0.0,0.0,0.0,0.0,0.0,0.0,0.0,0.0,0.0,0.0,0.0,0.0,0.0,0.0,0.0,0.0,0.0,0.0,0.0,0.0,0.0,0.0,0.0,0.0,3092.0,3122.0,3122.0,3122.0,3098.0,3096.0,3096.0,3096.0,3097.0,3097.0,3096.0,3114.0,3096.0,3096.0,3096.0,3096.0,3096.0,3097.0,3097.0,3096.0,3096.0,3096.0,3114.0,3110.0,3122.0,3122.0,3122.0,3122.0,3122.0,3122.0,3098.0,3114.0,3114.0,3114.0,3094.0,3098.0,3106.0,3106.0,3106.0,3092.0,3106.0,3106.0,3106.0,3090.0,3088.0,3088.0,3088.0,3089.0,3089.0,3088.0,3092.0,3088.0,3088.0,3092.0,3092.0,3092.0,3093.0,3093.0,3092.0,3092.0,3092.0,3093.0,3104.0,3114.0,3114.0,3114.0,3114.0,3114.0,3114.0,3094.0,3104.0,3114.0,3093.0,3114.0,3114.0,3114.0,3114.0,3114.0,3094.0,3092.0,3092.0,3092.0,3093.0,3092.0,3093.0,3092.0,3092.0,3092.0,3116.0,3130.0,3130.0,3130.0,3130.0,3130.0,3092.0,3130.0,3102.0,3100.0,3100.0,3100.0,3101.0,3101.0,3100.0,3100.0,3100.0,3092.0,3100.0,3100.0,3100.0,3101.0,3101.0,3100.0,3100.0,3100.0,3116.0,3130.0,3104.0,3130.0,3130.0,3130.0,3130.0,3130.0,3102.0,3110.0,3122.0,3122.0,3122.0,3114.0,131072.0,2864290.0,0.0,262272.0,0.0,4096.0
338,0,1,1300,1300,4194304,256,0,0,12,4,32,64,"void at::native::vectorized_elementwise_kernel<4, at::native::FillFunctor<int>, std::array<char*, 1ul> >(int, at::native::FillFunctor<int>, std::array<char*, 1ul>)",12739806554631,12739806597488,339,85,831720.0,1810.0,831720.0,65536.0,2858.0,24039804.0,0.0,0.0,557057843.0,557057843.0,0.0,0.0,262144.0,0.0,0.0,0.0,0.0,0.0,0.0,0.0,0.0,0.0,0.0,0.0,0.0,0.0,0.0,0.0,0.0,0.0,0.0,0.0,0.0,0.0,0.0,0.0,0.0,0.0,0.0,0.0,0.0,0.0,0.0,0.0,0.0,0.0,0.0,0.0,0.0,0.0,0.0,0.0,0.0,0.0,0.0,0.0,0.0,0.0,0.0,0.0,0.0,0.0,0.0,0.0,0.0,0.0,0.0,0.0,0.0,0.0,0.0,0.0,0.0,0.0,0.0,0.0,0.0,0.0,0.0,0.0,0.0,0.0,0.0,0.0,0.0,0.0,0.0,0.0,0.0,0.0,0.0,0.0,0.0,0.0,0.0,0.0,0.0,0.0,0.0,0.0,0.0,0.0,0.0,0.0,0.0,0.0,0.0,0.0,0.0,0.0,0.0,0.0,0.0,0.0,0.0,0.0,0.0,0.0,0.0,0.0,0.0,0.0,0.0,0.0,0.0,0.0,0.0,0.0,0.0,0.0,0.0,0.0,0.0,0.0,0.0,0.0,0.0,0.0,0.0,0.0,0.0,0.0,32768.0,32768.0,32868.0,32768.0,32768.0,32768.0,32768.0,32848.0,32768.0,32848.0,32849.0,32768.0,32848.0,32848.0,32768.0,32768.0,32848.0,32768.0,32848.0,32849.0,32848.0,32848.0,32769.0,32768.0,32768.0,32768.0,32769.0,32768.0,32868.0,32768.0,32768.0,32768.0,32868.0,32768.0,32768.0,32768.0,32768.0,32768.0,32769.0,32768.0,32768.0,32868.0,32768.0,32768.0,32768.0,32768.0,32848.0,32768.0,32848.0,32849.0,32848.0,32848.0,32848.0,32768.0,32768.0,32848.0,32768.0,32848.0,32849.0,32848.0,32848.0,32768.0,32768.0,32768.0,32768.0,32769.0,32768.0,32868.0,32768.0,32768.0,32768.0,32768.0,32848.0,32768.0,32769.0,32768.0,32868.0,32768.0,32768.0,32768.0,32768.0,32848.0,32768.0,32849.0,32848.0,32849.0,32848.0,32848.0,32768.0,32768.0,32768.0,32769.0,32768.0,32868.0,32848.0,32768.0,32768.0,32768.0,32768.0,32848.0,32768.0,32848.0,32849.0,32848.0,32848.0,32848.0,32768.0,32768.0,32848.0,32768.0,32848.0,32849.0,32848.0,32848.0,32768.0,32768.0,32768.0,32768.0,32769.0,32768.0,32868.0,32768.0,32768.0,32768.0,32768.0,32768.0,32769.0,32768.0,4194304.0,23665198.0,0.0,0.0,0.0,262144.0
339,0,1,1300,1300,32768,512,0,0,108,4,48,64,matmulbias_kernel,12739806985930,12739807011628,340,196,564169.0,2018.0,564169.0,0.0,769.0,3145975.0,0.0,0.0,46390901.0,46390901.0,4194304.0,622592.0,0.0,0.0,0.0,0.0,0.0,0.0,0.0,0.0,0.0,0.0,0.0,0.0,0.0,0.0,0.0,0.0,0.0,0.0,0.0,0.0,0.0,0.0,0.0,0.0,0.0,0.0,0.0,0.0,0.0,0.0,0.0,0.0,0.0,0.0,0.0,0.0,0.0,0.0,0.0,0.0,0.0,0.0,0.0,0.0,0.0,0.0,0.0,0.0,0.0,0.0,0.0,0.0,0.0,0.0,0.0,0.0,0.0,0.0,0.0,0.0,0.0,0.0,0.0,0.0,0.0,0.0,0.0,0.0,0.0,0.0,0.0,0.0,0.0,0.0,0.0,0.0,0.0,0.0,0.0,0.0,0.0,0.0,0.0,0.0,0.0,0.0,0.0,0.0,0.0,0.0,0.0,0.0,0.0,0.0,0.0,0.0,0.0,0.0,0.0,0.0,0.0,0.0,0.0,0.0,0.0,0.0,0.0,0.0,0.0,0.0,0.0,0.0,0.0,0.0,0.0,0.0,0.0,0.0,0.0,0.0,0.0,0.0,0.0,0.0,0.0,0.0,0.0,0.0,0.0,0.0,3096.0,3122.0,3122.0,3122.0,3098.0,3096.0,3097.0,3096.0,3096.0,3097.0,3096.0,3122.0,3096.0,3096.0,3096.0,3097.0,3096.0,3096.0,3097.0,3096.0,3096.0,3096.0,3122.0,3110.0,3122.0,3122.0,3122.0,3122.0,3122.0,3122.0,3098.0,3122.0,3122.0,3122.0,3098.0,3110.0,3122.0,3122.0,3122.0,3097.0,3122.0,3122.0,3122.0,3098.0,3096.0,3097.0,3096.0,3096.0,3097.0,3096.0,3096.0,3096.0,3096.0,3096.0,3097.0,3096.0,3096.0,3097.0,3096.0,3096.0,3096.0,3096.0,3110.0,3122.0,3122.0,3122.0,3122.0,3122.0,3122.0,3098.0,3110.0,3122.0,3097.0,3122.0,3122.0,3122.0,3122.0,3122.0,3098.0,3096.0,3097.0,3096.0,3096.0,3096.0,3097.0,3096.0,3096.0,3096.0,3110.0,3122.0,3122.0,3122.0,3122.0,3122.0,3096.0,3122.0,3098.0,3096.0,3097.0,3096.0,3096.0,3097.0,3096.0,3096.0,3096.0,3096.0,3096.0,3097.0,3096.0,3096.0,3097.0,3096.0,3096.0,3096.0,3110.0,3122.0,3110.0,3122.0,3122.0,3122.0,3122.0,3122.0,3098.0,3110.0,3122.0,3122.0,3122.0,3122.0,131072.0,2884927.0,0.0,262272.0,0.0,4096.0
340,0,1,1300,1300,4194304,256,0,0,12,4,32,64,"void at::native::vectorized_elementwise_kernel<4, at::native::FillFunctor<int>, std::array<char*, 1ul> >(int, at::native::FillFunctor<int>, std::array<char*, 1ul>)",12739807401112,12739807444010,341,85,845981.0,1810.0,845981.0,65536.0,2902.0,24162982.0,0.0,0.0,559337110.0,559337110.0,0.0,0.0,262144.0,0.0,0.0,0.0,0.0,0.0,0.0,0.0,0.0,0.0,0.0,0.0,0.0,0.0,0.0,0.0,0.0,0.0,0.0,0.0,0.0,0.0,0.0,0.0,0.0,0.0,0.0,0.0,0.0,0.0,0.0,0.0,0.0,0.0,0.0,0.0,0.0,0.0,0.0,0.0,0.0,0.0,0.0,0.0,0.0,0.0,0.0,0.0,0.0,0.0,0.0,0.0,0.0,0.0,0.0,0.0,0.0,0.0,0.0,0.0,0.0,0.0,0.0,0.0,0.0,0.0,0.0,0.0,0.0,0.0,0.0,0.0,0.0,0.0,0.0,0.0,0.0,0.0,0.0,0.0,0.0,0.0,0.0,0.0,0.0,0.0,0.0,0.0,0.0,0.0,0.0,0.0,0.0,0.0,0.0,0.0,0.0,0.0,0.0,0.0,0.0,0.0,0.0,0.0,0.0,0.0,0.0,0.0,0.0,0.0,0.0,0.0,0.0,0.0,0.0,0.0,0.0,0.0,0.0,0.0,0.0,0.0,0.0,0.0,0.0,0.0,0.0,0.0,0.0,0.0,32768.0,32768.0,32848.0,32788.0,32768.0,32768.0,32768.0,32850.0,32768.0,32848.0,32848.0,32768.0,32848.0,32848.0,32768.0,32768.0,32850.0,32768.0,32848.0,32848.0,32848.0,32848.0,32768.0,32768.0,32768.0,32768.0,32768.0,32768.0,32848.0,32788.0,32768.0,32768.0,32848.0,32788.0,32768.0,32768.0,32768.0,32768.0,32768.0,32768.0,32768.0,32848.0,32788.0,32768.0,32768.0,32768.0,32850.0,32768.0,32848.0,32848.0,32850.0,32848.0,32848.0,32768.0,32768.0,32850.0,32768.0,32848.0,32848.0,32848.0,32848.0,32768.0,32768.0,32768.0,32768.0,32768.0,32768.0,32848.0,32788.0,32768.0,32768.0,32768.0,32848.0,32768.0,32768.0,32768.0,32848.0,32788.0,32768.0,32768.0,32768.0,32850.0,32768.0,32848.0,32848.0,32848.0,32848.0,32848.0,32768.0,32768.0,32768.0,32768.0,32768.0,32848.0,32848.0,32788.0,32768.0,32768.0,32768.0,32850.0,32768.0,32848.0,32848.0,32848.0,32848.0,32848.0,32768.0,32768.0,32850.0,32768.0,32848.0,32848.0,32848.0,32848.0,32768.0,32768.0,32768.0,32768.0,32768.0,32768.0,32848.0,32788.0,32768.0,32768.0,32768.0,32768.0,32768.0,32768.0,4194304.0,23780675.0,0.0,0.0,0.0,262144.0
341,0,1,1300,1300,32768,512,0,0,108,4,48,64,matmulbias_kernel,12739807833815,12739807858791,342,196,566935.0,2018.0,566935.0,0.0,791.0,3062071.0,0.0,0.0,44509293.0,44509293.0,4194304.0,622592.0,0.0,0.0,0.0,0.0,0.0,0.0,0.0,0.0,0.0,0.0,0.0,0.0,0.0,0.0,0.0,0.0,0.0,0.0,0.0,0.0,0.0,0.0,0.0,0.0,0.0,0.0,0.0,0.0,0.0,0.0,0.0,0.0,0.0,0.0,0.0,0.0,0.0,0.0,0.0,0.0,0.0,0.0,0.0,0.0,0.0,0.0,0.0,0.0,0.0,0.0,0.0,0.0,0.0,0.0,0.0,0.0,0.0,0.0,0.0,0.0,0.0,0.0,0.0,0.0,0.0,0.0,0.0,0.0,0.0,0.0,0.0,0.0,0.0,0.0,0.0,0.0,0.0,0.0,0.0,0.0,0.0,0.0,0.0,0.0,0.0,0.0,0.0,0.0,0.0,0.0,0.0,0.0,0.0,0.0,0.0,0.0,0.0,0.0,0.0,0.0,0.0,0.0,0.0,0.0,0.0,0.0,0.0,0.0,0.0,0.0,0.0,0.0,0.0,0.0,0.0,0.0,0.0,0.0,0.0,0.0,0.0,0.0,0.0,0.0,0.0,0.0,0.0,0.0,0.0,0.0,3092.0,3122.0,3122.0,3122.0,3098.0,3096.0,3096.0,3096.0,3096.0,3097.0,3096.0,3114.0,3096.0,3096.0,3096.0,3096.0,3096.0,3096.0,3097.0,3096.0,3096.0,3096.0,3115.0,3110.0,3122.0,3122.0,3123.0,3122.0,3122.0,3122.0,3098.0,3114.0,3114.0,3114.0,3094.0,3110.0,3122.0,3122.0,3123.0,3092.0,3122.0,3122.0,3122.0,3098.0,3096.0,3096.0,3096.0,3096.0,3097.0,3096.0,3092.0,3096.0,3096.0,3100.0,3100.0,3100.0,3100.0,3101.0,3100.0,3100.0,3100.0,3092.0,3116.0,3130.0,3130.0,3131.0,3130.0,3130.0,3130.0,3102.0,3104.0,3114.0,3093.0,3114.0,3115.0,3114.0,3114.0,3114.0,3094.0,3092.0,3092.0,3092.0,3092.0,3092.0,3093.0,3092.0,3092.0,3092.0,3110.0,3122.0,3122.0,3123.0,3122.0,3122.0,3092.0,3122.0,3098.0,3096.0,3096.0,3096.0,3096.0,3097.0,3096.0,3096.0,3096.0,3092.0,3092.0,3092.0,3092.0,3092.0,3093.0,3092.0,3092.0,3092.0,3104.0,3114.0,3104.0,3114.0,3115.0,3114.0,3114.0,3114.0,3094.0,3110.0,3122.0,3122.0,3123.0,3114.0,131072.0,2796821.0,0.0,262272.0,0.0,4096.0
342,0,1,1300,1300,4194304,256,0,0,12,4,32,64,"void at::native::vectorized_elementwise_kernel<4, at::native::FillFunctor<int>, std::array<char*, 1ul> >(int, at::native::FillFunctor<int>, std::array<char*, 1ul>)",12739808250320,12739808293057,343,85,843142.0,1810.0,843142.0,65536.0,2870.0,24215679.0,0.0,0.0,560644517.0,560644517.0,0.0,0.0,262144.0,0.0,0.0,0.0,0.0,0.0,0.0,0.0,0.0,0.0,0.0,0.0,0.0,0.0,0.0,0.0,0.0,0.0,0.0,0.0,0.0,0.0,0.0,0.0,0.0,0.0,0.0,0.0,0.0,0.0,0.0,0.0,0.0,0.0,0.0,0.0,0.0,0.0,0.0,0.0,0.0,0.0,0.0,0.0,0.0,0.0,0.0,0.0,0.0,0.0,0.0,0.0,0.0,0.0,0.0,0.0,0.0,0.0,0.0,0.0,0.0,0.0,0.0,0.0,0.0,0.0,0.0,0.0,0.0,0.0,0.0,0.0,0.0,0.0,0.0,0.0,0.0,0.0,0.0,0.0,0.0,0.0,0.0,0.0,0.0,0.0,0.0,0.0,0.0,0.0,0.0,0.0,0.0,0.0,0.0,0.0,0.0,0.0,0.0,0.0,0.0,0.0,0.0,0.0,0.0,0.0,0.0,0.0,0.0,0.0,0.0,0.0,0.0,0.0,0.0,0.0,0.0,0.0,0.0,0.0,0.0,0.0,0.0,0.0,0.0,0.0,0.0,0.0,0.0,0.0,32768.0,32768.0,32848.0,32768.0,32789.0,32768.0,32768.0,32848.0,32768.0,32848.0,32848.0,32769.0,32848.0,32848.0,32768.0,32768.0,32848.0,32768.0,32848.0,32848.0,32848.0,32848.0,32768.0,32768.0,32768.0,32769.0,32768.0,32768.0,32848.0,32768.0,32789.0,32768.0,32848.0,32768.0,32789.0,32768.0,32768.0,32769.0,32768.0,32768.0,32768.0,32848.0,32768.0,32789.0,32768.0,32768.0,32848.0,32768.0,32848.0,32848.0,32848.0,32848.0,32848.0,32768.0,32768.0,32848.0,32768.0,32848.0,32848.0,32848.0,32848.0,32768.0,32768.0,32768.0,32769.0,32768.0,32768.0,32848.0,32768.0,32789.0,32768.0,32768.0,32848.0,32769.0,32768.0,32768.0,32848.0,32768.0,32789.0,32768.0,32768.0,32848.0,32768.0,32848.0,32848.0,32848.0,32848.0,32848.0,32768.0,32768.0,32769.0,32768.0,32768.0,32848.0,32848.0,32768.0,32789.0,32768.0,32768.0,32848.0,32768.0,32848.0,32848.0,32848.0,32848.0,32848.0,32768.0,32768.0,32848.0,32768.0,32848.0,32848.0,32848.0,32848.0,32768.0,32768.0,32768.0,32769.0,32768.0,32768.0,32848.0,32768.0,32789.0,32768.0,32768.0,32769.0,32768.0,32768.0,4194304.0,23844223.0,0.0,0.0,0.0,262144.0
343,0,1,1300,1300,32768,512,0,0,108,4,48,64,matmulbias_kernel,12739808680777,12739808705954,344,196,543823.0,2018.0,543823.0,0.0,729.0,3110514.0,0.0,0.0,45887588.0,45887588.0,4194304.0,622592.0,0.0,0.0,0.0,0.0,0.0,0.0,0.0,0.0,0.0,0.0,0.0,0.0,0.0,0.0,0.0,0.0,0.0,0.0,0.0,0.0,0.0,0.0,0.0,0.0,0.0,0.0,0.0,0.0,0.0,0.0,0.0,0.0,0.0,0.0,0.0,0.0,0.0,0.0,0.0,0.0,0.0,0.0,0.0,0.0,0.0,0.0,0.0,0.0,0.0,0.0,0.0,0.0,0.0,0.0,0.0,0.0,0.0,0.0,0.0,0.0,0.0,0.0,0.0,0.0,0.0,0.0,0.0,0.0,0.0,0.0,0.0,0.0,0.0,0.0,0.0,0.0,0.0,0.0,0.0,0.0,0.0,0.0,0.0,0.0,0.0,0.0,0.0,0.0,0.0,0.0,0.0,0.0,0.0,0.0,0.0,0.0,0.0,0.0,0.0,0.0,0.0,0.0,0.0,0.0,0.0,0.0,0.0,0.0,0.0,0.0,0.0,0.0,0.0,0.0,0.0,0.0,0.0,0.0,0.0,0.0,0.0,0.0,0.0,0.0,0.0,0.0,0.0,0.0,0.0,0.0,3096.0,3130.0,3130.0,3130.0,3102.0,3100.0,3100.0,3100.0,3100.0,3101.0,3100.0,3122.0,3100.0,3100.0,3096.0,3096.0,3096.0,3096.0,3097.0,3096.0,3096.0,3096.0,3122.0,3110.0,3123.0,3122.0,3122.0,3122.0,3122.0,3122.0,3098.0,3122.0,3122.0,3122.0,3098.0,3116.0,3131.0,3130.0,3130.0,3096.0,3130.0,3130.0,3130.0,3102.0,3100.0,3100.0,3100.0,3100.0,3101.0,3100.0,3096.0,3100.0,3100.0,3096.0,3096.0,3096.0,3096.0,3097.0,3096.0,3096.0,3096.0,3096.0,3110.0,3123.0,3122.0,3122.0,3122.0,3122.0,3122.0,3098.0,3110.0,3123.0,3097.0,3122.0,3122.0,3122.0,3122.0,3122.0,3098.0,3096.0,3096.0,3096.0,3096.0,3096.0,3097.0,3096.0,3096.0,3096.0,3104.0,3115.0,3114.0,3114.0,3114.0,3114.0,3096.0,3114.0,3094.0,3092.0,3092.0,3092.0,3092.0,3093.0,3092.0,3092.0,3092.0,3096.0,3100.0,3100.0,3100.0,3100.0,3101.0,3100.0,3100.0,3100.0,3116.0,3131.0,3110.0,3130.0,3130.0,3130.0,3130.0,3130.0,3102.0,3116.0,3131.0,3130.0,3130.0,3123.0,131072.0,2852204.0,0.0,262272.0,0.0,4096.0
344,0,1,1300,1300,4194304,256,0,0,12,4,32,64,"void at::native::vectorized_elementwise_kernel<4, at::native::FillFunctor<int>, std::array<char*, 1ul> >(int, at::native::FillFunctor<int>, std::array<char*, 1ul>)",12739809097202,12739809139779,345,85,819519.0,1810.0,819519.0,65536.0,2858.0,24063911.0,0.0,0.0,557452695.0,557452695.0,0.0,0.0,262144.0,0.0,0.0,0.0,0.0,0.0,0.0,0.0,0.0,0.0,0.0,0.0,0.0,0.0,0.0,0.0,0.0,0.0,0.0,0.0,0.0,0.0,0.0,0.0,0.0,0.0,0.0,0.0,0.0,0.0,0.0,0.0,0.0,0.0,0.0,0.0,0.0,0.0,0.0,0.0,0.0,0.0,0.0,0.0,0.0,0.0,0.0,0.0,0.0,0.0,0.0,0.0,0.0,0.0,0.0,0.0,0.0,0.0,0.0,0.0,0.0,0.0,0.0,0.0,0.0,0.0,0.0,0.0,0.0,0.0,0.0,0.0,0.0,0.0,0.0,0.0,0.0,0.0,0.0,0.0,0.0,0.0,0.0,0.0,0.0,0.0,0.0,0.0,0.0,0.0,0.0,0.0,0.0,0.0,0.0,0.0,0.0,0.0,0.0,0.0,0.0,0.0,0.0,0.0,0.0,0.0,0.0,0.0,0.0,0.0,0.0,0.0,0.0,0.0,0.0,0.0,0.0,0.0,0.0,0.0,0.0,0.0,0.0,0.0,0.0,0.0,0.0,0.0,0.0,0.0,32768.0,32768.0,32848.0,32768.0,32768.0,32768.0,32768.0,32849.0,32768.0,32849.0,32848.0,32768.0,32848.0,32848.0,32768.0,32768.0,32849.0,32768.0,32849.0,32848.0,32848.0,32848.0,32768.0,32788.0,32768.0,32768.0,32768.0,32768.0,32848.0,32768.0,32768.0,32768.0,32848.0,32768.0,32768.0,32788.0,32768.0,32768.0,32768.0,32768.0,32768.0,32848.0,32768.0,32768.0,32768.0,32768.0,32849.0,32768.0,32849.0,32848.0,32849.0,32848.0,32848.0,32768.0,32768.0,32849.0,32768.0,32849.0,32848.0,32848.0,32848.0,32768.0,32788.0,32768.0,32768.0,32768.0,32768.0,32848.0,32768.0,32768.0,32788.0,32768.0,32849.0,32768.0,32768.0,32768.0,32848.0,32768.0,32768.0,32768.0,32768.0,32849.0,32768.0,32848.0,32849.0,32848.0,32848.0,32848.0,32788.0,32768.0,32768.0,32768.0,32768.0,32848.0,32848.0,32768.0,32768.0,32768.0,32768.0,32849.0,32768.0,32849.0,32848.0,32848.0,32848.0,32848.0,32768.0,32768.0,32849.0,32768.0,32849.0,32848.0,32848.0,32848.0,32788.0,32768.0,32788.0,32768.0,32768.0,32768.0,32848.0,32768.0,32768.0,32788.0,32768.0,32768.0,32768.0,32768.0,4194304.0,23689046.0,0.0,0.0,0.0,262144.0
345,0,1,1300,1300,32768,512,0,0,108,4,48,64,matmulbias_kernel,12739809526898,12739809552436,346,196,551073.0,2018.0,551073.0,0.0,760.0,3127057.0,0.0,0.0,46203329.0,46203329.0,4194304.0,622592.0,0.0,0.0,0.0,0.0,0.0,0.0,0.0,0.0,0.0,0.0,0.0,0.0,0.0,0.0,0.0,0.0,0.0,0.0,0.0,0.0,0.0,0.0,0.0,0.0,0.0,0.0,0.0,0.0,0.0,0.0,0.0,0.0,0.0,0.0,0.0,0.0,0.0,0.0,0.0,0.0,0.0,0.0,0.0,0.0,0.0,0.0,0.0,0.0,0.0,0.0,0.0,0.0,0.0,0.0,0.0,0.0,0.0,0.0,0.0,0.0,0.0,0.0,0.0,0.0,0.0,0.0,0.0,0.0,0.0,0.0,0.0,0.0,0.0,0.0,0.0,0.0,0.0,0.0,0.0,0.0,0.0,0.0,0.0,0.0,0.0,0.0,0.0,0.0,0.0,0.0,0.0,0.0,0.0,0.0,0.0,0.0,0.0,0.0,0.0,0.0,0.0,0.0,0.0,0.0,0.0,0.0,0.0,0.0,0.0,0.0,0.0,0.0,0.0,0.0,0.0,0.0,0.0,0.0,0.0,0.0,0.0,0.0,0.0,0.0,0.0,0.0,0.0,0.0,0.0,0.0,3100.0,3130.0,3130.0,3130.0,3103.0,3100.0,3100.0,3100.0,3100.0,3101.0,3100.0,3130.0,3100.0,3100.0,3100.0,3100.0,3100.0,3100.0,3101.0,3100.0,3100.0,3100.0,3130.0,3116.0,3130.0,3130.0,3130.0,3130.0,3130.0,3130.0,3103.0,3130.0,3130.0,3130.0,3103.0,3110.0,3122.0,3122.0,3122.0,3100.0,3122.0,3122.0,3122.0,3099.0,3096.0,3096.0,3096.0,3096.0,3097.0,3096.0,3100.0,3096.0,3096.0,3092.0,3092.0,3092.0,3092.0,3093.0,3092.0,3092.0,3092.0,3100.0,3104.0,3114.0,3114.0,3114.0,3114.0,3114.0,3114.0,3095.0,3116.0,3130.0,3101.0,3130.0,3130.0,3130.0,3130.0,3130.0,3103.0,3100.0,3100.0,3100.0,3100.0,3100.0,3101.0,3100.0,3100.0,3100.0,3110.0,3122.0,3122.0,3122.0,3122.0,3122.0,3100.0,3122.0,3099.0,3096.0,3096.0,3096.0,3096.0,3097.0,3096.0,3096.0,3096.0,3100.0,3096.0,3096.0,3096.0,3096.0,3097.0,3096.0,3096.0,3096.0,3110.0,3122.0,3116.0,3122.0,3122.0,3122.0,3122.0,3122.0,3099.0,3116.0,3130.0,3130.0,3130.0,3130.0,131072.0,2857569.0,0.0,262272.0,0.0,4096.0
346,0,1,1300,1300,4194304,256,0,0,12,4,32,64,"void at::native::vectorized_elementwise_kernel<4, at::native::FillFunctor<int>, std::array<char*, 1ul> >(int, at::native::FillFunctor<int>, std::array<char*, 1ul>)",12739809946731,12739809989227,347,85,830617.0,1810.0,830617.0,65536.0,2888.0,24003997.0,0.0,0.0,555813093.0,555813093.0,0.0,0.0,262144.0,0.0,0.0,0.0,0.0,0.0,0.0,0.0,0.0,0.0,0.0,0.0,0.0,0.0,0.0,0.0,0.0,0.0,0.0,0.0,0.0,0.0,0.0,0.0,0.0,0.0,0.0,0.0,0.0,0.0,0.0,0.0,0.0,0.0,0.0,0.0,0.0,0.0,0.0,0.0,0.0,0.0,0.0,0.0,0.0,0.0,0.0,0.0,0.0,0.0,0.0,0.0,0.0,0.0,0.0,0.0,0.0,0.0,0.0,0.0,0.0,0.0,0.0,0.0,0.0,0.0,0.0,0.0,0.0,0.0,0.0,0.0,0.0,0.0,0.0,0.0,0.0,0.0,0.0,0.0,0.0,0.0,0.0,0.0,0.0,0.0,0.0,0.0,0.0,0.0,0.0,0.0,0.0,0.0,0.0,0.0,0.0,0.0,0.0,0.0,0.0,0.0,0.0,0.0,0.0,0.0,0.0,0.0,0.0,0.0,0.0,0.0,0.0,0.0,0.0,0.0,0.0,0.0,0.0,0.0,0.0,0.0,0.0,0.0,0.0,0.0,0.0,0.0,0.0,0.0,32768.0,32768.0,32848.0,32768.0,32769.0,32768.0,32768.0,32849.0,32768.0,32848.0,32848.0,32768.0,32848.0,32848.0,32768.0,32768.0,32849.0,32768.0,32848.0,32848.0,32848.0,32848.0,32768.0,32768.0,32788.0,32768.0,32768.0,32768.0,32848.0,32768.0,32769.0,32768.0,32848.0,32768.0,32769.0,32768.0,32788.0,32768.0,32768.0,32768.0,32768.0,32848.0,32768.0,32769.0,32768.0,32768.0,32849.0,32768.0,32848.0,32848.0,32849.0,32848.0,32848.0,32768.0,32768.0,32849.0,32768.0,32848.0,32848.0,32848.0,32848.0,32768.0,32768.0,32788.0,32768.0,32768.0,32768.0,32848.0,32768.0,32769.0,32768.0,32788.0,32848.0,32768.0,32768.0,32768.0,32848.0,32768.0,32769.0,32768.0,32768.0,32849.0,32768.0,32848.0,32848.0,32848.0,32848.0,32848.0,32768.0,32788.0,32768.0,32768.0,32768.0,32848.0,32848.0,32768.0,32769.0,32768.0,32768.0,32849.0,32768.0,32848.0,32848.0,32848.0,32848.0,32848.0,32768.0,32768.0,32849.0,32768.0,32848.0,32848.0,32848.0,32848.0,32768.0,32788.0,32768.0,32768.0,32768.0,32768.0,32848.0,32768.0,32769.0,32768.0,32788.0,32768.0,32768.0,32788.0,4194304.0,23615888.0,0.0,0.0,0.0,262144.0
347,0,1,1300,1300,32768,512,0,0,108,4,48,64,matmulbias_kernel,12739810377549,12739810403247,348,196,556065.0,2018.0,556065.0,0.0,695.0,3146191.0,0.0,0.0,46661437.0,46661437.0,4194304.0,622592.0,0.0,0.0,0.0,0.0,0.0,0.0,0.0,0.0,0.0,0.0,0.0,0.0,0.0,0.0,0.0,0.0,0.0,0.0,0.0,0.0,0.0,0.0,0.0,0.0,0.0,0.0,0.0,0.0,0.0,0.0,0.0,0.0,0.0,0.0,0.0,0.0,0.0,0.0,0.0,0.0,0.0,0.0,0.0,0.0,0.0,0.0,0.0,0.0,0.0,0.0,0.0,0.0,0.0,0.0,0.0,0.0,0.0,0.0,0.0,0.0,0.0,0.0,0.0,0.0,0.0,0.0,0.0,0.0,0.0,0.0,0.0,0.0,0.0,0.0,0.0,0.0,0.0,0.0,0.0,0.0,0.0,0.0,0.0,0.0,0.0,0.0,0.0,0.0,0.0,0.0,0.0,0.0,0.0,0.0,0.0,0.0,0.0,0.0,0.0,0.0,0.0,0.0,0.0,0.0,0.0,0.0,0.0,0.0,0.0,0.0,0.0,0.0,0.0,0.0,0.0,0.0,0.0,0.0,0.0,0.0,0.0,0.0,0.0,0.0,0.0,0.0,0.0,0.0,0.0,0.0,3092.0,3122.0,3122.0,3122.0,3098.0,3096.0,3096.0,3097.0,3096.0,3096.0,3096.0,3114.0,3097.0,3096.0,3096.0,3096.0,3097.0,3096.0,3096.0,3096.0,3097.0,3096.0,3114.0,3110.0,3122.0,3122.0,3122.0,3122.0,3122.0,3122.0,3098.0,3114.0,3114.0,3114.0,3094.0,3104.0,3114.0,3114.0,3114.0,3092.0,3114.0,3114.0,3114.0,3094.0,3092.0,3092.0,3093.0,3092.0,3092.0,3092.0,3093.0,3093.0,3092.0,3092.0,3092.0,3093.0,3092.0,3092.0,3092.0,3093.0,3092.0,3092.0,3104.0,3114.0,3114.0,3114.0,3114.0,3114.0,3114.0,3094.0,3122.0,3138.0,3092.0,3138.0,3138.0,3138.0,3138.0,3138.0,3106.0,3104.0,3104.0,3105.0,3104.0,3092.0,3104.0,3104.0,3105.0,3104.0,3110.0,3122.0,3122.0,3122.0,3122.0,3122.0,3093.0,3122.0,3098.0,3096.0,3096.0,3097.0,3096.0,3096.0,3096.0,3097.0,3096.0,3092.0,3100.0,3100.0,3101.0,3100.0,3100.0,3100.0,3101.0,3100.0,3116.0,3130.0,3104.0,3130.0,3130.0,3130.0,3130.0,3130.0,3102.0,3110.0,3122.0,3122.0,3122.0,3114.0,131072.0,2893243.0,0.0,262272.0,0.0,4096.0
348,0,1,1300,1300,4194304,256,0,0,12,4,32,64,"void at::native::vectorized_elementwise_kernel<4, at::native::FillFunctor<int>, std::array<char*, 1ul> >(int, at::native::FillFunctor<int>, std::array<char*, 1ul>)",12739810794054,12739810836551,349,85,829641.0,1810.0,829641.0,65536.0,2903.0,24056558.0,0.0,0.0,558255347.0,558255347.0,0.0,0.0,262144.0,0.0,0.0,0.0,0.0,0.0,0.0,0.0,0.0,0.0,0.0,0.0,0.0,0.0,0.0,0.0,0.0,0.0,0.0,0.0,0.0,0.0,0.0,0.0,0.0,0.0,0.0,0.0,0.0,0.0,0.0,0.0,0.0,0.0,0.0,0.0,0.0,0.0,0.0,0.0,0.0,0.0,0.0,0.0,0.0,0.0,0.0,0.0,0.0,0.0,0.0,0.0,0.0,0.0,0.0,0.0,0.0,0.0,0.0,0.0,0.0,0.0,0.0,0.0,0.0,0.0,0.0,0.0,0.0,0.0,0.0,0.0,0.0,0.0,0.0,0.0,0.0,0.0,0.0,0.0,0.0,0.0,0.0,0.0,0.0,0.0,0.0,0.0,0.0,0.0,0.0,0.0,0.0,0.0,0.0,0.0,0.0,0.0,0.0,0.0,0.0,0.0,0.0,0.0,0.0,0.0,0.0,0.0,0.0,0.0,0.0,0.0,0.0,0.0,0.0,0.0,0.0,0.0,0.0,0.0,0.0,0.0,0.0,0.0,0.0,0.0,0.0,0.0,0.0,0.0,32768.0,32768.0,32849.0,32768.0,32768.0,32768.0,32768.0,32848.0,32768.0,32849.0,32848.0,32788.0,32848.0,32848.0,32768.0,32768.0,32848.0,32768.0,32849.0,32848.0,32848.0,32848.0,32768.0,32768.0,32768.0,32788.0,32768.0,32768.0,32849.0,32768.0,32768.0,32768.0,32849.0,32768.0,32768.0,32768.0,32768.0,32788.0,32768.0,32768.0,32768.0,32849.0,32768.0,32768.0,32768.0,32768.0,32848.0,32768.0,32849.0,32848.0,32848.0,32848.0,32848.0,32768.0,32768.0,32848.0,32768.0,32849.0,32848.0,32848.0,32848.0,32768.0,32768.0,32768.0,32788.0,32768.0,32768.0,32849.0,32768.0,32768.0,32768.0,32768.0,32849.0,32788.0,32768.0,32768.0,32849.0,32768.0,32768.0,32768.0,32768.0,32848.0,32768.0,32848.0,32849.0,32848.0,32848.0,32848.0,32768.0,32768.0,32788.0,32768.0,32768.0,32849.0,32848.0,32768.0,32768.0,32768.0,32768.0,32848.0,32768.0,32849.0,32848.0,32848.0,32848.0,32848.0,32768.0,32768.0,32848.0,32768.0,32849.0,32848.0,32848.0,32848.0,32768.0,32768.0,32768.0,32788.0,32768.0,32768.0,32849.0,32768.0,32768.0,32768.0,32768.0,32788.0,32768.0,32768.0,4194304.0,23729850.0,0.0,0.0,0.0,262144.0
349,0,1,1300,1300,32768,512,0,0,108,4,48,64,matmulbias_kernel,12739811231287,12739811256705,350,196,547665.0,2018.0,547665.0,0.0,794.0,3106324.0,0.0,0.0,45542232.0,45542232.0,4194304.0,622592.0,0.0,0.0,0.0,0.0,0.0,0.0,0.0,0.0,0.0,0.0,0.0,0.0,0.0,0.0,0.0,0.0,0.0,0.0,0.0,0.0,0.0,0.0,0.0,0.0,0.0,0.0,0.0,0.0,0.0,0.0,0.0,0.0,0.0,0.0,0.0,0.0,0.0,0.0,0.0,0.0,0.0,0.0,0.0,0.0,0.0,0.0,0.0,0.0,0.0,0.0,0.0,0.0,0.0,0.0,0.0,0.0,0.0,0.0,0.0,0.0,0.0,0.0,0.0,0.0,0.0,0.0,0.0,0.0,0.0,0.0,0.0,0.0,0.0,0.0,0.0,0.0,0.0,0.0,0.0,0.0,0.0,0.0,0.0,0.0,0.0,0.0,0.0,0.0,0.0,0.0,0.0,0.0,0.0,0.0,0.0,0.0,0.0,0.0,0.0,0.0,0.0,0.0,0.0,0.0,0.0,0.0,0.0,0.0,0.0,0.0,0.0,0.0,0.0,0.0,0.0,0.0,0.0,0.0,0.0,0.0,0.0,0.0,0.0,0.0,0.0,0.0,0.0,0.0,0.0,0.0,3092.0,3130.0,3130.0,3130.0,3102.0,3100.0,3100.0,3100.0,3101.0,3100.0,3100.0,3114.0,3100.0,3100.0,3088.0,3088.0,3088.0,3089.0,3088.0,3088.0,3088.0,3088.0,3115.0,3098.0,3106.0,3106.0,3107.0,3106.0,3106.0,3106.0,3090.0,3114.0,3114.0,3114.0,3094.0,3116.0,3130.0,3130.0,3131.0,3092.0,3130.0,3130.0,3130.0,3102.0,3100.0,3100.0,3100.0,3101.0,3100.0,3100.0,3092.0,3100.0,3100.0,3092.0,3092.0,3092.0,3093.0,3092.0,3092.0,3092.0,3092.0,3093.0,3104.0,3114.0,3114.0,3115.0,3114.0,3114.0,3114.0,3094.0,3104.0,3114.0,3092.0,3114.0,3115.0,3114.0,3114.0,3114.0,3094.0,3092.0,3092.0,3092.0,3093.0,3092.0,3092.0,3092.0,3092.0,3092.0,3116.0,3130.0,3130.0,3131.0,3130.0,3130.0,3092.0,3130.0,3102.0,3100.0,3100.0,3100.0,3101.0,3100.0,3100.0,3100.0,3100.0,3092.0,3096.0,3096.0,3096.0,3097.0,3096.0,3096.0,3096.0,3096.0,3110.0,3122.0,3104.0,3122.0,3123.0,3122.0,3122.0,3122.0,3098.0,3116.0,3130.0,3130.0,3131.0,3114.0,131072.0,2842952.0,0.0,262272.0,0.0,4096.0
350,0,1,1300,1300,4194304,256,0,0,12,4,32,64,"void at::native::vectorized_elementwise_kernel<4, at::native::FillFunctor<int>, std::array<char*, 1ul> >(int, at::native::FillFunctor<int>, std::array<char*, 1ul>)",12739811643823,12739811686641,351,85,834563.0,1810.0,834563.0,65536.0,2787.0,24025754.0,0.0,0.0,556710673.0,556710673.0,0.0,0.0,262144.0,0.0,0.0,0.0,0.0,0.0,0.0,0.0,0.0,0.0,0.0,0.0,0.0,0.0,0.0,0.0,0.0,0.0,0.0,0.0,0.0,0.0,0.0,0.0,0.0,0.0,0.0,0.0,0.0,0.0,0.0,0.0,0.0,0.0,0.0,0.0,0.0,0.0,0.0,0.0,0.0,0.0,0.0,0.0,0.0,0.0,0.0,0.0,0.0,0.0,0.0,0.0,0.0,0.0,0.0,0.0,0.0,0.0,0.0,0.0,0.0,0.0,0.0,0.0,0.0,0.0,0.0,0.0,0.0,0.0,0.0,0.0,0.0,0.0,0.0,0.0,0.0,0.0,0.0,0.0,0.0,0.0,0.0,0.0,0.0,0.0,0.0,0.0,0.0,0.0,0.0,0.0,0.0,0.0,0.0,0.0,0.0,0.0,0.0,0.0,0.0,0.0,0.0,0.0,0.0,0.0,0.0,0.0,0.0,0.0,0.0,0.0,0.0,0.0,0.0,0.0,0.0,0.0,0.0,0.0,0.0,0.0,0.0,0.0,0.0,0.0,0.0,0.0,0.0,0.0,32768.0,32768.0,32848.0,32768.0,32768.0,32768.0,32768.0,32848.0,32768.0,32849.0,32848.0,32768.0,32848.0,32849.0,32768.0,32768.0,32848.0,32768.0,32849.0,32848.0,32848.0,32849.0,32788.0,32768.0,32768.0,32768.0,32788.0,32768.0,32848.0,32768.0,32768.0,32768.0,32848.0,32768.0,32768.0,32768.0,32768.0,32768.0,32788.0,32768.0,32768.0,32848.0,32768.0,32768.0,32768.0,32768.0,32848.0,32768.0,32849.0,32848.0,32848.0,32848.0,32849.0,32768.0,32768.0,32848.0,32768.0,32849.0,32848.0,32848.0,32849.0,32768.0,32768.0,32768.0,32768.0,32788.0,32768.0,32848.0,32768.0,32768.0,32768.0,32768.0,32849.0,32768.0,32788.0,32768.0,32848.0,32768.0,32768.0,32768.0,32768.0,32848.0,32768.0,32848.0,32849.0,32848.0,32848.0,32849.0,32768.0,32768.0,32768.0,32788.0,32768.0,32848.0,32848.0,32768.0,32768.0,32768.0,32768.0,32848.0,32768.0,32849.0,32848.0,32848.0,32849.0,32849.0,32768.0,32768.0,32848.0,32768.0,32849.0,32848.0,32848.0,32849.0,32768.0,32768.0,32768.0,32768.0,32788.0,32768.0,32848.0,32768.0,32768.0,32768.0,32768.0,32768.0,32788.0,32768.0,4194304.0,23660237.0,0.0,0.0,0.0,262144.0
351,0,1,1300,1300,32768,512,0,0,108,4,48,64,matmulbias_kernel,12739812077408,12739812103146,352,196,564979.0,2018.0,564979.0,0.0,702.0,3128119.0,0.0,0.0,46145149.0,46145149.0,4194304.0,622592.0,0.0,0.0,0.0,0.0,0.0,0.0,0.0,0.0,0.0,0.0,0.0,0.0,0.0,0.0,0.0,0.0,0.0,0.0,0.0,0.0,0.0,0.0,0.0,0.0,0.0,0.0,0.0,0.0,0.0,0.0,0.0,0.0,0.0,0.0,0.0,0.0,0.0,0.0,0.0,0.0,0.0,0.0,0.0,0.0,0.0,0.0,0.0,0.0,0.0,0.0,0.0,0.0,0.0,0.0,0.0,0.0,0.0,0.0,0.0,0.0,0.0,0.0,0.0,0.0,0.0,0.0,0.0,0.0,0.0,0.0,0.0,0.0,0.0,0.0,0.0,0.0,0.0,0.0,0.0,0.0,0.0,0.0,0.0,0.0,0.0,0.0,0.0,0.0,0.0,0.0,0.0,0.0,0.0,0.0,0.0,0.0,0.0,0.0,0.0,0.0,0.0,0.0,0.0,0.0,0.0,0.0,0.0,0.0,0.0,0.0,0.0,0.0,0.0,0.0,0.0,0.0,0.0,0.0,0.0,0.0,0.0,0.0,0.0,0.0,0.0,0.0,0.0,0.0,0.0,0.0,3096.0,3130.0,3131.0,3130.0,3102.0,3100.0,3100.0,3101.0,3100.0,3100.0,3100.0,3122.0,3100.0,3100.0,3096.0,3096.0,3097.0,3096.0,3096.0,3096.0,3096.0,3096.0,3122.0,3110.0,3122.0,3122.0,3122.0,3122.0,3123.0,3122.0,3098.0,3122.0,3123.0,3122.0,3098.0,3110.0,3122.0,3122.0,3122.0,3096.0,3122.0,3123.0,3122.0,3098.0,3096.0,3096.0,3097.0,3096.0,3096.0,3096.0,3097.0,3096.0,3096.0,3096.0,3096.0,3097.0,3096.0,3096.0,3096.0,3096.0,3096.0,3096.0,3110.0,3122.0,3122.0,3122.0,3122.0,3123.0,3122.0,3098.0,3116.0,3130.0,3096.0,3130.0,3130.0,3130.0,3131.0,3130.0,3102.0,3100.0,3100.0,3101.0,3100.0,3096.0,3100.0,3100.0,3100.0,3100.0,3116.0,3130.0,3130.0,3130.0,3130.0,3131.0,3096.0,3130.0,3102.0,3100.0,3100.0,3101.0,3100.0,3100.0,3100.0,3100.0,3100.0,3096.0,3100.0,3100.0,3101.0,3100.0,3100.0,3100.0,3100.0,3100.0,3116.0,3130.0,3110.0,3130.0,3130.0,3130.0,3131.0,3130.0,3102.0,3116.0,3130.0,3130.0,3130.0,3122.0,131072.0,2873364.0,0.0,262272.0,0.0,4096.0
352,0,1,1300,1300,4194304,256,0,0,12,4,32,64,"void at::native::vectorized_elementwise_kernel<4, at::native::FillFunctor<int>, std::array<char*, 1ul> >(int, at::native::FillFunctor<int>, std::array<char*, 1ul>)",12739812490866,12739812533804,353,85,835609.0,1810.0,835609.0,65536.0,2855.0,24019411.0,0.0,0.0,556270279.0,556270279.0,0.0,0.0,262144.0,0.0,0.0,0.0,0.0,0.0,0.0,0.0,0.0,0.0,0.0,0.0,0.0,0.0,0.0,0.0,0.0,0.0,0.0,0.0,0.0,0.0,0.0,0.0,0.0,0.0,0.0,0.0,0.0,0.0,0.0,0.0,0.0,0.0,0.0,0.0,0.0,0.0,0.0,0.0,0.0,0.0,0.0,0.0,0.0,0.0,0.0,0.0,0.0,0.0,0.0,0.0,0.0,0.0,0.0,0.0,0.0,0.0,0.0,0.0,0.0,0.0,0.0,0.0,0.0,0.0,0.0,0.0,0.0,0.0,0.0,0.0,0.0,0.0,0.0,0.0,0.0,0.0,0.0,0.0,0.0,0.0,0.0,0.0,0.0,0.0,0.0,0.0,0.0,0.0,0.0,0.0,0.0,0.0,0.0,0.0,0.0,0.0,0.0,0.0,0.0,0.0,0.0,0.0,0.0,0.0,0.0,0.0,0.0,0.0,0.0,0.0,0.0,0.0,0.0,0.0,0.0,0.0,0.0,0.0,0.0,0.0,0.0,0.0,0.0,0.0,0.0,0.0,0.0,0.0,32788.0,32768.0,32848.0,32768.0,32768.0,32788.0,32768.0,32848.0,32768.0,32849.0,32849.0,32768.0,32848.0,32848.0,32788.0,32768.0,32848.0,32768.0,32849.0,32849.0,32848.0,32848.0,32768.0,32768.0,32768.0,32768.0,32768.0,32768.0,32848.0,32768.0,32768.0,32768.0,32848.0,32768.0,32768.0,32768.0,32768.0,32768.0,32768.0,32768.0,32768.0,32848.0,32768.0,32768.0,32788.0,32768.0,32848.0,32768.0,32849.0,32849.0,32848.0,32848.0,32848.0,32788.0,32768.0,32848.0,32768.0,32849.0,32849.0,32848.0,32848.0,32768.0,32768.0,32768.0,32768.0,32768.0,32768.0,32848.0,32768.0,32768.0,32768.0,32768.0,32849.0,32768.0,32768.0,32768.0,32848.0,32768.0,32768.0,32788.0,32768.0,32848.0,32768.0,32849.0,32849.0,32849.0,32848.0,32848.0,32768.0,32768.0,32768.0,32768.0,32768.0,32848.0,32848.0,32768.0,32768.0,32788.0,32768.0,32848.0,32768.0,32849.0,32849.0,32848.0,32848.0,32848.0,32788.0,32768.0,32848.0,32768.0,32849.0,32849.0,32848.0,32848.0,32768.0,32768.0,32768.0,32768.0,32768.0,32768.0,32848.0,32768.0,32768.0,32768.0,32768.0,32768.0,32768.0,32768.0,4194304.0,23638410.0,0.0,0.0,0.0,262144.0
353,0,1,1300,1300,32768,512,0,0,108,4,48,64,matmulbias_kernel,12739812923087,12739812948986,354,196,560252.0,2018.0,560252.0,0.0,761.0,3160647.0,0.0,0.0,46960393.0,46960393.0,4194304.0,622592.0,0.0,0.0,0.0,0.0,0.0,0.0,0.0,0.0,0.0,0.0,0.0,0.0,0.0,0.0,0.0,0.0,0.0,0.0,0.0,0.0,0.0,0.0,0.0,0.0,0.0,0.0,0.0,0.0,0.0,0.0,0.0,0.0,0.0,0.0,0.0,0.0,0.0,0.0,0.0,0.0,0.0,0.0,0.0,0.0,0.0,0.0,0.0,0.0,0.0,0.0,0.0,0.0,0.0,0.0,0.0,0.0,0.0,0.0,0.0,0.0,0.0,0.0,0.0,0.0,0.0,0.0,0.0,0.0,0.0,0.0,0.0,0.0,0.0,0.0,0.0,0.0,0.0,0.0,0.0,0.0,0.0,0.0,0.0,0.0,0.0,0.0,0.0,0.0,0.0,0.0,0.0,0.0,0.0,0.0,0.0,0.0,0.0,0.0,0.0,0.0,0.0,0.0,0.0,0.0,0.0,0.0,0.0,0.0,0.0,0.0,0.0,0.0,0.0,0.0,0.0,0.0,0.0,0.0,0.0,0.0,0.0,0.0,0.0,0.0,0.0,0.0,0.0,0.0,0.0,0.0,3096.0,3131.0,3130.0,3130.0,3103.0,3100.0,3100.0,3100.0,3100.0,3100.0,3100.0,3122.0,3100.0,3100.0,3096.0,3096.0,3096.0,3096.0,3096.0,3096.0,3096.0,3096.0,3122.0,3110.0,3122.0,3122.0,3122.0,3123.0,3122.0,3122.0,3099.0,3123.0,3122.0,3122.0,3099.0,3098.0,3106.0,3106.0,3106.0,3096.0,3107.0,3106.0,3106.0,3091.0,3088.0,3088.0,3088.0,3088.0,3088.0,3088.0,3096.0,3088.0,3088.0,3104.0,3104.0,3104.0,3104.0,3104.0,3104.0,3104.0,3104.0,3096.0,3122.0,3138.0,3138.0,3138.0,3139.0,3138.0,3138.0,3107.0,3116.0,3130.0,3096.0,3130.0,3130.0,3131.0,3130.0,3130.0,3103.0,3100.0,3100.0,3100.0,3100.0,3096.0,3100.0,3100.0,3100.0,3100.0,3104.0,3114.0,3114.0,3114.0,3115.0,3114.0,3096.0,3114.0,3095.0,3092.0,3092.0,3092.0,3092.0,3092.0,3092.0,3092.0,3092.0,3096.0,3100.0,3100.0,3100.0,3100.0,3100.0,3100.0,3100.0,3100.0,3116.0,3130.0,3110.0,3130.0,3130.0,3131.0,3130.0,3130.0,3103.0,3116.0,3130.0,3130.0,3130.0,3122.0,131072.0,2900460.0,0.0,262272.0,0.0,4096.0
354,0,1,1300,1300,4194304,256,0,0,12,4,32,64,"void at::native::vectorized_elementwise_kernel<4, at::native::FillFunctor<int>, std::array<char*, 1ul> >(int, at::native::FillFunctor<int>, std::array<char*, 1ul>)",12739813337909,12739813380486,355,85,827686.0,1810.0,827686.0,65536.0,2812.0,24065250.0,0.0,0.0,557137684.0,557137684.0,0.0,0.0,262144.0,0.0,0.0,0.0,0.0,0.0,0.0,0.0,0.0,0.0,0.0,0.0,0.0,0.0,0.0,0.0,0.0,0.0,0.0,0.0,0.0,0.0,0.0,0.0,0.0,0.0,0.0,0.0,0.0,0.0,0.0,0.0,0.0,0.0,0.0,0.0,0.0,0.0,0.0,0.0,0.0,0.0,0.0,0.0,0.0,0.0,0.0,0.0,0.0,0.0,0.0,0.0,0.0,0.0,0.0,0.0,0.0,0.0,0.0,0.0,0.0,0.0,0.0,0.0,0.0,0.0,0.0,0.0,0.0,0.0,0.0,0.0,0.0,0.0,0.0,0.0,0.0,0.0,0.0,0.0,0.0,0.0,0.0,0.0,0.0,0.0,0.0,0.0,0.0,0.0,0.0,0.0,0.0,0.0,0.0,0.0,0.0,0.0,0.0,0.0,0.0,0.0,0.0,0.0,0.0,0.0,0.0,0.0,0.0,0.0,0.0,0.0,0.0,0.0,0.0,0.0,0.0,0.0,0.0,0.0,0.0,0.0,0.0,0.0,0.0,0.0,0.0,0.0,0.0,0.0,32768.0,32768.0,32848.0,32768.0,32768.0,32768.0,32788.0,32848.0,32769.0,32849.0,32848.0,32768.0,32848.0,32848.0,32768.0,32788.0,32848.0,32769.0,32849.0,32848.0,32848.0,32848.0,32768.0,32768.0,32768.0,32768.0,32768.0,32768.0,32848.0,32768.0,32768.0,32768.0,32848.0,32768.0,32768.0,32768.0,32768.0,32768.0,32768.0,32788.0,32768.0,32848.0,32768.0,32768.0,32768.0,32788.0,32848.0,32769.0,32849.0,32848.0,32848.0,32848.0,32848.0,32768.0,32788.0,32848.0,32769.0,32849.0,32848.0,32848.0,32848.0,32769.0,32768.0,32768.0,32768.0,32768.0,32768.0,32848.0,32768.0,32768.0,32768.0,32768.0,32849.0,32768.0,32768.0,32768.0,32848.0,32768.0,32768.0,32768.0,32788.0,32848.0,32769.0,32848.0,32849.0,32848.0,32848.0,32848.0,32768.0,32768.0,32768.0,32768.0,32768.0,32848.0,32848.0,32768.0,32768.0,32768.0,32788.0,32848.0,32769.0,32849.0,32848.0,32848.0,32848.0,32848.0,32768.0,32788.0,32848.0,32769.0,32849.0,32848.0,32848.0,32848.0,32768.0,32768.0,32768.0,32768.0,32768.0,32768.0,32848.0,32768.0,32768.0,32768.0,32768.0,32768.0,32768.0,32768.0,4194304.0,23693153.0,0.0,0.0,0.0,262144.0
355,0,1,1300,1300,32768,512,0,0,108,4,48,64,matmulbias_kernel,12739813766522,12739813791980,356,196,551937.0,2018.0,551937.0,0.0,699.0,3129803.0,0.0,0.0,46120667.0,46120667.0,4194304.0,622592.0,0.0,0.0,0.0,0.0,0.0,0.0,0.0,0.0,0.0,0.0,0.0,0.0,0.0,0.0,0.0,0.0,0.0,0.0,0.0,0.0,0.0,0.0,0.0,0.0,0.0,0.0,0.0,0.0,0.0,0.0,0.0,0.0,0.0,0.0,0.0,0.0,0.0,0.0,0.0,0.0,0.0,0.0,0.0,0.0,0.0,0.0,0.0,0.0,0.0,0.0,0.0,0.0,0.0,0.0,0.0,0.0,0.0,0.0,0.0,0.0,0.0,0.0,0.0,0.0,0.0,0.0,0.0,0.0,0.0,0.0,0.0,0.0,0.0,0.0,0.0,0.0,0.0,0.0,0.0,0.0,0.0,0.0,0.0,0.0,0.0,0.0,0.0,0.0,0.0,0.0,0.0,0.0,0.0,0.0,0.0,0.0,0.0,0.0,0.0,0.0,0.0,0.0,0.0,0.0,0.0,0.0,0.0,0.0,0.0,0.0,0.0,0.0,0.0,0.0,0.0,0.0,0.0,0.0,0.0,0.0,0.0,0.0,0.0,0.0,0.0,0.0,0.0,0.0,0.0,0.0,3100.0,3122.0,3122.0,3122.0,3099.0,3096.0,3096.0,3096.0,3096.0,3096.0,3096.0,3130.0,3096.0,3096.0,3100.0,3100.0,3100.0,3100.0,3100.0,3100.0,3100.0,3100.0,3130.0,3117.0,3130.0,3130.0,3130.0,3130.0,3130.0,3130.0,3103.0,3130.0,3130.0,3130.0,3103.0,3111.0,3122.0,3122.0,3122.0,3100.0,3122.0,3122.0,3122.0,3099.0,3096.0,3096.0,3096.0,3096.0,3096.0,3096.0,3100.0,3096.0,3096.0,3092.0,3092.0,3092.0,3092.0,3092.0,3092.0,3092.0,3092.0,3100.0,3105.0,3114.0,3114.0,3114.0,3114.0,3114.0,3114.0,3095.0,3111.0,3122.0,3100.0,3122.0,3122.0,3122.0,3122.0,3122.0,3099.0,3096.0,3096.0,3096.0,3096.0,3100.0,3096.0,3096.0,3096.0,3096.0,3111.0,3122.0,3122.0,3122.0,3122.0,3122.0,3100.0,3122.0,3099.0,3096.0,3096.0,3096.0,3096.0,3096.0,3096.0,3096.0,3096.0,3100.0,3096.0,3096.0,3096.0,3096.0,3096.0,3096.0,3096.0,3096.0,3111.0,3122.0,3117.0,3122.0,3122.0,3122.0,3122.0,3122.0,3099.0,3111.0,3122.0,3122.0,3122.0,3130.0,131072.0,2875787.0,0.0,262272.0,0.0,4096.0
356,0,1,1300,1300,4194304,256,0,0,12,4,32,64,"void at::native::vectorized_elementwise_kernel<4, at::native::FillFunctor<int>, std::array<char*, 1ul> >(int, at::native::FillFunctor<int>, std::array<char*, 1ul>)",12739814189362,12739814231898,357,85,833879.0,1810.0,833879.0,65536.0,3086.0,23840538.0,0.0,0.0,552754570.0,552754570.0,0.0,0.0,262144.0,0.0,0.0,0.0,0.0,0.0,0.0,0.0,0.0,0.0,0.0,0.0,0.0,0.0,0.0,0.0,0.0,0.0,0.0,0.0,0.0,0.0,0.0,0.0,0.0,0.0,0.0,0.0,0.0,0.0,0.0,0.0,0.0,0.0,0.0,0.0,0.0,0.0,0.0,0.0,0.0,0.0,0.0,0.0,0.0,0.0,0.0,0.0,0.0,0.0,0.0,0.0,0.0,0.0,0.0,0.0,0.0,0.0,0.0,0.0,0.0,0.0,0.0,0.0,0.0,0.0,0.0,0.0,0.0,0.0,0.0,0.0,0.0,0.0,0.0,0.0,0.0,0.0,0.0,0.0,0.0,0.0,0.0,0.0,0.0,0.0,0.0,0.0,0.0,0.0,0.0,0.0,0.0,0.0,0.0,0.0,0.0,0.0,0.0,0.0,0.0,0.0,0.0,0.0,0.0,0.0,0.0,0.0,0.0,0.0,0.0,0.0,0.0,0.0,0.0,0.0,0.0,0.0,0.0,0.0,0.0,0.0,0.0,0.0,0.0,0.0,0.0,0.0,0.0,0.0,32768.0,32768.0,32848.0,32768.0,32768.0,32768.0,32769.0,32868.0,32768.0,32849.0,32848.0,32768.0,32848.0,32848.0,32768.0,32769.0,32868.0,32768.0,32849.0,32848.0,32848.0,32848.0,32768.0,32768.0,32768.0,32768.0,32768.0,32768.0,32848.0,32768.0,32768.0,32768.0,32848.0,32768.0,32768.0,32768.0,32768.0,32768.0,32768.0,32769.0,32768.0,32848.0,32768.0,32768.0,32768.0,32769.0,32868.0,32768.0,32849.0,32848.0,32868.0,32848.0,32848.0,32768.0,32769.0,32868.0,32768.0,32849.0,32848.0,32848.0,32848.0,32768.0,32768.0,32768.0,32768.0,32768.0,32768.0,32848.0,32768.0,32768.0,32768.0,32768.0,32849.0,32768.0,32768.0,32768.0,32848.0,32768.0,32768.0,32768.0,32769.0,32868.0,32768.0,32848.0,32849.0,32848.0,32848.0,32848.0,32768.0,32768.0,32768.0,32768.0,32768.0,32848.0,32848.0,32768.0,32768.0,32768.0,32769.0,32868.0,32768.0,32849.0,32848.0,32848.0,32848.0,32848.0,32768.0,32769.0,32868.0,32768.0,32849.0,32848.0,32848.0,32848.0,32768.0,32768.0,32768.0,32768.0,32768.0,32768.0,32848.0,32768.0,32768.0,32768.0,32768.0,32768.0,32768.0,32768.0,4194304.0,23511723.0,0.0,0.0,0.0,262144.0
357,0,1,1300,1300,32768,512,0,0,108,4,48,64,matmulbias_kernel,12739814611721,12739814637219,358,196,552984.0,2018.0,552984.0,0.0,692.0,3125050.0,0.0,0.0,46321726.0,46321726.0,4194304.0,622592.0,0.0,0.0,0.0,0.0,0.0,0.0,0.0,0.0,0.0,0.0,0.0,0.0,0.0,0.0,0.0,0.0,0.0,0.0,0.0,0.0,0.0,0.0,0.0,0.0,0.0,0.0,0.0,0.0,0.0,0.0,0.0,0.0,0.0,0.0,0.0,0.0,0.0,0.0,0.0,0.0,0.0,0.0,0.0,0.0,0.0,0.0,0.0,0.0,0.0,0.0,0.0,0.0,0.0,0.0,0.0,0.0,0.0,0.0,0.0,0.0,0.0,0.0,0.0,0.0,0.0,0.0,0.0,0.0,0.0,0.0,0.0,0.0,0.0,0.0,0.0,0.0,0.0,0.0,0.0,0.0,0.0,0.0,0.0,0.0,0.0,0.0,0.0,0.0,0.0,0.0,0.0,0.0,0.0,0.0,0.0,0.0,0.0,0.0,0.0,0.0,0.0,0.0,0.0,0.0,0.0,0.0,0.0,0.0,0.0,0.0,0.0,0.0,0.0,0.0,0.0,0.0,0.0,0.0,0.0,0.0,0.0,0.0,0.0,0.0,0.0,0.0,0.0,0.0,0.0,0.0,3100.0,3114.0,3114.0,3114.0,3095.0,3092.0,3092.0,3093.0,3092.0,3092.0,3092.0,3130.0,3092.0,3092.0,3096.0,3096.0,3097.0,3096.0,3096.0,3096.0,3096.0,3096.0,3130.0,3110.0,3122.0,3122.0,3122.0,3122.0,3122.0,3122.0,3099.0,3130.0,3130.0,3130.0,3103.0,3116.0,3130.0,3130.0,3130.0,3100.0,3130.0,3130.0,3130.0,3103.0,3100.0,3100.0,3101.0,3100.0,3100.0,3100.0,3101.0,3100.0,3100.0,3092.0,3092.0,3093.0,3092.0,3092.0,3092.0,3092.0,3092.0,3100.0,3104.0,3114.0,3114.0,3114.0,3114.0,3114.0,3114.0,3095.0,3116.0,3130.0,3100.0,3130.0,3130.0,3130.0,3130.0,3130.0,3103.0,3100.0,3100.0,3101.0,3100.0,3100.0,3100.0,3100.0,3100.0,3100.0,3116.0,3130.0,3130.0,3130.0,3130.0,3130.0,3100.0,3130.0,3103.0,3100.0,3100.0,3101.0,3100.0,3100.0,3100.0,3100.0,3100.0,3100.0,3096.0,3096.0,3097.0,3096.0,3096.0,3096.0,3096.0,3096.0,3110.0,3122.0,3116.0,3122.0,3122.0,3122.0,3122.0,3122.0,3099.0,3104.0,3114.0,3114.0,3114.0,3130.0,131072.0,2870963.0,0.0,262272.0,0.0,4096.0
358,0,1,1300,1300,4194304,256,0,0,12,4,32,64,"void at::native::vectorized_elementwise_kernel<4, at::native::FillFunctor<int>, std::array<char*, 1ul> >(int, at::native::FillFunctor<int>, std::array<char*, 1ul>)",12739815019767,12739815062464,359,85,813824.0,1810.0,813824.0,65536.0,2832.0,23981370.0,0.0,0.0,555584291.0,555584291.0,0.0,0.0,262144.0,0.0,0.0,0.0,0.0,0.0,0.0,0.0,0.0,0.0,0.0,0.0,0.0,0.0,0.0,0.0,0.0,0.0,0.0,0.0,0.0,0.0,0.0,0.0,0.0,0.0,0.0,0.0,0.0,0.0,0.0,0.0,0.0,0.0,0.0,0.0,0.0,0.0,0.0,0.0,0.0,0.0,0.0,0.0,0.0,0.0,0.0,0.0,0.0,0.0,0.0,0.0,0.0,0.0,0.0,0.0,0.0,0.0,0.0,0.0,0.0,0.0,0.0,0.0,0.0,0.0,0.0,0.0,0.0,0.0,0.0,0.0,0.0,0.0,0.0,0.0,0.0,0.0,0.0,0.0,0.0,0.0,0.0,0.0,0.0,0.0,0.0,0.0,0.0,0.0,0.0,0.0,0.0,0.0,0.0,0.0,0.0,0.0,0.0,0.0,0.0,0.0,0.0,0.0,0.0,0.0,0.0,0.0,0.0,0.0,0.0,0.0,0.0,0.0,0.0,0.0,0.0,0.0,0.0,0.0,0.0,0.0,0.0,0.0,0.0,0.0,0.0,0.0,0.0,0.0,32768.0,32768.0,32848.0,32768.0,32768.0,32768.0,32768.0,32848.0,32788.0,32849.0,32848.0,32768.0,32848.0,32848.0,32768.0,32768.0,32848.0,32788.0,32849.0,32848.0,32848.0,32848.0,32769.0,32768.0,32768.0,32768.0,32769.0,32768.0,32848.0,32768.0,32768.0,32768.0,32848.0,32768.0,32768.0,32768.0,32768.0,32768.0,32769.0,32768.0,32768.0,32848.0,32768.0,32768.0,32768.0,32768.0,32848.0,32788.0,32849.0,32848.0,32848.0,32848.0,32848.0,32768.0,32768.0,32848.0,32788.0,32849.0,32848.0,32848.0,32848.0,32788.0,32768.0,32768.0,32768.0,32769.0,32768.0,32848.0,32768.0,32768.0,32768.0,32768.0,32849.0,32768.0,32769.0,32768.0,32848.0,32768.0,32768.0,32768.0,32768.0,32848.0,32788.0,32848.0,32849.0,32848.0,32848.0,32848.0,32768.0,32768.0,32768.0,32769.0,32768.0,32848.0,32848.0,32768.0,32768.0,32768.0,32768.0,32848.0,32788.0,32849.0,32848.0,32848.0,32848.0,32848.0,32768.0,32768.0,32848.0,32788.0,32849.0,32848.0,32848.0,32848.0,32768.0,32768.0,32768.0,32768.0,32769.0,32768.0,32848.0,32768.0,32768.0,32768.0,32768.0,32768.0,32769.0,32768.0,4194304.0,23605524.0,0.0,0.0,0.0,262144.0
359,0,1,1300,1300,32768,512,0,0,108,4,48,64,matmulbias_kernel,12739815427853,12739815453191,360,196,547891.0,2018.0,547891.0,0.0,736.0,3107663.0,0.0,0.0,45594108.0,45594108.0,4194304.0,622592.0,0.0,0.0,0.0,0.0,0.0,0.0,0.0,0.0,0.0,0.0,0.0,0.0,0.0,0.0,0.0,0.0,0.0,0.0,0.0,0.0,0.0,0.0,0.0,0.0,0.0,0.0,0.0,0.0,0.0,0.0,0.0,0.0,0.0,0.0,0.0,0.0,0.0,0.0,0.0,0.0,0.0,0.0,0.0,0.0,0.0,0.0,0.0,0.0,0.0,0.0,0.0,0.0,0.0,0.0,0.0,0.0,0.0,0.0,0.0,0.0,0.0,0.0,0.0,0.0,0.0,0.0,0.0,0.0,0.0,0.0,0.0,0.0,0.0,0.0,0.0,0.0,0.0,0.0,0.0,0.0,0.0,0.0,0.0,0.0,0.0,0.0,0.0,0.0,0.0,0.0,0.0,0.0,0.0,0.0,0.0,0.0,0.0,0.0,0.0,0.0,0.0,0.0,0.0,0.0,0.0,0.0,0.0,0.0,0.0,0.0,0.0,0.0,0.0,0.0,0.0,0.0,0.0,0.0,0.0,0.0,0.0,0.0,0.0,0.0,0.0,0.0,0.0,0.0,0.0,0.0,3100.0,3122.0,3123.0,3122.0,3099.0,3096.0,3096.0,3096.0,3096.0,3096.0,3096.0,3130.0,3096.0,3096.0,3104.0,3104.0,3104.0,3104.0,3104.0,3104.0,3104.0,3104.0,3130.0,3122.0,3138.0,3138.0,3138.0,3138.0,3139.0,3138.0,3107.0,3130.0,3131.0,3130.0,3103.0,3116.0,3130.0,3130.0,3130.0,3100.0,3130.0,3131.0,3130.0,3103.0,3100.0,3100.0,3100.0,3100.0,3100.0,3100.0,3100.0,3100.0,3100.0,3100.0,3100.0,3100.0,3100.0,3100.0,3100.0,3100.0,3100.0,3100.0,3116.0,3130.0,3130.0,3130.0,3130.0,3131.0,3130.0,3103.0,3104.0,3114.0,3100.0,3114.0,3114.0,3114.0,3115.0,3114.0,3095.0,3092.0,3092.0,3092.0,3092.0,3100.0,3092.0,3092.0,3092.0,3092.0,3104.0,3114.0,3114.0,3114.0,3114.0,3115.0,3100.0,3114.0,3095.0,3092.0,3092.0,3092.0,3092.0,3092.0,3092.0,3092.0,3092.0,3100.0,3096.0,3096.0,3096.0,3096.0,3096.0,3096.0,3096.0,3096.0,3110.0,3122.0,3116.0,3122.0,3122.0,3122.0,3123.0,3122.0,3099.0,3110.0,3122.0,3122.0,3122.0,3130.0,131072.0,2849090.0,0.0,262272.0,0.0,4096.0
360,0,1,1300,1300,16384,256,0,0,16,192,48,64,matmulbias_kernel,12739842852279,12739842882908,361,27,646472.0,2018.0,646472.0,0.0,684.0,3793467.0,0.0,0.0,44291745.0,44291745.0,4194304.0,622592.0,0.0,0.0,0.0,0.0,0.0,0.0,0.0,0.0,0.0,0.0,0.0,0.0,0.0,0.0,0.0,0.0,0.0,0.0,0.0,0.0,0.0,0.0,0.0,0.0,0.0,0.0,0.0,0.0,0.0,0.0,0.0,0.0,0.0,0.0,0.0,0.0,0.0,0.0,0.0,0.0,0.0,0.0,0.0,0.0,0.0,0.0,0.0,0.0,0.0,0.0,0.0,0.0,0.0,0.0,0.0,0.0,0.0,0.0,0.0,0.0,0.0,0.0,0.0,0.0,0.0,0.0,0.0,0.0,0.0,0.0,0.0,0.0,0.0,0.0,0.0,0.0,0.0,0.0,0.0,0.0,0.0,0.0,0.0,0.0,0.0,0.0,0.0,0.0,0.0,0.0,0.0,0.0,0.0,0.0,0.0,0.0,0.0,0.0,0.0,0.0,0.0,0.0,0.0,0.0,0.0,0.0,0.0,0.0,0.0,0.0,0.0,0.0,0.0,0.0,0.0,0.0,0.0,0.0,0.0,0.0,0.0,0.0,0.0,0.0,0.0,0.0,0.0,0.0,0.0,0.0,3128.0,3170.0,3170.0,3170.0,3170.0,3120.0,3120.0,3120.0,3120.0,3120.0,3120.0,3186.0,3120.0,3120.0,3128.0,3128.0,3128.0,3128.0,3128.0,3128.0,3128.0,3128.0,3186.0,3159.0,3131.0,3186.0,3186.0,3186.0,3186.0,3186.0,3186.0,3186.0,3186.0,3186.0,3186.0,3159.0,3131.0,3186.0,3186.0,3128.0,3186.0,3186.0,3186.0,3186.0,3128.0,3128.0,3128.0,3128.0,3128.0,3128.0,3128.0,3128.0,3128.0,3120.0,3120.0,3120.0,3120.0,3120.0,3120.0,3120.0,3120.0,3128.0,3147.0,3123.0,3170.0,3170.0,3170.0,3170.0,3170.0,3170.0,3135.0,3115.0,3128.0,3154.0,3154.0,3154.0,3154.0,3154.0,3154.0,3112.0,3112.0,3112.0,3112.0,3128.0,3112.0,3112.0,3112.0,3112.0,3147.0,3123.0,3170.0,3170.0,3170.0,3170.0,3128.0,3170.0,3170.0,3120.0,3120.0,3120.0,3120.0,3120.0,3120.0,3120.0,3120.0,3128.0,3120.0,3120.0,3120.0,3120.0,3120.0,3120.0,3120.0,3120.0,3147.0,3123.0,3159.0,3170.0,3170.0,3170.0,3170.0,3170.0,3170.0,3147.0,3123.0,3170.0,3170.0,3131.0,131072.0,2551989.0,0.0,262272.0,0.0,4096.0
361,0,1,1300,1300,512,256,0,0,8,0,32,64,"void at::native::(anonymous namespace)::CatArrayBatchedCopy_contig<at::native::(anonymous namespace)::OpaqueType<2u>, unsigned int, 1, 128, 1>(at::native::(anonymous namespace)::OpaqueType<2u>*, at::native::(anonymous namespace)::CatArrInputTensorMetadata<at::native::(anonymous namespace)::OpaqueType<2u>, unsigned int, 128, 1>, at::native::(anonymous namespace)::TensorSizeStride<unsigned int, 4u>, int, unsigned int)",12739864828574,12739864831140,362,277,169327.0,1810.0,169327.0,0.0,6.0,5377.0,0.0,0.0,2175.0,2175.0,0.0,0.0,4.0,0.0,0.0,0.0,0.0,0.0,0.0,0.0,0.0,0.0,0.0,0.0,0.0,0.0,0.0,0.0,0.0,0.0,0.0,0.0,0.0,0.0,0.0,0.0,0.0,0.0,0.0,0.0,0.0,0.0,0.0,0.0,0.0,0.0,0.0,0.0,0.0,0.0,0.0,0.0,0.0,0.0,0.0,0.0,0.0,0.0,0.0,0.0,0.0,0.0,0.0,0.0,0.0,0.0,0.0,0.0,0.0,0.0,0.0,0.0,0.0,0.0,0.0,0.0,0.0,0.0,0.0,0.0,0.0,0.0,0.0,0.0,0.0,0.0,0.0,0.0,0.0,0.0,0.0,0.0,0.0,0.0,0.0,0.0,0.0,0.0,0.0,0.0,0.0,0.0,0.0,0.0,0.0,0.0,0.0,0.0,0.0,0.0,0.0,0.0,0.0,0.0,0.0,0.0,0.0,0.0,0.0,0.0,0.0,0.0,0.0,0.0,0.0,0.0,0.0,0.0,0.0,0.0,0.0,0.0,0.0,0.0,0.0,0.0,0.0,0.0,0.0,0.0,0.0,0.0,0.0,5.0,4.0,0.0,0.0,1.0,0.0,0.0,0.0,4.0,0.0,0.0,0.0,0.0,0.0,0.0,0.0,0.0,4.0,0.0,0.0,1.0,0.0,1.0,2.0,0.0,2.0,5.0,4.0,0.0,0.0,0.0,0.0,0.0,0.0,0.0,1.0,0.0,0.0,0.0,0.0,0.0,0.0,0.0,0.0,0.0,0.0,0.0,1.0,0.0,0.0,0.0,0.0,0.0,0.0,0.0,0.0,1.0,0.0,0.0,0.0,0.0,0.0,1.0,0.0,0.0,0.0,0.0,0.0,0.0,0.0,1.0,1.0,0.0,0.0,0.0,0.0,0.0,0.0,0.0,0.0,0.0,0.0,0.0,1.0,0.0,0.0,0.0,0.0,1.0,0.0,0.0,0.0,0.0,0.0,0.0,0.0,0.0,0.0,0.0,0.0,1.0,0.0,0.0,0.0,0.0,0.0,0.0,0.0,0.0,1.0,0.0,0.0,0.0,0.0,1.0,0.0,0.0,0.0,0.0,0.0,0.0,0.0,1.0,2.0,0.0,2.0,1.0,2.0,2202.0,0.0,2.0,0.0,2.0
362,0,1,1300,1300,512,256,0,0,8,0,32,64,"void at::native::(anonymous namespace)::CatArrayBatchedCopy_contig<at::native::(anonymous namespace)::OpaqueType<2u>, unsigned int, 1, 128, 1>(at::native::(anonymous namespace)::OpaqueType<2u>*, at::native::(anonymous namespace)::CatArrInputTensorMetadata<at::native::(anonymous namespace)::OpaqueType<2u>, unsigned int, 128, 1>, at::native::(anonymous namespace)::TensorSizeStride<unsigned int, 4u>, int, unsigned int)",12739865219141,12739865221266,363,277,144696.0,1810.0,144696.0,0.0,6.0,3226.0,0.0,0.0,2031.0,2031.0,0.0,0.0,4.0,0.0,0.0,0.0,0.0,0.0,0.0,0.0,0.0,0.0,0.0,0.0,0.0,0.0,0.0,0.0,0.0,0.0,0.0,0.0,0.0,0.0,0.0,0.0,0.0,0.0,0.0,0.0,0.0,0.0,0.0,0.0,0.0,0.0,0.0,0.0,0.0,0.0,0.0,0.0,0.0,0.0,0.0,0.0,0.0,0.0,0.0,0.0,0.0,0.0,0.0,0.0,0.0,0.0,0.0,0.0,0.0,0.0,0.0,0.0,0.0,0.0,0.0,0.0,0.0,0.0,0.0,0.0,0.0,0.0,0.0,0.0,0.0,0.0,0.0,0.0,0.0,0.0,0.0,0.0,0.0,0.0,0.0,0.0,0.0,0.0,0.0,0.0,0.0,0.0,0.0,0.0,0.0,0.0,0.0,0.0,0.0,0.0,0.0,0.0,0.0,0.0,0.0,0.0,0.0,0.0,0.0,0.0,0.0,0.0,0.0,0.0,0.0,0.0,0.0,0.0,0.0,0.0,0.0,0.0,0.0,0.0,0.0,0.0,0.0,0.0,0.0,0.0,0.0,0.0,0.0,6.0,4.0,0.0,2.0,1.0,0.0,0.0,0.0,1.0,0.0,0.0,1.0,0.0,1.0,0.0,0.0,0.0,1.0,0.0,1.0,0.0,0.0,0.0,0.0,0.0,1.0,5.0,4.0,0.0,2.0,0.0,0.0,0.0,0.0,0.0,0.0,0.0,0.0,0.0,0.0,0.0,0.0,0.0,0.0,0.0,0.0,0.0,0.0,0.0,0.0,0.0,0.0,0.0,0.0,0.0,0.0,0.0,0.0,0.0,0.0,0.0,0.0,0.0,0.0,0.0,0.0,0.0,0.0,0.0,0.0,0.0,0.0,0.0,0.0,0.0,0.0,0.0,0.0,0.0,0.0,0.0,0.0,0.0,0.0,0.0,0.0,0.0,0.0,0.0,0.0,0.0,0.0,0.0,0.0,0.0,0.0,0.0,0.0,0.0,0.0,0.0,0.0,0.0,0.0,0.0,0.0,0.0,0.0,0.0,0.0,0.0,0.0,0.0,0.0,0.0,0.0,0.0,0.0,0.0,0.0,0.0,0.0,0.0,0.0,0.0,0.0,0.0,2.0,2061.0,0.0,2.0,0.0,2.0
363,0,1,1300,1300,512,256,0,0,8,0,32,64,"void at::native::(anonymous namespace)::CatArrayBatchedCopy_contig<at::native::(anonymous namespace)::OpaqueType<2u>, unsigned int, 1, 128, 1>(at::native::(anonymous namespace)::OpaqueType<2u>*, at::native::(anonymous namespace)::CatArrInputTensorMetadata<at::native::(anonymous namespace)::OpaqueType<2u>, unsigned int, 128, 1>, at::native::(anonymous namespace)::TensorSizeStride<unsigned int, 4u>, int, unsigned int)",12739865603734,12739865605739,364,277,147842.0,1810.0,147842.0,0.0,6.0,3332.0,0.0,0.0,2024.0,2024.0,0.0,0.0,4.0,0.0,0.0,0.0,0.0,0.0,0.0,0.0,0.0,0.0,0.0,0.0,0.0,0.0,0.0,0.0,0.0,0.0,0.0,0.0,0.0,0.0,0.0,0.0,0.0,0.0,0.0,0.0,0.0,0.0,0.0,0.0,0.0,0.0,0.0,0.0,0.0,0.0,0.0,0.0,0.0,0.0,0.0,0.0,0.0,0.0,0.0,0.0,0.0,0.0,0.0,0.0,0.0,0.0,0.0,0.0,0.0,0.0,0.0,0.0,0.0,0.0,0.0,0.0,0.0,0.0,0.0,0.0,0.0,0.0,0.0,0.0,0.0,0.0,0.0,0.0,0.0,0.0,0.0,0.0,0.0,0.0,0.0,0.0,0.0,0.0,0.0,0.0,0.0,0.0,0.0,0.0,0.0,0.0,0.0,0.0,0.0,0.0,0.0,0.0,0.0,0.0,0.0,0.0,0.0,0.0,0.0,0.0,0.0,0.0,0.0,0.0,0.0,0.0,0.0,0.0,0.0,0.0,0.0,0.0,0.0,0.0,0.0,0.0,0.0,0.0,0.0,0.0,0.0,0.0,0.0,4.0,4.0,0.0,0.0,3.0,0.0,0.0,0.0,1.0,0.0,0.0,0.0,2.0,2.0,0.0,0.0,0.0,1.0,0.0,0.0,3.0,0.0,1.0,0.0,0.0,0.0,4.0,4.0,0.0,0.0,0.0,0.0,0.0,0.0,0.0,0.0,0.0,0.0,0.0,0.0,0.0,0.0,0.0,0.0,0.0,0.0,0.0,0.0,0.0,0.0,0.0,0.0,0.0,0.0,0.0,0.0,0.0,0.0,0.0,0.0,0.0,0.0,0.0,0.0,0.0,0.0,0.0,0.0,0.0,0.0,0.0,0.0,0.0,0.0,0.0,0.0,0.0,0.0,0.0,0.0,0.0,0.0,0.0,0.0,0.0,0.0,0.0,0.0,0.0,0.0,0.0,0.0,0.0,0.0,0.0,0.0,0.0,0.0,0.0,0.0,0.0,0.0,0.0,0.0,0.0,0.0,0.0,0.0,0.0,0.0,0.0,0.0,0.0,0.0,0.0,0.0,0.0,0.0,0.0,0.0,0.0,0.0,1.0,0.0,0.0,0.0,0.0,2.0,2051.0,0.0,2.0,0.0,2.0
364,0,1,1300,1300,512,256,0,0,8,0,32,64,"void at::native::(anonymous namespace)::CatArrayBatchedCopy_contig<at::native::(anonymous namespace)::OpaqueType<2u>, unsigned int, 1, 128, 1>(at::native::(anonymous namespace)::OpaqueType<2u>*, at::native::(anonymous namespace)::CatArrInputTensorMetadata<at::native::(anonymous namespace)::OpaqueType<2u>, unsigned int, 128, 1>, at::native::(anonymous namespace)::TensorSizeStride<unsigned int, 4u>, int, unsigned int)",12739865992256,12739865994341,365,277,150648.0,1810.0,150648.0,0.0,6.0,3490.0,0.0,0.0,1737.0,1737.0,0.0,0.0,4.0,0.0,0.0,0.0,0.0,0.0,0.0,0.0,0.0,0.0,0.0,0.0,0.0,0.0,0.0,0.0,0.0,0.0,0.0,0.0,0.0,0.0,0.0,0.0,0.0,0.0,0.0,0.0,0.0,0.0,0.0,0.0,0.0,0.0,0.0,0.0,0.0,0.0,0.0,0.0,0.0,0.0,0.0,0.0,0.0,0.0,0.0,0.0,0.0,0.0,0.0,0.0,0.0,0.0,0.0,0.0,0.0,0.0,0.0,0.0,0.0,0.0,0.0,0.0,0.0,0.0,0.0,0.0,0.0,0.0,0.0,0.0,0.0,0.0,0.0,0.0,0.0,0.0,0.0,0.0,0.0,0.0,0.0,0.0,0.0,0.0,0.0,0.0,0.0,0.0,0.0,0.0,0.0,0.0,0.0,0.0,0.0,0.0,0.0,0.0,0.0,0.0,0.0,0.0,0.0,0.0,0.0,0.0,0.0,0.0,0.0,0.0,0.0,0.0,0.0,0.0,0.0,0.0,0.0,0.0,0.0,0.0,0.0,0.0,0.0,0.0,0.0,0.0,0.0,0.0,0.0,5.0,4.0,0.0,0.0,1.0,0.0,1.0,2.0,0.0,0.0,0.0,0.0,1.0,2.0,0.0,1.0,2.0,0.0,0.0,0.0,0.0,0.0,1.0,0.0,0.0,0.0,5.0,4.0,0.0,0.0,0.0,0.0,0.0,0.0,0.0,0.0,0.0,0.0,0.0,0.0,0.0,0.0,0.0,0.0,0.0,0.0,0.0,0.0,0.0,0.0,0.0,0.0,0.0,0.0,0.0,0.0,0.0,0.0,0.0,0.0,0.0,0.0,0.0,0.0,0.0,0.0,0.0,0.0,0.0,0.0,0.0,0.0,0.0,0.0,0.0,0.0,0.0,0.0,0.0,0.0,0.0,0.0,0.0,0.0,0.0,0.0,0.0,0.0,0.0,0.0,0.0,0.0,0.0,0.0,0.0,0.0,0.0,0.0,0.0,0.0,0.0,0.0,0.0,0.0,0.0,0.0,0.0,0.0,0.0,0.0,0.0,0.0,0.0,0.0,0.0,0.0,0.0,0.0,0.0,0.0,0.0,0.0,1.0,0.0,0.0,0.0,0.0,2.0,1779.0,0.0,2.0,0.0,2.0
365,0,1,1300,1300,512,256,0,0,8,0,32,64,"void at::native::(anonymous namespace)::CatArrayBatchedCopy_contig<at::native::(anonymous namespace)::OpaqueType<2u>, unsigned int, 1, 128, 1>(at::native::(anonymous namespace)::OpaqueType<2u>*, at::native::(anonymous namespace)::CatArrInputTensorMetadata<at::native::(anonymous namespace)::OpaqueType<2u>, unsigned int, 128, 1>, at::native::(anonymous namespace)::TensorSizeStride<unsigned int, 4u>, int, unsigned int)",12739866375607,12739866377652,366,277,153544.0,1810.0,153544.0,0.0,6.0,3655.0,0.0,0.0,1684.0,1684.0,0.0,0.0,4.0,0.0,0.0,0.0,0.0,0.0,0.0,0.0,0.0,0.0,0.0,0.0,0.0,0.0,0.0,0.0,0.0,0.0,0.0,0.0,0.0,0.0,0.0,0.0,0.0,0.0,0.0,0.0,0.0,0.0,0.0,0.0,0.0,0.0,0.0,0.0,0.0,0.0,0.0,0.0,0.0,0.0,0.0,0.0,0.0,0.0,0.0,0.0,0.0,0.0,0.0,0.0,0.0,0.0,0.0,0.0,0.0,0.0,0.0,0.0,0.0,0.0,0.0,0.0,0.0,0.0,0.0,0.0,0.0,0.0,0.0,0.0,0.0,0.0,0.0,0.0,0.0,0.0,0.0,0.0,0.0,0.0,0.0,0.0,0.0,0.0,0.0,0.0,0.0,0.0,0.0,0.0,0.0,0.0,0.0,0.0,0.0,0.0,0.0,0.0,0.0,0.0,0.0,0.0,0.0,0.0,0.0,0.0,0.0,0.0,0.0,0.0,0.0,0.0,0.0,0.0,0.0,0.0,0.0,0.0,0.0,0.0,0.0,0.0,0.0,0.0,0.0,0.0,0.0,0.0,0.0,5.0,4.0,0.0,0.0,0.0,0.0,0.0,0.0,1.0,0.0,0.0,0.0,0.0,0.0,0.0,0.0,0.0,1.0,0.0,0.0,0.0,0.0,2.0,0.0,0.0,2.0,6.0,4.0,0.0,0.0,0.0,0.0,0.0,0.0,0.0,0.0,0.0,0.0,0.0,0.0,0.0,0.0,0.0,0.0,0.0,0.0,0.0,0.0,0.0,0.0,0.0,0.0,0.0,0.0,0.0,0.0,0.0,0.0,0.0,0.0,0.0,0.0,0.0,0.0,0.0,0.0,0.0,0.0,0.0,0.0,0.0,0.0,0.0,0.0,0.0,0.0,0.0,0.0,0.0,0.0,0.0,0.0,0.0,0.0,0.0,0.0,0.0,0.0,0.0,0.0,0.0,0.0,0.0,0.0,0.0,0.0,0.0,0.0,0.0,0.0,0.0,0.0,0.0,0.0,0.0,0.0,0.0,0.0,0.0,0.0,0.0,0.0,0.0,0.0,0.0,0.0,0.0,0.0,0.0,0.0,0.0,0.0,2.0,0.0,0.0,3.0,0.0,2.0,1718.0,0.0,2.0,0.0,2.0
366,0,1,1300,1300,512,256,0,0,8,0,32,64,"void at::native::(anonymous namespace)::CatArrayBatchedCopy_contig<at::native::(anonymous namespace)::OpaqueType<2u>, unsigned int, 1, 128, 1>(at::native::(anonymous namespace)::OpaqueType<2u>*, at::native::(anonymous namespace)::CatArrInputTensorMetadata<at::native::(anonymous namespace)::OpaqueType<2u>, unsigned int, 128, 1>, at::native::(anonymous namespace)::TensorSizeStride<unsigned int, 4u>, int, unsigned int)",12739866760441,12739866762566,367,277,154259.0,1810.0,154259.0,0.0,6.0,3632.0,0.0,0.0,2003.0,2003.0,0.0,0.0,4.0,0.0,0.0,0.0,0.0,0.0,0.0,0.0,0.0,0.0,0.0,0.0,0.0,0.0,0.0,0.0,0.0,0.0,0.0,0.0,0.0,0.0,0.0,0.0,0.0,0.0,0.0,0.0,0.0,0.0,0.0,0.0,0.0,0.0,0.0,0.0,0.0,0.0,0.0,0.0,0.0,0.0,0.0,0.0,0.0,0.0,0.0,0.0,0.0,0.0,0.0,0.0,0.0,0.0,0.0,0.0,0.0,0.0,0.0,0.0,0.0,0.0,0.0,0.0,0.0,0.0,0.0,0.0,0.0,0.0,0.0,0.0,0.0,0.0,0.0,0.0,0.0,0.0,0.0,0.0,0.0,0.0,0.0,0.0,0.0,0.0,0.0,0.0,0.0,0.0,0.0,0.0,0.0,0.0,0.0,0.0,0.0,0.0,0.0,0.0,0.0,0.0,0.0,0.0,0.0,0.0,0.0,0.0,0.0,0.0,0.0,0.0,0.0,0.0,0.0,0.0,0.0,0.0,0.0,0.0,0.0,0.0,0.0,0.0,0.0,0.0,0.0,0.0,0.0,0.0,0.0,5.0,4.0,0.0,2.0,1.0,0.0,0.0,0.0,1.0,0.0,0.0,0.0,1.0,2.0,0.0,0.0,0.0,1.0,0.0,0.0,0.0,0.0,0.0,0.0,1.0,0.0,5.0,4.0,0.0,2.0,0.0,0.0,0.0,0.0,0.0,0.0,0.0,0.0,0.0,0.0,0.0,0.0,0.0,0.0,0.0,0.0,0.0,0.0,0.0,0.0,0.0,0.0,0.0,0.0,0.0,0.0,0.0,0.0,0.0,0.0,0.0,0.0,0.0,0.0,0.0,0.0,0.0,0.0,0.0,0.0,0.0,0.0,0.0,0.0,0.0,0.0,0.0,0.0,0.0,0.0,0.0,0.0,0.0,0.0,0.0,0.0,0.0,0.0,0.0,0.0,0.0,0.0,0.0,0.0,0.0,0.0,0.0,0.0,0.0,0.0,0.0,0.0,0.0,0.0,0.0,0.0,0.0,0.0,0.0,0.0,0.0,0.0,0.0,0.0,0.0,0.0,0.0,0.0,0.0,0.0,0.0,0.0,0.0,0.0,1.0,0.0,0.0,2.0,2033.0,0.0,2.0,0.0,2.0
367,0,1,1300,1300,1536,256,0,0,8,0,32,64,"void at::native::(anonymous namespace)::CatArrayBatchedCopy_contig<at::native::(anonymous namespace)::OpaqueType<2u>, unsigned int, 1, 128, 1>(at::native::(anonymous namespace)::OpaqueType<2u>*, at::native::(anonymous namespace)::CatArrInputTensorMetadata<at::native::(anonymous namespace)::OpaqueType<2u>, unsigned int, 128, 1>, at::native::(anonymous namespace)::TensorSizeStride<unsigned int, 4u>, int, unsigned int)",12739867142669,12739867145275,368,277,162401.0,1810.0,162401.0,0.0,18.0,13612.0,0.0,0.0,7853.0,7853.0,0.0,0.0,12.0,0.0,0.0,0.0,0.0,0.0,0.0,0.0,0.0,0.0,0.0,0.0,0.0,0.0,0.0,0.0,0.0,0.0,0.0,0.0,0.0,0.0,0.0,0.0,0.0,0.0,0.0,0.0,0.0,0.0,0.0,0.0,0.0,0.0,0.0,0.0,0.0,0.0,0.0,0.0,0.0,0.0,0.0,0.0,0.0,0.0,0.0,0.0,0.0,0.0,0.0,0.0,0.0,0.0,0.0,0.0,0.0,0.0,0.0,0.0,0.0,0.0,0.0,0.0,0.0,0.0,0.0,0.0,0.0,0.0,0.0,0.0,0.0,0.0,0.0,0.0,0.0,0.0,0.0,0.0,0.0,0.0,0.0,0.0,0.0,0.0,0.0,0.0,0.0,0.0,0.0,0.0,0.0,0.0,0.0,0.0,0.0,0.0,0.0,0.0,0.0,0.0,0.0,0.0,0.0,0.0,0.0,0.0,0.0,0.0,0.0,0.0,0.0,0.0,0.0,0.0,0.0,0.0,0.0,0.0,0.0,0.0,0.0,0.0,0.0,0.0,0.0,0.0,0.0,0.0,2.0,5.0,4.0,0.0,0.0,1.0,0.0,0.0,0.0,2.0,0.0,0.0,0.0,2.0,1.0,0.0,0.0,0.0,1.0,0.0,1.0,2.0,0.0,1.0,0.0,0.0,0.0,5.0,4.0,0.0,0.0,5.0,4.0,0.0,0.0,1.0,1.0,0.0,0.0,0.0,5.0,4.0,0.0,0.0,1.0,0.0,1.0,0.0,2.0,0.0,0.0,0.0,2.0,1.0,0.0,0.0,0.0,2.0,0.0,0.0,2.0,0.0,2.0,1.0,0.0,0.0,5.0,4.0,0.0,0.0,1.0,1.0,2.0,1.0,0.0,6.0,4.0,0.0,0.0,1.0,0.0,0.0,0.0,0.0,2.0,0.0,0.0,2.0,0.0,0.0,0.0,0.0,0.0,0.0,0.0,0.0,0.0,0.0,0.0,0.0,0.0,0.0,0.0,0.0,0.0,2.0,0.0,0.0,0.0,0.0,0.0,0.0,0.0,0.0,0.0,0.0,1.0,0.0,0.0,0.0,0.0,0.0,0.0,1.0,0.0,0.0,0.0,1.0,7.0,7929.0,0.0,6.0,0.0,6.0
368,0,1,1300,1300,256,256,0,0,24,0,32,64,"void at::native::vectorized_elementwise_kernel<8, at::native::AbsFunctor<c10::Half>, std::array<char*, 2ul> >(int, at::native::AbsFunctor<c10::Half>, std::array<char*, 2ul>)",12739875030231,12739875032917,369,425,172622.0,1810.0,172622.0,4.0,6.0,4146.0,0.0,0.0,1034.0,1034.0,0.0,0.0,2.0,0.0,0.0,0.0,0.0,0.0,0.0,0.0,0.0,0.0,0.0,0.0,0.0,0.0,0.0,0.0,0.0,0.0,0.0,0.0,0.0,0.0,0.0,0.0,0.0,0.0,0.0,0.0,0.0,0.0,0.0,0.0,0.0,0.0,0.0,0.0,0.0,0.0,0.0,0.0,0.0,0.0,0.0,0.0,0.0,0.0,0.0,0.0,0.0,0.0,0.0,0.0,0.0,0.0,0.0,0.0,0.0,0.0,0.0,0.0,0.0,0.0,0.0,0.0,0.0,0.0,0.0,0.0,0.0,0.0,0.0,0.0,0.0,0.0,0.0,0.0,0.0,0.0,0.0,0.0,0.0,0.0,0.0,0.0,0.0,0.0,0.0,0.0,0.0,0.0,0.0,0.0,0.0,0.0,0.0,0.0,0.0,0.0,0.0,0.0,0.0,0.0,0.0,0.0,0.0,0.0,0.0,0.0,0.0,0.0,0.0,0.0,0.0,0.0,0.0,0.0,0.0,0.0,0.0,0.0,0.0,0.0,0.0,0.0,0.0,0.0,0.0,0.0,0.0,0.0,0.0,6.0,0.0,0.0,1.0,4.0,4.0,4.0,4.0,8.0,4.0,1.0,4.0,4.0,0.0,0.0,0.0,0.0,1.0,0.0,0.0,0.0,0.0,0.0,0.0,1.0,0.0,0.0,0.0,0.0,0.0,0.0,0.0,0.0,0.0,0.0,0.0,1.0,0.0,0.0,0.0,0.0,0.0,0.0,0.0,0.0,0.0,0.0,1.0,0.0,0.0,0.0,0.0,0.0,0.0,0.0,0.0,1.0,0.0,0.0,0.0,0.0,0.0,0.0,1.0,0.0,0.0,0.0,0.0,0.0,0.0,0.0,1.0,1.0,0.0,0.0,0.0,0.0,0.0,0.0,0.0,0.0,0.0,0.0,1.0,0.0,0.0,0.0,0.0,0.0,1.0,0.0,0.0,0.0,0.0,0.0,0.0,0.0,0.0,0.0,0.0,1.0,0.0,0.0,0.0,0.0,0.0,0.0,0.0,0.0,1.0,0.0,0.0,0.0,0.0,0.0,0.0,1.0,0.0,0.0,0.0,0.0,0.0,0.0,0.0,1.0,4.0,0.0,2.0,1058.0,0.0,1.0,0.0,1.0
369,0,1,1300,1300,256,256,0,0,24,0,32,64,"void at::native::vectorized_elementwise_kernel<8, at::native::AUnaryFunctor<c10::Half, c10::Half, bool, at::native::(anonymous namespace)::CompareEqFunctor<c10::Half> >, std::array<char*, 2ul> >(int, at::native::AUnaryFunctor<c10::Half, c10::Half, bool, at::native::(anonymous namespace)::CompareEqFunctor<c10::Half> >, std::array<char*, 2ul>)",12739925403609,12739925406575,370,733,170789.0,1810.0,170789.0,0.0,9.0,4503.0,0.0,0.0,882.0,882.0,0.0,0.0,2.0,0.0,0.0,0.0,0.0,0.0,0.0,0.0,0.0,0.0,0.0,0.0,0.0,0.0,0.0,0.0,0.0,0.0,0.0,0.0,0.0,0.0,0.0,0.0,0.0,0.0,0.0,0.0,0.0,0.0,0.0,0.0,0.0,0.0,0.0,0.0,0.0,0.0,0.0,0.0,0.0,0.0,0.0,0.0,0.0,0.0,0.0,0.0,0.0,0.0,0.0,0.0,0.0,0.0,0.0,0.0,0.0,0.0,0.0,0.0,0.0,0.0,0.0,0.0,0.0,0.0,0.0,0.0,0.0,0.0,0.0,0.0,0.0,0.0,0.0,0.0,0.0,0.0,0.0,0.0,0.0,0.0,0.0,0.0,0.0,0.0,0.0,0.0,0.0,0.0,0.0,0.0,0.0,0.0,0.0,0.0,0.0,0.0,0.0,0.0,0.0,0.0,0.0,0.0,0.0,0.0,0.0,0.0,0.0,0.0,0.0,0.0,0.0,0.0,0.0,0.0,0.0,0.0,0.0,0.0,0.0,0.0,0.0,0.0,0.0,0.0,0.0,0.0,0.0,0.0,0.0,4.0,5.0,4.0,4.0,8.0,8.0,4.0,4.0,5.0,4.0,0.0,5.0,6.0,0.0,0.0,0.0,0.0,0.0,0.0,0.0,0.0,0.0,0.0,0.0,0.0,0.0,0.0,0.0,0.0,0.0,0.0,0.0,0.0,0.0,0.0,0.0,0.0,0.0,0.0,0.0,0.0,0.0,0.0,0.0,0.0,0.0,0.0,0.0,0.0,0.0,0.0,0.0,0.0,0.0,0.0,0.0,0.0,0.0,0.0,0.0,0.0,0.0,0.0,0.0,0.0,0.0,0.0,0.0,0.0,0.0,0.0,0.0,0.0,0.0,0.0,0.0,0.0,0.0,0.0,0.0,0.0,0.0,0.0,0.0,0.0,0.0,0.0,0.0,0.0,0.0,0.0,0.0,0.0,0.0,0.0,0.0,0.0,0.0,0.0,0.0,0.0,0.0,0.0,0.0,0.0,0.0,0.0,0.0,0.0,0.0,0.0,0.0,0.0,0.0,0.0,0.0,0.0,0.0,0.0,0.0,0.0,0.0,4.0,4.0,4.0,4.0,0.0,1.0,906.0,0.0,1.0,0.0,1.0
370,0,1,1300,1300,256,256,0,0,40,0,32,64,"void at::native::vectorized_elementwise_kernel<8, at::native::BinaryFunctor<c10::Half, c10::Half, bool, at::native::(anonymous namespace)::CompareEqFunctor<c10::Half> >, std::array<char*, 3ul> >(int, at::native::BinaryFunctor<c10::Half, c10::Half, bool, at::native::(anonymous namespace)::CompareEqFunctor<c10::Half> >, std::array<char*, 3ul>)",12739925828693,12739925831258,371,683,175087.0,1811.0,175087.0,4.0,9.0,3565.0,0.0,0.0,1269.0,1269.0,0.0,0.0,3.0,0.0,0.0,0.0,0.0,0.0,0.0,0.0,0.0,0.0,0.0,0.0,0.0,0.0,0.0,0.0,0.0,0.0,0.0,0.0,0.0,0.0,0.0,0.0,0.0,0.0,0.0,0.0,0.0,0.0,0.0,0.0,0.0,0.0,0.0,0.0,0.0,0.0,0.0,0.0,0.0,0.0,0.0,0.0,0.0,0.0,0.0,0.0,0.0,0.0,0.0,0.0,0.0,0.0,0.0,0.0,0.0,0.0,0.0,0.0,0.0,0.0,0.0,0.0,0.0,0.0,0.0,0.0,0.0,0.0,0.0,0.0,0.0,0.0,0.0,0.0,0.0,0.0,0.0,0.0,0.0,0.0,0.0,0.0,0.0,0.0,0.0,0.0,0.0,0.0,0.0,0.0,0.0,0.0,0.0,0.0,0.0,0.0,0.0,0.0,0.0,0.0,0.0,0.0,0.0,0.0,0.0,0.0,0.0,0.0,0.0,0.0,0.0,0.0,0.0,0.0,0.0,0.0,0.0,0.0,0.0,0.0,0.0,0.0,0.0,0.0,0.0,0.0,0.0,0.0,0.0,5.0,5.0,4.0,4.0,5.0,4.0,4.0,4.0,4.0,4.0,0.0,4.0,4.0,0.0,0.0,0.0,0.0,0.0,0.0,0.0,0.0,0.0,0.0,0.0,0.0,0.0,0.0,0.0,0.0,0.0,0.0,0.0,0.0,0.0,0.0,0.0,0.0,0.0,0.0,0.0,0.0,0.0,0.0,0.0,0.0,0.0,0.0,0.0,0.0,0.0,0.0,0.0,0.0,0.0,0.0,0.0,0.0,0.0,0.0,0.0,0.0,0.0,0.0,0.0,0.0,0.0,0.0,0.0,0.0,0.0,0.0,0.0,0.0,0.0,0.0,0.0,0.0,0.0,0.0,0.0,0.0,0.0,0.0,0.0,0.0,0.0,0.0,0.0,0.0,0.0,0.0,0.0,0.0,0.0,0.0,0.0,0.0,0.0,0.0,0.0,0.0,0.0,0.0,0.0,0.0,0.0,0.0,0.0,0.0,0.0,0.0,0.0,0.0,0.0,0.0,0.0,0.0,0.0,0.0,0.0,0.0,0.0,4.0,4.0,4.0,1.0,0.0,1.0,860.0,0.0,1.0,0.0,1.0
371,0,1,1300,1300,256,256,0,0,36,4,80,64,"void at::native::vectorized_elementwise_kernel<16, at::native::BinaryFunctor<bool, bool, bool, at::native::binary_internal::MulFunctor<bool> >, std::array<char*, 3ul> >(int, at::native::BinaryFunctor<bool, bool, bool, at::native::binary_internal::MulFunctor<bool> >, std::array<char*, 3ul>)",12739950020049,12739950022815,372,935,166208.0,1810.0,166208.0,4.0,5.0,4020.0,0.0,0.0,1848.0,1848.0,0.0,0.0,3.0,0.0,0.0,0.0,0.0,0.0,0.0,0.0,0.0,0.0,0.0,0.0,0.0,0.0,0.0,0.0,0.0,0.0,0.0,0.0,0.0,0.0,0.0,0.0,0.0,0.0,0.0,0.0,0.0,0.0,0.0,0.0,0.0,0.0,0.0,0.0,0.0,0.0,0.0,0.0,0.0,0.0,0.0,0.0,0.0,0.0,0.0,0.0,0.0,0.0,0.0,0.0,0.0,0.0,0.0,0.0,0.0,0.0,0.0,0.0,0.0,0.0,0.0,0.0,0.0,0.0,0.0,0.0,0.0,0.0,0.0,0.0,0.0,0.0,0.0,0.0,0.0,0.0,0.0,0.0,0.0,0.0,0.0,0.0,0.0,0.0,0.0,0.0,0.0,0.0,0.0,0.0,0.0,0.0,0.0,0.0,0.0,0.0,0.0,0.0,0.0,0.0,0.0,0.0,0.0,0.0,0.0,0.0,0.0,0.0,0.0,0.0,0.0,0.0,0.0,0.0,0.0,0.0,0.0,0.0,0.0,0.0,0.0,0.0,0.0,0.0,0.0,0.0,0.0,0.0,0.0,4.0,4.0,5.0,4.0,5.0,4.0,4.0,4.0,4.0,4.0,0.0,5.0,4.0,0.0,0.0,0.0,0.0,0.0,0.0,0.0,0.0,0.0,0.0,0.0,0.0,0.0,0.0,0.0,0.0,0.0,0.0,0.0,0.0,0.0,0.0,0.0,0.0,0.0,0.0,0.0,0.0,0.0,0.0,0.0,0.0,0.0,0.0,0.0,0.0,0.0,0.0,0.0,0.0,0.0,0.0,0.0,0.0,0.0,0.0,0.0,0.0,0.0,0.0,0.0,0.0,0.0,0.0,0.0,0.0,0.0,0.0,0.0,0.0,0.0,0.0,0.0,0.0,0.0,0.0,0.0,0.0,0.0,0.0,0.0,0.0,0.0,0.0,0.0,0.0,0.0,0.0,0.0,0.0,0.0,0.0,0.0,0.0,0.0,0.0,0.0,0.0,0.0,0.0,0.0,0.0,0.0,0.0,0.0,0.0,0.0,0.0,0.0,0.0,0.0,0.0,0.0,0.0,0.0,0.0,0.0,0.0,0.0,4.0,4.0,8.0,6.0,0.0,1.0,1132.0,0.0,2.0,0.0,1.0
372,0,1,1300,1300,256,256,0,0,24,0,32,64,"void at::native::vectorized_elementwise_kernel<8, at::native::AUnaryFunctor<c10::Half, c10::Half, bool, at::native::(anonymous namespace)::CompareEqFunctor<c10::Half> >, std::array<char*, 2ul> >(int, at::native::AUnaryFunctor<c10::Half, c10::Half, bool, at::native::(anonymous namespace)::CompareEqFunctor<c10::Half> >, std::array<char*, 2ul>)",12739950413221,12739950416148,373,733,170386.0,1810.0,170386.0,0.0,9.0,4457.0,0.0,0.0,934.0,934.0,0.0,0.0,2.0,0.0,0.0,0.0,0.0,0.0,0.0,0.0,0.0,0.0,0.0,0.0,0.0,0.0,0.0,0.0,0.0,0.0,0.0,0.0,0.0,0.0,0.0,0.0,0.0,0.0,0.0,0.0,0.0,0.0,0.0,0.0,0.0,0.0,0.0,0.0,0.0,0.0,0.0,0.0,0.0,0.0,0.0,0.0,0.0,0.0,0.0,0.0,0.0,0.0,0.0,0.0,0.0,0.0,0.0,0.0,0.0,0.0,0.0,0.0,0.0,0.0,0.0,0.0,0.0,0.0,0.0,0.0,0.0,0.0,0.0,0.0,0.0,0.0,0.0,0.0,0.0,0.0,0.0,0.0,0.0,0.0,0.0,0.0,0.0,0.0,0.0,0.0,0.0,0.0,0.0,0.0,0.0,0.0,0.0,0.0,0.0,0.0,0.0,0.0,0.0,0.0,0.0,0.0,0.0,0.0,0.0,0.0,0.0,0.0,0.0,0.0,0.0,0.0,0.0,0.0,0.0,0.0,0.0,0.0,0.0,0.0,0.0,0.0,0.0,0.0,0.0,0.0,0.0,0.0,0.0,6.0,4.0,5.0,5.0,8.0,8.0,4.0,4.0,4.0,4.0,0.0,4.0,6.0,0.0,0.0,0.0,0.0,0.0,0.0,0.0,0.0,0.0,0.0,0.0,0.0,0.0,1.0,0.0,0.0,1.0,1.0,0.0,0.0,1.0,0.0,0.0,0.0,0.0,0.0,1.0,0.0,0.0,1.0,0.0,0.0,0.0,0.0,0.0,0.0,0.0,0.0,0.0,0.0,0.0,0.0,0.0,0.0,0.0,0.0,0.0,0.0,0.0,0.0,0.0,0.0,1.0,0.0,0.0,1.0,0.0,0.0,0.0,0.0,0.0,1.0,0.0,0.0,1.0,0.0,0.0,0.0,0.0,0.0,0.0,0.0,0.0,0.0,0.0,0.0,0.0,0.0,1.0,0.0,0.0,0.0,1.0,0.0,0.0,0.0,0.0,0.0,0.0,0.0,0.0,0.0,0.0,0.0,0.0,0.0,0.0,0.0,0.0,0.0,0.0,0.0,0.0,0.0,0.0,1.0,0.0,0.0,1.0,5.0,4.0,4.0,4.0,0.0,1.0,958.0,0.0,1.0,0.0,1.0
373,0,1,1300,1300,256,256,0,0,36,4,80,64,"void at::native::vectorized_elementwise_kernel<16, at::native::BinaryFunctor<bool, bool, bool, at::native::BitwiseAndFunctor<bool> >, std::array<char*, 3ul> >(int, at::native::BinaryFunctor<bool, bool, bool, at::native::BitwiseAndFunctor<bool> >, std::array<char*, 3ul>)",12739979939518,12739979942244,374,1099,167275.0,1810.0,167275.0,4.0,10.0,4330.0,0.0,0.0,1398.0,1398.0,0.0,0.0,3.0,0.0,0.0,0.0,0.0,0.0,0.0,0.0,0.0,0.0,0.0,0.0,0.0,0.0,0.0,0.0,0.0,0.0,0.0,0.0,0.0,0.0,0.0,0.0,0.0,0.0,0.0,0.0,0.0,0.0,0.0,0.0,0.0,0.0,0.0,0.0,0.0,0.0,0.0,0.0,0.0,0.0,0.0,0.0,0.0,0.0,0.0,0.0,0.0,0.0,0.0,0.0,0.0,0.0,0.0,0.0,0.0,0.0,0.0,0.0,0.0,0.0,0.0,0.0,0.0,0.0,0.0,0.0,0.0,0.0,0.0,0.0,0.0,0.0,0.0,0.0,0.0,0.0,0.0,0.0,0.0,0.0,0.0,0.0,0.0,0.0,0.0,0.0,0.0,0.0,0.0,0.0,0.0,0.0,0.0,0.0,0.0,0.0,0.0,0.0,0.0,0.0,0.0,0.0,0.0,0.0,0.0,0.0,0.0,0.0,0.0,0.0,0.0,0.0,0.0,0.0,0.0,0.0,0.0,0.0,0.0,0.0,0.0,0.0,0.0,0.0,0.0,0.0,0.0,0.0,0.0,4.0,4.0,4.0,5.0,8.0,4.0,5.0,6.0,4.0,4.0,0.0,4.0,4.0,0.0,0.0,0.0,0.0,0.0,0.0,0.0,0.0,0.0,0.0,0.0,0.0,0.0,0.0,0.0,0.0,0.0,0.0,0.0,0.0,0.0,0.0,0.0,0.0,0.0,0.0,0.0,0.0,0.0,0.0,0.0,0.0,0.0,0.0,0.0,0.0,0.0,0.0,0.0,0.0,0.0,0.0,0.0,0.0,0.0,0.0,0.0,0.0,0.0,0.0,0.0,0.0,0.0,0.0,0.0,0.0,0.0,0.0,0.0,0.0,0.0,0.0,0.0,0.0,0.0,0.0,0.0,0.0,0.0,0.0,0.0,0.0,0.0,0.0,0.0,0.0,0.0,0.0,0.0,0.0,0.0,0.0,0.0,0.0,0.0,0.0,0.0,0.0,0.0,0.0,0.0,0.0,0.0,0.0,0.0,0.0,0.0,0.0,0.0,0.0,0.0,0.0,0.0,0.0,0.0,0.0,0.0,0.0,0.0,5.0,4.0,5.0,4.0,0.0,1.0,890.0,0.0,2.0,0.0,1.0
374,0,1,1300,1300,256,256,512,0,8,0,32,64,"void rocprim::ROCPRIM_400001_NS::detail::block_reduce_kernel<true, false, 16u, rocprim::ROCPRIM_400001_NS::detail::wrapped_reduce_config<rocprim::ROCPRIM_400001_NS::default_config, int>, int, hipcub::HIPCUB_400000_NS::TransformInputIterator<bool, at::native::(anonymous namespace)::NonZeroOp<bool>, bool const*, long>, int*, int, hipcub::HIPCUB_400000_NS::detail::convert_binary_result_type_wrapper<hipcub::HIPCUB_400000_NS::Sum, hipcub::HIPCUB_400000_NS::TransformInputIterator<bool, at::native::(anonymous namespace)::NonZeroOp<bool>, bool const*, long>, int> >(hipcub::HIPCUB_400000_NS::TransformInputIterator<bool, at::native::(anonymous namespace)::NonZeroOp<bool>, bool const*, long>, unsigned long, int*, int, hipcub::HIPCUB_400000_NS::detail::convert_binary_result_type_wrapper<hipcub::HIPCUB_400000_NS::Sum, hipcub::HIPCUB_400000_NS::TransformInputIterator<bool, at::native::(anonymous namespace)::NonZeroOp<bool>, bool const*, long>, int>)",12740015587751,12740015589996,375,1475,159478.0,1810.0,159478.0,4.0,3.0,2718.0,0.0,0.0,1009.0,1009.0,0.0,0.0,2.0,0.0,0.0,0.0,0.0,0.0,0.0,0.0,0.0,0.0,0.0,0.0,0.0,0.0,0.0,0.0,0.0,0.0,0.0,0.0,0.0,0.0,0.0,0.0,0.0,0.0,0.0,0.0,0.0,0.0,0.0,0.0,0.0,0.0,0.0,0.0,0.0,0.0,0.0,0.0,0.0,0.0,0.0,0.0,0.0,0.0,0.0,0.0,0.0,0.0,0.0,0.0,0.0,0.0,0.0,0.0,0.0,0.0,0.0,0.0,0.0,0.0,0.0,0.0,0.0,0.0,0.0,0.0,0.0,0.0,0.0,0.0,0.0,0.0,0.0,0.0,0.0,0.0,0.0,0.0,0.0,0.0,0.0,0.0,0.0,0.0,0.0,0.0,0.0,0.0,0.0,0.0,0.0,0.0,0.0,0.0,0.0,0.0,0.0,0.0,0.0,0.0,0.0,0.0,0.0,0.0,0.0,0.0,0.0,0.0,0.0,0.0,0.0,0.0,0.0,0.0,0.0,0.0,0.0,0.0,0.0,0.0,0.0,0.0,0.0,0.0,0.0,0.0,0.0,0.0,0.0,0.0,0.0,0.0,1.0,4.0,4.0,4.0,4.0,5.0,4.0,0.0,0.0,4.0,0.0,0.0,0.0,0.0,0.0,0.0,0.0,0.0,0.0,0.0,0.0,0.0,0.0,0.0,0.0,0.0,0.0,0.0,0.0,0.0,0.0,0.0,0.0,0.0,0.0,0.0,0.0,0.0,0.0,0.0,0.0,0.0,0.0,0.0,0.0,0.0,0.0,0.0,0.0,0.0,0.0,0.0,0.0,0.0,0.0,0.0,0.0,0.0,0.0,0.0,0.0,0.0,0.0,0.0,0.0,0.0,0.0,0.0,0.0,0.0,0.0,0.0,0.0,0.0,0.0,0.0,0.0,0.0,0.0,0.0,0.0,0.0,0.0,0.0,0.0,0.0,0.0,0.0,0.0,0.0,0.0,0.0,0.0,0.0,0.0,0.0,0.0,0.0,0.0,0.0,0.0,0.0,0.0,0.0,0.0,0.0,0.0,0.0,0.0,0.0,0.0,0.0,0.0,0.0,0.0,0.0,0.0,0.0,0.0,0.0,0.0,1.0,0.0,0.0,1.0,1032.0,0.0,1.0,0.0,1.0
375,0,1,1300,1300,512,512,0,0,16,0,32,64,__amd_rocclr_copyBuffer,12740016003615,12740016008065,376,22,284653.0,2147.0,284653.0,0.0,7.0,2587.0,0.0,0.0,9599.0,9599.0,0.0,0.0,8.0,0.0,0.0,0.0,0.0,0.0,0.0,0.0,0.0,0.0,0.0,0.0,0.0,0.0,0.0,0.0,0.0,0.0,0.0,0.0,0.0,0.0,0.0,0.0,0.0,0.0,0.0,0.0,0.0,0.0,0.0,0.0,0.0,0.0,0.0,0.0,0.0,0.0,0.0,0.0,0.0,0.0,0.0,0.0,0.0,0.0,0.0,0.0,0.0,0.0,0.0,0.0,0.0,0.0,0.0,0.0,0.0,0.0,0.0,0.0,0.0,0.0,0.0,0.0,0.0,0.0,0.0,0.0,0.0,0.0,0.0,0.0,0.0,0.0,0.0,0.0,0.0,0.0,0.0,0.0,0.0,0.0,0.0,0.0,0.0,0.0,0.0,0.0,0.0,0.0,0.0,0.0,0.0,0.0,0.0,0.0,0.0,0.0,0.0,0.0,0.0,0.0,0.0,0.0,0.0,0.0,0.0,0.0,0.0,0.0,0.0,0.0,0.0,0.0,0.0,0.0,0.0,0.0,0.0,0.0,0.0,0.0,0.0,0.0,0.0,0.0,0.0,0.0,0.0,0.0,1.0,0.0,0.0,0.0,0.0,5.0,8.0,0.0,0.0,5.0,3.0,0.0,4.0,4.0,1.0,0.0,0.0,0.0,0.0,0.0,0.0,0.0,0.0,0.0,1.0,0.0,0.0,0.0,0.0,0.0,0.0,0.0,0.0,0.0,0.0,0.0,1.0,0.0,0.0,0.0,0.0,0.0,0.0,0.0,1.0,0.0,0.0,0.0,0.0,0.0,0.0,0.0,0.0,1.0,0.0,0.0,0.0,0.0,0.0,0.0,0.0,0.0,0.0,1.0,0.0,0.0,0.0,0.0,0.0,0.0,0.0,1.0,0.0,0.0,0.0,0.0,0.0,0.0,0.0,1.0,0.0,0.0,0.0,0.0,0.0,0.0,0.0,0.0,0.0,1.0,0.0,0.0,0.0,0.0,0.0,0.0,0.0,1.0,0.0,0.0,0.0,0.0,0.0,0.0,0.0,0.0,1.0,0.0,0.0,0.0,0.0,0.0,0.0,0.0,0.0,1.0,0.0,0.0,0.0,0.0,0.0,0.0,0.0,1.0,2.0,0.0,0.0,1.0,4.0,5642.0,0.0,1.0,0.0,4.0
376,0,1,1300,1300,256,256,0,0,12,4,48,64,__amd_rocclr_fillBufferAligned,12740016395786,12740016397430,377,26,156949.0,2018.0,156949.0,0.0,3.0,1248.0,0.0,0.0,934.0,934.0,0.0,0.0,2.0,0.0,0.0,0.0,0.0,0.0,0.0,0.0,0.0,0.0,0.0,0.0,0.0,0.0,0.0,0.0,0.0,0.0,0.0,0.0,0.0,0.0,0.0,0.0,0.0,0.0,0.0,0.0,0.0,0.0,0.0,0.0,0.0,0.0,0.0,0.0,0.0,0.0,0.0,0.0,0.0,0.0,0.0,0.0,0.0,0.0,0.0,0.0,0.0,0.0,0.0,0.0,0.0,0.0,0.0,0.0,0.0,0.0,0.0,0.0,0.0,0.0,0.0,0.0,0.0,0.0,0.0,0.0,0.0,0.0,0.0,0.0,0.0,0.0,0.0,0.0,0.0,0.0,0.0,0.0,0.0,0.0,0.0,0.0,0.0,0.0,0.0,0.0,0.0,0.0,0.0,0.0,0.0,0.0,0.0,0.0,0.0,0.0,0.0,0.0,0.0,0.0,0.0,0.0,0.0,0.0,0.0,0.0,0.0,0.0,0.0,0.0,0.0,0.0,0.0,0.0,0.0,0.0,0.0,0.0,0.0,0.0,0.0,0.0,0.0,0.0,0.0,0.0,0.0,0.0,0.0,4.0,4.0,0.0,5.0,0.0,0.0,1.0,0.0,0.0,0.0,0.0,0.0,0.0,0.0,0.0,0.0,0.0,0.0,0.0,0.0,0.0,0.0,1.0,0.0,0.0,0.0,0.0,0.0,0.0,1.0,0.0,0.0,0.0,1.0,1.0,0.0,0.0,0.0,0.0,0.0,0.0,0.0,1.0,0.0,0.0,0.0,0.0,0.0,0.0,0.0,0.0,0.0,0.0,0.0,0.0,0.0,0.0,0.0,0.0,0.0,0.0,1.0,0.0,0.0,0.0,0.0,0.0,0.0,1.0,1.0,0.0,0.0,0.0,0.0,0.0,0.0,0.0,1.0,0.0,0.0,0.0,0.0,0.0,0.0,0.0,0.0,0.0,1.0,0.0,0.0,0.0,0.0,0.0,0.0,0.0,1.0,0.0,0.0,0.0,0.0,0.0,0.0,0.0,0.0,0.0,0.0,0.0,0.0,0.0,0.0,0.0,0.0,0.0,1.0,0.0,1.0,0.0,0.0,0.0,0.0,0.0,1.0,5.0,5.0,4.0,4.0,0.0,1.0,958.0,0.0,1.0,0.0,1.0
377,0,1,1300,1300,256,256,0,0,12,4,48,64,__amd_rocclr_fillBufferAligned,12740016778215,12740016779738,378,26,139417.0,2018.0,139417.0,0.0,3.0,1068.0,0.0,0.0,1031.0,1031.0,0.0,0.0,2.0,0.0,0.0,0.0,0.0,0.0,0.0,0.0,0.0,0.0,0.0,0.0,0.0,0.0,0.0,0.0,0.0,0.0,0.0,0.0,0.0,0.0,0.0,0.0,0.0,0.0,0.0,0.0,0.0,0.0,0.0,0.0,0.0,0.0,0.0,0.0,0.0,0.0,0.0,0.0,0.0,0.0,0.0,0.0,0.0,0.0,0.0,0.0,0.0,0.0,0.0,0.0,0.0,0.0,0.0,0.0,0.0,0.0,0.0,0.0,0.0,0.0,0.0,0.0,0.0,0.0,0.0,0.0,0.0,0.0,0.0,0.0,0.0,0.0,0.0,0.0,0.0,0.0,0.0,0.0,0.0,0.0,0.0,0.0,0.0,0.0,0.0,0.0,0.0,0.0,0.0,0.0,0.0,0.0,0.0,0.0,0.0,0.0,0.0,0.0,0.0,0.0,0.0,0.0,0.0,0.0,0.0,0.0,0.0,0.0,0.0,0.0,0.0,0.0,0.0,0.0,0.0,0.0,0.0,0.0,0.0,0.0,0.0,0.0,0.0,0.0,0.0,0.0,0.0,0.0,0.0,4.0,4.0,0.0,4.0,0.0,0.0,1.0,0.0,0.0,0.0,0.0,0.0,0.0,0.0,0.0,0.0,0.0,0.0,0.0,0.0,0.0,0.0,0.0,0.0,0.0,0.0,0.0,0.0,0.0,0.0,0.0,0.0,0.0,0.0,0.0,0.0,0.0,0.0,0.0,0.0,0.0,0.0,0.0,0.0,0.0,0.0,0.0,0.0,0.0,0.0,0.0,0.0,0.0,0.0,0.0,0.0,0.0,0.0,0.0,0.0,0.0,0.0,0.0,0.0,0.0,0.0,0.0,0.0,0.0,0.0,0.0,0.0,0.0,0.0,0.0,0.0,0.0,0.0,0.0,0.0,0.0,0.0,0.0,0.0,0.0,0.0,0.0,0.0,0.0,0.0,0.0,0.0,0.0,0.0,0.0,0.0,0.0,0.0,0.0,0.0,0.0,0.0,0.0,0.0,0.0,0.0,0.0,0.0,0.0,0.0,0.0,0.0,0.0,0.0,0.0,0.0,0.0,0.0,0.0,0.0,0.0,0.0,4.0,4.0,4.0,5.0,0.0,1.0,1045.0,0.0,1.0,0.0,1.0
378,0,1,1300,1300,256,256,0,0,8,0,16,64,"void rocprim::ROCPRIM_400001_NS::detail::init_lookback_scan_state_kernel<rocprim::ROCPRIM_400001_NS::detail::lookback_scan_state<unsigned int, false, true> const>(rocprim::ROCPRIM_400001_NS::detail::lookback_scan_state<unsigned int, false, true> const, unsigned int, unsigned int, rocprim::ROCPRIM_400001_NS::detail::lookback_scan_state<unsigned int, false, true> const::value_type*)",12740021236352,12740021238236,379,1682,153882.0,1810.0,153882.0,4.0,3.0,2122.0,0.0,0.0,786.0,786.0,0.0,0.0,2.0,0.0,0.0,0.0,0.0,0.0,0.0,0.0,0.0,0.0,0.0,0.0,0.0,0.0,0.0,0.0,0.0,0.0,0.0,0.0,0.0,0.0,0.0,0.0,0.0,0.0,0.0,0.0,0.0,0.0,0.0,0.0,0.0,0.0,0.0,0.0,0.0,0.0,0.0,0.0,0.0,0.0,0.0,0.0,0.0,0.0,0.0,0.0,0.0,0.0,0.0,0.0,0.0,0.0,0.0,0.0,0.0,0.0,0.0,0.0,0.0,0.0,0.0,0.0,0.0,0.0,0.0,0.0,0.0,0.0,0.0,0.0,0.0,0.0,0.0,0.0,0.0,0.0,0.0,0.0,0.0,0.0,0.0,0.0,0.0,0.0,0.0,0.0,0.0,0.0,0.0,0.0,0.0,0.0,0.0,0.0,0.0,0.0,0.0,0.0,0.0,0.0,0.0,0.0,0.0,0.0,0.0,0.0,0.0,0.0,0.0,0.0,0.0,0.0,0.0,0.0,0.0,0.0,0.0,0.0,0.0,0.0,0.0,0.0,0.0,0.0,0.0,0.0,0.0,0.0,1.0,0.0,0.0,0.0,0.0,10.0,9.0,5.0,4.0,2.0,0.0,0.0,0.0,0.0,1.0,0.0,0.0,0.0,1.0,0.0,0.0,0.0,0.0,0.0,0.0,0.0,0.0,0.0,0.0,0.0,0.0,0.0,0.0,0.0,0.0,0.0,0.0,0.0,0.0,0.0,0.0,0.0,0.0,0.0,1.0,0.0,0.0,0.0,1.0,0.0,0.0,0.0,0.0,1.0,0.0,0.0,0.0,1.0,0.0,0.0,0.0,0.0,0.0,0.0,0.0,0.0,0.0,0.0,0.0,0.0,0.0,0.0,1.0,0.0,0.0,0.0,0.0,0.0,0.0,1.0,0.0,0.0,0.0,0.0,1.0,0.0,0.0,0.0,0.0,0.0,0.0,0.0,0.0,0.0,0.0,0.0,0.0,1.0,0.0,0.0,0.0,1.0,0.0,0.0,0.0,0.0,1.0,0.0,0.0,0.0,1.0,0.0,0.0,0.0,0.0,0.0,0.0,0.0,0.0,0.0,0.0,0.0,0.0,0.0,0.0,0.0,0.0,0.0,9.0,456.0,0.0,0.0,0.0,2.0
379,0,1,1300,1300,512,512,29184,0,52,52,112,64,"void rocprim::ROCPRIM_400001_NS::detail::partition_kernel<(rocprim::ROCPRIM_400001_NS::detail::select_method)0, true, rocprim::ROCPRIM_400001_NS::detail::wrapped_partition_config<rocprim::ROCPRIM_400001_NS::default_config, (rocprim::ROCPRIM_400001_NS::detail::partition_subalgo)5, long, rocprim::ROCPRIM_400001_NS::empty_type>, hipcub::HIPCUB_400000_NS::CountingInputIterator<long, long>, rocprim::ROCPRIM_400001_NS::empty_type*, hipcub::HIPCUB_400000_NS::TransformInputIterator<bool, at::native::(anonymous namespace)::NonZeroOp<bool>, bool const*, long>, rocprim::ROCPRIM_400001_NS::tuple<long*, rocprim::ROCPRIM_400001_NS::empty_type>, rocprim::ROCPRIM_400001_NS::tuple<rocprim::ROCPRIM_400001_NS::empty_type*, rocprim::ROCPRIM_400001_NS::empty_type*>, rocprim::ROCPRIM_400001_NS::empty_type, rocprim::ROCPRIM_400001_NS::detail::lookback_scan_state<unsigned int, false, true>, rocprim::ROCPRIM_400001_NS::detail::block_id_wrapper<unsigned int, false>, rocprim::ROCPRIM_400001_NS::empty_type>(hipcub::HIPCUB_400000_NS::CountingInputIterator<long, long>, rocprim::ROCPRIM_400001_NS::empty_type*, hipcub::HIPCUB_400000_NS::TransformInputIterator<bool, at::native::(anonymous namespace)::NonZeroOp<bool>, bool const*, long>, rocprim::ROCPRIM_400001_NS::tuple<long*, rocprim::ROCPRIM_400001_NS::empty_type>, rocprim::ROCPRIM_400001_NS::tuple<rocprim::ROCPRIM_400001_NS::empty_type*, rocprim::ROCPRIM_400001_NS::empty_type*>, unsigned long*, unsigned long*, unsigned long, unsigned long, rocprim::ROCPRIM_400001_NS::empty_type, rocprim::ROCPRIM_400001_NS::detail::lookback_scan_state<unsigned int, false, true>, unsigned int, rocprim::ROCPRIM_400001_NS::detail::vsmem_t, rocprim::ROCPRIM_400001_NS::detail::block_id_wrapper<unsigned int, false>, rocprim::ROCPRIM_400001_NS::empty_type)",12740021630968,12740021635057,380,1440,187460.0,1810.0,187460.0,0.0,21.0,6609.0,0.0,0.0,3319.0,3319.0,0.0,0.0,10.0,0.0,0.0,0.0,0.0,0.0,0.0,0.0,0.0,0.0,0.0,0.0,0.0,0.0,0.0,0.0,0.0,0.0,0.0,0.0,0.0,0.0,0.0,0.0,0.0,0.0,0.0,0.0,0.0,0.0,0.0,0.0,0.0,0.0,0.0,0.0,0.0,0.0,0.0,0.0,0.0,0.0,0.0,0.0,0.0,0.0,0.0,0.0,0.0,0.0,0.0,0.0,0.0,0.0,0.0,0.0,0.0,0.0,0.0,0.0,0.0,0.0,0.0,0.0,0.0,0.0,0.0,0.0,0.0,0.0,0.0,0.0,0.0,0.0,0.0,0.0,0.0,0.0,0.0,0.0,0.0,0.0,0.0,0.0,0.0,0.0,0.0,0.0,0.0,0.0,0.0,0.0,0.0,0.0,0.0,0.0,0.0,0.0,0.0,0.0,0.0,0.0,0.0,0.0,0.0,0.0,0.0,0.0,0.0,0.0,0.0,0.0,0.0,0.0,0.0,0.0,0.0,0.0,0.0,0.0,0.0,0.0,0.0,0.0,0.0,0.0,0.0,0.0,0.0,0.0,0.0,7.0,4.0,8.0,8.0,4.0,4.0,5.0,3.0,4.0,4.0,0.0,32.0,8.0,0.0,0.0,0.0,0.0,0.0,0.0,0.0,0.0,0.0,0.0,0.0,0.0,0.0,0.0,0.0,0.0,0.0,0.0,0.0,0.0,0.0,0.0,0.0,0.0,0.0,0.0,0.0,0.0,0.0,0.0,0.0,0.0,0.0,0.0,0.0,0.0,0.0,0.0,0.0,0.0,0.0,0.0,0.0,0.0,0.0,0.0,0.0,0.0,0.0,0.0,0.0,0.0,0.0,0.0,0.0,0.0,0.0,0.0,0.0,0.0,0.0,0.0,0.0,0.0,0.0,0.0,0.0,0.0,0.0,0.0,0.0,0.0,0.0,0.0,0.0,0.0,0.0,0.0,0.0,0.0,0.0,0.0,0.0,0.0,0.0,0.0,0.0,0.0,0.0,0.0,0.0,0.0,0.0,0.0,0.0,0.0,0.0,0.0,0.0,0.0,0.0,0.0,0.0,0.0,0.0,0.0,0.0,0.0,0.0,8.0,8.0,5.0,8.0,0.0,34.0,2209.0,0.0,1.0,0.0,9.0
380,0,1,1300,1300,256,256,0,0,8,0,32,64,"void rocprim::ROCPRIM_400001_NS::detail::transform_kernel<true, rocprim::ROCPRIM_400001_NS::detail::wrapped_transform_config<rocprim::ROCPRIM_400001_NS::default_config, unsigned long, true>, unsigned long, unsigned long*, int*, rocprim::ROCPRIM_400001_NS::identity<void> >(unsigned long*, unsigned long, int*, rocprim::ROCPRIM_400001_NS::identity<void>)",12740022017245,12740022019049,381,1634,143966.0,1810.0,143966.0,4.0,3.0,1678.0,0.0,0.0,816.0,816.0,0.0,0.0,2.0,0.0,0.0,0.0,0.0,0.0,0.0,0.0,0.0,0.0,0.0,0.0,0.0,0.0,0.0,0.0,0.0,0.0,0.0,0.0,0.0,0.0,0.0,0.0,0.0,0.0,0.0,0.0,0.0,0.0,0.0,0.0,0.0,0.0,0.0,0.0,0.0,0.0,0.0,0.0,0.0,0.0,0.0,0.0,0.0,0.0,0.0,0.0,0.0,0.0,0.0,0.0,0.0,0.0,0.0,0.0,0.0,0.0,0.0,0.0,0.0,0.0,0.0,0.0,0.0,0.0,0.0,0.0,0.0,0.0,0.0,0.0,0.0,0.0,0.0,0.0,0.0,0.0,0.0,0.0,0.0,0.0,0.0,0.0,0.0,0.0,0.0,0.0,0.0,0.0,0.0,0.0,0.0,0.0,0.0,0.0,0.0,0.0,0.0,0.0,0.0,0.0,0.0,0.0,0.0,0.0,0.0,0.0,0.0,0.0,0.0,0.0,0.0,0.0,0.0,0.0,0.0,0.0,0.0,0.0,0.0,0.0,0.0,0.0,0.0,0.0,0.0,0.0,0.0,0.0,0.0,4.0,4.0,4.0,4.0,0.0,0.0,2.0,0.0,1.0,0.0,0.0,0.0,4.0,0.0,0.0,0.0,0.0,0.0,0.0,0.0,0.0,0.0,0.0,0.0,0.0,0.0,0.0,0.0,0.0,0.0,0.0,0.0,0.0,0.0,0.0,0.0,0.0,0.0,0.0,0.0,0.0,0.0,0.0,0.0,0.0,0.0,0.0,0.0,0.0,0.0,0.0,0.0,0.0,0.0,0.0,0.0,0.0,0.0,0.0,0.0,0.0,0.0,0.0,0.0,0.0,0.0,0.0,0.0,0.0,0.0,0.0,0.0,0.0,0.0,0.0,0.0,0.0,0.0,0.0,0.0,0.0,0.0,0.0,0.0,0.0,0.0,0.0,0.0,0.0,0.0,0.0,0.0,0.0,0.0,0.0,0.0,0.0,0.0,0.0,0.0,0.0,0.0,0.0,0.0,0.0,0.0,0.0,0.0,0.0,0.0,0.0,0.0,0.0,0.0,0.0,0.0,0.0,0.0,0.0,0.0,0.0,0.0,1.0,0.0,0.0,0.0,0.0,1.0,833.0,0.0,1.0,0.0,1.0
381,0,1,1300,1300,128,128,0,0,16,0,80,64,"void at::native::index_elementwise_kernel<128, 4, at::native::gpu_index_kernel<at::native::index_kernel_impl<at::native::OpaqueType<2> >(at::TensorIteratorBase&, c10::ArrayRef<long>, c10::ArrayRef<long>)::{lambda(char*, char const*, long)#1}>(at::TensorIteratorBase&, c10::ArrayRef<long>, c10::ArrayRef<long>, at::native::index_kernel_impl<at::native::OpaqueType<2> >(at::TensorIteratorBase&, c10::ArrayRef<long>, c10::ArrayRef<long>)::{lambda(char*, char const*, long)#1} const&, bool)::{lambda(int)#1}>(long, at::native::gpu_index_kernel<at::native::index_kernel_impl<at::native::OpaqueType<2> >(at::TensorIteratorBase&, c10::ArrayRef<long>, c10::ArrayRef<long>)::{lambda(char*, char const*, long)#1}>(at::TensorIteratorBase&, c10::ArrayRef<long>, c10::ArrayRef<long>, at::native::index_kernel_impl<at::native::OpaqueType<2> >(at::TensorIteratorBase&, c10::ArrayRef<long>, c10::ArrayRef<long>)::{lambda(char*, char const*, long)#1} const&, bool)::{lambda(int)#1})",12740055119168,12740055121814,382,1765,170042.0,1810.0,170042.0,4.0,3.0,1836.0,0.0,0.0,1624.0,1624.0,0.0,0.0,3.0,0.0,0.0,0.0,0.0,0.0,0.0,0.0,0.0,0.0,0.0,0.0,0.0,0.0,0.0,0.0,0.0,0.0,0.0,0.0,0.0,0.0,0.0,0.0,0.0,0.0,0.0,0.0,0.0,0.0,0.0,0.0,0.0,0.0,0.0,0.0,0.0,0.0,0.0,0.0,0.0,0.0,0.0,0.0,0.0,0.0,0.0,0.0,0.0,0.0,0.0,0.0,0.0,0.0,0.0,0.0,0.0,0.0,0.0,0.0,0.0,0.0,0.0,0.0,0.0,0.0,0.0,0.0,0.0,0.0,0.0,0.0,0.0,0.0,0.0,0.0,0.0,0.0,0.0,0.0,0.0,0.0,0.0,0.0,0.0,0.0,0.0,0.0,0.0,0.0,0.0,0.0,0.0,0.0,0.0,0.0,0.0,0.0,0.0,0.0,0.0,0.0,0.0,0.0,0.0,0.0,0.0,0.0,0.0,0.0,0.0,0.0,0.0,0.0,0.0,0.0,0.0,0.0,0.0,0.0,0.0,0.0,0.0,0.0,0.0,0.0,0.0,0.0,0.0,0.0,0.0,9.0,8.0,7.0,8.0,4.0,4.0,4.0,4.0,8.0,5.0,0.0,8.0,5.0,0.0,0.0,0.0,0.0,0.0,0.0,0.0,0.0,0.0,0.0,0.0,0.0,0.0,0.0,0.0,0.0,0.0,0.0,0.0,0.0,0.0,0.0,0.0,0.0,0.0,0.0,0.0,0.0,0.0,0.0,0.0,0.0,0.0,0.0,0.0,0.0,0.0,0.0,0.0,0.0,0.0,0.0,0.0,0.0,0.0,0.0,0.0,0.0,0.0,0.0,0.0,0.0,0.0,0.0,0.0,0.0,0.0,0.0,0.0,0.0,0.0,0.0,0.0,0.0,0.0,0.0,0.0,0.0,0.0,0.0,0.0,0.0,0.0,0.0,0.0,0.0,0.0,0.0,0.0,0.0,0.0,0.0,0.0,0.0,0.0,0.0,0.0,0.0,0.0,0.0,0.0,0.0,0.0,0.0,0.0,0.0,0.0,0.0,0.0,0.0,0.0,0.0,0.0,0.0,0.0,0.0,0.0,0.0,0.0,0.0,0.0,3.0,0.0,0.0,2.0,1650.0,0.0,4.0,0.0,1.0
382,0,1,1300,1300,256,256,0,0,24,0,32,64,"void at::native::vectorized_elementwise_kernel<8, at::native::AbsFunctor<c10::Half>, std::array<char*, 2ul> >(int, at::native::AbsFunctor<c10::Half>, std::array<char*, 2ul>)",12740055514466,12740055516711,383,425,163799.0,1810.0,163799.0,4.0,6.0,3088.0,0.0,0.0,866.0,866.0,0.0,0.0,2.0,0.0,0.0,0.0,0.0,0.0,0.0,0.0,0.0,0.0,0.0,0.0,0.0,0.0,0.0,0.0,0.0,0.0,0.0,0.0,0.0,0.0,0.0,0.0,0.0,0.0,0.0,0.0,0.0,0.0,0.0,0.0,0.0,0.0,0.0,0.0,0.0,0.0,0.0,0.0,0.0,0.0,0.0,0.0,0.0,0.0,0.0,0.0,0.0,0.0,0.0,0.0,0.0,0.0,0.0,0.0,0.0,0.0,0.0,0.0,0.0,0.0,0.0,0.0,0.0,0.0,0.0,0.0,0.0,0.0,0.0,0.0,0.0,0.0,0.0,0.0,0.0,0.0,0.0,0.0,0.0,0.0,0.0,0.0,0.0,0.0,0.0,0.0,0.0,0.0,0.0,0.0,0.0,0.0,0.0,0.0,0.0,0.0,0.0,0.0,0.0,0.0,0.0,0.0,0.0,0.0,0.0,0.0,0.0,0.0,0.0,0.0,0.0,0.0,0.0,0.0,0.0,0.0,0.0,0.0,0.0,0.0,0.0,0.0,0.0,0.0,0.0,0.0,0.0,0.0,0.0,4.0,0.0,0.0,0.0,4.0,4.0,4.0,4.0,5.0,4.0,0.0,6.0,5.0,0.0,0.0,0.0,0.0,0.0,0.0,0.0,0.0,0.0,0.0,0.0,0.0,0.0,0.0,0.0,0.0,0.0,0.0,0.0,0.0,0.0,0.0,0.0,0.0,0.0,0.0,0.0,0.0,0.0,0.0,0.0,0.0,0.0,0.0,0.0,0.0,0.0,0.0,0.0,0.0,0.0,0.0,0.0,0.0,0.0,0.0,0.0,0.0,0.0,0.0,0.0,0.0,0.0,0.0,0.0,0.0,0.0,0.0,0.0,0.0,0.0,0.0,0.0,0.0,0.0,0.0,0.0,0.0,0.0,0.0,0.0,0.0,0.0,0.0,0.0,0.0,0.0,0.0,0.0,0.0,0.0,0.0,0.0,0.0,0.0,0.0,0.0,0.0,0.0,0.0,0.0,0.0,0.0,0.0,0.0,0.0,0.0,0.0,0.0,0.0,0.0,0.0,0.0,0.0,0.0,0.0,0.0,0.0,0.0,0.0,0.0,0.0,4.0,0.0,2.0,892.0,0.0,1.0,0.0,1.0
383,0,1,1300,1300,128,128,0,0,20,4,64,64,"void at::native::elementwise_kernel_manual_unroll<128, 4, at::native::gpu_kernel_impl<at::native::direct_copy_kernel_cuda(at::TensorIteratorBase&)::{lambda()#3}::operator()() const::{lambda()#6}::operator()() const::{lambda(double)#1}>(at::TensorIteratorBase&, at::native::direct_copy_kernel_cuda(at::TensorIteratorBase&)::{lambda()#3}::operator()() const::{lambda()#6}::operator()() const::{lambda(double)#1} const&)::{lambda(int, bool)#1}>(int, at::native::gpu_kernel_impl<at::native::direct_copy_kernel_cuda(at::TensorIteratorBase&)::{lambda()#3}::operator()() const::{lambda()#6}::operator()() const::{lambda(double)#1}>(at::TensorIteratorBase&, at::native::direct_copy_kernel_cuda(at::TensorIteratorBase&)::{lambda()#3}::operator()() const::{lambda()#6}::operator()() const::{lambda(double)#1} const&)::{lambda(int, bool)#1})",12740094185120,12740094188247,384,1939,170959.0,1810.0,170959.0,2.0,1.0,2560.0,0.0,0.0,2359.0,2359.0,0.0,0.0,4.0,0.0,0.0,0.0,0.0,0.0,0.0,0.0,0.0,0.0,0.0,0.0,0.0,0.0,0.0,0.0,0.0,0.0,0.0,0.0,0.0,0.0,0.0,0.0,0.0,0.0,0.0,0.0,0.0,0.0,0.0,0.0,0.0,0.0,0.0,0.0,0.0,0.0,0.0,0.0,0.0,0.0,0.0,0.0,0.0,0.0,0.0,0.0,0.0,0.0,0.0,0.0,0.0,0.0,0.0,0.0,0.0,0.0,0.0,0.0,0.0,0.0,0.0,0.0,0.0,0.0,0.0,0.0,0.0,0.0,0.0,0.0,0.0,0.0,0.0,0.0,0.0,0.0,0.0,0.0,0.0,0.0,0.0,0.0,0.0,0.0,0.0,0.0,0.0,0.0,0.0,0.0,0.0,0.0,0.0,0.0,0.0,0.0,0.0,0.0,0.0,0.0,0.0,0.0,0.0,0.0,0.0,0.0,0.0,0.0,0.0,0.0,0.0,0.0,0.0,0.0,0.0,0.0,0.0,0.0,0.0,0.0,0.0,0.0,0.0,0.0,0.0,0.0,0.0,0.0,0.0,13.0,12.0,17.0,18.0,8.0,4.0,2.0,1.0,16.0,16.0,0.0,6.0,12.0,0.0,0.0,0.0,0.0,0.0,0.0,0.0,0.0,0.0,0.0,0.0,0.0,0.0,0.0,0.0,0.0,0.0,0.0,0.0,0.0,0.0,0.0,0.0,0.0,0.0,0.0,0.0,0.0,0.0,0.0,0.0,0.0,0.0,0.0,0.0,0.0,0.0,0.0,0.0,0.0,0.0,0.0,0.0,0.0,0.0,0.0,0.0,0.0,0.0,0.0,0.0,0.0,0.0,0.0,0.0,0.0,0.0,0.0,0.0,0.0,0.0,0.0,0.0,0.0,0.0,0.0,0.0,0.0,0.0,0.0,0.0,0.0,0.0,0.0,0.0,0.0,0.0,0.0,0.0,0.0,0.0,0.0,0.0,0.0,0.0,0.0,0.0,0.0,0.0,0.0,0.0,0.0,0.0,0.0,0.0,0.0,0.0,0.0,0.0,0.0,0.0,0.0,0.0,0.0,0.0,0.0,0.0,0.0,0.0,9.0,12.0,12.0,12.0,0.0,5.0,1647.0,0.0,2.0,0.0,1.0
384,0,1,1300,1300,32,32,512,0,32,0,80,64,"void at::native::reduce_kernel<512, 1, at::native::ReduceOp<double, at::native::func_wrapper_t<double, at::native::MinNanFunctor<double> >, unsigned int, double, 4, 4> >(at::native::ReduceOp<double, at::native::func_wrapper_t<double, at::native::MinNanFunctor<double> >, unsigned int, double, 4, 4>)",12740104320305,12740104324635,385,2271,205548.0,1810.0,205548.0,1.0,2.0,1877.0,0.0,0.0,1346.0,1346.0,0.0,0.0,3.0,0.0,0.0,0.0,0.0,0.0,0.0,0.0,0.0,0.0,0.0,0.0,0.0,0.0,0.0,0.0,0.0,0.0,0.0,0.0,0.0,0.0,0.0,0.0,0.0,0.0,0.0,0.0,0.0,0.0,0.0,0.0,0.0,0.0,0.0,0.0,0.0,0.0,0.0,0.0,0.0,0.0,0.0,0.0,0.0,0.0,0.0,0.0,0.0,0.0,0.0,0.0,0.0,0.0,0.0,0.0,0.0,0.0,0.0,0.0,0.0,0.0,0.0,0.0,0.0,0.0,0.0,0.0,0.0,0.0,0.0,0.0,0.0,0.0,0.0,0.0,0.0,0.0,0.0,0.0,0.0,0.0,0.0,0.0,0.0,0.0,0.0,0.0,0.0,0.0,0.0,0.0,0.0,0.0,0.0,0.0,0.0,0.0,0.0,0.0,0.0,0.0,0.0,0.0,0.0,0.0,0.0,0.0,0.0,0.0,0.0,0.0,0.0,0.0,0.0,0.0,0.0,0.0,0.0,0.0,0.0,0.0,0.0,0.0,0.0,0.0,0.0,0.0,0.0,0.0,0.0,6.0,4.0,0.0,6.0,14.0,13.0,12.0,8.0,8.0,9.0,0.0,13.0,12.0,0.0,0.0,0.0,0.0,0.0,0.0,0.0,0.0,0.0,0.0,0.0,0.0,0.0,0.0,0.0,0.0,0.0,0.0,0.0,0.0,0.0,0.0,0.0,0.0,0.0,0.0,0.0,0.0,0.0,0.0,0.0,0.0,0.0,0.0,0.0,0.0,0.0,0.0,0.0,0.0,0.0,0.0,0.0,0.0,0.0,0.0,0.0,0.0,0.0,0.0,0.0,0.0,0.0,0.0,0.0,0.0,0.0,0.0,0.0,0.0,0.0,0.0,0.0,0.0,0.0,0.0,0.0,0.0,0.0,0.0,0.0,0.0,0.0,0.0,0.0,0.0,0.0,0.0,0.0,0.0,0.0,0.0,0.0,0.0,0.0,0.0,0.0,0.0,0.0,0.0,0.0,0.0,0.0,0.0,0.0,0.0,0.0,0.0,0.0,0.0,0.0,0.0,0.0,0.0,0.0,0.0,0.0,0.0,0.0,4.0,4.0,4.0,4.0,0.0,1.0,898.0,0.0,3.0,0.0,1.0
385,0,1,1300,1300,32,32,512,0,32,0,80,64,"void at::native::reduce_kernel<512, 1, at::native::ReduceOp<double, at::native::func_wrapper_t<double, at::native::MaxNanFunctor<double> >, unsigned int, double, 4, 4> >(at::native::ReduceOp<double, at::native::func_wrapper_t<double, at::native::MaxNanFunctor<double> >, unsigned int, double, 4, 4>)",12740114700898,12740114705228,386,2347,209583.0,1810.0,209583.0,1.0,1.0,1884.0,0.0,0.0,1973.0,1973.0,0.0,0.0,3.0,0.0,0.0,0.0,0.0,0.0,0.0,0.0,0.0,0.0,0.0,0.0,0.0,0.0,0.0,0.0,0.0,0.0,0.0,0.0,0.0,0.0,0.0,0.0,0.0,0.0,0.0,0.0,0.0,0.0,0.0,0.0,0.0,0.0,0.0,0.0,0.0,0.0,0.0,0.0,0.0,0.0,0.0,0.0,0.0,0.0,0.0,0.0,0.0,0.0,0.0,0.0,0.0,0.0,0.0,0.0,0.0,0.0,0.0,0.0,0.0,0.0,0.0,0.0,0.0,0.0,0.0,0.0,0.0,0.0,0.0,0.0,0.0,0.0,0.0,0.0,0.0,0.0,0.0,0.0,0.0,0.0,0.0,0.0,0.0,0.0,0.0,0.0,0.0,0.0,0.0,0.0,0.0,0.0,0.0,0.0,0.0,0.0,0.0,0.0,0.0,0.0,0.0,0.0,0.0,0.0,0.0,0.0,0.0,0.0,0.0,0.0,0.0,0.0,0.0,0.0,0.0,0.0,0.0,0.0,0.0,0.0,0.0,0.0,0.0,0.0,0.0,0.0,0.0,0.0,0.0,2.0,4.0,4.0,0.0,14.0,13.0,9.0,12.0,9.0,8.0,0.0,12.0,12.0,0.0,0.0,0.0,0.0,0.0,0.0,0.0,0.0,0.0,0.0,0.0,0.0,0.0,0.0,0.0,0.0,0.0,0.0,0.0,0.0,0.0,0.0,0.0,0.0,0.0,0.0,0.0,0.0,0.0,0.0,0.0,0.0,0.0,0.0,0.0,0.0,0.0,0.0,0.0,0.0,0.0,0.0,0.0,0.0,0.0,0.0,0.0,0.0,0.0,0.0,0.0,0.0,0.0,0.0,0.0,0.0,0.0,0.0,0.0,0.0,0.0,0.0,0.0,0.0,0.0,0.0,0.0,0.0,0.0,0.0,0.0,0.0,0.0,0.0,0.0,0.0,0.0,0.0,0.0,0.0,0.0,0.0,0.0,0.0,0.0,0.0,0.0,0.0,0.0,0.0,0.0,0.0,0.0,0.0,0.0,0.0,0.0,0.0,0.0,0.0,0.0,0.0,0.0,0.0,0.0,0.0,0.0,0.0,0.0,6.0,6.0,4.0,6.0,0.0,1.0,1248.0,0.0,3.0,0.0,1.0
386,0,1,1300,1300,256,256,0,0,24,0,32,64,"void at::native::vectorized_elementwise_kernel<8, at::native::ceil_kernel_cuda(at::TensorIteratorBase&)::{lambda()#1}::operator()() const::{lambda()#3}::operator()() const::{lambda(c10::Half)#1}, std::array<char*, 2ul> >(int, at::native::ceil_kernel_cuda(at::TensorIteratorBase&)::{lambda()#1}::operator()() const::{lambda()#3}::operator()() const::{lambda(c10::Half)#1}, std::array<char*, 2ul>)",12740142587548,12740142589633,387,2512,153667.0,1810.0,153667.0,4.0,3.0,2703.0,0.0,0.0,1008.0,1008.0,0.0,0.0,2.0,0.0,0.0,0.0,0.0,0.0,0.0,0.0,0.0,0.0,0.0,0.0,0.0,0.0,0.0,0.0,0.0,0.0,0.0,0.0,0.0,0.0,0.0,0.0,0.0,0.0,0.0,0.0,0.0,0.0,0.0,0.0,0.0,0.0,0.0,0.0,0.0,0.0,0.0,0.0,0.0,0.0,0.0,0.0,0.0,0.0,0.0,0.0,0.0,0.0,0.0,0.0,0.0,0.0,0.0,0.0,0.0,0.0,0.0,0.0,0.0,0.0,0.0,0.0,0.0,0.0,0.0,0.0,0.0,0.0,0.0,0.0,0.0,0.0,0.0,0.0,0.0,0.0,0.0,0.0,0.0,0.0,0.0,0.0,0.0,0.0,0.0,0.0,0.0,0.0,0.0,0.0,0.0,0.0,0.0,0.0,0.0,0.0,0.0,0.0,0.0,0.0,0.0,0.0,0.0,0.0,0.0,0.0,0.0,0.0,0.0,0.0,0.0,0.0,0.0,0.0,0.0,0.0,0.0,0.0,0.0,0.0,0.0,0.0,0.0,0.0,0.0,0.0,0.0,0.0,0.0,4.0,4.0,4.0,4.0,1.0,0.0,1.0,0.0,5.0,4.0,0.0,4.0,4.0,0.0,0.0,0.0,0.0,0.0,0.0,0.0,0.0,0.0,0.0,0.0,0.0,0.0,0.0,0.0,0.0,0.0,0.0,0.0,0.0,0.0,0.0,0.0,0.0,0.0,0.0,0.0,0.0,0.0,0.0,0.0,0.0,0.0,0.0,0.0,0.0,0.0,0.0,0.0,0.0,0.0,0.0,0.0,0.0,0.0,0.0,0.0,0.0,0.0,0.0,0.0,0.0,0.0,0.0,0.0,0.0,0.0,0.0,0.0,0.0,0.0,0.0,0.0,0.0,0.0,0.0,0.0,0.0,0.0,0.0,0.0,0.0,0.0,0.0,0.0,0.0,0.0,0.0,0.0,0.0,0.0,0.0,0.0,0.0,0.0,0.0,0.0,0.0,0.0,0.0,0.0,0.0,0.0,0.0,0.0,0.0,0.0,0.0,0.0,0.0,0.0,0.0,0.0,0.0,0.0,0.0,0.0,0.0,0.0,5.0,4.0,0.0,0.0,0.0,1.0,1032.0,0.0,1.0,0.0,1.0
387,0,1,1300,1300,256,256,0,0,40,0,32,64,"void at::native::vectorized_elementwise_kernel<8, at::native::BinaryFunctor<c10::Half, c10::Half, bool, at::native::(anonymous namespace)::CompareEqFunctor<c10::Half> >, std::array<char*, 3ul> >(int, at::native::BinaryFunctor<c10::Half, c10::Half, bool, at::native::(anonymous namespace)::CompareEqFunctor<c10::Half> >, std::array<char*, 3ul>)",12740142979558,12740142981923,388,683,162046.0,1810.0,162046.0,4.0,13.0,3686.0,0.0,0.0,1764.0,1764.0,0.0,0.0,3.0,0.0,0.0,0.0,0.0,0.0,0.0,0.0,0.0,0.0,0.0,0.0,0.0,0.0,0.0,0.0,0.0,0.0,0.0,0.0,0.0,0.0,0.0,0.0,0.0,0.0,0.0,0.0,0.0,0.0,0.0,0.0,0.0,0.0,0.0,0.0,0.0,0.0,0.0,0.0,0.0,0.0,0.0,0.0,0.0,0.0,0.0,0.0,0.0,0.0,0.0,0.0,0.0,0.0,0.0,0.0,0.0,0.0,0.0,0.0,0.0,0.0,0.0,0.0,0.0,0.0,0.0,0.0,0.0,0.0,0.0,0.0,0.0,0.0,0.0,0.0,0.0,0.0,0.0,0.0,0.0,0.0,0.0,0.0,0.0,0.0,0.0,0.0,0.0,0.0,0.0,0.0,0.0,0.0,0.0,0.0,0.0,0.0,0.0,0.0,0.0,0.0,0.0,0.0,0.0,0.0,0.0,0.0,0.0,0.0,0.0,0.0,0.0,0.0,0.0,0.0,0.0,0.0,0.0,0.0,0.0,0.0,0.0,0.0,0.0,0.0,0.0,0.0,0.0,0.0,0.0,4.0,4.0,4.0,4.0,4.0,5.0,4.0,4.0,5.0,4.0,0.0,4.0,4.0,0.0,0.0,0.0,0.0,0.0,0.0,0.0,0.0,0.0,0.0,0.0,0.0,0.0,0.0,0.0,0.0,0.0,0.0,0.0,0.0,0.0,0.0,0.0,0.0,0.0,0.0,0.0,0.0,0.0,0.0,0.0,0.0,0.0,0.0,0.0,0.0,0.0,0.0,0.0,0.0,0.0,0.0,0.0,0.0,0.0,0.0,0.0,0.0,0.0,0.0,0.0,0.0,0.0,0.0,0.0,0.0,0.0,0.0,0.0,0.0,0.0,0.0,0.0,0.0,0.0,0.0,0.0,0.0,0.0,0.0,0.0,0.0,0.0,0.0,0.0,0.0,0.0,0.0,0.0,0.0,0.0,0.0,0.0,0.0,0.0,0.0,0.0,0.0,0.0,0.0,0.0,0.0,0.0,0.0,0.0,0.0,0.0,0.0,0.0,0.0,0.0,0.0,0.0,0.0,0.0,0.0,0.0,0.0,0.0,5.0,4.0,5.0,1.0,0.0,1.0,1092.0,0.0,2.0,0.0,1.0
388,0,1,1300,1300,512,512,0,0,16,0,32,64,__amd_rocclr_copyBuffer,12740143364071,12740143366917,389,22,250588.0,2146.0,250588.0,0.0,7.0,1560.0,0.0,0.0,2635.0,2635.0,0.0,0.0,2.0,0.0,0.0,0.0,0.0,0.0,0.0,0.0,0.0,0.0,0.0,0.0,0.0,0.0,0.0,0.0,0.0,0.0,0.0,0.0,0.0,0.0,0.0,0.0,0.0,0.0,0.0,0.0,0.0,0.0,0.0,0.0,0.0,0.0,0.0,0.0,0.0,0.0,0.0,0.0,0.0,0.0,0.0,0.0,0.0,0.0,0.0,0.0,0.0,0.0,0.0,0.0,0.0,0.0,0.0,0.0,0.0,0.0,0.0,0.0,0.0,0.0,0.0,0.0,0.0,0.0,0.0,0.0,0.0,0.0,0.0,0.0,0.0,0.0,0.0,0.0,0.0,0.0,0.0,0.0,0.0,0.0,0.0,0.0,0.0,0.0,0.0,0.0,0.0,0.0,0.0,0.0,0.0,0.0,0.0,0.0,0.0,0.0,0.0,0.0,0.0,0.0,0.0,0.0,0.0,0.0,0.0,0.0,0.0,0.0,0.0,0.0,0.0,0.0,0.0,0.0,0.0,0.0,0.0,0.0,0.0,0.0,0.0,0.0,0.0,0.0,0.0,0.0,0.0,0.0,0.0,0.0,0.0,0.0,1.0,4.0,4.0,0.0,0.0,4.0,3.0,0.0,4.0,4.0,0.0,0.0,0.0,0.0,0.0,0.0,0.0,0.0,0.0,0.0,0.0,0.0,0.0,0.0,0.0,0.0,0.0,0.0,0.0,0.0,0.0,0.0,0.0,0.0,0.0,0.0,0.0,0.0,0.0,0.0,0.0,0.0,0.0,0.0,0.0,0.0,0.0,0.0,0.0,0.0,0.0,0.0,0.0,0.0,0.0,0.0,0.0,0.0,0.0,0.0,0.0,0.0,0.0,0.0,0.0,0.0,0.0,0.0,0.0,0.0,0.0,0.0,0.0,0.0,0.0,0.0,0.0,0.0,0.0,0.0,0.0,0.0,0.0,0.0,0.0,0.0,0.0,0.0,0.0,0.0,0.0,0.0,0.0,0.0,0.0,0.0,0.0,0.0,0.0,0.0,0.0,0.0,0.0,0.0,0.0,0.0,0.0,0.0,0.0,0.0,0.0,0.0,0.0,0.0,0.0,0.0,0.0,0.0,0.0,0.0,1.0,1.0,1.0,0.0,1.0,2632.0,0.0,1.0,0.0,1.0
389,0,1,1300,1300,256,256,0,0,76,4,32,64,"void at::native::vectorized_elementwise_kernel<4, at::native::BinaryFunctor<double, double, double, at::native::binary_internal::DivFunctor<double> >, std::array<char*, 3ul> >(int, at::native::BinaryFunctor<double, double, double, at::native::binary_internal::DivFunctor<double> >, std::array<char*, 3ul>)",12740172142273,12740172144919,390,2763,172770.0,1810.0,172770.0,4.0,10.0,4148.0,0.0,1.0,1534.0,1534.0,0.0,0.0,3.0,0.0,0.0,0.0,0.0,0.0,0.0,0.0,0.0,0.0,0.0,0.0,0.0,0.0,0.0,0.0,0.0,0.0,0.0,0.0,0.0,0.0,0.0,0.0,0.0,0.0,0.0,0.0,0.0,0.0,0.0,0.0,0.0,0.0,0.0,0.0,0.0,0.0,0.0,0.0,0.0,0.0,0.0,0.0,0.0,0.0,0.0,0.0,0.0,0.0,0.0,0.0,0.0,0.0,0.0,0.0,0.0,0.0,0.0,0.0,0.0,0.0,0.0,0.0,0.0,0.0,0.0,0.0,0.0,0.0,0.0,0.0,0.0,0.0,0.0,0.0,0.0,0.0,0.0,0.0,0.0,0.0,0.0,0.0,0.0,0.0,0.0,0.0,0.0,0.0,0.0,0.0,0.0,0.0,0.0,0.0,0.0,0.0,0.0,0.0,0.0,0.0,0.0,0.0,0.0,0.0,0.0,0.0,0.0,0.0,0.0,0.0,0.0,0.0,0.0,0.0,0.0,0.0,0.0,0.0,0.0,0.0,0.0,0.0,0.0,0.0,0.0,0.0,0.0,0.0,0.0,4.0,4.0,8.0,8.0,4.0,4.0,6.0,4.0,4.0,4.0,0.0,5.0,4.0,0.0,0.0,0.0,0.0,0.0,0.0,0.0,0.0,0.0,0.0,0.0,0.0,0.0,0.0,0.0,0.0,0.0,0.0,0.0,0.0,0.0,0.0,0.0,0.0,0.0,0.0,0.0,0.0,0.0,0.0,0.0,0.0,0.0,0.0,0.0,0.0,0.0,0.0,0.0,0.0,0.0,0.0,0.0,0.0,0.0,0.0,0.0,0.0,0.0,0.0,0.0,0.0,0.0,0.0,0.0,0.0,0.0,0.0,0.0,0.0,0.0,0.0,0.0,0.0,0.0,0.0,0.0,0.0,0.0,0.0,0.0,0.0,0.0,0.0,0.0,0.0,0.0,0.0,0.0,0.0,0.0,0.0,0.0,0.0,0.0,0.0,0.0,0.0,0.0,0.0,0.0,0.0,0.0,0.0,0.0,0.0,0.0,0.0,0.0,0.0,0.0,0.0,0.0,0.0,0.0,0.0,0.0,0.0,0.0,2.0,4.0,1.0,0.0,0.0,1.0,990.0,0.0,2.0,0.0,1.0
390,0,1,1300,1300,256,256,0,0,40,0,64,64,"void at::native::vectorized_elementwise_kernel<4, at::native::compare_scalar_kernel<double>(at::TensorIteratorBase&, at::native::(anonymous namespace)::OpType, double)::{lambda(double)#1}, std::array<char*, 2ul> >(int, at::native::compare_scalar_kernel<double>(at::TensorIteratorBase&, at::native::(anonymous namespace)::OpType, double)::{lambda(double)#1}, std::array<char*, 2ul>)",12740192040732,12740192044220,391,2940,184853.0,1810.0,184853.0,4.0,18.0,5917.0,0.0,0.0,911.0,911.0,0.0,0.0,2.0,0.0,0.0,0.0,0.0,0.0,0.0,0.0,0.0,0.0,0.0,0.0,0.0,0.0,0.0,0.0,0.0,0.0,0.0,0.0,0.0,0.0,0.0,0.0,0.0,0.0,0.0,0.0,0.0,0.0,0.0,0.0,0.0,0.0,0.0,0.0,0.0,0.0,0.0,0.0,0.0,0.0,0.0,0.0,0.0,0.0,0.0,0.0,0.0,0.0,0.0,0.0,0.0,0.0,0.0,0.0,0.0,0.0,0.0,0.0,0.0,0.0,0.0,0.0,0.0,0.0,0.0,0.0,0.0,0.0,0.0,0.0,0.0,0.0,0.0,0.0,0.0,0.0,0.0,0.0,0.0,0.0,0.0,0.0,0.0,0.0,0.0,0.0,0.0,0.0,0.0,0.0,0.0,0.0,0.0,0.0,0.0,0.0,0.0,0.0,0.0,0.0,0.0,0.0,0.0,0.0,0.0,0.0,0.0,0.0,0.0,0.0,0.0,0.0,0.0,0.0,0.0,0.0,0.0,0.0,0.0,0.0,0.0,0.0,0.0,0.0,0.0,0.0,0.0,0.0,0.0,3.0,4.0,4.0,4.0,4.0,4.0,6.0,8.0,8.0,8.0,0.0,12.0,10.0,0.0,0.0,0.0,0.0,0.0,0.0,0.0,0.0,0.0,0.0,0.0,0.0,0.0,0.0,0.0,0.0,0.0,0.0,0.0,0.0,0.0,0.0,0.0,0.0,0.0,0.0,0.0,0.0,0.0,0.0,0.0,0.0,0.0,0.0,0.0,0.0,0.0,0.0,0.0,0.0,0.0,0.0,0.0,0.0,0.0,0.0,0.0,0.0,0.0,0.0,0.0,0.0,0.0,0.0,0.0,0.0,0.0,0.0,0.0,0.0,0.0,0.0,0.0,0.0,0.0,0.0,0.0,0.0,0.0,0.0,0.0,0.0,0.0,0.0,0.0,0.0,0.0,0.0,0.0,0.0,0.0,0.0,0.0,0.0,0.0,0.0,0.0,0.0,0.0,0.0,0.0,0.0,0.0,0.0,0.0,0.0,0.0,0.0,0.0,0.0,0.0,0.0,0.0,0.0,0.0,0.0,0.0,0.0,0.0,5.0,4.0,5.0,4.0,0.0,1.0,936.0,0.0,1.0,0.0,1.0
391,0,1,1300,1300,512,512,0,0,16,0,32,64,__amd_rocclr_copyBuffer,12740192434746,12740192437593,392,22,249010.0,2146.0,249010.0,0.0,7.0,2168.0,0.0,0.0,1859.0,1859.0,0.0,0.0,2.0,0.0,0.0,0.0,0.0,0.0,0.0,0.0,0.0,0.0,0.0,0.0,0.0,0.0,0.0,0.0,0.0,0.0,0.0,0.0,0.0,0.0,0.0,0.0,0.0,0.0,0.0,0.0,0.0,0.0,0.0,0.0,0.0,0.0,0.0,0.0,0.0,0.0,0.0,0.0,0.0,0.0,0.0,0.0,0.0,0.0,0.0,0.0,0.0,0.0,0.0,0.0,0.0,0.0,0.0,0.0,0.0,0.0,0.0,0.0,0.0,0.0,0.0,0.0,0.0,0.0,0.0,0.0,0.0,0.0,0.0,0.0,0.0,0.0,0.0,0.0,0.0,0.0,0.0,0.0,0.0,0.0,0.0,0.0,0.0,0.0,0.0,0.0,0.0,0.0,0.0,0.0,0.0,0.0,0.0,0.0,0.0,0.0,0.0,0.0,0.0,0.0,0.0,0.0,0.0,0.0,0.0,0.0,0.0,0.0,0.0,0.0,0.0,0.0,0.0,0.0,0.0,0.0,0.0,0.0,0.0,0.0,0.0,0.0,0.0,0.0,0.0,0.0,0.0,0.0,0.0,0.0,0.0,0.0,1.0,5.0,4.0,0.0,0.0,4.0,3.0,0.0,4.0,4.0,0.0,0.0,0.0,0.0,0.0,0.0,0.0,0.0,0.0,0.0,0.0,0.0,0.0,0.0,0.0,0.0,0.0,0.0,0.0,0.0,0.0,0.0,0.0,0.0,0.0,0.0,0.0,0.0,0.0,0.0,0.0,0.0,0.0,0.0,0.0,0.0,0.0,0.0,0.0,0.0,0.0,0.0,0.0,0.0,0.0,0.0,0.0,0.0,0.0,0.0,0.0,0.0,0.0,0.0,0.0,0.0,0.0,0.0,0.0,0.0,0.0,0.0,0.0,0.0,0.0,0.0,0.0,0.0,0.0,0.0,0.0,0.0,0.0,0.0,0.0,0.0,0.0,0.0,0.0,0.0,0.0,0.0,0.0,0.0,0.0,0.0,0.0,0.0,0.0,0.0,0.0,0.0,0.0,0.0,0.0,0.0,0.0,0.0,0.0,0.0,0.0,0.0,0.0,0.0,0.0,0.0,0.0,0.0,0.0,0.0,1.0,1.0,0.0,0.0,1.0,1864.0,0.0,1.0,0.0,1.0
392,0,1,1300,1300,256,256,0,0,40,0,64,64,"void at::native::vectorized_elementwise_kernel<4, at::native::compare_scalar_kernel<double>(at::TensorIteratorBase&, at::native::(anonymous namespace)::OpType, double)::{lambda(double)#1}, std::array<char*, 2ul> >(int, at::native::compare_scalar_kernel<double>(at::TensorIteratorBase&, at::native::(anonymous namespace)::OpType, double)::{lambda(double)#1}, std::array<char*, 2ul>)",12740192822066,12740192825473,393,2940,172983.0,1810.0,172983.0,4.0,17.0,5861.0,0.0,0.0,924.0,924.0,0.0,0.0,2.0,0.0,0.0,0.0,0.0,0.0,0.0,0.0,0.0,0.0,0.0,0.0,0.0,0.0,0.0,0.0,0.0,0.0,0.0,0.0,0.0,0.0,0.0,0.0,0.0,0.0,0.0,0.0,0.0,0.0,0.0,0.0,0.0,0.0,0.0,0.0,0.0,0.0,0.0,0.0,0.0,0.0,0.0,0.0,0.0,0.0,0.0,0.0,0.0,0.0,0.0,0.0,0.0,0.0,0.0,0.0,0.0,0.0,0.0,0.0,0.0,0.0,0.0,0.0,0.0,0.0,0.0,0.0,0.0,0.0,0.0,0.0,0.0,0.0,0.0,0.0,0.0,0.0,0.0,0.0,0.0,0.0,0.0,0.0,0.0,0.0,0.0,0.0,0.0,0.0,0.0,0.0,0.0,0.0,0.0,0.0,0.0,0.0,0.0,0.0,0.0,0.0,0.0,0.0,0.0,0.0,0.0,0.0,0.0,0.0,0.0,0.0,0.0,0.0,0.0,0.0,0.0,0.0,0.0,0.0,0.0,0.0,0.0,0.0,0.0,0.0,0.0,0.0,0.0,0.0,0.0,3.0,4.0,4.0,4.0,4.0,4.0,6.0,9.0,8.0,8.0,0.0,12.0,10.0,0.0,0.0,0.0,0.0,0.0,0.0,0.0,0.0,0.0,0.0,0.0,0.0,0.0,0.0,0.0,0.0,0.0,0.0,0.0,0.0,0.0,0.0,0.0,0.0,0.0,0.0,0.0,0.0,0.0,0.0,0.0,0.0,0.0,0.0,0.0,0.0,0.0,0.0,0.0,0.0,0.0,0.0,0.0,0.0,0.0,0.0,0.0,0.0,0.0,0.0,0.0,0.0,0.0,0.0,0.0,0.0,0.0,0.0,0.0,0.0,0.0,0.0,0.0,0.0,0.0,0.0,0.0,0.0,0.0,0.0,0.0,0.0,0.0,0.0,0.0,0.0,0.0,0.0,0.0,0.0,0.0,0.0,0.0,0.0,0.0,0.0,0.0,0.0,0.0,0.0,0.0,0.0,0.0,0.0,0.0,0.0,0.0,0.0,0.0,0.0,0.0,0.0,0.0,0.0,0.0,0.0,0.0,0.0,0.0,5.0,4.0,4.0,4.0,0.0,1.0,948.0,0.0,1.0,0.0,1.0
393,0,1,1300,1300,512,512,0,0,16,0,32,64,__amd_rocclr_copyBuffer,12740193206498,12740193209064,394,22,225921.0,2146.0,225921.0,0.0,7.0,1463.0,0.0,0.0,1865.0,1865.0,0.0,0.0,2.0,0.0,0.0,0.0,0.0,0.0,0.0,0.0,0.0,0.0,0.0,0.0,0.0,0.0,0.0,0.0,0.0,0.0,0.0,0.0,0.0,0.0,0.0,0.0,0.0,0.0,0.0,0.0,0.0,0.0,0.0,0.0,0.0,0.0,0.0,0.0,0.0,0.0,0.0,0.0,0.0,0.0,0.0,0.0,0.0,0.0,0.0,0.0,0.0,0.0,0.0,0.0,0.0,0.0,0.0,0.0,0.0,0.0,0.0,0.0,0.0,0.0,0.0,0.0,0.0,0.0,0.0,0.0,0.0,0.0,0.0,0.0,0.0,0.0,0.0,0.0,0.0,0.0,0.0,0.0,0.0,0.0,0.0,0.0,0.0,0.0,0.0,0.0,0.0,0.0,0.0,0.0,0.0,0.0,0.0,0.0,0.0,0.0,0.0,0.0,0.0,0.0,0.0,0.0,0.0,0.0,0.0,0.0,0.0,0.0,0.0,0.0,0.0,0.0,0.0,0.0,0.0,0.0,0.0,0.0,0.0,0.0,0.0,0.0,0.0,0.0,0.0,0.0,0.0,0.0,0.0,0.0,0.0,0.0,1.0,4.0,4.0,0.0,0.0,4.0,3.0,0.0,4.0,4.0,0.0,0.0,0.0,0.0,0.0,0.0,0.0,0.0,0.0,0.0,0.0,0.0,0.0,0.0,0.0,0.0,0.0,0.0,0.0,0.0,0.0,0.0,0.0,0.0,0.0,0.0,0.0,0.0,0.0,0.0,0.0,0.0,0.0,0.0,0.0,0.0,0.0,0.0,0.0,0.0,0.0,0.0,0.0,0.0,0.0,0.0,0.0,0.0,0.0,0.0,0.0,0.0,0.0,0.0,0.0,0.0,0.0,0.0,0.0,0.0,0.0,0.0,0.0,0.0,0.0,0.0,0.0,0.0,0.0,0.0,0.0,0.0,0.0,0.0,0.0,0.0,0.0,0.0,0.0,0.0,0.0,0.0,0.0,0.0,0.0,0.0,0.0,0.0,0.0,0.0,0.0,0.0,0.0,0.0,0.0,0.0,0.0,0.0,0.0,0.0,0.0,0.0,0.0,0.0,0.0,0.0,0.0,0.0,0.0,1.0,0.0,0.0,0.0,0.0,1.0,1878.0,0.0,1.0,0.0,1.0
394,0,1,1300,1300,256,256,0,0,40,0,64,64,"void at::native::vectorized_elementwise_kernel<4, at::native::compare_scalar_kernel<double>(at::TensorIteratorBase&, at::native::(anonymous namespace)::OpType, double)::{lambda(double)#1}, std::array<char*, 2ul> >(int, at::native::compare_scalar_kernel<double>(at::TensorIteratorBase&, at::native::(anonymous namespace)::OpType, double)::{lambda(double)#1}, std::array<char*, 2ul>)",12740193593657,12740193597065,395,2940,173418.0,1810.0,173418.0,4.0,17.0,5792.0,0.0,0.0,875.0,875.0,0.0,0.0,2.0,0.0,0.0,0.0,0.0,0.0,0.0,0.0,0.0,0.0,0.0,0.0,0.0,0.0,0.0,0.0,0.0,0.0,0.0,0.0,0.0,0.0,0.0,0.0,0.0,0.0,0.0,0.0,0.0,0.0,0.0,0.0,0.0,0.0,0.0,0.0,0.0,0.0,0.0,0.0,0.0,0.0,0.0,0.0,0.0,0.0,0.0,0.0,0.0,0.0,0.0,0.0,0.0,0.0,0.0,0.0,0.0,0.0,0.0,0.0,0.0,0.0,0.0,0.0,0.0,0.0,0.0,0.0,0.0,0.0,0.0,0.0,0.0,0.0,0.0,0.0,0.0,0.0,0.0,0.0,0.0,0.0,0.0,0.0,0.0,0.0,0.0,0.0,0.0,0.0,0.0,0.0,0.0,0.0,0.0,0.0,0.0,0.0,0.0,0.0,0.0,0.0,0.0,0.0,0.0,0.0,0.0,0.0,0.0,0.0,0.0,0.0,0.0,0.0,0.0,0.0,0.0,0.0,0.0,0.0,0.0,0.0,0.0,0.0,0.0,0.0,0.0,0.0,0.0,0.0,0.0,3.0,4.0,4.0,4.0,4.0,4.0,5.0,8.0,9.0,8.0,0.0,13.0,10.0,0.0,0.0,0.0,0.0,0.0,0.0,0.0,0.0,0.0,0.0,0.0,0.0,0.0,0.0,0.0,0.0,0.0,0.0,0.0,0.0,0.0,0.0,0.0,0.0,0.0,0.0,0.0,0.0,0.0,0.0,0.0,0.0,0.0,0.0,0.0,0.0,0.0,0.0,0.0,0.0,0.0,0.0,0.0,0.0,0.0,0.0,0.0,0.0,0.0,0.0,0.0,0.0,0.0,0.0,0.0,0.0,0.0,0.0,0.0,0.0,0.0,0.0,0.0,0.0,0.0,0.0,0.0,0.0,0.0,0.0,0.0,0.0,0.0,0.0,0.0,0.0,0.0,0.0,0.0,0.0,0.0,0.0,0.0,0.0,0.0,0.0,0.0,0.0,0.0,0.0,0.0,0.0,0.0,0.0,0.0,0.0,0.0,0.0,0.0,0.0,0.0,0.0,0.0,0.0,0.0,0.0,0.0,0.0,0.0,5.0,4.0,4.0,4.0,0.0,1.0,900.0,0.0,1.0,0.0,1.0
395,0,1,1300,1300,512,512,0,0,16,0,32,64,__amd_rocclr_copyBuffer,12740193978691,12740193981097,396,22,246147.0,2146.0,246147.0,0.0,7.0,1266.0,0.0,0.0,1813.0,1813.0,0.0,0.0,2.0,0.0,0.0,0.0,0.0,0.0,0.0,0.0,0.0,0.0,0.0,0.0,0.0,0.0,0.0,0.0,0.0,0.0,0.0,0.0,0.0,0.0,0.0,0.0,0.0,0.0,0.0,0.0,0.0,0.0,0.0,0.0,0.0,0.0,0.0,0.0,0.0,0.0,0.0,0.0,0.0,0.0,0.0,0.0,0.0,0.0,0.0,0.0,0.0,0.0,0.0,0.0,0.0,0.0,0.0,0.0,0.0,0.0,0.0,0.0,0.0,0.0,0.0,0.0,0.0,0.0,0.0,0.0,0.0,0.0,0.0,0.0,0.0,0.0,0.0,0.0,0.0,0.0,0.0,0.0,0.0,0.0,0.0,0.0,0.0,0.0,0.0,0.0,0.0,0.0,0.0,0.0,0.0,0.0,0.0,0.0,0.0,0.0,0.0,0.0,0.0,0.0,0.0,0.0,0.0,0.0,0.0,0.0,0.0,0.0,0.0,0.0,0.0,0.0,0.0,0.0,0.0,0.0,0.0,0.0,0.0,0.0,0.0,0.0,0.0,0.0,0.0,0.0,0.0,0.0,0.0,0.0,0.0,0.0,1.0,4.0,4.0,0.0,0.0,4.0,3.0,0.0,4.0,4.0,0.0,0.0,0.0,0.0,0.0,0.0,0.0,0.0,0.0,0.0,0.0,0.0,0.0,0.0,0.0,0.0,0.0,0.0,0.0,0.0,0.0,0.0,0.0,0.0,0.0,0.0,0.0,0.0,0.0,0.0,0.0,0.0,0.0,0.0,0.0,0.0,0.0,0.0,0.0,0.0,0.0,0.0,0.0,0.0,0.0,0.0,0.0,0.0,0.0,0.0,0.0,0.0,0.0,0.0,0.0,0.0,0.0,0.0,0.0,0.0,0.0,0.0,0.0,0.0,0.0,0.0,0.0,0.0,0.0,0.0,0.0,0.0,0.0,0.0,0.0,0.0,0.0,0.0,0.0,0.0,0.0,0.0,0.0,0.0,0.0,0.0,0.0,0.0,0.0,0.0,0.0,0.0,0.0,0.0,0.0,0.0,0.0,0.0,0.0,0.0,0.0,0.0,0.0,0.0,0.0,0.0,0.0,0.0,0.0,1.0,0.0,0.0,0.0,0.0,1.0,1820.0,0.0,1.0,0.0,1.0
396,0,1,1300,1300,512,512,0,0,16,0,32,64,__amd_rocclr_copyBuffer,12740194370541,12740194374189,397,22,261236.0,2146.0,261236.0,0.0,7.0,1950.0,0.0,0.0,6473.0,6473.0,0.0,0.0,4.0,0.0,0.0,0.0,0.0,0.0,0.0,0.0,0.0,0.0,0.0,0.0,0.0,0.0,0.0,0.0,0.0,0.0,0.0,0.0,0.0,0.0,0.0,0.0,0.0,0.0,0.0,0.0,0.0,0.0,0.0,0.0,0.0,0.0,0.0,0.0,0.0,0.0,0.0,0.0,0.0,0.0,0.0,0.0,0.0,0.0,0.0,0.0,0.0,0.0,0.0,0.0,0.0,0.0,0.0,0.0,0.0,0.0,0.0,0.0,0.0,0.0,0.0,0.0,0.0,0.0,0.0,0.0,0.0,0.0,0.0,0.0,0.0,0.0,0.0,0.0,0.0,0.0,0.0,0.0,0.0,0.0,0.0,0.0,0.0,0.0,0.0,0.0,0.0,0.0,0.0,0.0,0.0,0.0,0.0,0.0,0.0,0.0,0.0,0.0,0.0,0.0,0.0,0.0,0.0,0.0,0.0,0.0,0.0,0.0,0.0,0.0,0.0,0.0,0.0,0.0,0.0,0.0,0.0,0.0,0.0,0.0,0.0,0.0,0.0,0.0,0.0,0.0,0.0,0.0,0.0,0.0,0.0,0.0,0.0,4.0,4.0,0.0,0.0,5.0,3.0,0.0,4.0,4.0,0.0,0.0,0.0,0.0,0.0,0.0,0.0,0.0,0.0,0.0,0.0,0.0,0.0,0.0,0.0,0.0,0.0,0.0,0.0,0.0,0.0,0.0,0.0,0.0,0.0,0.0,0.0,0.0,0.0,0.0,0.0,0.0,0.0,0.0,0.0,0.0,0.0,0.0,0.0,0.0,0.0,0.0,0.0,0.0,0.0,0.0,0.0,0.0,0.0,0.0,0.0,0.0,0.0,0.0,0.0,0.0,0.0,0.0,0.0,0.0,0.0,0.0,0.0,0.0,0.0,0.0,0.0,0.0,0.0,0.0,0.0,0.0,0.0,0.0,0.0,0.0,0.0,0.0,0.0,0.0,0.0,0.0,0.0,0.0,0.0,0.0,0.0,0.0,0.0,0.0,0.0,0.0,0.0,0.0,0.0,0.0,0.0,0.0,0.0,0.0,0.0,0.0,0.0,0.0,0.0,0.0,0.0,0.0,0.0,0.0,1.0,0.0,3.0,0.0,2.0,4084.0,0.0,1.0,0.0,2.0
397,0,1,1300,1300,1024,1024,0,0,16,0,32,64,__amd_rocclr_copyBuffer,12740194760907,12740194764595,398,22,261488.0,2146.0,261488.0,0.0,15.0,1655.0,0.0,0.0,3831.0,3831.0,0.0,0.0,4.0,0.0,0.0,0.0,0.0,0.0,0.0,0.0,0.0,0.0,0.0,0.0,0.0,0.0,0.0,0.0,0.0,0.0,0.0,0.0,0.0,0.0,0.0,0.0,0.0,0.0,0.0,0.0,0.0,0.0,0.0,0.0,0.0,0.0,0.0,0.0,0.0,0.0,0.0,0.0,0.0,0.0,0.0,0.0,0.0,0.0,0.0,0.0,0.0,0.0,0.0,0.0,0.0,0.0,0.0,0.0,0.0,0.0,0.0,0.0,0.0,0.0,0.0,0.0,0.0,0.0,0.0,0.0,0.0,0.0,0.0,0.0,0.0,0.0,0.0,0.0,0.0,0.0,0.0,0.0,0.0,0.0,0.0,0.0,0.0,0.0,0.0,0.0,0.0,0.0,0.0,0.0,0.0,0.0,0.0,0.0,0.0,0.0,0.0,0.0,0.0,0.0,0.0,0.0,0.0,0.0,0.0,0.0,0.0,0.0,0.0,0.0,0.0,0.0,0.0,0.0,0.0,0.0,0.0,0.0,0.0,0.0,0.0,0.0,0.0,0.0,0.0,0.0,0.0,0.0,0.0,0.0,0.0,0.0,0.0,4.0,4.0,0.0,0.0,5.0,3.0,0.0,4.0,4.0,0.0,0.0,0.0,0.0,0.0,0.0,0.0,0.0,0.0,0.0,0.0,0.0,0.0,0.0,0.0,0.0,0.0,0.0,0.0,0.0,0.0,0.0,0.0,0.0,0.0,0.0,0.0,0.0,0.0,0.0,0.0,0.0,0.0,0.0,0.0,0.0,0.0,0.0,0.0,0.0,0.0,0.0,0.0,0.0,0.0,0.0,0.0,0.0,0.0,0.0,0.0,0.0,0.0,0.0,0.0,0.0,0.0,0.0,0.0,0.0,0.0,0.0,0.0,0.0,0.0,0.0,0.0,0.0,0.0,0.0,0.0,0.0,0.0,0.0,0.0,0.0,0.0,0.0,0.0,0.0,0.0,0.0,0.0,0.0,0.0,0.0,0.0,0.0,0.0,0.0,0.0,0.0,0.0,0.0,0.0,0.0,0.0,0.0,0.0,0.0,0.0,0.0,0.0,0.0,0.0,0.0,0.0,0.0,0.0,0.0,0.0,0.0,2.0,0.0,2.0,2753.0,0.0,1.0,0.0,2.0
398,0,1,1300,1300,1024,1024,0,0,16,0,32,64,__amd_rocclr_copyBuffer,12740195154039,12740195157006,399,22,250881.0,2146.0,250881.0,0.0,15.0,1673.0,0.0,0.0,3909.0,3909.0,0.0,0.0,4.0,0.0,0.0,0.0,0.0,0.0,0.0,0.0,0.0,0.0,0.0,0.0,0.0,0.0,0.0,0.0,0.0,0.0,0.0,0.0,0.0,0.0,0.0,0.0,0.0,0.0,0.0,0.0,0.0,0.0,0.0,0.0,0.0,0.0,0.0,0.0,0.0,0.0,0.0,0.0,0.0,0.0,0.0,0.0,0.0,0.0,0.0,0.0,0.0,0.0,0.0,0.0,0.0,0.0,0.0,0.0,0.0,0.0,0.0,0.0,0.0,0.0,0.0,0.0,0.0,0.0,0.0,0.0,0.0,0.0,0.0,0.0,0.0,0.0,0.0,0.0,0.0,0.0,0.0,0.0,0.0,0.0,0.0,0.0,0.0,0.0,0.0,0.0,0.0,0.0,0.0,0.0,0.0,0.0,0.0,0.0,0.0,0.0,0.0,0.0,0.0,0.0,0.0,0.0,0.0,0.0,0.0,0.0,0.0,0.0,0.0,0.0,0.0,0.0,0.0,0.0,0.0,0.0,0.0,0.0,0.0,0.0,0.0,0.0,0.0,0.0,0.0,0.0,0.0,0.0,0.0,0.0,0.0,0.0,0.0,4.0,4.0,0.0,0.0,5.0,3.0,0.0,4.0,4.0,0.0,0.0,0.0,0.0,0.0,0.0,0.0,0.0,0.0,0.0,0.0,0.0,0.0,0.0,0.0,0.0,0.0,0.0,0.0,0.0,0.0,0.0,0.0,0.0,0.0,0.0,0.0,0.0,0.0,0.0,0.0,0.0,0.0,0.0,0.0,0.0,0.0,0.0,0.0,0.0,0.0,0.0,0.0,0.0,0.0,0.0,0.0,0.0,0.0,0.0,0.0,0.0,0.0,0.0,0.0,0.0,0.0,0.0,0.0,0.0,0.0,0.0,0.0,0.0,0.0,0.0,0.0,0.0,0.0,0.0,0.0,0.0,0.0,0.0,0.0,0.0,0.0,0.0,0.0,0.0,0.0,0.0,0.0,0.0,0.0,0.0,0.0,0.0,0.0,0.0,0.0,0.0,0.0,0.0,0.0,0.0,0.0,0.0,0.0,0.0,0.0,0.0,0.0,0.0,0.0,0.0,0.0,0.0,0.0,0.0,0.0,0.0,2.0,0.0,2.0,2790.0,0.0,1.0,0.0,2.0
399,0,1,1300,1300,1024,1024,0,0,16,0,32,64,__amd_rocclr_copyBuffer,12740195544606,12740195547653,400,22,250866.0,2146.0,250866.0,0.0,15.0,1701.0,0.0,0.0,4078.0,4078.0,0.0,0.0,4.0,0.0,0.0,0.0,0.0,0.0,0.0,0.0,0.0,0.0,0.0,0.0,0.0,0.0,0.0,0.0,0.0,0.0,0.0,0.0,0.0,0.0,0.0,0.0,0.0,0.0,0.0,0.0,0.0,0.0,0.0,0.0,0.0,0.0,0.0,0.0,0.0,0.0,0.0,0.0,0.0,0.0,0.0,0.0,0.0,0.0,0.0,0.0,0.0,0.0,0.0,0.0,0.0,0.0,0.0,0.0,0.0,0.0,0.0,0.0,0.0,0.0,0.0,0.0,0.0,0.0,0.0,0.0,0.0,0.0,0.0,0.0,0.0,0.0,0.0,0.0,0.0,0.0,0.0,0.0,0.0,0.0,0.0,0.0,0.0,0.0,0.0,0.0,0.0,0.0,0.0,0.0,0.0,0.0,0.0,0.0,0.0,0.0,0.0,0.0,0.0,0.0,0.0,0.0,0.0,0.0,0.0,0.0,0.0,0.0,0.0,0.0,0.0,0.0,0.0,0.0,0.0,0.0,0.0,0.0,0.0,0.0,0.0,0.0,0.0,0.0,0.0,0.0,0.0,0.0,0.0,0.0,0.0,0.0,0.0,4.0,4.0,0.0,0.0,5.0,3.0,0.0,4.0,4.0,0.0,0.0,0.0,0.0,0.0,0.0,0.0,0.0,0.0,0.0,0.0,0.0,0.0,0.0,0.0,0.0,0.0,0.0,0.0,0.0,0.0,0.0,0.0,0.0,0.0,0.0,0.0,0.0,0.0,0.0,0.0,0.0,0.0,0.0,0.0,0.0,0.0,0.0,0.0,0.0,0.0,0.0,0.0,0.0,0.0,0.0,0.0,0.0,0.0,0.0,0.0,0.0,0.0,0.0,0.0,0.0,0.0,0.0,0.0,0.0,0.0,0.0,0.0,0.0,0.0,0.0,0.0,0.0,0.0,0.0,0.0,0.0,0.0,0.0,0.0,0.0,0.0,0.0,0.0,0.0,0.0,0.0,0.0,0.0,0.0,0.0,0.0,0.0,0.0,0.0,0.0,0.0,0.0,0.0,0.0,0.0,0.0,0.0,0.0,0.0,0.0,0.0,0.0,0.0,0.0,0.0,0.0,0.0,0.0,0.0,0.0,0.0,2.0,0.0,2.0,2900.0,0.0,1.0,0.0,2.0
400,0,1,1300,1300,1024,1024,0,0,16,0,32,64,__amd_rocclr_copyBuffer,12740195932126,12740195935173,401,22,249270.0,2146.0,249270.0,0.0,15.0,1703.0,0.0,0.0,4111.0,4111.0,0.0,0.0,4.0,0.0,0.0,0.0,0.0,0.0,0.0,0.0,0.0,0.0,0.0,0.0,0.0,0.0,0.0,0.0,0.0,0.0,0.0,0.0,0.0,0.0,0.0,0.0,0.0,0.0,0.0,0.0,0.0,0.0,0.0,0.0,0.0,0.0,0.0,0.0,0.0,0.0,0.0,0.0,0.0,0.0,0.0,0.0,0.0,0.0,0.0,0.0,0.0,0.0,0.0,0.0,0.0,0.0,0.0,0.0,0.0,0.0,0.0,0.0,0.0,0.0,0.0,0.0,0.0,0.0,0.0,0.0,0.0,0.0,0.0,0.0,0.0,0.0,0.0,0.0,0.0,0.0,0.0,0.0,0.0,0.0,0.0,0.0,0.0,0.0,0.0,0.0,0.0,0.0,0.0,0.0,0.0,0.0,0.0,0.0,0.0,0.0,0.0,0.0,0.0,0.0,0.0,0.0,0.0,0.0,0.0,0.0,0.0,0.0,0.0,0.0,0.0,0.0,0.0,0.0,0.0,0.0,0.0,0.0,0.0,0.0,0.0,0.0,0.0,0.0,0.0,0.0,0.0,0.0,0.0,0.0,0.0,0.0,0.0,4.0,4.0,0.0,0.0,5.0,3.0,0.0,4.0,4.0,0.0,0.0,0.0,0.0,0.0,0.0,0.0,0.0,0.0,0.0,0.0,0.0,0.0,0.0,0.0,0.0,0.0,0.0,0.0,0.0,0.0,0.0,0.0,0.0,0.0,0.0,0.0,0.0,0.0,0.0,0.0,0.0,0.0,0.0,0.0,0.0,0.0,0.0,0.0,0.0,0.0,0.0,0.0,0.0,0.0,0.0,0.0,0.0,0.0,0.0,0.0,0.0,0.0,0.0,0.0,0.0,0.0,0.0,0.0,0.0,0.0,0.0,0.0,0.0,0.0,0.0,0.0,0.0,0.0,0.0,0.0,0.0,0.0,0.0,0.0,0.0,0.0,0.0,0.0,0.0,0.0,0.0,0.0,0.0,0.0,0.0,0.0,0.0,0.0,0.0,0.0,0.0,0.0,0.0,0.0,0.0,0.0,0.0,0.0,0.0,0.0,0.0,0.0,0.0,0.0,0.0,0.0,0.0,0.0,0.0,0.0,0.0,2.0,0.0,2.0,2920.0,0.0,1.0,0.0,2.0
401,0,1,1300,1300,1024,1024,0,0,16,0,32,64,__amd_rocclr_copyBuffer,12740196323614,12740196326501,402,22,243109.0,2146.0,243109.0,0.0,15.0,1579.0,0.0,0.0,3840.0,3840.0,0.0,0.0,4.0,0.0,0.0,0.0,0.0,0.0,0.0,0.0,0.0,0.0,0.0,0.0,0.0,0.0,0.0,0.0,0.0,0.0,0.0,0.0,0.0,0.0,0.0,0.0,0.0,0.0,0.0,0.0,0.0,0.0,0.0,0.0,0.0,0.0,0.0,0.0,0.0,0.0,0.0,0.0,0.0,0.0,0.0,0.0,0.0,0.0,0.0,0.0,0.0,0.0,0.0,0.0,0.0,0.0,0.0,0.0,0.0,0.0,0.0,0.0,0.0,0.0,0.0,0.0,0.0,0.0,0.0,0.0,0.0,0.0,0.0,0.0,0.0,0.0,0.0,0.0,0.0,0.0,0.0,0.0,0.0,0.0,0.0,0.0,0.0,0.0,0.0,0.0,0.0,0.0,0.0,0.0,0.0,0.0,0.0,0.0,0.0,0.0,0.0,0.0,0.0,0.0,0.0,0.0,0.0,0.0,0.0,0.0,0.0,0.0,0.0,0.0,0.0,0.0,0.0,0.0,0.0,0.0,0.0,0.0,0.0,0.0,0.0,0.0,0.0,0.0,0.0,0.0,0.0,0.0,0.0,0.0,0.0,0.0,0.0,4.0,4.0,0.0,0.0,5.0,3.0,0.0,4.0,4.0,0.0,0.0,0.0,0.0,0.0,0.0,0.0,0.0,0.0,0.0,0.0,0.0,0.0,0.0,0.0,0.0,0.0,0.0,0.0,0.0,0.0,0.0,0.0,0.0,0.0,0.0,0.0,0.0,0.0,0.0,0.0,0.0,0.0,0.0,0.0,0.0,0.0,0.0,0.0,0.0,0.0,0.0,0.0,0.0,0.0,0.0,0.0,0.0,0.0,0.0,0.0,0.0,0.0,0.0,0.0,0.0,0.0,0.0,0.0,0.0,0.0,0.0,0.0,0.0,0.0,0.0,0.0,0.0,0.0,0.0,0.0,0.0,0.0,0.0,0.0,0.0,0.0,0.0,0.0,0.0,0.0,0.0,0.0,0.0,0.0,0.0,0.0,0.0,0.0,0.0,0.0,0.0,0.0,0.0,0.0,0.0,0.0,0.0,0.0,0.0,0.0,0.0,0.0,0.0,0.0,0.0,0.0,0.0,0.0,0.0,0.0,0.0,2.0,0.0,2.0,2761.0,0.0,1.0,0.0,2.0
402,0,1,1300,1300,1024,1024,0,0,16,0,32,64,__amd_rocclr_copyBuffer,12740196716586,12740196719433,403,22,278256.0,2146.0,278256.0,0.0,15.0,1574.0,0.0,0.0,3915.0,3915.0,0.0,0.0,4.0,0.0,0.0,0.0,0.0,0.0,0.0,0.0,0.0,0.0,0.0,0.0,0.0,0.0,0.0,0.0,0.0,0.0,0.0,0.0,0.0,0.0,0.0,0.0,0.0,0.0,0.0,0.0,0.0,0.0,0.0,0.0,0.0,0.0,0.0,0.0,0.0,0.0,0.0,0.0,0.0,0.0,0.0,0.0,0.0,0.0,0.0,0.0,0.0,0.0,0.0,0.0,0.0,0.0,0.0,0.0,0.0,0.0,0.0,0.0,0.0,0.0,0.0,0.0,0.0,0.0,0.0,0.0,0.0,0.0,0.0,0.0,0.0,0.0,0.0,0.0,0.0,0.0,0.0,0.0,0.0,0.0,0.0,0.0,0.0,0.0,0.0,0.0,0.0,0.0,0.0,0.0,0.0,0.0,0.0,0.0,0.0,0.0,0.0,0.0,0.0,0.0,0.0,0.0,0.0,0.0,0.0,0.0,0.0,0.0,0.0,0.0,0.0,0.0,0.0,0.0,0.0,0.0,0.0,0.0,0.0,0.0,0.0,0.0,0.0,0.0,0.0,0.0,0.0,0.0,0.0,0.0,0.0,0.0,0.0,4.0,4.0,0.0,0.0,5.0,3.0,0.0,4.0,4.0,0.0,0.0,0.0,0.0,0.0,0.0,0.0,0.0,0.0,0.0,0.0,0.0,0.0,0.0,0.0,0.0,0.0,0.0,0.0,0.0,0.0,0.0,0.0,0.0,0.0,0.0,0.0,0.0,0.0,0.0,0.0,0.0,0.0,0.0,0.0,0.0,0.0,0.0,0.0,0.0,0.0,0.0,0.0,0.0,0.0,0.0,0.0,0.0,0.0,0.0,0.0,0.0,0.0,0.0,0.0,0.0,0.0,0.0,0.0,0.0,0.0,0.0,0.0,0.0,0.0,0.0,0.0,0.0,0.0,0.0,0.0,0.0,0.0,0.0,0.0,0.0,0.0,0.0,0.0,0.0,0.0,0.0,0.0,0.0,0.0,0.0,0.0,0.0,0.0,0.0,0.0,0.0,0.0,0.0,0.0,0.0,0.0,0.0,0.0,0.0,0.0,0.0,0.0,0.0,0.0,0.0,0.0,0.0,0.0,0.0,0.0,0.0,2.0,0.0,2.0,2794.0,0.0,1.0,0.0,2.0
403,0,1,1300,1300,1024,1024,0,0,16,0,32,64,__amd_rocclr_copyBuffer,12740197112926,12740197115893,404,22,247702.0,2146.0,247702.0,0.0,15.0,1591.0,0.0,0.0,4099.0,4099.0,0.0,0.0,4.0,0.0,0.0,0.0,0.0,0.0,0.0,0.0,0.0,0.0,0.0,0.0,0.0,0.0,0.0,0.0,0.0,0.0,0.0,0.0,0.0,0.0,0.0,0.0,0.0,0.0,0.0,0.0,0.0,0.0,0.0,0.0,0.0,0.0,0.0,0.0,0.0,0.0,0.0,0.0,0.0,0.0,0.0,0.0,0.0,0.0,0.0,0.0,0.0,0.0,0.0,0.0,0.0,0.0,0.0,0.0,0.0,0.0,0.0,0.0,0.0,0.0,0.0,0.0,0.0,0.0,0.0,0.0,0.0,0.0,0.0,0.0,0.0,0.0,0.0,0.0,0.0,0.0,0.0,0.0,0.0,0.0,0.0,0.0,0.0,0.0,0.0,0.0,0.0,0.0,0.0,0.0,0.0,0.0,0.0,0.0,0.0,0.0,0.0,0.0,0.0,0.0,0.0,0.0,0.0,0.0,0.0,0.0,0.0,0.0,0.0,0.0,0.0,0.0,0.0,0.0,0.0,0.0,0.0,0.0,0.0,0.0,0.0,0.0,0.0,0.0,0.0,0.0,0.0,0.0,0.0,0.0,0.0,0.0,0.0,4.0,4.0,0.0,0.0,5.0,3.0,0.0,4.0,4.0,0.0,0.0,0.0,0.0,0.0,0.0,0.0,0.0,0.0,0.0,0.0,0.0,0.0,0.0,0.0,0.0,0.0,0.0,0.0,0.0,0.0,0.0,0.0,0.0,0.0,0.0,0.0,0.0,0.0,0.0,0.0,0.0,0.0,0.0,0.0,0.0,0.0,0.0,0.0,0.0,0.0,0.0,0.0,0.0,0.0,0.0,0.0,0.0,0.0,0.0,0.0,0.0,0.0,0.0,0.0,0.0,0.0,0.0,0.0,0.0,0.0,0.0,0.0,0.0,0.0,0.0,0.0,0.0,0.0,0.0,0.0,0.0,0.0,0.0,0.0,0.0,0.0,0.0,0.0,0.0,0.0,0.0,0.0,0.0,0.0,0.0,0.0,0.0,0.0,0.0,0.0,0.0,0.0,0.0,0.0,0.0,0.0,0.0,0.0,0.0,0.0,0.0,0.0,0.0,0.0,0.0,0.0,0.0,0.0,0.0,0.0,0.0,2.0,0.0,2.0,2912.0,0.0,1.0,0.0,2.0
404,0,1,1300,1300,512,512,0,0,16,0,32,64,__amd_rocclr_copyBuffer,12740197502891,12740197505858,405,22,253158.0,2146.0,253158.0,0.0,7.0,1555.0,0.0,0.0,4132.0,4132.0,0.0,0.0,4.0,0.0,0.0,0.0,0.0,0.0,0.0,0.0,0.0,0.0,0.0,0.0,0.0,0.0,0.0,0.0,0.0,0.0,0.0,0.0,0.0,0.0,0.0,0.0,0.0,0.0,0.0,0.0,0.0,0.0,0.0,0.0,0.0,0.0,0.0,0.0,0.0,0.0,0.0,0.0,0.0,0.0,0.0,0.0,0.0,0.0,0.0,0.0,0.0,0.0,0.0,0.0,0.0,0.0,0.0,0.0,0.0,0.0,0.0,0.0,0.0,0.0,0.0,0.0,0.0,0.0,0.0,0.0,0.0,0.0,0.0,0.0,0.0,0.0,0.0,0.0,0.0,0.0,0.0,0.0,0.0,0.0,0.0,0.0,0.0,0.0,0.0,0.0,0.0,0.0,0.0,0.0,0.0,0.0,0.0,0.0,0.0,0.0,0.0,0.0,0.0,0.0,0.0,0.0,0.0,0.0,0.0,0.0,0.0,0.0,0.0,0.0,0.0,0.0,0.0,0.0,0.0,0.0,0.0,0.0,0.0,0.0,0.0,0.0,0.0,0.0,0.0,0.0,0.0,0.0,0.0,0.0,0.0,0.0,0.0,4.0,4.0,0.0,0.0,5.0,3.0,0.0,4.0,4.0,0.0,0.0,0.0,0.0,0.0,0.0,0.0,0.0,0.0,0.0,0.0,0.0,0.0,0.0,0.0,0.0,0.0,0.0,0.0,0.0,0.0,0.0,0.0,0.0,0.0,0.0,0.0,0.0,0.0,0.0,0.0,0.0,0.0,0.0,0.0,0.0,0.0,0.0,0.0,0.0,0.0,0.0,0.0,0.0,0.0,0.0,0.0,0.0,0.0,0.0,0.0,0.0,0.0,0.0,0.0,0.0,0.0,0.0,0.0,0.0,0.0,0.0,0.0,0.0,0.0,0.0,0.0,0.0,0.0,0.0,0.0,0.0,0.0,0.0,0.0,0.0,0.0,0.0,0.0,0.0,0.0,0.0,0.0,0.0,0.0,0.0,0.0,0.0,0.0,0.0,0.0,0.0,0.0,0.0,0.0,0.0,0.0,0.0,0.0,0.0,0.0,0.0,0.0,0.0,0.0,0.0,0.0,0.0,0.0,0.0,0.0,0.0,2.0,0.0,2.0,2936.0,0.0,1.0,0.0,2.0
405,0,1,1300,1300,1024,1024,0,0,16,0,32,64,__amd_rocclr_copyBuffer,12740197892175,12740197895142,406,22,266585.0,2146.0,266585.0,0.0,15.0,1678.0,0.0,0.0,3876.0,3876.0,0.0,0.0,4.0,0.0,0.0,0.0,0.0,0.0,0.0,0.0,0.0,0.0,0.0,0.0,0.0,0.0,0.0,0.0,0.0,0.0,0.0,0.0,0.0,0.0,0.0,0.0,0.0,0.0,0.0,0.0,0.0,0.0,0.0,0.0,0.0,0.0,0.0,0.0,0.0,0.0,0.0,0.0,0.0,0.0,0.0,0.0,0.0,0.0,0.0,0.0,0.0,0.0,0.0,0.0,0.0,0.0,0.0,0.0,0.0,0.0,0.0,0.0,0.0,0.0,0.0,0.0,0.0,0.0,0.0,0.0,0.0,0.0,0.0,0.0,0.0,0.0,0.0,0.0,0.0,0.0,0.0,0.0,0.0,0.0,0.0,0.0,0.0,0.0,0.0,0.0,0.0,0.0,0.0,0.0,0.0,0.0,0.0,0.0,0.0,0.0,0.0,0.0,0.0,0.0,0.0,0.0,0.0,0.0,0.0,0.0,0.0,0.0,0.0,0.0,0.0,0.0,0.0,0.0,0.0,0.0,0.0,0.0,0.0,0.0,0.0,0.0,0.0,0.0,0.0,0.0,0.0,0.0,0.0,0.0,0.0,0.0,0.0,4.0,4.0,0.0,0.0,5.0,3.0,0.0,4.0,4.0,0.0,0.0,0.0,0.0,0.0,0.0,0.0,0.0,0.0,0.0,0.0,0.0,0.0,0.0,0.0,0.0,0.0,0.0,0.0,0.0,0.0,0.0,0.0,0.0,0.0,0.0,0.0,0.0,0.0,0.0,0.0,0.0,0.0,0.0,0.0,0.0,0.0,0.0,0.0,0.0,0.0,0.0,0.0,0.0,0.0,0.0,0.0,0.0,0.0,0.0,0.0,0.0,0.0,0.0,0.0,0.0,0.0,0.0,0.0,0.0,0.0,0.0,0.0,0.0,0.0,0.0,0.0,0.0,0.0,0.0,0.0,0.0,0.0,0.0,0.0,0.0,0.0,0.0,0.0,0.0,0.0,0.0,0.0,0.0,0.0,0.0,0.0,0.0,0.0,0.0,0.0,0.0,0.0,0.0,0.0,0.0,0.0,0.0,0.0,0.0,0.0,0.0,0.0,0.0,0.0,0.0,0.0,0.0,0.0,0.0,0.0,0.0,2.0,0.0,2.0,2785.0,0.0,1.0,0.0,2.0
406,0,1,1300,1300,1024,1024,0,0,16,0,32,64,__amd_rocclr_copyBuffer,12740198282621,12740198285548,407,22,240629.0,2146.0,240629.0,0.0,15.0,1694.0,0.0,0.0,3949.0,3949.0,0.0,0.0,4.0,0.0,0.0,0.0,0.0,0.0,0.0,0.0,0.0,0.0,0.0,0.0,0.0,0.0,0.0,0.0,0.0,0.0,0.0,0.0,0.0,0.0,0.0,0.0,0.0,0.0,0.0,0.0,0.0,0.0,0.0,0.0,0.0,0.0,0.0,0.0,0.0,0.0,0.0,0.0,0.0,0.0,0.0,0.0,0.0,0.0,0.0,0.0,0.0,0.0,0.0,0.0,0.0,0.0,0.0,0.0,0.0,0.0,0.0,0.0,0.0,0.0,0.0,0.0,0.0,0.0,0.0,0.0,0.0,0.0,0.0,0.0,0.0,0.0,0.0,0.0,0.0,0.0,0.0,0.0,0.0,0.0,0.0,0.0,0.0,0.0,0.0,0.0,0.0,0.0,0.0,0.0,0.0,0.0,0.0,0.0,0.0,0.0,0.0,0.0,0.0,0.0,0.0,0.0,0.0,0.0,0.0,0.0,0.0,0.0,0.0,0.0,0.0,0.0,0.0,0.0,0.0,0.0,0.0,0.0,0.0,0.0,0.0,0.0,0.0,0.0,0.0,0.0,0.0,0.0,0.0,0.0,0.0,0.0,0.0,4.0,4.0,0.0,0.0,5.0,3.0,0.0,4.0,4.0,0.0,0.0,0.0,0.0,0.0,0.0,0.0,0.0,0.0,0.0,0.0,0.0,0.0,0.0,0.0,0.0,0.0,0.0,0.0,0.0,0.0,0.0,0.0,0.0,0.0,0.0,0.0,0.0,0.0,0.0,0.0,0.0,0.0,0.0,0.0,0.0,0.0,0.0,0.0,0.0,0.0,0.0,0.0,0.0,0.0,0.0,0.0,0.0,0.0,0.0,0.0,0.0,0.0,0.0,0.0,0.0,0.0,0.0,0.0,0.0,0.0,0.0,0.0,0.0,0.0,0.0,0.0,0.0,0.0,0.0,0.0,0.0,0.0,0.0,0.0,0.0,0.0,0.0,0.0,0.0,0.0,0.0,0.0,0.0,0.0,0.0,0.0,0.0,0.0,0.0,0.0,0.0,0.0,0.0,0.0,0.0,0.0,0.0,0.0,0.0,0.0,0.0,0.0,0.0,0.0,0.0,0.0,0.0,0.0,0.0,0.0,0.0,2.0,0.0,2.0,2818.0,0.0,1.0,0.0,2.0
407,0,1,1300,1300,1024,1024,0,0,16,0,32,64,__amd_rocclr_copyBuffer,12740198671905,12740198674952,408,22,244059.0,2146.0,244059.0,0.0,15.0,1732.0,0.0,0.0,4103.0,4103.0,0.0,0.0,4.0,0.0,0.0,0.0,0.0,0.0,0.0,0.0,0.0,0.0,0.0,0.0,0.0,0.0,0.0,0.0,0.0,0.0,0.0,0.0,0.0,0.0,0.0,0.0,0.0,0.0,0.0,0.0,0.0,0.0,0.0,0.0,0.0,0.0,0.0,0.0,0.0,0.0,0.0,0.0,0.0,0.0,0.0,0.0,0.0,0.0,0.0,0.0,0.0,0.0,0.0,0.0,0.0,0.0,0.0,0.0,0.0,0.0,0.0,0.0,0.0,0.0,0.0,0.0,0.0,0.0,0.0,0.0,0.0,0.0,0.0,0.0,0.0,0.0,0.0,0.0,0.0,0.0,0.0,0.0,0.0,0.0,0.0,0.0,0.0,0.0,0.0,0.0,0.0,0.0,0.0,0.0,0.0,0.0,0.0,0.0,0.0,0.0,0.0,0.0,0.0,0.0,0.0,0.0,0.0,0.0,0.0,0.0,0.0,0.0,0.0,0.0,0.0,0.0,0.0,0.0,0.0,0.0,0.0,0.0,0.0,0.0,0.0,0.0,0.0,0.0,0.0,0.0,0.0,0.0,0.0,0.0,0.0,0.0,0.0,4.0,4.0,0.0,0.0,5.0,3.0,0.0,4.0,4.0,0.0,0.0,0.0,0.0,0.0,0.0,0.0,0.0,0.0,0.0,0.0,0.0,0.0,0.0,0.0,0.0,0.0,0.0,0.0,0.0,0.0,0.0,0.0,0.0,0.0,0.0,0.0,0.0,0.0,0.0,0.0,0.0,0.0,0.0,0.0,0.0,0.0,0.0,0.0,0.0,0.0,0.0,0.0,0.0,0.0,0.0,0.0,0.0,0.0,0.0,0.0,0.0,0.0,0.0,0.0,0.0,0.0,0.0,0.0,0.0,0.0,0.0,0.0,0.0,0.0,0.0,0.0,0.0,0.0,0.0,0.0,0.0,0.0,0.0,0.0,0.0,0.0,0.0,0.0,0.0,0.0,0.0,0.0,0.0,0.0,0.0,0.0,0.0,0.0,0.0,0.0,0.0,0.0,0.0,0.0,0.0,0.0,0.0,0.0,0.0,0.0,0.0,0.0,0.0,0.0,0.0,0.0,0.0,0.0,0.0,0.0,0.0,2.0,0.0,2.0,2916.0,0.0,1.0,0.0,2.0
408,0,1,1300,1300,1024,1024,0,0,16,0,32,64,__amd_rocclr_copyBuffer,12740199060908,12740199063755,409,22,250387.0,2146.0,250387.0,0.0,15.0,1548.0,0.0,0.0,3949.0,3949.0,0.0,0.0,4.0,0.0,0.0,0.0,0.0,0.0,0.0,0.0,0.0,0.0,0.0,0.0,0.0,0.0,0.0,0.0,0.0,0.0,0.0,0.0,0.0,0.0,0.0,0.0,0.0,0.0,0.0,0.0,0.0,0.0,0.0,0.0,0.0,0.0,0.0,0.0,0.0,0.0,0.0,0.0,0.0,0.0,0.0,0.0,0.0,0.0,0.0,0.0,0.0,0.0,0.0,0.0,0.0,0.0,0.0,0.0,0.0,0.0,0.0,0.0,0.0,0.0,0.0,0.0,0.0,0.0,0.0,0.0,0.0,0.0,0.0,0.0,0.0,0.0,0.0,0.0,0.0,0.0,0.0,0.0,0.0,0.0,0.0,0.0,0.0,0.0,0.0,0.0,0.0,0.0,0.0,0.0,0.0,0.0,0.0,0.0,0.0,0.0,0.0,0.0,0.0,0.0,0.0,0.0,0.0,0.0,0.0,0.0,0.0,0.0,0.0,0.0,0.0,0.0,0.0,0.0,0.0,0.0,0.0,0.0,0.0,0.0,0.0,0.0,0.0,0.0,0.0,0.0,0.0,0.0,0.0,0.0,0.0,0.0,0.0,4.0,4.0,0.0,0.0,5.0,3.0,0.0,4.0,4.0,0.0,0.0,0.0,0.0,0.0,0.0,0.0,0.0,0.0,0.0,0.0,0.0,0.0,0.0,0.0,0.0,0.0,0.0,0.0,0.0,0.0,0.0,0.0,0.0,0.0,0.0,0.0,0.0,0.0,0.0,0.0,0.0,0.0,0.0,0.0,0.0,0.0,0.0,0.0,0.0,0.0,0.0,0.0,0.0,0.0,0.0,0.0,0.0,0.0,0.0,0.0,0.0,0.0,0.0,0.0,0.0,0.0,0.0,0.0,0.0,0.0,0.0,0.0,0.0,0.0,0.0,0.0,0.0,0.0,0.0,0.0,0.0,0.0,0.0,0.0,0.0,0.0,0.0,0.0,0.0,0.0,0.0,0.0,0.0,0.0,0.0,0.0,0.0,0.0,0.0,0.0,0.0,0.0,0.0,0.0,0.0,0.0,0.0,0.0,0.0,0.0,0.0,0.0,0.0,0.0,0.0,0.0,0.0,0.0,0.0,0.0,0.0,2.0,0.0,2.0,2808.0,0.0,1.0,0.0,2.0
409,0,1,1300,1300,1024,1024,0,0,16,0,32,64,__amd_rocclr_copyBuffer,12740199450913,12740199453840,410,22,245663.0,2146.0,245663.0,0.0,15.0,1578.0,0.0,0.0,3879.0,3879.0,0.0,0.0,4.0,0.0,0.0,0.0,0.0,0.0,0.0,0.0,0.0,0.0,0.0,0.0,0.0,0.0,0.0,0.0,0.0,0.0,0.0,0.0,0.0,0.0,0.0,0.0,0.0,0.0,0.0,0.0,0.0,0.0,0.0,0.0,0.0,0.0,0.0,0.0,0.0,0.0,0.0,0.0,0.0,0.0,0.0,0.0,0.0,0.0,0.0,0.0,0.0,0.0,0.0,0.0,0.0,0.0,0.0,0.0,0.0,0.0,0.0,0.0,0.0,0.0,0.0,0.0,0.0,0.0,0.0,0.0,0.0,0.0,0.0,0.0,0.0,0.0,0.0,0.0,0.0,0.0,0.0,0.0,0.0,0.0,0.0,0.0,0.0,0.0,0.0,0.0,0.0,0.0,0.0,0.0,0.0,0.0,0.0,0.0,0.0,0.0,0.0,0.0,0.0,0.0,0.0,0.0,0.0,0.0,0.0,0.0,0.0,0.0,0.0,0.0,0.0,0.0,0.0,0.0,0.0,0.0,0.0,0.0,0.0,0.0,0.0,0.0,0.0,0.0,0.0,0.0,0.0,0.0,0.0,0.0,0.0,0.0,0.0,4.0,4.0,0.0,0.0,5.0,3.0,0.0,4.0,4.0,0.0,0.0,0.0,0.0,0.0,0.0,0.0,0.0,0.0,0.0,0.0,0.0,0.0,0.0,0.0,0.0,0.0,0.0,0.0,0.0,0.0,0.0,0.0,0.0,0.0,0.0,0.0,0.0,0.0,0.0,0.0,0.0,0.0,0.0,0.0,0.0,0.0,0.0,0.0,0.0,0.0,0.0,0.0,0.0,0.0,0.0,0.0,0.0,0.0,0.0,0.0,0.0,0.0,0.0,0.0,0.0,0.0,0.0,0.0,0.0,0.0,0.0,0.0,0.0,0.0,0.0,0.0,0.0,0.0,0.0,0.0,0.0,0.0,0.0,0.0,0.0,0.0,0.0,0.0,0.0,0.0,0.0,0.0,0.0,0.0,0.0,0.0,0.0,0.0,0.0,0.0,0.0,0.0,0.0,0.0,0.0,0.0,0.0,0.0,0.0,0.0,0.0,0.0,0.0,0.0,0.0,0.0,0.0,0.0,0.0,0.0,0.0,2.0,0.0,2.0,2789.0,0.0,1.0,0.0,2.0
410,0,1,1300,1300,1024,1024,0,0,16,0,32,64,__amd_rocclr_copyBuffer,12740199841039,12740199844006,411,22,241259.0,2146.0,241259.0,0.0,15.0,1591.0,0.0,0.0,3961.0,3961.0,0.0,0.0,4.0,0.0,0.0,0.0,0.0,0.0,0.0,0.0,0.0,0.0,0.0,0.0,0.0,0.0,0.0,0.0,0.0,0.0,0.0,0.0,0.0,0.0,0.0,0.0,0.0,0.0,0.0,0.0,0.0,0.0,0.0,0.0,0.0,0.0,0.0,0.0,0.0,0.0,0.0,0.0,0.0,0.0,0.0,0.0,0.0,0.0,0.0,0.0,0.0,0.0,0.0,0.0,0.0,0.0,0.0,0.0,0.0,0.0,0.0,0.0,0.0,0.0,0.0,0.0,0.0,0.0,0.0,0.0,0.0,0.0,0.0,0.0,0.0,0.0,0.0,0.0,0.0,0.0,0.0,0.0,0.0,0.0,0.0,0.0,0.0,0.0,0.0,0.0,0.0,0.0,0.0,0.0,0.0,0.0,0.0,0.0,0.0,0.0,0.0,0.0,0.0,0.0,0.0,0.0,0.0,0.0,0.0,0.0,0.0,0.0,0.0,0.0,0.0,0.0,0.0,0.0,0.0,0.0,0.0,0.0,0.0,0.0,0.0,0.0,0.0,0.0,0.0,0.0,0.0,0.0,0.0,0.0,0.0,0.0,0.0,4.0,4.0,0.0,0.0,5.0,3.0,0.0,4.0,4.0,0.0,0.0,0.0,0.0,0.0,0.0,0.0,0.0,0.0,0.0,0.0,0.0,0.0,0.0,0.0,0.0,0.0,0.0,0.0,0.0,0.0,0.0,0.0,0.0,0.0,0.0,0.0,0.0,0.0,0.0,0.0,0.0,0.0,0.0,0.0,0.0,0.0,0.0,0.0,0.0,0.0,0.0,0.0,0.0,0.0,0.0,0.0,0.0,0.0,0.0,0.0,0.0,0.0,0.0,0.0,0.0,0.0,0.0,0.0,0.0,0.0,0.0,0.0,0.0,0.0,0.0,0.0,0.0,0.0,0.0,0.0,0.0,0.0,0.0,0.0,0.0,0.0,0.0,0.0,0.0,0.0,0.0,0.0,0.0,0.0,0.0,0.0,0.0,0.0,0.0,0.0,0.0,0.0,0.0,0.0,0.0,0.0,0.0,0.0,0.0,0.0,0.0,0.0,0.0,0.0,0.0,0.0,0.0,0.0,0.0,0.0,0.0,2.0,0.0,2.0,2826.0,0.0,1.0,0.0,2.0
411,0,1,1300,1300,1024,1024,0,0,16,0,32,64,__amd_rocclr_copyBuffer,12740200231205,12740200234091,412,22,247481.0,2146.0,247481.0,0.0,15.0,1546.0,0.0,0.0,3948.0,3948.0,0.0,0.0,4.0,0.0,0.0,0.0,0.0,0.0,0.0,0.0,0.0,0.0,0.0,0.0,0.0,0.0,0.0,0.0,0.0,0.0,0.0,0.0,0.0,0.0,0.0,0.0,0.0,0.0,0.0,0.0,0.0,0.0,0.0,0.0,0.0,0.0,0.0,0.0,0.0,0.0,0.0,0.0,0.0,0.0,0.0,0.0,0.0,0.0,0.0,0.0,0.0,0.0,0.0,0.0,0.0,0.0,0.0,0.0,0.0,0.0,0.0,0.0,0.0,0.0,0.0,0.0,0.0,0.0,0.0,0.0,0.0,0.0,0.0,0.0,0.0,0.0,0.0,0.0,0.0,0.0,0.0,0.0,0.0,0.0,0.0,0.0,0.0,0.0,0.0,0.0,0.0,0.0,0.0,0.0,0.0,0.0,0.0,0.0,0.0,0.0,0.0,0.0,0.0,0.0,0.0,0.0,0.0,0.0,0.0,0.0,0.0,0.0,0.0,0.0,0.0,0.0,0.0,0.0,0.0,0.0,0.0,0.0,0.0,0.0,0.0,0.0,0.0,0.0,0.0,0.0,0.0,0.0,0.0,0.0,0.0,0.0,0.0,4.0,4.0,0.0,0.0,5.0,3.0,0.0,4.0,4.0,0.0,0.0,0.0,0.0,0.0,0.0,0.0,0.0,0.0,0.0,0.0,0.0,0.0,0.0,0.0,0.0,0.0,0.0,0.0,0.0,0.0,0.0,0.0,0.0,0.0,0.0,0.0,0.0,0.0,0.0,0.0,0.0,0.0,0.0,0.0,0.0,0.0,0.0,0.0,0.0,0.0,0.0,0.0,0.0,0.0,0.0,0.0,0.0,0.0,0.0,0.0,0.0,0.0,0.0,0.0,0.0,0.0,0.0,0.0,0.0,0.0,0.0,0.0,0.0,0.0,0.0,0.0,0.0,0.0,0.0,0.0,0.0,0.0,0.0,0.0,0.0,0.0,0.0,0.0,0.0,0.0,0.0,0.0,0.0,0.0,0.0,0.0,0.0,0.0,0.0,0.0,0.0,0.0,0.0,0.0,0.0,0.0,0.0,0.0,0.0,0.0,0.0,0.0,0.0,0.0,0.0,0.0,0.0,0.0,0.0,0.0,0.0,2.0,0.0,2.0,2808.0,0.0,1.0,0.0,2.0
412,0,1,1300,1300,512,512,0,0,16,0,32,64,__amd_rocclr_copyBuffer,12740200618163,12740200621010,413,22,240907.0,2146.0,240907.0,0.0,7.0,1506.0,0.0,0.0,3941.0,3941.0,0.0,0.0,4.0,0.0,0.0,0.0,0.0,0.0,0.0,0.0,0.0,0.0,0.0,0.0,0.0,0.0,0.0,0.0,0.0,0.0,0.0,0.0,0.0,0.0,0.0,0.0,0.0,0.0,0.0,0.0,0.0,0.0,0.0,0.0,0.0,0.0,0.0,0.0,0.0,0.0,0.0,0.0,0.0,0.0,0.0,0.0,0.0,0.0,0.0,0.0,0.0,0.0,0.0,0.0,0.0,0.0,0.0,0.0,0.0,0.0,0.0,0.0,0.0,0.0,0.0,0.0,0.0,0.0,0.0,0.0,0.0,0.0,0.0,0.0,0.0,0.0,0.0,0.0,0.0,0.0,0.0,0.0,0.0,0.0,0.0,0.0,0.0,0.0,0.0,0.0,0.0,0.0,0.0,0.0,0.0,0.0,0.0,0.0,0.0,0.0,0.0,0.0,0.0,0.0,0.0,0.0,0.0,0.0,0.0,0.0,0.0,0.0,0.0,0.0,0.0,0.0,0.0,0.0,0.0,0.0,0.0,0.0,0.0,0.0,0.0,0.0,0.0,0.0,0.0,0.0,0.0,0.0,0.0,0.0,0.0,0.0,0.0,4.0,4.0,0.0,0.0,5.0,3.0,0.0,4.0,4.0,0.0,0.0,0.0,0.0,0.0,0.0,0.0,0.0,0.0,0.0,0.0,0.0,0.0,0.0,0.0,0.0,0.0,0.0,0.0,0.0,0.0,0.0,0.0,0.0,0.0,0.0,0.0,0.0,0.0,0.0,0.0,0.0,0.0,0.0,0.0,0.0,0.0,0.0,0.0,0.0,0.0,0.0,0.0,0.0,0.0,0.0,0.0,0.0,0.0,0.0,0.0,0.0,0.0,0.0,0.0,0.0,0.0,0.0,0.0,0.0,0.0,0.0,0.0,0.0,0.0,0.0,0.0,0.0,0.0,0.0,0.0,0.0,0.0,0.0,0.0,0.0,0.0,0.0,0.0,0.0,0.0,0.0,0.0,0.0,0.0,0.0,0.0,0.0,0.0,0.0,0.0,0.0,0.0,0.0,0.0,0.0,0.0,0.0,0.0,0.0,0.0,0.0,0.0,0.0,0.0,0.0,0.0,0.0,0.0,0.0,0.0,0.0,2.0,0.0,2.0,2804.0,0.0,1.0,0.0,2.0
413,0,1,1300,1300,1024,1024,0,0,16,0,32,64,__amd_rocclr_copyBuffer,12740201006004,12740201008930,414,22,244963.0,2146.0,244963.0,0.0,15.0,1586.0,0.0,0.0,3912.0,3912.0,0.0,0.0,4.0,0.0,0.0,0.0,0.0,0.0,0.0,0.0,0.0,0.0,0.0,0.0,0.0,0.0,0.0,0.0,0.0,0.0,0.0,0.0,0.0,0.0,0.0,0.0,0.0,0.0,0.0,0.0,0.0,0.0,0.0,0.0,0.0,0.0,0.0,0.0,0.0,0.0,0.0,0.0,0.0,0.0,0.0,0.0,0.0,0.0,0.0,0.0,0.0,0.0,0.0,0.0,0.0,0.0,0.0,0.0,0.0,0.0,0.0,0.0,0.0,0.0,0.0,0.0,0.0,0.0,0.0,0.0,0.0,0.0,0.0,0.0,0.0,0.0,0.0,0.0,0.0,0.0,0.0,0.0,0.0,0.0,0.0,0.0,0.0,0.0,0.0,0.0,0.0,0.0,0.0,0.0,0.0,0.0,0.0,0.0,0.0,0.0,0.0,0.0,0.0,0.0,0.0,0.0,0.0,0.0,0.0,0.0,0.0,0.0,0.0,0.0,0.0,0.0,0.0,0.0,0.0,0.0,0.0,0.0,0.0,0.0,0.0,0.0,0.0,0.0,0.0,0.0,0.0,0.0,0.0,0.0,0.0,0.0,0.0,4.0,4.0,0.0,0.0,5.0,3.0,0.0,4.0,4.0,0.0,0.0,0.0,0.0,0.0,0.0,0.0,0.0,0.0,0.0,0.0,0.0,0.0,0.0,0.0,0.0,0.0,0.0,0.0,0.0,0.0,0.0,0.0,0.0,0.0,0.0,0.0,0.0,0.0,0.0,0.0,0.0,0.0,0.0,0.0,0.0,0.0,0.0,0.0,0.0,0.0,0.0,0.0,0.0,0.0,0.0,0.0,0.0,0.0,0.0,0.0,0.0,0.0,0.0,0.0,0.0,0.0,0.0,0.0,0.0,0.0,0.0,0.0,0.0,0.0,0.0,0.0,0.0,0.0,0.0,0.0,0.0,0.0,0.0,0.0,0.0,0.0,0.0,0.0,0.0,0.0,0.0,0.0,0.0,0.0,0.0,0.0,0.0,0.0,0.0,0.0,0.0,0.0,0.0,0.0,0.0,0.0,0.0,0.0,0.0,0.0,0.0,0.0,0.0,0.0,0.0,0.0,0.0,0.0,0.0,0.0,0.0,2.0,0.0,2.0,2813.0,0.0,1.0,0.0,2.0
414,0,1,1300,1300,1024,1024,0,0,16,0,32,64,__amd_rocclr_copyBuffer,12740201394526,12740201397573,415,22,248887.0,2146.0,248887.0,0.0,15.0,1727.0,0.0,0.0,3989.0,3989.0,0.0,0.0,4.0,0.0,0.0,0.0,0.0,0.0,0.0,0.0,0.0,0.0,0.0,0.0,0.0,0.0,0.0,0.0,0.0,0.0,0.0,0.0,0.0,0.0,0.0,0.0,0.0,0.0,0.0,0.0,0.0,0.0,0.0,0.0,0.0,0.0,0.0,0.0,0.0,0.0,0.0,0.0,0.0,0.0,0.0,0.0,0.0,0.0,0.0,0.0,0.0,0.0,0.0,0.0,0.0,0.0,0.0,0.0,0.0,0.0,0.0,0.0,0.0,0.0,0.0,0.0,0.0,0.0,0.0,0.0,0.0,0.0,0.0,0.0,0.0,0.0,0.0,0.0,0.0,0.0,0.0,0.0,0.0,0.0,0.0,0.0,0.0,0.0,0.0,0.0,0.0,0.0,0.0,0.0,0.0,0.0,0.0,0.0,0.0,0.0,0.0,0.0,0.0,0.0,0.0,0.0,0.0,0.0,0.0,0.0,0.0,0.0,0.0,0.0,0.0,0.0,0.0,0.0,0.0,0.0,0.0,0.0,0.0,0.0,0.0,0.0,0.0,0.0,0.0,0.0,0.0,0.0,0.0,0.0,0.0,0.0,0.0,4.0,4.0,0.0,0.0,5.0,3.0,0.0,4.0,4.0,0.0,0.0,0.0,0.0,0.0,0.0,0.0,0.0,0.0,0.0,0.0,0.0,0.0,0.0,0.0,0.0,0.0,0.0,0.0,0.0,0.0,0.0,0.0,0.0,0.0,0.0,0.0,0.0,0.0,0.0,0.0,0.0,0.0,0.0,0.0,0.0,0.0,0.0,0.0,0.0,0.0,0.0,0.0,0.0,0.0,0.0,0.0,0.0,0.0,0.0,0.0,0.0,0.0,0.0,0.0,0.0,0.0,0.0,0.0,0.0,0.0,0.0,0.0,0.0,0.0,0.0,0.0,0.0,0.0,0.0,0.0,0.0,0.0,0.0,0.0,0.0,0.0,0.0,0.0,0.0,0.0,0.0,0.0,0.0,0.0,0.0,0.0,0.0,0.0,0.0,0.0,0.0,0.0,0.0,0.0,0.0,0.0,0.0,0.0,0.0,0.0,0.0,0.0,0.0,0.0,0.0,0.0,0.0,0.0,0.0,0.0,0.0,2.0,0.0,2.0,2846.0,0.0,1.0,0.0,2.0
415,0,1,1300,1300,1024,1024,0,0,16,0,32,64,__amd_rocclr_copyBuffer,12740201782967,12740201786175,416,22,251920.0,2146.0,251920.0,0.0,15.0,1590.0,0.0,0.0,3977.0,3977.0,0.0,0.0,4.0,0.0,0.0,0.0,0.0,0.0,0.0,0.0,0.0,0.0,0.0,0.0,0.0,0.0,0.0,0.0,0.0,0.0,0.0,0.0,0.0,0.0,0.0,0.0,0.0,0.0,0.0,0.0,0.0,0.0,0.0,0.0,0.0,0.0,0.0,0.0,0.0,0.0,0.0,0.0,0.0,0.0,0.0,0.0,0.0,0.0,0.0,0.0,0.0,0.0,0.0,0.0,0.0,0.0,0.0,0.0,0.0,0.0,0.0,0.0,0.0,0.0,0.0,0.0,0.0,0.0,0.0,0.0,0.0,0.0,0.0,0.0,0.0,0.0,0.0,0.0,0.0,0.0,0.0,0.0,0.0,0.0,0.0,0.0,0.0,0.0,0.0,0.0,0.0,0.0,0.0,0.0,0.0,0.0,0.0,0.0,0.0,0.0,0.0,0.0,0.0,0.0,0.0,0.0,0.0,0.0,0.0,0.0,0.0,0.0,0.0,0.0,0.0,0.0,0.0,0.0,0.0,0.0,0.0,0.0,0.0,0.0,0.0,0.0,0.0,0.0,0.0,0.0,0.0,0.0,0.0,0.0,0.0,0.0,0.0,4.0,4.0,0.0,0.0,5.0,3.0,0.0,4.0,4.0,0.0,0.0,0.0,0.0,0.0,0.0,0.0,0.0,0.0,0.0,0.0,0.0,0.0,0.0,0.0,0.0,0.0,0.0,0.0,0.0,0.0,0.0,0.0,0.0,0.0,0.0,0.0,0.0,0.0,0.0,0.0,0.0,0.0,0.0,0.0,0.0,0.0,0.0,0.0,0.0,0.0,0.0,0.0,0.0,0.0,0.0,0.0,0.0,0.0,0.0,0.0,0.0,0.0,0.0,0.0,0.0,0.0,0.0,0.0,0.0,0.0,0.0,0.0,0.0,0.0,0.0,0.0,0.0,0.0,0.0,0.0,0.0,0.0,0.0,0.0,0.0,0.0,0.0,0.0,0.0,0.0,0.0,0.0,0.0,0.0,0.0,0.0,0.0,0.0,0.0,0.0,0.0,0.0,0.0,0.0,0.0,0.0,0.0,0.0,0.0,0.0,0.0,0.0,0.0,0.0,0.0,0.0,0.0,0.0,0.0,0.0,0.0,2.0,0.0,2.0,2828.0,0.0,1.0,0.0,2.0
416,0,1,1300,1300,1024,1024,0,0,16,0,32,64,__amd_rocclr_copyBuffer,12740202171209,12740202174216,417,22,251131.0,2146.0,251131.0,0.0,15.0,1666.0,0.0,0.0,3993.0,3993.0,0.0,0.0,4.0,0.0,0.0,0.0,0.0,0.0,0.0,0.0,0.0,0.0,0.0,0.0,0.0,0.0,0.0,0.0,0.0,0.0,0.0,0.0,0.0,0.0,0.0,0.0,0.0,0.0,0.0,0.0,0.0,0.0,0.0,0.0,0.0,0.0,0.0,0.0,0.0,0.0,0.0,0.0,0.0,0.0,0.0,0.0,0.0,0.0,0.0,0.0,0.0,0.0,0.0,0.0,0.0,0.0,0.0,0.0,0.0,0.0,0.0,0.0,0.0,0.0,0.0,0.0,0.0,0.0,0.0,0.0,0.0,0.0,0.0,0.0,0.0,0.0,0.0,0.0,0.0,0.0,0.0,0.0,0.0,0.0,0.0,0.0,0.0,0.0,0.0,0.0,0.0,0.0,0.0,0.0,0.0,0.0,0.0,0.0,0.0,0.0,0.0,0.0,0.0,0.0,0.0,0.0,0.0,0.0,0.0,0.0,0.0,0.0,0.0,0.0,0.0,0.0,0.0,0.0,0.0,0.0,0.0,0.0,0.0,0.0,0.0,0.0,0.0,0.0,0.0,0.0,0.0,0.0,0.0,0.0,0.0,0.0,0.0,4.0,4.0,0.0,0.0,5.0,3.0,0.0,4.0,4.0,0.0,0.0,0.0,0.0,0.0,0.0,0.0,0.0,0.0,0.0,0.0,0.0,0.0,0.0,0.0,0.0,0.0,0.0,0.0,0.0,0.0,0.0,0.0,0.0,0.0,0.0,0.0,0.0,0.0,0.0,0.0,0.0,0.0,0.0,0.0,0.0,0.0,0.0,0.0,0.0,0.0,0.0,0.0,0.0,0.0,0.0,0.0,0.0,0.0,0.0,0.0,0.0,0.0,0.0,0.0,0.0,0.0,0.0,0.0,0.0,0.0,0.0,0.0,0.0,0.0,0.0,0.0,0.0,0.0,0.0,0.0,0.0,0.0,0.0,0.0,0.0,0.0,0.0,0.0,0.0,0.0,0.0,0.0,0.0,0.0,0.0,0.0,0.0,0.0,0.0,0.0,0.0,0.0,0.0,0.0,0.0,0.0,0.0,0.0,0.0,0.0,0.0,0.0,0.0,0.0,0.0,0.0,0.0,0.0,0.0,0.0,0.0,2.0,0.0,2.0,2840.0,0.0,1.0,0.0,2.0
417,0,1,1300,1300,1024,1024,0,0,16,0,32,64,__amd_rocclr_copyBuffer,12740202560613,12740202563579,418,22,241733.0,2146.0,241733.0,0.0,15.0,1593.0,0.0,0.0,3920.0,3920.0,0.0,0.0,4.0,0.0,0.0,0.0,0.0,0.0,0.0,0.0,0.0,0.0,0.0,0.0,0.0,0.0,0.0,0.0,0.0,0.0,0.0,0.0,0.0,0.0,0.0,0.0,0.0,0.0,0.0,0.0,0.0,0.0,0.0,0.0,0.0,0.0,0.0,0.0,0.0,0.0,0.0,0.0,0.0,0.0,0.0,0.0,0.0,0.0,0.0,0.0,0.0,0.0,0.0,0.0,0.0,0.0,0.0,0.0,0.0,0.0,0.0,0.0,0.0,0.0,0.0,0.0,0.0,0.0,0.0,0.0,0.0,0.0,0.0,0.0,0.0,0.0,0.0,0.0,0.0,0.0,0.0,0.0,0.0,0.0,0.0,0.0,0.0,0.0,0.0,0.0,0.0,0.0,0.0,0.0,0.0,0.0,0.0,0.0,0.0,0.0,0.0,0.0,0.0,0.0,0.0,0.0,0.0,0.0,0.0,0.0,0.0,0.0,0.0,0.0,0.0,0.0,0.0,0.0,0.0,0.0,0.0,0.0,0.0,0.0,0.0,0.0,0.0,0.0,0.0,0.0,0.0,0.0,0.0,0.0,0.0,0.0,0.0,4.0,4.0,0.0,0.0,5.0,3.0,0.0,4.0,4.0,0.0,0.0,0.0,0.0,0.0,0.0,0.0,0.0,0.0,0.0,0.0,0.0,0.0,0.0,0.0,0.0,0.0,0.0,0.0,0.0,0.0,0.0,0.0,0.0,0.0,0.0,0.0,0.0,0.0,0.0,0.0,0.0,0.0,0.0,0.0,0.0,0.0,0.0,0.0,0.0,0.0,0.0,0.0,0.0,0.0,0.0,0.0,0.0,0.0,0.0,0.0,0.0,0.0,0.0,0.0,0.0,0.0,0.0,0.0,0.0,0.0,0.0,0.0,0.0,0.0,0.0,0.0,0.0,0.0,0.0,0.0,0.0,0.0,0.0,0.0,0.0,0.0,0.0,0.0,0.0,0.0,0.0,0.0,0.0,0.0,0.0,0.0,0.0,0.0,0.0,0.0,0.0,0.0,0.0,0.0,0.0,0.0,0.0,0.0,0.0,0.0,0.0,0.0,0.0,0.0,0.0,0.0,0.0,0.0,0.0,0.0,0.0,2.0,0.0,2.0,2817.0,0.0,1.0,0.0,2.0
418,0,1,1300,1300,1024,1024,0,0,16,0,32,64,__amd_rocclr_copyBuffer,12740202948413,12740202951380,419,22,247922.0,2146.0,247922.0,0.0,15.0,1598.0,0.0,0.0,3997.0,3997.0,0.0,0.0,4.0,0.0,0.0,0.0,0.0,0.0,0.0,0.0,0.0,0.0,0.0,0.0,0.0,0.0,0.0,0.0,0.0,0.0,0.0,0.0,0.0,0.0,0.0,0.0,0.0,0.0,0.0,0.0,0.0,0.0,0.0,0.0,0.0,0.0,0.0,0.0,0.0,0.0,0.0,0.0,0.0,0.0,0.0,0.0,0.0,0.0,0.0,0.0,0.0,0.0,0.0,0.0,0.0,0.0,0.0,0.0,0.0,0.0,0.0,0.0,0.0,0.0,0.0,0.0,0.0,0.0,0.0,0.0,0.0,0.0,0.0,0.0,0.0,0.0,0.0,0.0,0.0,0.0,0.0,0.0,0.0,0.0,0.0,0.0,0.0,0.0,0.0,0.0,0.0,0.0,0.0,0.0,0.0,0.0,0.0,0.0,0.0,0.0,0.0,0.0,0.0,0.0,0.0,0.0,0.0,0.0,0.0,0.0,0.0,0.0,0.0,0.0,0.0,0.0,0.0,0.0,0.0,0.0,0.0,0.0,0.0,0.0,0.0,0.0,0.0,0.0,0.0,0.0,0.0,0.0,0.0,0.0,0.0,0.0,0.0,4.0,4.0,0.0,0.0,5.0,3.0,0.0,4.0,4.0,0.0,0.0,0.0,0.0,0.0,0.0,0.0,0.0,0.0,0.0,0.0,0.0,0.0,0.0,0.0,0.0,0.0,0.0,0.0,0.0,0.0,0.0,0.0,0.0,0.0,0.0,0.0,0.0,0.0,0.0,0.0,0.0,0.0,0.0,0.0,0.0,0.0,0.0,0.0,0.0,0.0,0.0,0.0,0.0,0.0,0.0,0.0,0.0,0.0,0.0,0.0,0.0,0.0,0.0,0.0,0.0,0.0,0.0,0.0,0.0,0.0,0.0,0.0,0.0,0.0,0.0,0.0,0.0,0.0,0.0,0.0,0.0,0.0,0.0,0.0,0.0,0.0,0.0,0.0,0.0,0.0,0.0,0.0,0.0,0.0,0.0,0.0,0.0,0.0,0.0,0.0,0.0,0.0,0.0,0.0,0.0,0.0,0.0,0.0,0.0,0.0,0.0,0.0,0.0,0.0,0.0,0.0,0.0,0.0,0.0,0.0,0.0,2.0,0.0,2.0,2850.0,0.0,1.0,0.0,2.0
419,0,1,1300,1300,1024,1024,0,0,16,0,32,64,__amd_rocclr_copyBuffer,12740203338418,12740203341385,420,22,243333.0,2146.0,243333.0,0.0,15.0,1678.0,0.0,0.0,4000.0,4000.0,0.0,0.0,4.0,0.0,0.0,0.0,0.0,0.0,0.0,0.0,0.0,0.0,0.0,0.0,0.0,0.0,0.0,0.0,0.0,0.0,0.0,0.0,0.0,0.0,0.0,0.0,0.0,0.0,0.0,0.0,0.0,0.0,0.0,0.0,0.0,0.0,0.0,0.0,0.0,0.0,0.0,0.0,0.0,0.0,0.0,0.0,0.0,0.0,0.0,0.0,0.0,0.0,0.0,0.0,0.0,0.0,0.0,0.0,0.0,0.0,0.0,0.0,0.0,0.0,0.0,0.0,0.0,0.0,0.0,0.0,0.0,0.0,0.0,0.0,0.0,0.0,0.0,0.0,0.0,0.0,0.0,0.0,0.0,0.0,0.0,0.0,0.0,0.0,0.0,0.0,0.0,0.0,0.0,0.0,0.0,0.0,0.0,0.0,0.0,0.0,0.0,0.0,0.0,0.0,0.0,0.0,0.0,0.0,0.0,0.0,0.0,0.0,0.0,0.0,0.0,0.0,0.0,0.0,0.0,0.0,0.0,0.0,0.0,0.0,0.0,0.0,0.0,0.0,0.0,0.0,0.0,0.0,0.0,0.0,0.0,0.0,0.0,4.0,4.0,0.0,0.0,5.0,3.0,0.0,4.0,4.0,0.0,0.0,0.0,0.0,0.0,0.0,0.0,0.0,0.0,0.0,0.0,0.0,0.0,0.0,0.0,0.0,0.0,0.0,0.0,0.0,0.0,0.0,0.0,0.0,0.0,0.0,0.0,0.0,0.0,0.0,0.0,0.0,0.0,0.0,0.0,0.0,0.0,0.0,0.0,0.0,0.0,0.0,0.0,0.0,0.0,0.0,0.0,0.0,0.0,0.0,0.0,0.0,0.0,0.0,0.0,0.0,0.0,0.0,0.0,0.0,0.0,0.0,0.0,0.0,0.0,0.0,0.0,0.0,0.0,0.0,0.0,0.0,0.0,0.0,0.0,0.0,0.0,0.0,0.0,0.0,0.0,0.0,0.0,0.0,0.0,0.0,0.0,0.0,0.0,0.0,0.0,0.0,0.0,0.0,0.0,0.0,0.0,0.0,0.0,0.0,0.0,0.0,0.0,0.0,0.0,0.0,0.0,0.0,0.0,0.0,0.0,0.0,2.0,0.0,2.0,2844.0,0.0,1.0,0.0,2.0
420,0,1,1300,1300,512,512,0,0,16,0,32,64,__amd_rocclr_copyBuffer,12740203730508,12740203734117,421,22,264383.0,2146.0,264383.0,0.0,7.0,1528.0,0.0,0.0,4029.0,4029.0,0.0,0.0,4.0,0.0,0.0,0.0,0.0,0.0,0.0,0.0,0.0,0.0,0.0,0.0,0.0,0.0,0.0,0.0,0.0,0.0,0.0,0.0,0.0,0.0,0.0,0.0,0.0,0.0,0.0,0.0,0.0,0.0,0.0,0.0,0.0,0.0,0.0,0.0,0.0,0.0,0.0,0.0,0.0,0.0,0.0,0.0,0.0,0.0,0.0,0.0,0.0,0.0,0.0,0.0,0.0,0.0,0.0,0.0,0.0,0.0,0.0,0.0,0.0,0.0,0.0,0.0,0.0,0.0,0.0,0.0,0.0,0.0,0.0,0.0,0.0,0.0,0.0,0.0,0.0,0.0,0.0,0.0,0.0,0.0,0.0,0.0,0.0,0.0,0.0,0.0,0.0,0.0,0.0,0.0,0.0,0.0,0.0,0.0,0.0,0.0,0.0,0.0,0.0,0.0,0.0,0.0,0.0,0.0,0.0,0.0,0.0,0.0,0.0,0.0,0.0,0.0,0.0,0.0,0.0,0.0,0.0,0.0,0.0,0.0,0.0,0.0,0.0,0.0,0.0,0.0,0.0,0.0,0.0,0.0,0.0,0.0,0.0,4.0,4.0,0.0,0.0,5.0,3.0,0.0,4.0,4.0,0.0,0.0,0.0,0.0,0.0,0.0,0.0,0.0,0.0,0.0,0.0,0.0,0.0,0.0,0.0,0.0,0.0,0.0,0.0,0.0,0.0,0.0,0.0,0.0,0.0,0.0,0.0,0.0,0.0,0.0,0.0,0.0,0.0,0.0,0.0,0.0,0.0,0.0,0.0,0.0,0.0,0.0,0.0,0.0,0.0,0.0,0.0,0.0,0.0,0.0,0.0,0.0,0.0,0.0,0.0,0.0,0.0,0.0,0.0,0.0,0.0,0.0,0.0,0.0,0.0,0.0,0.0,0.0,0.0,0.0,0.0,0.0,0.0,0.0,0.0,0.0,0.0,0.0,0.0,0.0,0.0,0.0,0.0,0.0,0.0,0.0,0.0,0.0,0.0,0.0,0.0,0.0,0.0,0.0,0.0,0.0,0.0,0.0,0.0,0.0,0.0,0.0,0.0,0.0,0.0,0.0,0.0,0.0,0.0,0.0,0.0,0.0,2.0,0.0,2.0,2864.0,0.0,1.0,0.0,2.0
421,0,1,1300,1300,1024,1024,0,0,16,0,32,64,__amd_rocclr_copyBuffer,12740204118870,12740204121917,422,22,246722.0,2146.0,246722.0,0.0,15.0,1743.0,0.0,0.0,3949.0,3949.0,0.0,0.0,4.0,0.0,0.0,0.0,0.0,0.0,0.0,0.0,0.0,0.0,0.0,0.0,0.0,0.0,0.0,0.0,0.0,0.0,0.0,0.0,0.0,0.0,0.0,0.0,0.0,0.0,0.0,0.0,0.0,0.0,0.0,0.0,0.0,0.0,0.0,0.0,0.0,0.0,0.0,0.0,0.0,0.0,0.0,0.0,0.0,0.0,0.0,0.0,0.0,0.0,0.0,0.0,0.0,0.0,0.0,0.0,0.0,0.0,0.0,0.0,0.0,0.0,0.0,0.0,0.0,0.0,0.0,0.0,0.0,0.0,0.0,0.0,0.0,0.0,0.0,0.0,0.0,0.0,0.0,0.0,0.0,0.0,0.0,0.0,0.0,0.0,0.0,0.0,0.0,0.0,0.0,0.0,0.0,0.0,0.0,0.0,0.0,0.0,0.0,0.0,0.0,0.0,0.0,0.0,0.0,0.0,0.0,0.0,0.0,0.0,0.0,0.0,0.0,0.0,0.0,0.0,0.0,0.0,0.0,0.0,0.0,0.0,0.0,0.0,0.0,0.0,0.0,0.0,0.0,0.0,0.0,0.0,0.0,0.0,0.0,4.0,4.0,0.0,0.0,5.0,3.0,0.0,4.0,4.0,0.0,0.0,0.0,0.0,0.0,0.0,0.0,0.0,0.0,0.0,0.0,0.0,0.0,0.0,0.0,0.0,0.0,0.0,0.0,0.0,0.0,0.0,0.0,0.0,0.0,0.0,0.0,0.0,0.0,0.0,0.0,0.0,0.0,0.0,0.0,0.0,0.0,0.0,0.0,0.0,0.0,0.0,0.0,0.0,0.0,0.0,0.0,0.0,0.0,0.0,0.0,0.0,0.0,0.0,0.0,0.0,0.0,0.0,0.0,0.0,0.0,0.0,0.0,0.0,0.0,0.0,0.0,0.0,0.0,0.0,0.0,0.0,0.0,0.0,0.0,0.0,0.0,0.0,0.0,0.0,0.0,0.0,0.0,0.0,0.0,0.0,0.0,0.0,0.0,0.0,0.0,0.0,0.0,0.0,0.0,0.0,0.0,0.0,0.0,0.0,0.0,0.0,0.0,0.0,0.0,0.0,0.0,0.0,0.0,0.0,0.0,0.0,2.0,0.0,2.0,2837.0,0.0,1.0,0.0,2.0
422,0,1,1300,1300,1024,1024,0,0,16,0,32,64,__amd_rocclr_copyBuffer,12740204505708,12740204508635,423,22,236780.0,2146.0,236780.0,0.0,15.0,1635.0,0.0,0.0,3827.0,3827.0,0.0,0.0,4.0,0.0,0.0,0.0,0.0,0.0,0.0,0.0,0.0,0.0,0.0,0.0,0.0,0.0,0.0,0.0,0.0,0.0,0.0,0.0,0.0,0.0,0.0,0.0,0.0,0.0,0.0,0.0,0.0,0.0,0.0,0.0,0.0,0.0,0.0,0.0,0.0,0.0,0.0,0.0,0.0,0.0,0.0,0.0,0.0,0.0,0.0,0.0,0.0,0.0,0.0,0.0,0.0,0.0,0.0,0.0,0.0,0.0,0.0,0.0,0.0,0.0,0.0,0.0,0.0,0.0,0.0,0.0,0.0,0.0,0.0,0.0,0.0,0.0,0.0,0.0,0.0,0.0,0.0,0.0,0.0,0.0,0.0,0.0,0.0,0.0,0.0,0.0,0.0,0.0,0.0,0.0,0.0,0.0,0.0,0.0,0.0,0.0,0.0,0.0,0.0,0.0,0.0,0.0,0.0,0.0,0.0,0.0,0.0,0.0,0.0,0.0,0.0,0.0,0.0,0.0,0.0,0.0,0.0,0.0,0.0,0.0,0.0,0.0,0.0,0.0,0.0,0.0,0.0,0.0,0.0,0.0,0.0,0.0,0.0,4.0,4.0,0.0,0.0,5.0,3.0,0.0,4.0,4.0,0.0,0.0,0.0,0.0,0.0,0.0,0.0,0.0,0.0,0.0,0.0,0.0,0.0,0.0,0.0,0.0,0.0,0.0,0.0,0.0,0.0,0.0,0.0,0.0,0.0,0.0,0.0,0.0,0.0,0.0,0.0,0.0,0.0,0.0,0.0,0.0,0.0,0.0,0.0,0.0,0.0,0.0,0.0,0.0,0.0,0.0,0.0,0.0,0.0,0.0,0.0,0.0,0.0,0.0,0.0,0.0,0.0,0.0,0.0,0.0,0.0,0.0,0.0,0.0,0.0,0.0,0.0,0.0,0.0,0.0,0.0,0.0,0.0,0.0,0.0,0.0,0.0,0.0,0.0,0.0,0.0,0.0,0.0,0.0,0.0,0.0,0.0,0.0,0.0,0.0,0.0,0.0,0.0,0.0,0.0,0.0,0.0,0.0,0.0,0.0,0.0,0.0,0.0,0.0,0.0,0.0,0.0,0.0,0.0,0.0,0.0,0.0,2.0,0.0,2.0,2753.0,0.0,1.0,0.0,2.0
423,0,1,1300,1300,1024,1024,0,0,16,0,32,64,__amd_rocclr_copyBuffer,12740204894751,12740204897678,424,22,262158.0,2146.0,262158.0,0.0,17.0,1595.0,0.0,0.0,4003.0,4003.0,0.0,0.0,4.0,0.0,0.0,0.0,0.0,0.0,0.0,0.0,0.0,0.0,0.0,0.0,0.0,0.0,0.0,0.0,0.0,0.0,0.0,0.0,0.0,0.0,0.0,0.0,0.0,0.0,0.0,0.0,0.0,0.0,0.0,0.0,0.0,0.0,0.0,0.0,0.0,0.0,0.0,0.0,0.0,0.0,0.0,0.0,0.0,0.0,0.0,0.0,0.0,0.0,0.0,0.0,0.0,0.0,0.0,0.0,0.0,0.0,0.0,0.0,0.0,0.0,0.0,0.0,0.0,0.0,0.0,0.0,0.0,0.0,0.0,0.0,0.0,0.0,0.0,0.0,0.0,0.0,0.0,0.0,0.0,0.0,0.0,0.0,0.0,0.0,0.0,0.0,0.0,0.0,0.0,0.0,0.0,0.0,0.0,0.0,0.0,0.0,0.0,0.0,0.0,0.0,0.0,0.0,0.0,0.0,0.0,0.0,0.0,0.0,0.0,0.0,0.0,0.0,0.0,0.0,0.0,0.0,0.0,0.0,0.0,0.0,0.0,0.0,0.0,0.0,0.0,0.0,0.0,0.0,0.0,0.0,0.0,0.0,0.0,4.0,4.0,0.0,0.0,5.0,3.0,0.0,4.0,4.0,0.0,0.0,0.0,0.0,0.0,0.0,0.0,0.0,0.0,0.0,0.0,0.0,0.0,0.0,0.0,0.0,0.0,0.0,0.0,0.0,0.0,0.0,0.0,0.0,0.0,0.0,0.0,0.0,0.0,0.0,0.0,0.0,0.0,0.0,0.0,0.0,0.0,0.0,0.0,0.0,0.0,0.0,0.0,0.0,0.0,0.0,0.0,0.0,0.0,0.0,0.0,0.0,0.0,0.0,0.0,0.0,0.0,0.0,0.0,0.0,0.0,0.0,0.0,0.0,0.0,0.0,0.0,0.0,0.0,0.0,0.0,0.0,0.0,0.0,0.0,0.0,0.0,0.0,0.0,0.0,0.0,0.0,0.0,0.0,0.0,0.0,0.0,0.0,0.0,0.0,0.0,0.0,0.0,0.0,0.0,0.0,0.0,0.0,0.0,0.0,0.0,0.0,0.0,0.0,0.0,0.0,0.0,0.0,0.0,0.0,0.0,0.0,2.0,0.0,2.0,2842.0,0.0,1.0,0.0,2.0
424,0,1,1300,1300,1024,1024,0,0,16,0,32,64,__amd_rocclr_copyBuffer,12740205283073,12740205286120,425,22,246102.0,2146.0,246102.0,0.0,17.0,1610.0,0.0,0.0,4047.0,4047.0,0.0,0.0,4.0,0.0,0.0,0.0,0.0,0.0,0.0,0.0,0.0,0.0,0.0,0.0,0.0,0.0,0.0,0.0,0.0,0.0,0.0,0.0,0.0,0.0,0.0,0.0,0.0,0.0,0.0,0.0,0.0,0.0,0.0,0.0,0.0,0.0,0.0,0.0,0.0,0.0,0.0,0.0,0.0,0.0,0.0,0.0,0.0,0.0,0.0,0.0,0.0,0.0,0.0,0.0,0.0,0.0,0.0,0.0,0.0,0.0,0.0,0.0,0.0,0.0,0.0,0.0,0.0,0.0,0.0,0.0,0.0,0.0,0.0,0.0,0.0,0.0,0.0,0.0,0.0,0.0,0.0,0.0,0.0,0.0,0.0,0.0,0.0,0.0,0.0,0.0,0.0,0.0,0.0,0.0,0.0,0.0,0.0,0.0,0.0,0.0,0.0,0.0,0.0,0.0,0.0,0.0,0.0,0.0,0.0,0.0,0.0,0.0,0.0,0.0,0.0,0.0,0.0,0.0,0.0,0.0,0.0,0.0,0.0,0.0,0.0,0.0,0.0,0.0,0.0,0.0,0.0,0.0,0.0,0.0,0.0,0.0,0.0,4.0,4.0,0.0,0.0,5.0,3.0,0.0,4.0,4.0,0.0,0.0,0.0,0.0,0.0,0.0,0.0,0.0,0.0,0.0,0.0,0.0,0.0,0.0,0.0,0.0,0.0,0.0,0.0,0.0,0.0,0.0,0.0,0.0,0.0,0.0,0.0,0.0,0.0,0.0,0.0,0.0,0.0,0.0,0.0,0.0,0.0,0.0,0.0,0.0,0.0,0.0,0.0,0.0,0.0,0.0,0.0,0.0,0.0,0.0,0.0,0.0,0.0,0.0,0.0,0.0,0.0,0.0,0.0,0.0,0.0,0.0,0.0,0.0,0.0,0.0,0.0,0.0,0.0,0.0,0.0,0.0,0.0,0.0,0.0,0.0,0.0,0.0,0.0,0.0,0.0,0.0,0.0,0.0,0.0,0.0,0.0,0.0,0.0,0.0,0.0,0.0,0.0,0.0,0.0,0.0,0.0,0.0,0.0,0.0,0.0,0.0,0.0,0.0,0.0,0.0,0.0,0.0,0.0,0.0,0.0,0.0,2.0,0.0,2.0,2870.0,0.0,1.0,0.0,2.0
425,0,1,1300,1300,1024,1024,0,0,16,0,32,64,__amd_rocclr_copyBuffer,12740205672918,12740205675884,426,22,247368.0,2146.0,247368.0,0.0,15.0,1588.0,0.0,0.0,3965.0,3965.0,0.0,0.0,4.0,0.0,0.0,0.0,0.0,0.0,0.0,0.0,0.0,0.0,0.0,0.0,0.0,0.0,0.0,0.0,0.0,0.0,0.0,0.0,0.0,0.0,0.0,0.0,0.0,0.0,0.0,0.0,0.0,0.0,0.0,0.0,0.0,0.0,0.0,0.0,0.0,0.0,0.0,0.0,0.0,0.0,0.0,0.0,0.0,0.0,0.0,0.0,0.0,0.0,0.0,0.0,0.0,0.0,0.0,0.0,0.0,0.0,0.0,0.0,0.0,0.0,0.0,0.0,0.0,0.0,0.0,0.0,0.0,0.0,0.0,0.0,0.0,0.0,0.0,0.0,0.0,0.0,0.0,0.0,0.0,0.0,0.0,0.0,0.0,0.0,0.0,0.0,0.0,0.0,0.0,0.0,0.0,0.0,0.0,0.0,0.0,0.0,0.0,0.0,0.0,0.0,0.0,0.0,0.0,0.0,0.0,0.0,0.0,0.0,0.0,0.0,0.0,0.0,0.0,0.0,0.0,0.0,0.0,0.0,0.0,0.0,0.0,0.0,0.0,0.0,0.0,0.0,0.0,0.0,0.0,0.0,0.0,0.0,0.0,4.0,4.0,0.0,0.0,5.0,3.0,0.0,4.0,4.0,0.0,0.0,0.0,0.0,0.0,0.0,0.0,0.0,0.0,0.0,0.0,0.0,0.0,0.0,0.0,0.0,0.0,0.0,0.0,0.0,0.0,0.0,0.0,0.0,0.0,0.0,0.0,0.0,0.0,0.0,0.0,0.0,0.0,0.0,0.0,0.0,0.0,0.0,0.0,0.0,0.0,0.0,0.0,0.0,0.0,0.0,0.0,0.0,0.0,0.0,0.0,0.0,0.0,0.0,0.0,0.0,0.0,0.0,0.0,0.0,0.0,0.0,0.0,0.0,0.0,0.0,0.0,0.0,0.0,0.0,0.0,0.0,0.0,0.0,0.0,0.0,0.0,0.0,0.0,0.0,0.0,0.0,0.0,0.0,0.0,0.0,0.0,0.0,0.0,0.0,0.0,0.0,0.0,0.0,0.0,0.0,0.0,0.0,0.0,0.0,0.0,0.0,0.0,0.0,0.0,0.0,0.0,0.0,0.0,0.0,0.0,0.0,2.0,0.0,2.0,2849.0,0.0,1.0,0.0,2.0
426,0,1,1300,1300,1024,1024,0,0,16,0,32,64,__amd_rocclr_copyBuffer,12740206063324,12740206066251,427,22,249821.0,2146.0,249821.0,0.0,15.0,1556.0,0.0,0.0,3848.0,3848.0,0.0,0.0,4.0,0.0,0.0,0.0,0.0,0.0,0.0,0.0,0.0,0.0,0.0,0.0,0.0,0.0,0.0,0.0,0.0,0.0,0.0,0.0,0.0,0.0,0.0,0.0,0.0,0.0,0.0,0.0,0.0,0.0,0.0,0.0,0.0,0.0,0.0,0.0,0.0,0.0,0.0,0.0,0.0,0.0,0.0,0.0,0.0,0.0,0.0,0.0,0.0,0.0,0.0,0.0,0.0,0.0,0.0,0.0,0.0,0.0,0.0,0.0,0.0,0.0,0.0,0.0,0.0,0.0,0.0,0.0,0.0,0.0,0.0,0.0,0.0,0.0,0.0,0.0,0.0,0.0,0.0,0.0,0.0,0.0,0.0,0.0,0.0,0.0,0.0,0.0,0.0,0.0,0.0,0.0,0.0,0.0,0.0,0.0,0.0,0.0,0.0,0.0,0.0,0.0,0.0,0.0,0.0,0.0,0.0,0.0,0.0,0.0,0.0,0.0,0.0,0.0,0.0,0.0,0.0,0.0,0.0,0.0,0.0,0.0,0.0,0.0,0.0,0.0,0.0,0.0,0.0,0.0,0.0,0.0,0.0,0.0,0.0,4.0,4.0,0.0,0.0,5.0,3.0,0.0,4.0,4.0,0.0,0.0,0.0,0.0,0.0,0.0,0.0,0.0,0.0,0.0,0.0,0.0,0.0,0.0,0.0,0.0,0.0,0.0,0.0,0.0,0.0,0.0,0.0,0.0,0.0,0.0,0.0,0.0,0.0,0.0,0.0,0.0,0.0,0.0,0.0,0.0,0.0,0.0,0.0,0.0,0.0,0.0,0.0,0.0,0.0,0.0,0.0,0.0,0.0,0.0,0.0,0.0,0.0,0.0,0.0,0.0,0.0,0.0,0.0,0.0,0.0,0.0,0.0,0.0,0.0,0.0,0.0,0.0,0.0,0.0,0.0,0.0,0.0,0.0,0.0,0.0,0.0,0.0,0.0,0.0,0.0,0.0,0.0,0.0,0.0,0.0,0.0,0.0,0.0,0.0,0.0,0.0,0.0,0.0,0.0,0.0,0.0,0.0,0.0,0.0,0.0,0.0,0.0,0.0,0.0,0.0,0.0,0.0,0.0,0.0,0.0,0.0,2.0,0.0,2.0,2765.0,0.0,1.0,0.0,2.0
427,0,1,1300,1300,1024,1024,0,0,16,0,32,64,__amd_rocclr_copyBuffer,12740206451926,12740206454893,428,22,241470.0,2146.0,241470.0,0.0,15.0,1526.0,0.0,0.0,3917.0,3917.0,0.0,0.0,4.0,0.0,0.0,0.0,0.0,0.0,0.0,0.0,0.0,0.0,0.0,0.0,0.0,0.0,0.0,0.0,0.0,0.0,0.0,0.0,0.0,0.0,0.0,0.0,0.0,0.0,0.0,0.0,0.0,0.0,0.0,0.0,0.0,0.0,0.0,0.0,0.0,0.0,0.0,0.0,0.0,0.0,0.0,0.0,0.0,0.0,0.0,0.0,0.0,0.0,0.0,0.0,0.0,0.0,0.0,0.0,0.0,0.0,0.0,0.0,0.0,0.0,0.0,0.0,0.0,0.0,0.0,0.0,0.0,0.0,0.0,0.0,0.0,0.0,0.0,0.0,0.0,0.0,0.0,0.0,0.0,0.0,0.0,0.0,0.0,0.0,0.0,0.0,0.0,0.0,0.0,0.0,0.0,0.0,0.0,0.0,0.0,0.0,0.0,0.0,0.0,0.0,0.0,0.0,0.0,0.0,0.0,0.0,0.0,0.0,0.0,0.0,0.0,0.0,0.0,0.0,0.0,0.0,0.0,0.0,0.0,0.0,0.0,0.0,0.0,0.0,0.0,0.0,0.0,0.0,0.0,0.0,0.0,0.0,0.0,4.0,4.0,0.0,0.0,5.0,3.0,0.0,4.0,4.0,0.0,0.0,0.0,0.0,0.0,0.0,0.0,0.0,0.0,0.0,0.0,0.0,0.0,0.0,0.0,0.0,0.0,0.0,0.0,0.0,0.0,0.0,0.0,0.0,0.0,0.0,0.0,0.0,0.0,0.0,0.0,0.0,0.0,0.0,0.0,0.0,0.0,0.0,0.0,0.0,0.0,0.0,0.0,0.0,0.0,0.0,0.0,0.0,0.0,0.0,0.0,0.0,0.0,0.0,0.0,0.0,0.0,0.0,0.0,0.0,0.0,0.0,0.0,0.0,0.0,0.0,0.0,0.0,0.0,0.0,0.0,0.0,0.0,0.0,0.0,0.0,0.0,0.0,0.0,0.0,0.0,0.0,0.0,0.0,0.0,0.0,0.0,0.0,0.0,0.0,0.0,0.0,0.0,0.0,0.0,0.0,0.0,0.0,0.0,0.0,0.0,0.0,0.0,0.0,0.0,0.0,0.0,0.0,0.0,0.0,0.0,0.0,2.0,0.0,2.0,2750.0,0.0,1.0,0.0,2.0
428,0,1,1300,1300,512,512,0,0,16,0,32,64,__amd_rocclr_copyBuffer,12740206844537,12740206847424,429,22,238491.0,2146.0,238491.0,0.0,7.0,1524.0,0.0,0.0,3953.0,3953.0,0.0,0.0,4.0,0.0,0.0,0.0,0.0,0.0,0.0,0.0,0.0,0.0,0.0,0.0,0.0,0.0,0.0,0.0,0.0,0.0,0.0,0.0,0.0,0.0,0.0,0.0,0.0,0.0,0.0,0.0,0.0,0.0,0.0,0.0,0.0,0.0,0.0,0.0,0.0,0.0,0.0,0.0,0.0,0.0,0.0,0.0,0.0,0.0,0.0,0.0,0.0,0.0,0.0,0.0,0.0,0.0,0.0,0.0,0.0,0.0,0.0,0.0,0.0,0.0,0.0,0.0,0.0,0.0,0.0,0.0,0.0,0.0,0.0,0.0,0.0,0.0,0.0,0.0,0.0,0.0,0.0,0.0,0.0,0.0,0.0,0.0,0.0,0.0,0.0,0.0,0.0,0.0,0.0,0.0,0.0,0.0,0.0,0.0,0.0,0.0,0.0,0.0,0.0,0.0,0.0,0.0,0.0,0.0,0.0,0.0,0.0,0.0,0.0,0.0,0.0,0.0,0.0,0.0,0.0,0.0,0.0,0.0,0.0,0.0,0.0,0.0,0.0,0.0,0.0,0.0,0.0,0.0,0.0,0.0,0.0,0.0,0.0,4.0,4.0,0.0,0.0,5.0,3.0,0.0,4.0,4.0,0.0,0.0,0.0,0.0,0.0,0.0,0.0,0.0,0.0,0.0,0.0,0.0,0.0,0.0,0.0,0.0,0.0,0.0,0.0,0.0,0.0,0.0,0.0,0.0,0.0,0.0,0.0,0.0,0.0,0.0,0.0,0.0,0.0,0.0,0.0,0.0,0.0,0.0,0.0,0.0,0.0,0.0,0.0,0.0,0.0,0.0,0.0,0.0,0.0,0.0,0.0,0.0,0.0,0.0,0.0,0.0,0.0,0.0,0.0,0.0,0.0,0.0,0.0,0.0,0.0,0.0,0.0,0.0,0.0,0.0,0.0,0.0,0.0,0.0,0.0,0.0,0.0,0.0,0.0,0.0,0.0,0.0,0.0,0.0,0.0,0.0,0.0,0.0,0.0,0.0,0.0,0.0,0.0,0.0,0.0,0.0,0.0,0.0,0.0,0.0,0.0,0.0,0.0,0.0,0.0,0.0,0.0,0.0,0.0,0.0,0.0,0.0,2.0,0.0,2.0,2774.0,0.0,1.0,0.0,2.0
429,0,1,1300,1300,1024,1024,0,0,16,0,32,64,__amd_rocclr_copyBuffer,12740207233581,12740207236467,430,22,246834.0,2146.0,246834.0,0.0,15.0,1568.0,0.0,0.0,3872.0,3872.0,0.0,0.0,4.0,0.0,0.0,0.0,0.0,0.0,0.0,0.0,0.0,0.0,0.0,0.0,0.0,0.0,0.0,0.0,0.0,0.0,0.0,0.0,0.0,0.0,0.0,0.0,0.0,0.0,0.0,0.0,0.0,0.0,0.0,0.0,0.0,0.0,0.0,0.0,0.0,0.0,0.0,0.0,0.0,0.0,0.0,0.0,0.0,0.0,0.0,0.0,0.0,0.0,0.0,0.0,0.0,0.0,0.0,0.0,0.0,0.0,0.0,0.0,0.0,0.0,0.0,0.0,0.0,0.0,0.0,0.0,0.0,0.0,0.0,0.0,0.0,0.0,0.0,0.0,0.0,0.0,0.0,0.0,0.0,0.0,0.0,0.0,0.0,0.0,0.0,0.0,0.0,0.0,0.0,0.0,0.0,0.0,0.0,0.0,0.0,0.0,0.0,0.0,0.0,0.0,0.0,0.0,0.0,0.0,0.0,0.0,0.0,0.0,0.0,0.0,0.0,0.0,0.0,0.0,0.0,0.0,0.0,0.0,0.0,0.0,0.0,0.0,0.0,0.0,0.0,0.0,0.0,0.0,0.0,0.0,0.0,0.0,0.0,4.0,4.0,0.0,0.0,5.0,3.0,0.0,4.0,4.0,0.0,0.0,0.0,0.0,0.0,0.0,0.0,0.0,0.0,0.0,0.0,0.0,0.0,0.0,0.0,0.0,0.0,0.0,0.0,0.0,0.0,0.0,0.0,0.0,0.0,0.0,0.0,0.0,0.0,0.0,0.0,0.0,0.0,0.0,0.0,0.0,0.0,0.0,0.0,0.0,0.0,0.0,0.0,0.0,0.0,0.0,0.0,0.0,0.0,0.0,0.0,0.0,0.0,0.0,0.0,0.0,0.0,0.0,0.0,0.0,0.0,0.0,0.0,0.0,0.0,0.0,0.0,0.0,0.0,0.0,0.0,0.0,0.0,0.0,0.0,0.0,0.0,0.0,0.0,0.0,0.0,0.0,0.0,0.0,0.0,0.0,0.0,0.0,0.0,0.0,0.0,0.0,0.0,0.0,0.0,0.0,0.0,0.0,0.0,0.0,0.0,0.0,0.0,0.0,0.0,0.0,0.0,0.0,0.0,0.0,0.0,0.0,2.0,0.0,2.0,2729.0,0.0,1.0,0.0,2.0
430,0,1,1300,1300,1024,1024,0,0,16,0,32,64,__amd_rocclr_copyBuffer,12740207623866,12740207626793,431,22,239830.0,2146.0,239830.0,0.0,15.0,1645.0,0.0,0.0,3778.0,3778.0,0.0,0.0,4.0,0.0,0.0,0.0,0.0,0.0,0.0,0.0,0.0,0.0,0.0,0.0,0.0,0.0,0.0,0.0,0.0,0.0,0.0,0.0,0.0,0.0,0.0,0.0,0.0,0.0,0.0,0.0,0.0,0.0,0.0,0.0,0.0,0.0,0.0,0.0,0.0,0.0,0.0,0.0,0.0,0.0,0.0,0.0,0.0,0.0,0.0,0.0,0.0,0.0,0.0,0.0,0.0,0.0,0.0,0.0,0.0,0.0,0.0,0.0,0.0,0.0,0.0,0.0,0.0,0.0,0.0,0.0,0.0,0.0,0.0,0.0,0.0,0.0,0.0,0.0,0.0,0.0,0.0,0.0,0.0,0.0,0.0,0.0,0.0,0.0,0.0,0.0,0.0,0.0,0.0,0.0,0.0,0.0,0.0,0.0,0.0,0.0,0.0,0.0,0.0,0.0,0.0,0.0,0.0,0.0,0.0,0.0,0.0,0.0,0.0,0.0,0.0,0.0,0.0,0.0,0.0,0.0,0.0,0.0,0.0,0.0,0.0,0.0,0.0,0.0,0.0,0.0,0.0,0.0,0.0,0.0,0.0,0.0,0.0,4.0,4.0,0.0,0.0,5.0,3.0,0.0,4.0,4.0,0.0,0.0,0.0,0.0,0.0,0.0,0.0,0.0,0.0,0.0,0.0,0.0,0.0,0.0,0.0,0.0,0.0,0.0,0.0,0.0,0.0,0.0,0.0,0.0,0.0,0.0,0.0,0.0,0.0,0.0,0.0,0.0,0.0,0.0,0.0,0.0,0.0,0.0,0.0,0.0,0.0,0.0,0.0,0.0,0.0,0.0,0.0,0.0,0.0,0.0,0.0,0.0,0.0,0.0,0.0,0.0,0.0,0.0,0.0,0.0,0.0,0.0,0.0,0.0,0.0,0.0,0.0,0.0,0.0,0.0,0.0,0.0,0.0,0.0,0.0,0.0,0.0,0.0,0.0,0.0,0.0,0.0,0.0,0.0,0.0,0.0,0.0,0.0,0.0,0.0,0.0,0.0,0.0,0.0,0.0,0.0,0.0,0.0,0.0,0.0,0.0,0.0,0.0,0.0,0.0,0.0,0.0,0.0,0.0,0.0,0.0,0.0,2.0,0.0,2.0,2689.0,0.0,1.0,0.0,2.0
431,0,1,1300,1300,1024,1024,0,0,16,0,32,64,__amd_rocclr_copyBuffer,12740208014353,12740208017199,432,22,243623.0,2146.0,243623.0,0.0,15.0,1545.0,0.0,0.0,3932.0,3932.0,0.0,0.0,4.0,0.0,0.0,0.0,0.0,0.0,0.0,0.0,0.0,0.0,0.0,0.0,0.0,0.0,0.0,0.0,0.0,0.0,0.0,0.0,0.0,0.0,0.0,0.0,0.0,0.0,0.0,0.0,0.0,0.0,0.0,0.0,0.0,0.0,0.0,0.0,0.0,0.0,0.0,0.0,0.0,0.0,0.0,0.0,0.0,0.0,0.0,0.0,0.0,0.0,0.0,0.0,0.0,0.0,0.0,0.0,0.0,0.0,0.0,0.0,0.0,0.0,0.0,0.0,0.0,0.0,0.0,0.0,0.0,0.0,0.0,0.0,0.0,0.0,0.0,0.0,0.0,0.0,0.0,0.0,0.0,0.0,0.0,0.0,0.0,0.0,0.0,0.0,0.0,0.0,0.0,0.0,0.0,0.0,0.0,0.0,0.0,0.0,0.0,0.0,0.0,0.0,0.0,0.0,0.0,0.0,0.0,0.0,0.0,0.0,0.0,0.0,0.0,0.0,0.0,0.0,0.0,0.0,0.0,0.0,0.0,0.0,0.0,0.0,0.0,0.0,0.0,0.0,0.0,0.0,0.0,0.0,0.0,0.0,0.0,4.0,4.0,0.0,0.0,5.0,3.0,0.0,4.0,4.0,0.0,0.0,0.0,0.0,0.0,0.0,0.0,0.0,0.0,0.0,0.0,0.0,0.0,0.0,0.0,0.0,0.0,0.0,0.0,0.0,0.0,0.0,0.0,0.0,0.0,0.0,0.0,0.0,0.0,0.0,0.0,0.0,0.0,0.0,0.0,0.0,0.0,0.0,0.0,0.0,0.0,0.0,0.0,0.0,0.0,0.0,0.0,0.0,0.0,0.0,0.0,0.0,0.0,0.0,0.0,0.0,0.0,0.0,0.0,0.0,0.0,0.0,0.0,0.0,0.0,0.0,0.0,0.0,0.0,0.0,0.0,0.0,0.0,0.0,0.0,0.0,0.0,0.0,0.0,0.0,0.0,0.0,0.0,0.0,0.0,0.0,0.0,0.0,0.0,0.0,0.0,0.0,0.0,0.0,0.0,0.0,0.0,0.0,0.0,0.0,0.0,0.0,0.0,0.0,0.0,0.0,0.0,0.0,0.0,0.0,0.0,0.0,2.0,0.0,2.0,2762.0,0.0,1.0,0.0,2.0
432,0,1,1300,1300,512,512,0,0,16,0,32,64,__amd_rocclr_copyBuffer,12740208403637,12740208408568,433,22,281188.0,2146.0,281188.0,0.0,7.0,2581.0,0.0,0.0,12283.0,12283.0,0.0,0.0,12.0,0.0,0.0,0.0,0.0,0.0,0.0,0.0,0.0,0.0,0.0,0.0,0.0,0.0,0.0,0.0,0.0,0.0,0.0,0.0,0.0,0.0,0.0,0.0,0.0,0.0,0.0,0.0,0.0,0.0,0.0,0.0,0.0,0.0,0.0,0.0,0.0,0.0,0.0,0.0,0.0,0.0,0.0,0.0,0.0,0.0,0.0,0.0,0.0,0.0,0.0,0.0,0.0,0.0,0.0,0.0,0.0,0.0,0.0,0.0,0.0,0.0,0.0,0.0,0.0,0.0,0.0,0.0,0.0,0.0,0.0,0.0,0.0,0.0,0.0,0.0,0.0,0.0,0.0,0.0,0.0,0.0,0.0,0.0,0.0,0.0,0.0,0.0,0.0,0.0,0.0,0.0,0.0,0.0,0.0,0.0,0.0,0.0,0.0,0.0,0.0,0.0,0.0,0.0,0.0,0.0,0.0,0.0,0.0,0.0,0.0,0.0,0.0,0.0,0.0,0.0,0.0,0.0,0.0,0.0,0.0,0.0,0.0,0.0,0.0,0.0,0.0,0.0,0.0,0.0,0.0,0.0,0.0,0.0,0.0,5.0,4.0,0.0,0.0,4.0,3.0,0.0,4.0,10.0,0.0,0.0,0.0,0.0,0.0,0.0,0.0,0.0,0.0,0.0,0.0,0.0,0.0,0.0,0.0,0.0,0.0,0.0,0.0,0.0,0.0,0.0,0.0,0.0,0.0,0.0,0.0,0.0,0.0,0.0,0.0,0.0,0.0,0.0,0.0,0.0,0.0,0.0,0.0,0.0,0.0,0.0,0.0,0.0,0.0,0.0,0.0,0.0,0.0,0.0,0.0,0.0,0.0,0.0,0.0,0.0,0.0,0.0,0.0,0.0,0.0,0.0,0.0,0.0,0.0,0.0,0.0,0.0,0.0,0.0,0.0,0.0,0.0,0.0,0.0,0.0,0.0,0.0,0.0,0.0,0.0,0.0,0.0,0.0,0.0,0.0,0.0,0.0,0.0,0.0,0.0,0.0,0.0,0.0,0.0,0.0,0.0,0.0,0.0,0.0,0.0,0.0,0.0,0.0,0.0,0.0,0.0,0.0,0.0,0.0,0.0,0.0,0.0,0.0,6.0,7070.0,0.0,1.0,0.0,6.0
433,0,1,1300,1300,512,512,0,0,16,0,32,64,__amd_rocclr_copyBuffer,12740208794684,12740208797370,434,22,240301.0,2146.0,240301.0,0.0,7.0,1292.0,0.0,0.0,1545.0,1545.0,0.0,0.0,2.0,0.0,0.0,0.0,0.0,0.0,0.0,0.0,0.0,0.0,0.0,0.0,0.0,0.0,0.0,0.0,0.0,0.0,0.0,0.0,0.0,0.0,0.0,0.0,0.0,0.0,0.0,0.0,0.0,0.0,0.0,0.0,0.0,0.0,0.0,0.0,0.0,0.0,0.0,0.0,0.0,0.0,0.0,0.0,0.0,0.0,0.0,0.0,0.0,0.0,0.0,0.0,0.0,0.0,0.0,0.0,0.0,0.0,0.0,0.0,0.0,0.0,0.0,0.0,0.0,0.0,0.0,0.0,0.0,0.0,0.0,0.0,0.0,0.0,0.0,0.0,0.0,0.0,0.0,0.0,0.0,0.0,0.0,0.0,0.0,0.0,0.0,0.0,0.0,0.0,0.0,0.0,0.0,0.0,0.0,0.0,0.0,0.0,0.0,0.0,0.0,0.0,0.0,0.0,0.0,0.0,0.0,0.0,0.0,0.0,0.0,0.0,0.0,0.0,0.0,0.0,0.0,0.0,0.0,0.0,0.0,0.0,0.0,0.0,0.0,0.0,0.0,0.0,0.0,0.0,0.0,0.0,0.0,0.0,1.0,4.0,4.0,0.0,0.0,4.0,3.0,0.0,4.0,4.0,0.0,0.0,0.0,0.0,0.0,0.0,0.0,0.0,0.0,0.0,0.0,0.0,0.0,0.0,0.0,0.0,0.0,0.0,0.0,0.0,0.0,0.0,0.0,0.0,0.0,0.0,0.0,0.0,0.0,0.0,0.0,0.0,0.0,0.0,0.0,0.0,0.0,0.0,0.0,0.0,0.0,0.0,0.0,0.0,0.0,0.0,0.0,0.0,0.0,0.0,0.0,0.0,0.0,0.0,0.0,0.0,0.0,0.0,0.0,0.0,0.0,0.0,0.0,0.0,0.0,0.0,0.0,0.0,0.0,0.0,0.0,0.0,0.0,0.0,0.0,0.0,0.0,0.0,0.0,0.0,0.0,0.0,0.0,0.0,0.0,0.0,0.0,0.0,0.0,0.0,0.0,0.0,0.0,0.0,0.0,0.0,0.0,0.0,0.0,0.0,0.0,0.0,0.0,0.0,0.0,0.0,0.0,0.0,0.0,1.0,0.0,0.0,0.0,0.0,1.0,1553.0,0.0,1.0,0.0,1.0
434,0,1,1300,1300,512,512,0,0,16,0,32,64,__amd_rocclr_copyBuffer,12740209183206,12740209185612,435,22,232602.0,2146.0,232602.0,0.0,7.0,1243.0,0.0,0.0,1622.0,1622.0,0.0,0.0,2.0,0.0,0.0,0.0,0.0,0.0,0.0,0.0,0.0,0.0,0.0,0.0,0.0,0.0,0.0,0.0,0.0,0.0,0.0,0.0,0.0,0.0,0.0,0.0,0.0,0.0,0.0,0.0,0.0,0.0,0.0,0.0,0.0,0.0,0.0,0.0,0.0,0.0,0.0,0.0,0.0,0.0,0.0,0.0,0.0,0.0,0.0,0.0,0.0,0.0,0.0,0.0,0.0,0.0,0.0,0.0,0.0,0.0,0.0,0.0,0.0,0.0,0.0,0.0,0.0,0.0,0.0,0.0,0.0,0.0,0.0,0.0,0.0,0.0,0.0,0.0,0.0,0.0,0.0,0.0,0.0,0.0,0.0,0.0,0.0,0.0,0.0,0.0,0.0,0.0,0.0,0.0,0.0,0.0,0.0,0.0,0.0,0.0,0.0,0.0,0.0,0.0,0.0,0.0,0.0,0.0,0.0,0.0,0.0,0.0,0.0,0.0,0.0,0.0,0.0,0.0,0.0,0.0,0.0,0.0,0.0,0.0,0.0,0.0,0.0,0.0,0.0,0.0,0.0,0.0,0.0,0.0,0.0,0.0,1.0,4.0,4.0,0.0,0.0,4.0,3.0,0.0,4.0,4.0,0.0,0.0,0.0,0.0,0.0,0.0,0.0,0.0,0.0,0.0,0.0,0.0,0.0,0.0,0.0,0.0,0.0,0.0,0.0,0.0,0.0,0.0,0.0,0.0,0.0,0.0,0.0,0.0,0.0,0.0,0.0,0.0,0.0,0.0,0.0,0.0,0.0,0.0,0.0,0.0,0.0,0.0,0.0,0.0,0.0,0.0,0.0,0.0,0.0,0.0,0.0,0.0,0.0,0.0,0.0,0.0,0.0,0.0,0.0,0.0,0.0,0.0,0.0,0.0,0.0,0.0,0.0,0.0,0.0,0.0,0.0,0.0,0.0,0.0,0.0,0.0,0.0,0.0,0.0,0.0,0.0,0.0,0.0,0.0,0.0,0.0,0.0,0.0,0.0,0.0,0.0,0.0,0.0,0.0,0.0,0.0,0.0,0.0,0.0,0.0,0.0,0.0,0.0,0.0,0.0,0.0,0.0,0.0,0.0,1.0,0.0,0.0,0.0,0.0,1.0,1638.0,0.0,1.0,0.0,1.0
435,0,1,1300,1300,512,512,0,0,16,0,32,64,__amd_rocclr_copyBuffer,12740209570606,12740209573091,436,22,244498.0,2146.0,244498.0,0.0,7.0,1261.0,0.0,0.0,1778.0,1778.0,0.0,0.0,2.0,0.0,0.0,0.0,0.0,0.0,0.0,0.0,0.0,0.0,0.0,0.0,0.0,0.0,0.0,0.0,0.0,0.0,0.0,0.0,0.0,0.0,0.0,0.0,0.0,0.0,0.0,0.0,0.0,0.0,0.0,0.0,0.0,0.0,0.0,0.0,0.0,0.0,0.0,0.0,0.0,0.0,0.0,0.0,0.0,0.0,0.0,0.0,0.0,0.0,0.0,0.0,0.0,0.0,0.0,0.0,0.0,0.0,0.0,0.0,0.0,0.0,0.0,0.0,0.0,0.0,0.0,0.0,0.0,0.0,0.0,0.0,0.0,0.0,0.0,0.0,0.0,0.0,0.0,0.0,0.0,0.0,0.0,0.0,0.0,0.0,0.0,0.0,0.0,0.0,0.0,0.0,0.0,0.0,0.0,0.0,0.0,0.0,0.0,0.0,0.0,0.0,0.0,0.0,0.0,0.0,0.0,0.0,0.0,0.0,0.0,0.0,0.0,0.0,0.0,0.0,0.0,0.0,0.0,0.0,0.0,0.0,0.0,0.0,0.0,0.0,0.0,0.0,0.0,0.0,0.0,0.0,0.0,0.0,1.0,4.0,4.0,0.0,0.0,4.0,3.0,0.0,4.0,4.0,0.0,0.0,0.0,0.0,0.0,0.0,0.0,0.0,0.0,0.0,0.0,0.0,0.0,0.0,0.0,0.0,0.0,0.0,0.0,0.0,0.0,0.0,0.0,0.0,0.0,0.0,0.0,0.0,0.0,0.0,0.0,0.0,0.0,0.0,0.0,0.0,0.0,0.0,0.0,0.0,0.0,0.0,0.0,0.0,0.0,0.0,0.0,0.0,0.0,0.0,0.0,0.0,0.0,0.0,0.0,0.0,0.0,0.0,0.0,0.0,0.0,0.0,0.0,0.0,0.0,0.0,0.0,0.0,0.0,0.0,0.0,0.0,0.0,0.0,0.0,0.0,0.0,0.0,0.0,0.0,0.0,0.0,0.0,0.0,0.0,0.0,0.0,0.0,0.0,0.0,0.0,0.0,0.0,0.0,0.0,0.0,0.0,0.0,0.0,0.0,0.0,0.0,0.0,0.0,0.0,0.0,0.0,0.0,0.0,1.0,0.0,0.0,0.0,0.0,1.0,1782.0,0.0,1.0,0.0,1.0
436,0,1,1300,1300,1024,1024,0,0,16,0,32,64,__amd_rocclr_copyBuffer,12740209960250,12740209963658,437,22,254251.0,2146.0,254251.0,0.0,15.0,1835.0,0.0,0.0,5961.0,5961.0,0.0,0.0,6.0,0.0,0.0,0.0,0.0,0.0,0.0,0.0,0.0,0.0,0.0,0.0,0.0,0.0,0.0,0.0,0.0,0.0,0.0,0.0,0.0,0.0,0.0,0.0,0.0,0.0,0.0,0.0,0.0,0.0,0.0,0.0,0.0,0.0,0.0,0.0,0.0,0.0,0.0,0.0,0.0,0.0,0.0,0.0,0.0,0.0,0.0,0.0,0.0,0.0,0.0,0.0,0.0,0.0,0.0,0.0,0.0,0.0,0.0,0.0,0.0,0.0,0.0,0.0,0.0,0.0,0.0,0.0,0.0,0.0,0.0,0.0,0.0,0.0,0.0,0.0,0.0,0.0,0.0,0.0,0.0,0.0,0.0,0.0,0.0,0.0,0.0,0.0,0.0,0.0,0.0,0.0,0.0,0.0,0.0,0.0,0.0,0.0,0.0,0.0,0.0,0.0,0.0,0.0,0.0,0.0,0.0,0.0,0.0,0.0,0.0,0.0,0.0,0.0,0.0,0.0,0.0,0.0,0.0,0.0,0.0,0.0,0.0,0.0,0.0,0.0,0.0,0.0,0.0,0.0,0.0,0.0,0.0,0.0,0.0,4.0,4.0,0.0,0.0,4.0,3.0,0.0,7.0,5.0,0.0,0.0,0.0,0.0,0.0,0.0,0.0,0.0,0.0,0.0,0.0,0.0,0.0,0.0,0.0,0.0,0.0,0.0,0.0,0.0,0.0,0.0,0.0,0.0,0.0,0.0,0.0,0.0,0.0,0.0,0.0,0.0,0.0,0.0,0.0,0.0,0.0,0.0,0.0,0.0,0.0,0.0,0.0,0.0,0.0,0.0,0.0,0.0,0.0,0.0,0.0,0.0,0.0,0.0,0.0,0.0,0.0,0.0,0.0,0.0,0.0,0.0,0.0,0.0,0.0,0.0,0.0,0.0,0.0,0.0,0.0,0.0,0.0,0.0,0.0,0.0,0.0,0.0,0.0,0.0,0.0,0.0,0.0,0.0,0.0,0.0,0.0,0.0,0.0,0.0,0.0,0.0,0.0,0.0,0.0,0.0,0.0,0.0,0.0,0.0,0.0,0.0,0.0,0.0,0.0,0.0,0.0,0.0,0.0,0.0,0.0,0.0,0.0,0.0,3.0,3930.0,0.0,1.0,0.0,3.0
437,0,1,1300,1300,512,512,0,0,16,0,32,64,__amd_rocclr_copyBuffer,12740210349374,12740210351739,438,22,239572.0,2146.0,239572.0,0.0,7.0,1231.0,0.0,0.0,1598.0,1598.0,0.0,0.0,2.0,0.0,0.0,0.0,0.0,0.0,0.0,0.0,0.0,0.0,0.0,0.0,0.0,0.0,0.0,0.0,0.0,0.0,0.0,0.0,0.0,0.0,0.0,0.0,0.0,0.0,0.0,0.0,0.0,0.0,0.0,0.0,0.0,0.0,0.0,0.0,0.0,0.0,0.0,0.0,0.0,0.0,0.0,0.0,0.0,0.0,0.0,0.0,0.0,0.0,0.0,0.0,0.0,0.0,0.0,0.0,0.0,0.0,0.0,0.0,0.0,0.0,0.0,0.0,0.0,0.0,0.0,0.0,0.0,0.0,0.0,0.0,0.0,0.0,0.0,0.0,0.0,0.0,0.0,0.0,0.0,0.0,0.0,0.0,0.0,0.0,0.0,0.0,0.0,0.0,0.0,0.0,0.0,0.0,0.0,0.0,0.0,0.0,0.0,0.0,0.0,0.0,0.0,0.0,0.0,0.0,0.0,0.0,0.0,0.0,0.0,0.0,0.0,0.0,0.0,0.0,0.0,0.0,0.0,0.0,0.0,0.0,0.0,0.0,0.0,0.0,0.0,0.0,0.0,0.0,0.0,0.0,0.0,0.0,1.0,4.0,4.0,0.0,0.0,4.0,3.0,0.0,4.0,4.0,0.0,0.0,0.0,0.0,0.0,0.0,0.0,0.0,0.0,0.0,0.0,0.0,0.0,0.0,0.0,0.0,0.0,0.0,0.0,0.0,0.0,0.0,0.0,0.0,0.0,0.0,0.0,0.0,0.0,0.0,0.0,0.0,0.0,0.0,0.0,0.0,0.0,0.0,0.0,0.0,0.0,0.0,0.0,0.0,0.0,0.0,0.0,0.0,0.0,0.0,0.0,0.0,0.0,0.0,0.0,0.0,0.0,0.0,0.0,0.0,0.0,0.0,0.0,0.0,0.0,0.0,0.0,0.0,0.0,0.0,0.0,0.0,0.0,0.0,0.0,0.0,0.0,0.0,0.0,0.0,0.0,0.0,0.0,0.0,0.0,0.0,0.0,0.0,0.0,0.0,0.0,0.0,0.0,0.0,0.0,0.0,0.0,0.0,0.0,0.0,0.0,0.0,0.0,0.0,0.0,0.0,0.0,0.0,0.0,1.0,0.0,0.0,0.0,0.0,1.0,1605.0,0.0,1.0,0.0,1.0
438,0,1,1300,1300,512,512,0,0,16,0,32,64,__amd_rocclr_copyBuffer,12740210737495,12740210741664,439,22,272868.0,2146.0,272868.0,0.0,7.0,1279.0,0.0,0.0,1687.0,1687.0,0.0,0.0,2.0,0.0,0.0,0.0,0.0,0.0,0.0,0.0,0.0,0.0,0.0,0.0,0.0,0.0,0.0,0.0,0.0,0.0,0.0,0.0,0.0,0.0,0.0,0.0,0.0,0.0,0.0,0.0,0.0,0.0,0.0,0.0,0.0,0.0,0.0,0.0,0.0,0.0,0.0,0.0,0.0,0.0,0.0,0.0,0.0,0.0,0.0,0.0,0.0,0.0,0.0,0.0,0.0,0.0,0.0,0.0,0.0,0.0,0.0,0.0,0.0,0.0,0.0,0.0,0.0,0.0,0.0,0.0,0.0,0.0,0.0,0.0,0.0,0.0,0.0,0.0,0.0,0.0,0.0,0.0,0.0,0.0,0.0,0.0,0.0,0.0,0.0,0.0,0.0,0.0,0.0,0.0,0.0,0.0,0.0,0.0,0.0,0.0,0.0,0.0,0.0,0.0,0.0,0.0,0.0,0.0,0.0,0.0,0.0,0.0,0.0,0.0,0.0,0.0,0.0,0.0,0.0,0.0,0.0,0.0,0.0,0.0,0.0,0.0,0.0,0.0,0.0,0.0,0.0,0.0,0.0,0.0,0.0,0.0,1.0,4.0,4.0,0.0,0.0,4.0,3.0,0.0,4.0,4.0,0.0,0.0,0.0,0.0,0.0,0.0,0.0,0.0,0.0,0.0,0.0,0.0,0.0,0.0,0.0,0.0,0.0,0.0,0.0,0.0,0.0,0.0,0.0,0.0,0.0,0.0,0.0,0.0,0.0,0.0,0.0,0.0,0.0,0.0,0.0,0.0,0.0,0.0,0.0,0.0,0.0,0.0,0.0,0.0,0.0,0.0,0.0,0.0,0.0,0.0,0.0,0.0,0.0,0.0,0.0,0.0,0.0,0.0,0.0,0.0,0.0,0.0,0.0,0.0,0.0,0.0,0.0,0.0,0.0,0.0,0.0,0.0,0.0,0.0,0.0,0.0,0.0,0.0,0.0,0.0,0.0,0.0,0.0,0.0,0.0,0.0,0.0,0.0,0.0,0.0,0.0,0.0,0.0,0.0,0.0,0.0,0.0,0.0,0.0,0.0,0.0,0.0,0.0,0.0,0.0,0.0,0.0,0.0,0.0,1.0,0.0,0.0,0.0,0.0,1.0,1702.0,0.0,1.0,0.0,1.0
439,0,1,1300,1300,512,512,0,0,16,0,32,64,__amd_rocclr_copyBuffer,12740211126578,12740211128943,440,22,229737.0,2146.0,229737.0,0.0,7.0,1244.0,0.0,0.0,1721.0,1721.0,0.0,0.0,2.0,0.0,0.0,0.0,0.0,0.0,0.0,0.0,0.0,0.0,0.0,0.0,0.0,0.0,0.0,0.0,0.0,0.0,0.0,0.0,0.0,0.0,0.0,0.0,0.0,0.0,0.0,0.0,0.0,0.0,0.0,0.0,0.0,0.0,0.0,0.0,0.0,0.0,0.0,0.0,0.0,0.0,0.0,0.0,0.0,0.0,0.0,0.0,0.0,0.0,0.0,0.0,0.0,0.0,0.0,0.0,0.0,0.0,0.0,0.0,0.0,0.0,0.0,0.0,0.0,0.0,0.0,0.0,0.0,0.0,0.0,0.0,0.0,0.0,0.0,0.0,0.0,0.0,0.0,0.0,0.0,0.0,0.0,0.0,0.0,0.0,0.0,0.0,0.0,0.0,0.0,0.0,0.0,0.0,0.0,0.0,0.0,0.0,0.0,0.0,0.0,0.0,0.0,0.0,0.0,0.0,0.0,0.0,0.0,0.0,0.0,0.0,0.0,0.0,0.0,0.0,0.0,0.0,0.0,0.0,0.0,0.0,0.0,0.0,0.0,0.0,0.0,0.0,0.0,0.0,0.0,0.0,0.0,0.0,1.0,4.0,4.0,0.0,0.0,4.0,3.0,0.0,4.0,4.0,0.0,0.0,0.0,0.0,0.0,0.0,0.0,0.0,0.0,0.0,0.0,0.0,0.0,0.0,0.0,0.0,0.0,0.0,0.0,0.0,0.0,0.0,0.0,0.0,0.0,0.0,0.0,0.0,0.0,0.0,0.0,0.0,0.0,0.0,0.0,0.0,0.0,0.0,0.0,0.0,0.0,0.0,0.0,0.0,0.0,0.0,0.0,0.0,0.0,0.0,0.0,0.0,0.0,0.0,0.0,0.0,0.0,0.0,0.0,0.0,0.0,0.0,0.0,0.0,0.0,0.0,0.0,0.0,0.0,0.0,0.0,0.0,0.0,0.0,0.0,0.0,0.0,0.0,0.0,0.0,0.0,0.0,0.0,0.0,0.0,0.0,0.0,0.0,0.0,0.0,0.0,0.0,0.0,0.0,0.0,0.0,0.0,0.0,0.0,0.0,0.0,0.0,0.0,0.0,0.0,0.0,0.0,0.0,0.0,1.0,0.0,0.0,0.0,0.0,1.0,1726.0,0.0,1.0,0.0,1.0
440,0,1,1300,1300,512,512,0,0,16,0,32,64,__amd_rocclr_copyBuffer,12740211515661,12740211520713,441,22,286379.0,2146.0,286379.0,0.0,7.0,2603.0,0.0,0.0,12372.0,12372.0,0.0,0.0,12.0,0.0,0.0,0.0,0.0,0.0,0.0,0.0,0.0,0.0,0.0,0.0,0.0,0.0,0.0,0.0,0.0,0.0,0.0,0.0,0.0,0.0,0.0,0.0,0.0,0.0,0.0,0.0,0.0,0.0,0.0,0.0,0.0,0.0,0.0,0.0,0.0,0.0,0.0,0.0,0.0,0.0,0.0,0.0,0.0,0.0,0.0,0.0,0.0,0.0,0.0,0.0,0.0,0.0,0.0,0.0,0.0,0.0,0.0,0.0,0.0,0.0,0.0,0.0,0.0,0.0,0.0,0.0,0.0,0.0,0.0,0.0,0.0,0.0,0.0,0.0,0.0,0.0,0.0,0.0,0.0,0.0,0.0,0.0,0.0,0.0,0.0,0.0,0.0,0.0,0.0,0.0,0.0,0.0,0.0,0.0,0.0,0.0,0.0,0.0,0.0,0.0,0.0,0.0,0.0,0.0,0.0,0.0,0.0,0.0,0.0,0.0,0.0,0.0,0.0,0.0,0.0,0.0,0.0,0.0,0.0,0.0,0.0,0.0,0.0,0.0,0.0,0.0,0.0,0.0,0.0,1.0,0.0,0.0,0.0,4.0,4.0,0.0,0.0,4.0,9.0,0.0,4.0,4.0,0.0,0.0,0.0,0.0,0.0,0.0,0.0,0.0,0.0,0.0,0.0,0.0,0.0,0.0,0.0,0.0,0.0,0.0,0.0,0.0,0.0,0.0,0.0,0.0,0.0,0.0,0.0,0.0,0.0,0.0,0.0,0.0,0.0,0.0,0.0,0.0,0.0,0.0,0.0,0.0,0.0,0.0,0.0,0.0,0.0,0.0,0.0,0.0,0.0,0.0,0.0,0.0,0.0,0.0,0.0,0.0,0.0,0.0,0.0,0.0,0.0,0.0,0.0,0.0,0.0,0.0,0.0,0.0,0.0,0.0,0.0,0.0,0.0,0.0,0.0,0.0,0.0,0.0,0.0,0.0,0.0,0.0,0.0,0.0,0.0,0.0,0.0,0.0,0.0,0.0,0.0,0.0,0.0,0.0,0.0,0.0,0.0,0.0,0.0,0.0,0.0,0.0,0.0,0.0,0.0,0.0,0.0,0.0,0.0,0.0,0.0,0.0,0.0,0.0,6.0,7134.0,0.0,1.0,0.0,6.0
441,0,1,1300,1300,512,512,0,0,16,0,32,64,__amd_rocclr_copyBuffer,12740211910557,12740211913484,442,22,259775.0,2146.0,259775.0,0.0,7.0,1246.0,0.0,0.0,1602.0,1602.0,0.0,0.0,2.0,0.0,0.0,0.0,0.0,0.0,0.0,0.0,0.0,0.0,0.0,0.0,0.0,0.0,0.0,0.0,0.0,0.0,0.0,0.0,0.0,0.0,0.0,0.0,0.0,0.0,0.0,0.0,0.0,0.0,0.0,0.0,0.0,0.0,0.0,0.0,0.0,0.0,0.0,0.0,0.0,0.0,0.0,0.0,0.0,0.0,0.0,0.0,0.0,0.0,0.0,0.0,0.0,0.0,0.0,0.0,0.0,0.0,0.0,0.0,0.0,0.0,0.0,0.0,0.0,0.0,0.0,0.0,0.0,0.0,0.0,0.0,0.0,0.0,0.0,0.0,0.0,0.0,0.0,0.0,0.0,0.0,0.0,0.0,0.0,0.0,0.0,0.0,0.0,0.0,0.0,0.0,0.0,0.0,0.0,0.0,0.0,0.0,0.0,0.0,0.0,0.0,0.0,0.0,0.0,0.0,0.0,0.0,0.0,0.0,0.0,0.0,0.0,0.0,0.0,0.0,0.0,0.0,0.0,0.0,0.0,0.0,0.0,0.0,0.0,0.0,0.0,0.0,0.0,0.0,0.0,0.0,1.0,0.0,1.0,4.0,4.0,1.0,0.0,4.0,3.0,0.0,4.0,4.0,0.0,0.0,1.0,0.0,0.0,0.0,0.0,0.0,0.0,0.0,0.0,0.0,0.0,0.0,1.0,0.0,0.0,0.0,1.0,0.0,0.0,0.0,0.0,0.0,0.0,0.0,0.0,1.0,0.0,0.0,0.0,0.0,1.0,0.0,0.0,0.0,1.0,0.0,0.0,0.0,0.0,1.0,0.0,0.0,0.0,0.0,0.0,0.0,0.0,0.0,0.0,0.0,0.0,1.0,0.0,0.0,0.0,0.0,0.0,0.0,0.0,0.0,1.0,0.0,0.0,0.0,0.0,1.0,0.0,0.0,0.0,0.0,0.0,0.0,0.0,0.0,0.0,0.0,0.0,1.0,0.0,0.0,0.0,0.0,0.0,1.0,0.0,0.0,0.0,0.0,0.0,0.0,0.0,0.0,1.0,0.0,0.0,0.0,0.0,0.0,0.0,0.0,0.0,0.0,0.0,0.0,1.0,0.0,0.0,1.0,0.0,0.0,0.0,0.0,1.0,1609.0,0.0,1.0,0.0,1.0
442,0,1,1300,1300,512,512,0,0,16,0,32,64,__amd_rocclr_copyBuffer,12740212301725,12740212304171,443,22,239802.0,2146.0,239802.0,0.0,7.0,1303.0,0.0,0.0,1642.0,1642.0,0.0,0.0,2.0,0.0,0.0,0.0,0.0,0.0,0.0,0.0,0.0,0.0,0.0,0.0,0.0,0.0,0.0,0.0,0.0,0.0,0.0,0.0,0.0,0.0,0.0,0.0,0.0,0.0,0.0,0.0,0.0,0.0,0.0,0.0,0.0,0.0,0.0,0.0,0.0,0.0,0.0,0.0,0.0,0.0,0.0,0.0,0.0,0.0,0.0,0.0,0.0,0.0,0.0,0.0,0.0,0.0,0.0,0.0,0.0,0.0,0.0,0.0,0.0,0.0,0.0,0.0,0.0,0.0,0.0,0.0,0.0,0.0,0.0,0.0,0.0,0.0,0.0,0.0,0.0,0.0,0.0,0.0,0.0,0.0,0.0,0.0,0.0,0.0,0.0,0.0,0.0,0.0,0.0,0.0,0.0,0.0,0.0,0.0,0.0,0.0,0.0,0.0,0.0,0.0,0.0,0.0,0.0,0.0,0.0,0.0,0.0,0.0,0.0,0.0,0.0,0.0,0.0,0.0,0.0,0.0,0.0,0.0,0.0,0.0,0.0,0.0,0.0,0.0,0.0,0.0,0.0,0.0,0.0,0.0,0.0,0.0,1.0,4.0,4.0,0.0,0.0,4.0,3.0,0.0,4.0,4.0,0.0,0.0,0.0,0.0,0.0,0.0,0.0,0.0,0.0,0.0,0.0,0.0,0.0,0.0,0.0,0.0,0.0,0.0,0.0,0.0,0.0,0.0,0.0,0.0,0.0,0.0,0.0,0.0,0.0,0.0,0.0,0.0,0.0,0.0,0.0,0.0,0.0,0.0,0.0,0.0,0.0,0.0,0.0,0.0,0.0,0.0,0.0,0.0,0.0,0.0,0.0,0.0,0.0,0.0,0.0,0.0,0.0,0.0,0.0,0.0,0.0,0.0,0.0,0.0,0.0,0.0,0.0,0.0,0.0,0.0,0.0,0.0,0.0,0.0,0.0,0.0,0.0,0.0,0.0,0.0,0.0,0.0,0.0,0.0,0.0,0.0,0.0,0.0,0.0,0.0,0.0,0.0,0.0,0.0,0.0,0.0,0.0,0.0,0.0,0.0,0.0,0.0,0.0,0.0,0.0,0.0,0.0,0.0,0.0,1.0,0.0,0.0,0.0,0.0,1.0,1658.0,0.0,1.0,0.0,1.0
443,0,1,1300,1300,512,512,0,0,16,0,32,64,__amd_rocclr_copyBuffer,12740212689165,12740212691530,444,22,239739.0,2146.0,239739.0,0.0,7.0,1250.0,0.0,0.0,1729.0,1729.0,0.0,0.0,2.0,0.0,0.0,0.0,0.0,0.0,0.0,0.0,0.0,0.0,0.0,0.0,0.0,0.0,0.0,0.0,0.0,0.0,0.0,0.0,0.0,0.0,0.0,0.0,0.0,0.0,0.0,0.0,0.0,0.0,0.0,0.0,0.0,0.0,0.0,0.0,0.0,0.0,0.0,0.0,0.0,0.0,0.0,0.0,0.0,0.0,0.0,0.0,0.0,0.0,0.0,0.0,0.0,0.0,0.0,0.0,0.0,0.0,0.0,0.0,0.0,0.0,0.0,0.0,0.0,0.0,0.0,0.0,0.0,0.0,0.0,0.0,0.0,0.0,0.0,0.0,0.0,0.0,0.0,0.0,0.0,0.0,0.0,0.0,0.0,0.0,0.0,0.0,0.0,0.0,0.0,0.0,0.0,0.0,0.0,0.0,0.0,0.0,0.0,0.0,0.0,0.0,0.0,0.0,0.0,0.0,0.0,0.0,0.0,0.0,0.0,0.0,0.0,0.0,0.0,0.0,0.0,0.0,0.0,0.0,0.0,0.0,0.0,0.0,0.0,0.0,0.0,0.0,0.0,0.0,0.0,0.0,0.0,0.0,1.0,4.0,4.0,0.0,0.0,4.0,3.0,0.0,4.0,4.0,0.0,0.0,0.0,0.0,0.0,0.0,0.0,0.0,0.0,0.0,0.0,0.0,0.0,0.0,0.0,0.0,0.0,0.0,0.0,0.0,0.0,0.0,0.0,0.0,0.0,0.0,0.0,0.0,0.0,0.0,0.0,0.0,0.0,0.0,0.0,0.0,0.0,0.0,0.0,0.0,0.0,0.0,0.0,0.0,0.0,0.0,0.0,0.0,0.0,0.0,0.0,0.0,0.0,0.0,0.0,0.0,0.0,0.0,0.0,0.0,0.0,0.0,0.0,0.0,0.0,0.0,0.0,0.0,0.0,0.0,0.0,0.0,0.0,0.0,0.0,0.0,0.0,0.0,0.0,0.0,0.0,0.0,0.0,0.0,0.0,0.0,0.0,0.0,0.0,0.0,0.0,0.0,0.0,0.0,0.0,0.0,0.0,0.0,0.0,0.0,0.0,0.0,0.0,0.0,0.0,0.0,0.0,0.0,0.0,1.0,0.0,0.0,0.0,0.0,1.0,1734.0,0.0,1.0,0.0,1.0
444,0,1,1300,1300,1024,1024,0,0,16,0,32,64,__amd_rocclr_copyBuffer,12740213078529,12740213081937,445,22,254613.0,2146.0,254613.0,0.0,15.0,1804.0,0.0,0.0,5950.0,5950.0,0.0,0.0,6.0,0.0,0.0,0.0,0.0,0.0,0.0,0.0,0.0,0.0,0.0,0.0,0.0,0.0,0.0,0.0,0.0,0.0,0.0,0.0,0.0,0.0,0.0,0.0,0.0,0.0,0.0,0.0,0.0,0.0,0.0,0.0,0.0,0.0,0.0,0.0,0.0,0.0,0.0,0.0,0.0,0.0,0.0,0.0,0.0,0.0,0.0,0.0,0.0,0.0,0.0,0.0,0.0,0.0,0.0,0.0,0.0,0.0,0.0,0.0,0.0,0.0,0.0,0.0,0.0,0.0,0.0,0.0,0.0,0.0,0.0,0.0,0.0,0.0,0.0,0.0,0.0,0.0,0.0,0.0,0.0,0.0,0.0,0.0,0.0,0.0,0.0,0.0,0.0,0.0,0.0,0.0,0.0,0.0,0.0,0.0,0.0,0.0,0.0,0.0,0.0,0.0,0.0,0.0,0.0,0.0,0.0,0.0,0.0,0.0,0.0,0.0,0.0,0.0,0.0,0.0,0.0,0.0,0.0,0.0,0.0,0.0,0.0,0.0,0.0,0.0,0.0,0.0,0.0,0.0,0.0,0.0,0.0,0.0,0.0,4.0,4.0,0.0,0.0,7.0,3.0,0.0,4.0,4.0,0.0,0.0,0.0,0.0,0.0,0.0,0.0,0.0,0.0,0.0,0.0,0.0,0.0,0.0,0.0,0.0,0.0,0.0,0.0,0.0,0.0,0.0,0.0,0.0,0.0,0.0,0.0,0.0,0.0,0.0,0.0,0.0,0.0,0.0,0.0,0.0,0.0,0.0,0.0,0.0,0.0,0.0,0.0,0.0,0.0,0.0,0.0,0.0,0.0,0.0,0.0,0.0,0.0,0.0,0.0,0.0,0.0,0.0,0.0,0.0,0.0,0.0,0.0,0.0,0.0,0.0,0.0,0.0,0.0,0.0,0.0,0.0,0.0,0.0,0.0,0.0,0.0,0.0,0.0,0.0,0.0,0.0,0.0,0.0,0.0,0.0,0.0,0.0,0.0,0.0,0.0,0.0,0.0,0.0,0.0,0.0,0.0,0.0,0.0,0.0,0.0,0.0,0.0,0.0,0.0,0.0,0.0,0.0,0.0,0.0,0.0,0.0,1.0,0.0,3.0,3990.0,0.0,1.0,0.0,3.0
445,0,1,1300,1300,512,512,0,0,16,0,32,64,__amd_rocclr_copyBuffer,12740213466971,12740213469256,446,22,234177.0,2146.0,234177.0,0.0,7.0,1272.0,0.0,0.0,1610.0,1610.0,0.0,0.0,2.0,0.0,0.0,0.0,0.0,0.0,0.0,0.0,0.0,0.0,0.0,0.0,0.0,0.0,0.0,0.0,0.0,0.0,0.0,0.0,0.0,0.0,0.0,0.0,0.0,0.0,0.0,0.0,0.0,0.0,0.0,0.0,0.0,0.0,0.0,0.0,0.0,0.0,0.0,0.0,0.0,0.0,0.0,0.0,0.0,0.0,0.0,0.0,0.0,0.0,0.0,0.0,0.0,0.0,0.0,0.0,0.0,0.0,0.0,0.0,0.0,0.0,0.0,0.0,0.0,0.0,0.0,0.0,0.0,0.0,0.0,0.0,0.0,0.0,0.0,0.0,0.0,0.0,0.0,0.0,0.0,0.0,0.0,0.0,0.0,0.0,0.0,0.0,0.0,0.0,0.0,0.0,0.0,0.0,0.0,0.0,0.0,0.0,0.0,0.0,0.0,0.0,0.0,0.0,0.0,0.0,0.0,0.0,0.0,0.0,0.0,0.0,0.0,0.0,0.0,0.0,0.0,0.0,0.0,0.0,0.0,0.0,0.0,0.0,0.0,0.0,0.0,0.0,0.0,0.0,0.0,0.0,0.0,0.0,1.0,4.0,4.0,0.0,0.0,4.0,3.0,0.0,4.0,4.0,0.0,0.0,0.0,0.0,0.0,0.0,0.0,0.0,0.0,0.0,0.0,0.0,0.0,0.0,0.0,0.0,0.0,0.0,0.0,0.0,0.0,0.0,0.0,0.0,0.0,0.0,0.0,0.0,0.0,0.0,0.0,0.0,0.0,0.0,0.0,0.0,0.0,0.0,0.0,0.0,0.0,0.0,0.0,0.0,0.0,0.0,0.0,0.0,0.0,0.0,0.0,0.0,0.0,0.0,0.0,0.0,0.0,0.0,0.0,0.0,0.0,0.0,0.0,0.0,0.0,0.0,0.0,0.0,0.0,0.0,0.0,0.0,0.0,0.0,0.0,0.0,0.0,0.0,0.0,0.0,0.0,0.0,0.0,0.0,0.0,0.0,0.0,0.0,0.0,0.0,0.0,0.0,0.0,0.0,0.0,0.0,0.0,0.0,0.0,0.0,0.0,0.0,0.0,0.0,0.0,0.0,0.0,0.0,0.0,1.0,0.0,0.0,0.0,0.0,1.0,1617.0,0.0,1.0,0.0,1.0
446,0,1,1300,1300,512,512,0,0,16,0,32,64,__amd_rocclr_copyBuffer,12740213854811,12740213857176,447,22,234332.0,2146.0,234332.0,0.0,7.0,1259.0,0.0,0.0,1651.0,1651.0,0.0,0.0,2.0,0.0,0.0,0.0,0.0,0.0,0.0,0.0,0.0,0.0,0.0,0.0,0.0,0.0,0.0,0.0,0.0,0.0,0.0,0.0,0.0,0.0,0.0,0.0,0.0,0.0,0.0,0.0,0.0,0.0,0.0,0.0,0.0,0.0,0.0,0.0,0.0,0.0,0.0,0.0,0.0,0.0,0.0,0.0,0.0,0.0,0.0,0.0,0.0,0.0,0.0,0.0,0.0,0.0,0.0,0.0,0.0,0.0,0.0,0.0,0.0,0.0,0.0,0.0,0.0,0.0,0.0,0.0,0.0,0.0,0.0,0.0,0.0,0.0,0.0,0.0,0.0,0.0,0.0,0.0,0.0,0.0,0.0,0.0,0.0,0.0,0.0,0.0,0.0,0.0,0.0,0.0,0.0,0.0,0.0,0.0,0.0,0.0,0.0,0.0,0.0,0.0,0.0,0.0,0.0,0.0,0.0,0.0,0.0,0.0,0.0,0.0,0.0,0.0,0.0,0.0,0.0,0.0,0.0,0.0,0.0,0.0,0.0,0.0,0.0,0.0,0.0,0.0,0.0,0.0,0.0,0.0,0.0,0.0,1.0,4.0,4.0,0.0,0.0,4.0,3.0,0.0,4.0,4.0,0.0,0.0,0.0,0.0,0.0,0.0,0.0,0.0,0.0,0.0,0.0,0.0,0.0,0.0,0.0,0.0,0.0,0.0,0.0,0.0,0.0,0.0,0.0,0.0,0.0,0.0,0.0,0.0,0.0,0.0,0.0,0.0,0.0,0.0,0.0,0.0,0.0,0.0,0.0,0.0,0.0,0.0,0.0,0.0,0.0,0.0,0.0,0.0,0.0,0.0,0.0,0.0,0.0,0.0,0.0,0.0,0.0,0.0,0.0,0.0,0.0,0.0,0.0,0.0,0.0,0.0,0.0,0.0,0.0,0.0,0.0,0.0,0.0,0.0,0.0,0.0,0.0,0.0,0.0,0.0,0.0,0.0,0.0,0.0,0.0,0.0,0.0,0.0,0.0,0.0,0.0,0.0,0.0,0.0,0.0,0.0,0.0,0.0,0.0,0.0,0.0,0.0,0.0,0.0,0.0,0.0,0.0,0.0,0.0,1.0,0.0,0.0,0.0,0.0,1.0,1666.0,0.0,1.0,0.0,1.0
447,0,1,1300,1300,512,512,0,0,16,0,32,64,__amd_rocclr_copyBuffer,12740214244696,12740214246981,448,22,236139.0,2146.0,236139.0,0.0,7.0,1175.0,0.0,0.0,1486.0,1486.0,0.0,0.0,2.0,0.0,0.0,0.0,0.0,0.0,0.0,0.0,0.0,0.0,0.0,0.0,0.0,0.0,0.0,0.0,0.0,0.0,0.0,0.0,0.0,0.0,0.0,0.0,0.0,0.0,0.0,0.0,0.0,0.0,0.0,0.0,0.0,0.0,0.0,0.0,0.0,0.0,0.0,0.0,0.0,0.0,0.0,0.0,0.0,0.0,0.0,0.0,0.0,0.0,0.0,0.0,0.0,0.0,0.0,0.0,0.0,0.0,0.0,0.0,0.0,0.0,0.0,0.0,0.0,0.0,0.0,0.0,0.0,0.0,0.0,0.0,0.0,0.0,0.0,0.0,0.0,0.0,0.0,0.0,0.0,0.0,0.0,0.0,0.0,0.0,0.0,0.0,0.0,0.0,0.0,0.0,0.0,0.0,0.0,0.0,0.0,0.0,0.0,0.0,0.0,0.0,0.0,0.0,0.0,0.0,0.0,0.0,0.0,0.0,0.0,0.0,0.0,0.0,0.0,0.0,0.0,0.0,0.0,0.0,0.0,0.0,0.0,0.0,0.0,0.0,0.0,0.0,0.0,0.0,0.0,0.0,0.0,0.0,1.0,4.0,4.0,0.0,0.0,4.0,3.0,0.0,4.0,4.0,0.0,0.0,0.0,0.0,0.0,0.0,0.0,0.0,0.0,0.0,0.0,0.0,0.0,0.0,0.0,0.0,0.0,0.0,0.0,0.0,0.0,0.0,0.0,0.0,0.0,0.0,0.0,0.0,0.0,0.0,0.0,0.0,0.0,0.0,0.0,0.0,0.0,0.0,0.0,0.0,0.0,0.0,0.0,0.0,0.0,0.0,0.0,0.0,0.0,0.0,0.0,0.0,0.0,0.0,0.0,0.0,0.0,0.0,0.0,0.0,0.0,0.0,0.0,0.0,0.0,0.0,0.0,0.0,0.0,0.0,0.0,0.0,0.0,0.0,0.0,0.0,0.0,0.0,0.0,0.0,0.0,0.0,0.0,0.0,0.0,0.0,0.0,0.0,0.0,0.0,0.0,0.0,0.0,0.0,0.0,0.0,0.0,0.0,0.0,0.0,0.0,0.0,0.0,0.0,0.0,0.0,0.0,0.0,0.0,1.0,0.0,0.0,0.0,0.0,1.0,1494.0,0.0,1.0,0.0,1.0
448,0,1,1300,1300,512,512,0,0,16,0,32,64,__amd_rocclr_copyBuffer,12740214632777,12740214637788,449,22,281238.0,2146.0,281238.0,0.0,7.0,2591.0,0.0,0.0,12376.0,12376.0,0.0,0.0,12.0,0.0,0.0,0.0,0.0,0.0,0.0,0.0,0.0,0.0,0.0,0.0,0.0,0.0,0.0,0.0,0.0,0.0,0.0,0.0,0.0,0.0,0.0,0.0,0.0,0.0,0.0,0.0,0.0,0.0,0.0,0.0,0.0,0.0,0.0,0.0,0.0,0.0,0.0,0.0,0.0,0.0,0.0,0.0,0.0,0.0,0.0,0.0,0.0,0.0,0.0,0.0,0.0,0.0,0.0,0.0,0.0,0.0,0.0,0.0,0.0,0.0,0.0,0.0,0.0,0.0,0.0,0.0,0.0,0.0,0.0,0.0,0.0,0.0,0.0,0.0,0.0,0.0,0.0,0.0,0.0,0.0,0.0,0.0,0.0,0.0,0.0,0.0,0.0,0.0,0.0,0.0,0.0,0.0,0.0,0.0,0.0,0.0,0.0,0.0,0.0,0.0,0.0,0.0,0.0,0.0,0.0,0.0,0.0,0.0,0.0,0.0,0.0,0.0,0.0,0.0,0.0,0.0,0.0,0.0,0.0,0.0,0.0,0.0,0.0,0.0,0.0,0.0,0.0,0.0,0.0,0.0,0.0,0.0,0.0,5.0,4.0,0.0,6.0,4.0,3.0,0.0,4.0,4.0,0.0,0.0,0.0,0.0,0.0,0.0,0.0,0.0,0.0,0.0,0.0,0.0,0.0,0.0,0.0,0.0,0.0,0.0,0.0,0.0,0.0,0.0,0.0,0.0,0.0,0.0,0.0,0.0,0.0,0.0,0.0,0.0,0.0,0.0,0.0,0.0,0.0,0.0,0.0,0.0,0.0,0.0,0.0,0.0,0.0,0.0,0.0,0.0,0.0,0.0,0.0,0.0,0.0,0.0,0.0,0.0,0.0,0.0,0.0,0.0,0.0,0.0,0.0,0.0,0.0,0.0,0.0,0.0,0.0,0.0,0.0,0.0,0.0,0.0,0.0,0.0,0.0,0.0,0.0,0.0,0.0,0.0,0.0,0.0,0.0,0.0,0.0,0.0,0.0,0.0,0.0,0.0,0.0,0.0,0.0,0.0,0.0,0.0,0.0,0.0,0.0,0.0,0.0,0.0,0.0,0.0,0.0,0.0,0.0,0.0,0.0,0.0,0.0,0.0,6.0,7150.0,0.0,1.0,0.0,6.0
449,0,1,1300,1300,512,512,0,0,16,0,32,64,__amd_rocclr_copyBuffer,12740215023825,12740215026190,450,22,240758.0,2146.0,240758.0,0.0,7.0,1256.0,0.0,0.0,1622.0,1622.0,0.0,0.0,2.0,0.0,0.0,0.0,0.0,0.0,0.0,0.0,0.0,0.0,0.0,0.0,0.0,0.0,0.0,0.0,0.0,0.0,0.0,0.0,0.0,0.0,0.0,0.0,0.0,0.0,0.0,0.0,0.0,0.0,0.0,0.0,0.0,0.0,0.0,0.0,0.0,0.0,0.0,0.0,0.0,0.0,0.0,0.0,0.0,0.0,0.0,0.0,0.0,0.0,0.0,0.0,0.0,0.0,0.0,0.0,0.0,0.0,0.0,0.0,0.0,0.0,0.0,0.0,0.0,0.0,0.0,0.0,0.0,0.0,0.0,0.0,0.0,0.0,0.0,0.0,0.0,0.0,0.0,0.0,0.0,0.0,0.0,0.0,0.0,0.0,0.0,0.0,0.0,0.0,0.0,0.0,0.0,0.0,0.0,0.0,0.0,0.0,0.0,0.0,0.0,0.0,0.0,0.0,0.0,0.0,0.0,0.0,0.0,0.0,0.0,0.0,0.0,0.0,0.0,0.0,0.0,0.0,0.0,0.0,0.0,0.0,0.0,0.0,0.0,0.0,0.0,0.0,0.0,0.0,0.0,0.0,0.0,0.0,1.0,4.0,4.0,0.0,0.0,4.0,3.0,0.0,4.0,4.0,0.0,0.0,0.0,0.0,0.0,0.0,0.0,0.0,0.0,0.0,0.0,0.0,0.0,0.0,0.0,0.0,0.0,0.0,0.0,0.0,0.0,0.0,0.0,0.0,0.0,0.0,0.0,0.0,0.0,0.0,0.0,0.0,0.0,0.0,0.0,0.0,0.0,0.0,0.0,0.0,0.0,0.0,0.0,0.0,0.0,0.0,0.0,0.0,0.0,0.0,0.0,0.0,0.0,0.0,0.0,0.0,0.0,0.0,0.0,0.0,0.0,0.0,0.0,0.0,0.0,0.0,0.0,0.0,0.0,0.0,0.0,0.0,0.0,0.0,0.0,0.0,0.0,0.0,0.0,0.0,0.0,0.0,0.0,0.0,0.0,0.0,0.0,0.0,0.0,0.0,0.0,0.0,0.0,0.0,0.0,0.0,0.0,0.0,0.0,0.0,0.0,0.0,0.0,0.0,0.0,0.0,0.0,0.0,0.0,1.0,0.0,0.0,0.0,0.0,1.0,1629.0,0.0,1.0,0.0,1.0
450,0,1,1300,1300,512,512,0,0,16,0,32,64,__amd_rocclr_copyBuffer,12740215411826,12740215414231,451,22,238874.0,2146.0,238874.0,0.0,7.0,1263.0,0.0,0.0,1658.0,1658.0,0.0,0.0,2.0,0.0,0.0,0.0,0.0,0.0,0.0,0.0,0.0,0.0,0.0,0.0,0.0,0.0,0.0,0.0,0.0,0.0,0.0,0.0,0.0,0.0,0.0,0.0,0.0,0.0,0.0,0.0,0.0,0.0,0.0,0.0,0.0,0.0,0.0,0.0,0.0,0.0,0.0,0.0,0.0,0.0,0.0,0.0,0.0,0.0,0.0,0.0,0.0,0.0,0.0,0.0,0.0,0.0,0.0,0.0,0.0,0.0,0.0,0.0,0.0,0.0,0.0,0.0,0.0,0.0,0.0,0.0,0.0,0.0,0.0,0.0,0.0,0.0,0.0,0.0,0.0,0.0,0.0,0.0,0.0,0.0,0.0,0.0,0.0,0.0,0.0,0.0,0.0,0.0,0.0,0.0,0.0,0.0,0.0,0.0,0.0,0.0,0.0,0.0,0.0,0.0,0.0,0.0,0.0,0.0,0.0,0.0,0.0,0.0,0.0,0.0,0.0,0.0,0.0,0.0,0.0,0.0,0.0,0.0,0.0,0.0,0.0,0.0,0.0,0.0,0.0,0.0,0.0,0.0,0.0,0.0,0.0,0.0,1.0,4.0,4.0,0.0,0.0,4.0,3.0,0.0,4.0,4.0,0.0,0.0,0.0,0.0,0.0,0.0,0.0,0.0,0.0,0.0,0.0,0.0,0.0,0.0,0.0,0.0,0.0,0.0,0.0,0.0,0.0,0.0,0.0,0.0,0.0,0.0,0.0,0.0,0.0,0.0,0.0,0.0,0.0,0.0,0.0,0.0,0.0,0.0,0.0,0.0,0.0,0.0,0.0,0.0,0.0,0.0,0.0,0.0,0.0,0.0,0.0,0.0,0.0,0.0,0.0,0.0,0.0,0.0,0.0,0.0,0.0,0.0,0.0,0.0,0.0,0.0,0.0,0.0,0.0,0.0,0.0,0.0,0.0,0.0,0.0,0.0,0.0,0.0,0.0,0.0,0.0,0.0,0.0,0.0,0.0,0.0,0.0,0.0,0.0,0.0,0.0,0.0,0.0,0.0,0.0,0.0,0.0,0.0,0.0,0.0,0.0,0.0,0.0,0.0,0.0,0.0,0.0,0.0,0.0,1.0,0.0,0.0,0.0,0.0,1.0,1674.0,0.0,1.0,0.0,1.0
451,0,1,1300,1300,512,512,0,0,16,0,32,64,__amd_rocclr_copyBuffer,12740215799225,12740215801590,452,22,246201.0,2146.0,246201.0,0.0,7.0,1230.0,0.0,0.0,1677.0,1677.0,0.0,0.0,2.0,0.0,0.0,0.0,0.0,0.0,0.0,0.0,0.0,0.0,0.0,0.0,0.0,0.0,0.0,0.0,0.0,0.0,0.0,0.0,0.0,0.0,0.0,0.0,0.0,0.0,0.0,0.0,0.0,0.0,0.0,0.0,0.0,0.0,0.0,0.0,0.0,0.0,0.0,0.0,0.0,0.0,0.0,0.0,0.0,0.0,0.0,0.0,0.0,0.0,0.0,0.0,0.0,0.0,0.0,0.0,0.0,0.0,0.0,0.0,0.0,0.0,0.0,0.0,0.0,0.0,0.0,0.0,0.0,0.0,0.0,0.0,0.0,0.0,0.0,0.0,0.0,0.0,0.0,0.0,0.0,0.0,0.0,0.0,0.0,0.0,0.0,0.0,0.0,0.0,0.0,0.0,0.0,0.0,0.0,0.0,0.0,0.0,0.0,0.0,0.0,0.0,0.0,0.0,0.0,0.0,0.0,0.0,0.0,0.0,0.0,0.0,0.0,0.0,0.0,0.0,0.0,0.0,0.0,0.0,0.0,0.0,0.0,0.0,0.0,0.0,0.0,0.0,0.0,0.0,0.0,0.0,0.0,0.0,1.0,4.0,4.0,0.0,0.0,4.0,3.0,0.0,4.0,4.0,0.0,0.0,0.0,0.0,0.0,0.0,0.0,0.0,0.0,0.0,0.0,0.0,0.0,0.0,0.0,0.0,0.0,0.0,0.0,0.0,0.0,0.0,0.0,0.0,0.0,0.0,0.0,0.0,0.0,0.0,0.0,0.0,0.0,0.0,0.0,0.0,0.0,0.0,0.0,0.0,0.0,0.0,0.0,0.0,0.0,0.0,0.0,0.0,0.0,0.0,0.0,0.0,0.0,0.0,0.0,0.0,0.0,0.0,0.0,0.0,0.0,0.0,0.0,0.0,0.0,0.0,0.0,0.0,0.0,0.0,0.0,0.0,0.0,0.0,0.0,0.0,0.0,0.0,0.0,0.0,0.0,0.0,0.0,0.0,0.0,0.0,0.0,0.0,0.0,0.0,0.0,0.0,0.0,0.0,0.0,0.0,0.0,0.0,0.0,0.0,0.0,0.0,0.0,0.0,0.0,0.0,0.0,0.0,0.0,1.0,0.0,0.0,0.0,0.0,1.0,1682.0,0.0,1.0,0.0,1.0
452,0,1,1300,1300,1024,1024,0,0,16,0,32,64,__amd_rocclr_copyBuffer,12740216190152,12740216193560,453,22,255188.0,2146.0,255188.0,0.0,15.0,1854.0,0.0,0.0,6007.0,6007.0,0.0,0.0,6.0,0.0,0.0,0.0,0.0,0.0,0.0,0.0,0.0,0.0,0.0,0.0,0.0,0.0,0.0,0.0,0.0,0.0,0.0,0.0,0.0,0.0,0.0,0.0,0.0,0.0,0.0,0.0,0.0,0.0,0.0,0.0,0.0,0.0,0.0,0.0,0.0,0.0,0.0,0.0,0.0,0.0,0.0,0.0,0.0,0.0,0.0,0.0,0.0,0.0,0.0,0.0,0.0,0.0,0.0,0.0,0.0,0.0,0.0,0.0,0.0,0.0,0.0,0.0,0.0,0.0,0.0,0.0,0.0,0.0,0.0,0.0,0.0,0.0,0.0,0.0,0.0,0.0,0.0,0.0,0.0,0.0,0.0,0.0,0.0,0.0,0.0,0.0,0.0,0.0,0.0,0.0,0.0,0.0,0.0,0.0,0.0,0.0,0.0,0.0,0.0,0.0,0.0,0.0,0.0,0.0,0.0,0.0,0.0,0.0,0.0,0.0,0.0,0.0,0.0,0.0,0.0,0.0,0.0,0.0,0.0,0.0,0.0,0.0,0.0,0.0,0.0,0.0,0.0,0.0,0.0,0.0,0.0,0.0,0.0,4.0,4.0,3.0,0.0,4.0,3.0,0.0,4.0,5.0,0.0,0.0,0.0,0.0,0.0,0.0,0.0,0.0,0.0,0.0,0.0,0.0,0.0,0.0,0.0,0.0,0.0,0.0,0.0,0.0,0.0,0.0,0.0,0.0,0.0,0.0,0.0,0.0,0.0,0.0,0.0,0.0,0.0,0.0,0.0,0.0,0.0,0.0,0.0,0.0,0.0,0.0,0.0,0.0,0.0,0.0,0.0,0.0,0.0,0.0,0.0,0.0,0.0,0.0,0.0,0.0,0.0,0.0,0.0,0.0,0.0,0.0,0.0,0.0,0.0,0.0,0.0,0.0,0.0,0.0,0.0,0.0,0.0,0.0,0.0,0.0,0.0,0.0,0.0,0.0,0.0,0.0,0.0,0.0,0.0,0.0,0.0,0.0,0.0,0.0,0.0,0.0,0.0,0.0,0.0,0.0,0.0,0.0,0.0,0.0,0.0,0.0,0.0,0.0,0.0,0.0,0.0,0.0,0.0,0.0,0.0,0.0,0.0,0.0,3.0,3990.0,0.0,1.0,0.0,3.0
453,0,1,1300,1300,512,512,0,0,16,0,32,64,__amd_rocclr_copyBuffer,12740216579115,12740216581481,454,22,240245.0,2146.0,240245.0,0.0,7.0,1235.0,0.0,0.0,1626.0,1626.0,0.0,0.0,2.0,0.0,0.0,0.0,0.0,0.0,0.0,0.0,0.0,0.0,0.0,0.0,0.0,0.0,0.0,0.0,0.0,0.0,0.0,0.0,0.0,0.0,0.0,0.0,0.0,0.0,0.0,0.0,0.0,0.0,0.0,0.0,0.0,0.0,0.0,0.0,0.0,0.0,0.0,0.0,0.0,0.0,0.0,0.0,0.0,0.0,0.0,0.0,0.0,0.0,0.0,0.0,0.0,0.0,0.0,0.0,0.0,0.0,0.0,0.0,0.0,0.0,0.0,0.0,0.0,0.0,0.0,0.0,0.0,0.0,0.0,0.0,0.0,0.0,0.0,0.0,0.0,0.0,0.0,0.0,0.0,0.0,0.0,0.0,0.0,0.0,0.0,0.0,0.0,0.0,0.0,0.0,0.0,0.0,0.0,0.0,0.0,0.0,0.0,0.0,0.0,0.0,0.0,0.0,0.0,0.0,0.0,0.0,0.0,0.0,0.0,0.0,0.0,0.0,0.0,0.0,0.0,0.0,0.0,0.0,0.0,0.0,0.0,0.0,0.0,0.0,0.0,0.0,0.0,0.0,0.0,0.0,0.0,0.0,1.0,4.0,4.0,0.0,0.0,4.0,3.0,0.0,4.0,4.0,0.0,0.0,0.0,0.0,0.0,0.0,0.0,0.0,0.0,0.0,0.0,0.0,0.0,0.0,0.0,0.0,0.0,0.0,0.0,0.0,0.0,0.0,0.0,0.0,0.0,0.0,0.0,0.0,0.0,0.0,0.0,0.0,0.0,0.0,0.0,0.0,0.0,0.0,0.0,0.0,0.0,0.0,0.0,0.0,0.0,0.0,0.0,0.0,0.0,0.0,0.0,0.0,0.0,0.0,0.0,0.0,0.0,0.0,0.0,0.0,0.0,0.0,0.0,0.0,0.0,0.0,0.0,0.0,0.0,0.0,0.0,0.0,0.0,0.0,0.0,0.0,0.0,0.0,0.0,0.0,0.0,0.0,0.0,0.0,0.0,0.0,0.0,0.0,0.0,0.0,0.0,0.0,0.0,0.0,0.0,0.0,0.0,0.0,0.0,0.0,0.0,0.0,0.0,0.0,0.0,0.0,0.0,0.0,0.0,1.0,0.0,0.0,0.0,0.0,1.0,1633.0,0.0,1.0,0.0,1.0
454,0,1,1300,1300,512,512,0,0,16,0,32,64,__amd_rocclr_copyBuffer,12740216967357,12740216969762,455,22,243207.0,2146.0,243207.0,0.0,7.0,1272.0,0.0,0.0,1723.0,1723.0,0.0,0.0,2.0,0.0,0.0,0.0,0.0,0.0,0.0,0.0,0.0,0.0,0.0,0.0,0.0,0.0,0.0,0.0,0.0,0.0,0.0,0.0,0.0,0.0,0.0,0.0,0.0,0.0,0.0,0.0,0.0,0.0,0.0,0.0,0.0,0.0,0.0,0.0,0.0,0.0,0.0,0.0,0.0,0.0,0.0,0.0,0.0,0.0,0.0,0.0,0.0,0.0,0.0,0.0,0.0,0.0,0.0,0.0,0.0,0.0,0.0,0.0,0.0,0.0,0.0,0.0,0.0,0.0,0.0,0.0,0.0,0.0,0.0,0.0,0.0,0.0,0.0,0.0,0.0,0.0,0.0,0.0,0.0,0.0,0.0,0.0,0.0,0.0,0.0,0.0,0.0,0.0,0.0,0.0,0.0,0.0,0.0,0.0,0.0,0.0,0.0,0.0,0.0,0.0,0.0,0.0,0.0,0.0,0.0,0.0,0.0,0.0,0.0,0.0,0.0,0.0,0.0,0.0,0.0,0.0,0.0,0.0,0.0,0.0,0.0,0.0,0.0,0.0,0.0,0.0,0.0,0.0,0.0,0.0,0.0,0.0,1.0,4.0,4.0,0.0,0.0,4.0,3.0,0.0,4.0,4.0,0.0,0.0,0.0,0.0,0.0,0.0,0.0,0.0,0.0,0.0,0.0,0.0,0.0,0.0,0.0,0.0,0.0,0.0,0.0,0.0,0.0,0.0,0.0,0.0,0.0,0.0,0.0,0.0,0.0,0.0,0.0,0.0,0.0,0.0,0.0,0.0,0.0,0.0,0.0,0.0,0.0,0.0,0.0,0.0,0.0,0.0,0.0,0.0,0.0,0.0,0.0,0.0,0.0,0.0,0.0,0.0,0.0,0.0,0.0,0.0,0.0,0.0,0.0,0.0,0.0,0.0,0.0,0.0,0.0,0.0,0.0,0.0,0.0,0.0,0.0,0.0,0.0,0.0,0.0,0.0,0.0,0.0,0.0,0.0,0.0,0.0,0.0,0.0,0.0,0.0,0.0,0.0,0.0,0.0,0.0,0.0,0.0,0.0,0.0,0.0,0.0,0.0,0.0,0.0,0.0,0.0,0.0,0.0,0.0,1.0,0.0,0.0,0.0,0.0,1.0,1738.0,0.0,1.0,0.0,1.0
455,0,1,1300,1300,512,512,0,0,16,0,32,64,__amd_rocclr_copyBuffer,12740217358725,12740217361131,456,22,243523.0,2146.0,243523.0,0.0,9.0,1291.0,0.0,0.0,1677.0,1677.0,0.0,0.0,2.0,0.0,0.0,0.0,0.0,0.0,0.0,0.0,0.0,0.0,0.0,0.0,0.0,0.0,0.0,0.0,0.0,0.0,0.0,0.0,0.0,0.0,0.0,0.0,0.0,0.0,0.0,0.0,0.0,0.0,0.0,0.0,0.0,0.0,0.0,0.0,0.0,0.0,0.0,0.0,0.0,0.0,0.0,0.0,0.0,0.0,0.0,0.0,0.0,0.0,0.0,0.0,0.0,0.0,0.0,0.0,0.0,0.0,0.0,0.0,0.0,0.0,0.0,0.0,0.0,0.0,0.0,0.0,0.0,0.0,0.0,0.0,0.0,0.0,0.0,0.0,0.0,0.0,0.0,0.0,0.0,0.0,0.0,0.0,0.0,0.0,0.0,0.0,0.0,0.0,0.0,0.0,0.0,0.0,0.0,0.0,0.0,0.0,0.0,0.0,0.0,0.0,0.0,0.0,0.0,0.0,0.0,0.0,0.0,0.0,0.0,0.0,0.0,0.0,0.0,0.0,0.0,0.0,0.0,0.0,0.0,0.0,0.0,0.0,0.0,0.0,0.0,0.0,0.0,0.0,0.0,0.0,0.0,0.0,1.0,4.0,4.0,0.0,0.0,4.0,3.0,0.0,4.0,4.0,0.0,0.0,0.0,0.0,0.0,0.0,0.0,0.0,0.0,0.0,0.0,0.0,0.0,0.0,0.0,0.0,0.0,0.0,0.0,0.0,0.0,0.0,0.0,0.0,0.0,0.0,0.0,0.0,0.0,0.0,0.0,0.0,0.0,0.0,0.0,0.0,0.0,0.0,0.0,0.0,0.0,0.0,0.0,0.0,0.0,0.0,0.0,0.0,0.0,0.0,0.0,0.0,0.0,0.0,0.0,0.0,0.0,0.0,0.0,0.0,0.0,0.0,0.0,0.0,0.0,0.0,0.0,0.0,0.0,0.0,0.0,0.0,0.0,0.0,0.0,0.0,0.0,0.0,0.0,0.0,0.0,0.0,0.0,0.0,0.0,0.0,0.0,0.0,0.0,0.0,0.0,0.0,0.0,0.0,0.0,0.0,0.0,0.0,0.0,0.0,0.0,0.0,0.0,0.0,0.0,0.0,0.0,0.0,0.0,1.0,0.0,0.0,0.0,0.0,1.0,1682.0,0.0,1.0,0.0,1.0
456,0,1,1300,1300,512,512,0,0,16,0,32,64,__amd_rocclr_copyBuffer,12740217745162,12740217755065,457,22,365112.0,2146.0,365112.0,0.0,9.0,2593.0,0.0,0.0,12281.0,12281.0,0.0,0.0,12.0,0.0,0.0,0.0,0.0,0.0,0.0,0.0,0.0,0.0,0.0,0.0,0.0,0.0,0.0,0.0,0.0,0.0,0.0,0.0,0.0,0.0,0.0,0.0,0.0,0.0,0.0,0.0,0.0,0.0,0.0,0.0,0.0,0.0,0.0,0.0,0.0,0.0,0.0,0.0,0.0,0.0,0.0,0.0,0.0,0.0,0.0,0.0,0.0,0.0,0.0,0.0,0.0,0.0,0.0,0.0,0.0,0.0,0.0,0.0,0.0,0.0,0.0,0.0,0.0,0.0,0.0,0.0,0.0,0.0,0.0,0.0,0.0,0.0,0.0,0.0,0.0,0.0,0.0,0.0,0.0,0.0,0.0,0.0,0.0,0.0,0.0,0.0,0.0,0.0,0.0,0.0,0.0,0.0,0.0,0.0,0.0,0.0,0.0,0.0,0.0,0.0,0.0,0.0,0.0,0.0,0.0,0.0,0.0,0.0,0.0,0.0,0.0,0.0,0.0,0.0,0.0,0.0,0.0,0.0,0.0,0.0,0.0,0.0,0.0,0.0,0.0,0.0,0.0,0.0,0.0,0.0,0.0,0.0,0.0,4.0,10.0,0.0,0.0,4.0,3.0,0.0,4.0,5.0,0.0,0.0,0.0,0.0,0.0,0.0,0.0,0.0,0.0,0.0,0.0,0.0,0.0,0.0,0.0,0.0,0.0,0.0,0.0,0.0,0.0,0.0,0.0,0.0,0.0,0.0,0.0,0.0,0.0,0.0,0.0,0.0,0.0,0.0,0.0,0.0,0.0,0.0,0.0,0.0,0.0,0.0,0.0,0.0,0.0,0.0,0.0,0.0,0.0,0.0,0.0,0.0,0.0,0.0,0.0,0.0,0.0,0.0,0.0,0.0,0.0,0.0,0.0,0.0,0.0,0.0,0.0,0.0,0.0,0.0,0.0,0.0,0.0,0.0,0.0,0.0,0.0,0.0,0.0,0.0,0.0,0.0,0.0,0.0,0.0,0.0,0.0,0.0,0.0,0.0,0.0,0.0,0.0,0.0,0.0,0.0,0.0,0.0,0.0,0.0,0.0,0.0,0.0,0.0,0.0,0.0,0.0,0.0,0.0,0.0,0.0,0.0,0.0,0.0,6.0,6998.0,0.0,1.0,0.0,6.0
457,0,1,1300,1300,512,512,0,0,16,0,32,64,__amd_rocclr_copyBuffer,12740218145190,12740218147556,458,22,240232.0,2146.0,240232.0,0.0,7.0,1252.0,0.0,0.0,1634.0,1634.0,0.0,0.0,2.0,0.0,0.0,0.0,0.0,0.0,0.0,0.0,0.0,0.0,0.0,0.0,0.0,0.0,0.0,0.0,0.0,0.0,0.0,0.0,0.0,0.0,0.0,0.0,0.0,0.0,0.0,0.0,0.0,0.0,0.0,0.0,0.0,0.0,0.0,0.0,0.0,0.0,0.0,0.0,0.0,0.0,0.0,0.0,0.0,0.0,0.0,0.0,0.0,0.0,0.0,0.0,0.0,0.0,0.0,0.0,0.0,0.0,0.0,0.0,0.0,0.0,0.0,0.0,0.0,0.0,0.0,0.0,0.0,0.0,0.0,0.0,0.0,0.0,0.0,0.0,0.0,0.0,0.0,0.0,0.0,0.0,0.0,0.0,0.0,0.0,0.0,0.0,0.0,0.0,0.0,0.0,0.0,0.0,0.0,0.0,0.0,0.0,0.0,0.0,0.0,0.0,0.0,0.0,0.0,0.0,0.0,0.0,0.0,0.0,0.0,0.0,0.0,0.0,0.0,0.0,0.0,0.0,0.0,0.0,0.0,0.0,0.0,0.0,0.0,0.0,0.0,0.0,0.0,0.0,0.0,0.0,0.0,0.0,1.0,4.0,4.0,0.0,0.0,4.0,3.0,0.0,4.0,4.0,0.0,0.0,0.0,0.0,0.0,0.0,0.0,0.0,0.0,0.0,0.0,0.0,0.0,0.0,0.0,0.0,0.0,0.0,0.0,0.0,0.0,0.0,0.0,0.0,0.0,0.0,0.0,0.0,0.0,0.0,0.0,0.0,0.0,0.0,0.0,0.0,0.0,0.0,0.0,0.0,0.0,0.0,0.0,0.0,0.0,0.0,0.0,0.0,0.0,0.0,0.0,0.0,0.0,0.0,0.0,0.0,0.0,0.0,0.0,0.0,0.0,0.0,0.0,0.0,0.0,0.0,0.0,0.0,0.0,0.0,0.0,0.0,0.0,0.0,0.0,0.0,0.0,0.0,0.0,0.0,0.0,0.0,0.0,0.0,0.0,0.0,0.0,0.0,0.0,0.0,0.0,0.0,0.0,0.0,0.0,0.0,0.0,0.0,0.0,0.0,0.0,0.0,0.0,0.0,0.0,0.0,0.0,0.0,0.0,1.0,0.0,0.0,0.0,0.0,1.0,1641.0,0.0,1.0,0.0,1.0
458,0,1,1300,1300,512,512,0,0,16,0,32,64,__amd_rocclr_copyBuffer,12740218539566,12740218541971,459,22,238296.0,2146.0,238296.0,0.0,7.0,1267.0,0.0,0.0,1671.0,1671.0,0.0,0.0,2.0,0.0,0.0,0.0,0.0,0.0,0.0,0.0,0.0,0.0,0.0,0.0,0.0,0.0,0.0,0.0,0.0,0.0,0.0,0.0,0.0,0.0,0.0,0.0,0.0,0.0,0.0,0.0,0.0,0.0,0.0,0.0,0.0,0.0,0.0,0.0,0.0,0.0,0.0,0.0,0.0,0.0,0.0,0.0,0.0,0.0,0.0,0.0,0.0,0.0,0.0,0.0,0.0,0.0,0.0,0.0,0.0,0.0,0.0,0.0,0.0,0.0,0.0,0.0,0.0,0.0,0.0,0.0,0.0,0.0,0.0,0.0,0.0,0.0,0.0,0.0,0.0,0.0,0.0,0.0,0.0,0.0,0.0,0.0,0.0,0.0,0.0,0.0,0.0,0.0,0.0,0.0,0.0,0.0,0.0,0.0,0.0,0.0,0.0,0.0,0.0,0.0,0.0,0.0,0.0,0.0,0.0,0.0,0.0,0.0,0.0,0.0,0.0,0.0,0.0,0.0,0.0,0.0,0.0,0.0,0.0,0.0,0.0,0.0,0.0,0.0,0.0,0.0,0.0,0.0,0.0,0.0,0.0,0.0,1.0,4.0,4.0,0.0,0.0,4.0,3.0,0.0,4.0,4.0,0.0,0.0,0.0,0.0,0.0,0.0,0.0,0.0,0.0,0.0,0.0,0.0,0.0,0.0,0.0,0.0,0.0,0.0,0.0,0.0,0.0,0.0,0.0,0.0,0.0,0.0,0.0,0.0,0.0,0.0,0.0,0.0,0.0,0.0,0.0,0.0,0.0,0.0,0.0,0.0,0.0,0.0,0.0,0.0,0.0,0.0,0.0,0.0,0.0,0.0,0.0,0.0,0.0,0.0,0.0,0.0,0.0,0.0,0.0,0.0,0.0,0.0,0.0,0.0,0.0,0.0,0.0,0.0,0.0,0.0,0.0,0.0,0.0,0.0,0.0,0.0,0.0,0.0,0.0,0.0,0.0,0.0,0.0,0.0,0.0,0.0,0.0,0.0,0.0,0.0,0.0,0.0,0.0,0.0,0.0,0.0,0.0,0.0,0.0,0.0,0.0,0.0,0.0,0.0,0.0,0.0,0.0,0.0,0.0,1.0,0.0,0.0,0.0,0.0,1.0,1686.0,0.0,1.0,0.0,1.0
459,0,1,1300,1300,512,512,0,0,16,0,32,64,__amd_rocclr_copyBuffer,12740218932017,12740218934943,460,22,275321.0,2146.0,275321.0,0.0,7.0,1245.0,0.0,0.0,1756.0,1756.0,0.0,0.0,2.0,0.0,0.0,0.0,0.0,0.0,0.0,0.0,0.0,0.0,0.0,0.0,0.0,0.0,0.0,0.0,0.0,0.0,0.0,0.0,0.0,0.0,0.0,0.0,0.0,0.0,0.0,0.0,0.0,0.0,0.0,0.0,0.0,0.0,0.0,0.0,0.0,0.0,0.0,0.0,0.0,0.0,0.0,0.0,0.0,0.0,0.0,0.0,0.0,0.0,0.0,0.0,0.0,0.0,0.0,0.0,0.0,0.0,0.0,0.0,0.0,0.0,0.0,0.0,0.0,0.0,0.0,0.0,0.0,0.0,0.0,0.0,0.0,0.0,0.0,0.0,0.0,0.0,0.0,0.0,0.0,0.0,0.0,0.0,0.0,0.0,0.0,0.0,0.0,0.0,0.0,0.0,0.0,0.0,0.0,0.0,0.0,0.0,0.0,0.0,0.0,0.0,0.0,0.0,0.0,0.0,0.0,0.0,0.0,0.0,0.0,0.0,0.0,0.0,0.0,0.0,0.0,0.0,0.0,0.0,0.0,0.0,0.0,0.0,0.0,0.0,0.0,0.0,0.0,0.0,0.0,0.0,0.0,0.0,1.0,4.0,4.0,0.0,1.0,4.0,3.0,0.0,4.0,4.0,0.0,0.0,0.0,1.0,0.0,0.0,0.0,0.0,1.0,0.0,0.0,0.0,1.0,0.0,0.0,0.0,0.0,0.0,0.0,0.0,0.0,0.0,0.0,0.0,1.0,0.0,0.0,0.0,0.0,0.0,0.0,0.0,0.0,1.0,0.0,0.0,0.0,0.0,0.0,0.0,0.0,0.0,1.0,0.0,0.0,0.0,0.0,1.0,0.0,0.0,0.0,1.0,0.0,0.0,0.0,0.0,0.0,0.0,0.0,0.0,1.0,0.0,0.0,0.0,0.0,0.0,0.0,0.0,1.0,0.0,0.0,0.0,0.0,0.0,0.0,0.0,0.0,1.0,0.0,0.0,0.0,0.0,0.0,0.0,0.0,0.0,1.0,0.0,0.0,0.0,0.0,0.0,0.0,0.0,0.0,1.0,0.0,0.0,0.0,0.0,0.0,0.0,0.0,0.0,1.0,0.0,0.0,0.0,0.0,1.0,0.0,0.0,1.0,0.0,1.0,1770.0,0.0,1.0,0.0,1.0
460,0,1,1300,1300,1024,1024,0,0,16,0,32,64,__amd_rocclr_copyBuffer,12740219320498,12740219323826,461,22,253851.0,2146.0,253851.0,0.0,15.0,1749.0,0.0,0.0,5765.0,5765.0,0.0,0.0,6.0,0.0,0.0,0.0,0.0,0.0,0.0,0.0,0.0,0.0,0.0,0.0,0.0,0.0,0.0,0.0,0.0,0.0,0.0,0.0,0.0,0.0,0.0,0.0,0.0,0.0,0.0,0.0,0.0,0.0,0.0,0.0,0.0,0.0,0.0,0.0,0.0,0.0,0.0,0.0,0.0,0.0,0.0,0.0,0.0,0.0,0.0,0.0,0.0,0.0,0.0,0.0,0.0,0.0,0.0,0.0,0.0,0.0,0.0,0.0,0.0,0.0,0.0,0.0,0.0,0.0,0.0,0.0,0.0,0.0,0.0,0.0,0.0,0.0,0.0,0.0,0.0,0.0,0.0,0.0,0.0,0.0,0.0,0.0,0.0,0.0,0.0,0.0,0.0,0.0,0.0,0.0,0.0,0.0,0.0,0.0,0.0,0.0,0.0,0.0,0.0,0.0,0.0,0.0,0.0,0.0,0.0,0.0,0.0,0.0,0.0,0.0,0.0,0.0,0.0,0.0,0.0,0.0,0.0,0.0,0.0,0.0,0.0,0.0,0.0,0.0,0.0,0.0,0.0,0.0,0.0,0.0,0.0,0.0,0.0,8.0,4.0,0.0,0.0,4.0,3.0,0.0,4.0,4.0,0.0,0.0,0.0,0.0,0.0,0.0,0.0,0.0,0.0,0.0,0.0,0.0,0.0,0.0,0.0,0.0,0.0,0.0,0.0,0.0,0.0,0.0,0.0,0.0,0.0,0.0,0.0,0.0,0.0,0.0,0.0,0.0,0.0,0.0,0.0,0.0,0.0,0.0,0.0,0.0,0.0,0.0,0.0,0.0,0.0,0.0,0.0,0.0,0.0,0.0,0.0,0.0,0.0,0.0,0.0,0.0,0.0,0.0,0.0,0.0,0.0,0.0,0.0,0.0,0.0,0.0,0.0,0.0,0.0,0.0,0.0,0.0,0.0,0.0,0.0,0.0,0.0,0.0,0.0,0.0,0.0,0.0,0.0,0.0,0.0,0.0,0.0,0.0,0.0,0.0,0.0,0.0,0.0,0.0,0.0,0.0,0.0,0.0,0.0,0.0,0.0,0.0,0.0,0.0,0.0,0.0,0.0,0.0,0.0,0.0,0.0,0.0,0.0,0.0,3.0,3776.0,0.0,1.0,0.0,3.0
461,0,1,1300,1300,512,512,0,0,16,0,32,64,__amd_rocclr_copyBuffer,12740219707778,12740219710183,462,22,232363.0,2146.0,232363.0,0.0,7.0,1253.0,0.0,0.0,1647.0,1647.0,0.0,0.0,2.0,0.0,0.0,0.0,0.0,0.0,0.0,0.0,0.0,0.0,0.0,0.0,0.0,0.0,0.0,0.0,0.0,0.0,0.0,0.0,0.0,0.0,0.0,0.0,0.0,0.0,0.0,0.0,0.0,0.0,0.0,0.0,0.0,0.0,0.0,0.0,0.0,0.0,0.0,0.0,0.0,0.0,0.0,0.0,0.0,0.0,0.0,0.0,0.0,0.0,0.0,0.0,0.0,0.0,0.0,0.0,0.0,0.0,0.0,0.0,0.0,0.0,0.0,0.0,0.0,0.0,0.0,0.0,0.0,0.0,0.0,0.0,0.0,0.0,0.0,0.0,0.0,0.0,0.0,0.0,0.0,0.0,0.0,0.0,0.0,0.0,0.0,0.0,0.0,0.0,0.0,0.0,0.0,0.0,0.0,0.0,0.0,0.0,0.0,0.0,0.0,0.0,0.0,0.0,0.0,0.0,0.0,0.0,0.0,0.0,0.0,0.0,0.0,0.0,0.0,0.0,0.0,0.0,0.0,0.0,0.0,0.0,0.0,0.0,0.0,0.0,0.0,0.0,0.0,0.0,0.0,0.0,0.0,0.0,1.0,4.0,4.0,0.0,0.0,4.0,3.0,0.0,4.0,4.0,0.0,0.0,0.0,0.0,0.0,0.0,0.0,0.0,0.0,0.0,0.0,0.0,0.0,0.0,0.0,0.0,0.0,0.0,0.0,0.0,0.0,0.0,0.0,0.0,0.0,0.0,0.0,0.0,0.0,0.0,0.0,0.0,0.0,0.0,0.0,0.0,0.0,0.0,0.0,0.0,0.0,0.0,0.0,0.0,0.0,0.0,0.0,0.0,0.0,0.0,0.0,0.0,0.0,0.0,0.0,0.0,0.0,0.0,0.0,0.0,0.0,0.0,0.0,0.0,0.0,0.0,0.0,0.0,0.0,0.0,0.0,0.0,0.0,0.0,0.0,0.0,0.0,0.0,0.0,0.0,0.0,0.0,0.0,0.0,0.0,0.0,0.0,0.0,0.0,0.0,0.0,0.0,0.0,0.0,0.0,0.0,0.0,0.0,0.0,0.0,0.0,0.0,0.0,0.0,0.0,0.0,0.0,0.0,0.0,1.0,0.0,0.0,0.0,0.0,1.0,1653.0,0.0,1.0,0.0,1.0
462,0,1,1300,1300,512,512,0,0,16,0,32,64,__amd_rocclr_copyBuffer,12740220096139,12740220098464,463,22,230528.0,2146.0,230528.0,0.0,7.0,1243.0,0.0,0.0,1597.0,1597.0,0.0,0.0,2.0,0.0,0.0,0.0,0.0,0.0,0.0,0.0,0.0,0.0,0.0,0.0,0.0,0.0,0.0,0.0,0.0,0.0,0.0,0.0,0.0,0.0,0.0,0.0,0.0,0.0,0.0,0.0,0.0,0.0,0.0,0.0,0.0,0.0,0.0,0.0,0.0,0.0,0.0,0.0,0.0,0.0,0.0,0.0,0.0,0.0,0.0,0.0,0.0,0.0,0.0,0.0,0.0,0.0,0.0,0.0,0.0,0.0,0.0,0.0,0.0,0.0,0.0,0.0,0.0,0.0,0.0,0.0,0.0,0.0,0.0,0.0,0.0,0.0,0.0,0.0,0.0,0.0,0.0,0.0,0.0,0.0,0.0,0.0,0.0,0.0,0.0,0.0,0.0,0.0,0.0,0.0,0.0,0.0,0.0,0.0,0.0,0.0,0.0,0.0,0.0,0.0,0.0,0.0,0.0,0.0,0.0,0.0,0.0,0.0,0.0,0.0,0.0,0.0,0.0,0.0,0.0,0.0,0.0,0.0,0.0,0.0,0.0,0.0,0.0,0.0,0.0,0.0,0.0,0.0,0.0,0.0,0.0,0.0,1.0,4.0,4.0,0.0,0.0,4.0,3.0,0.0,4.0,4.0,0.0,0.0,0.0,0.0,0.0,0.0,0.0,0.0,0.0,0.0,0.0,0.0,0.0,0.0,0.0,0.0,0.0,0.0,0.0,0.0,0.0,0.0,0.0,0.0,0.0,0.0,0.0,0.0,0.0,0.0,0.0,0.0,0.0,0.0,0.0,0.0,0.0,0.0,0.0,0.0,0.0,0.0,0.0,0.0,0.0,0.0,0.0,0.0,0.0,0.0,0.0,0.0,0.0,0.0,0.0,0.0,0.0,0.0,0.0,0.0,0.0,0.0,0.0,0.0,0.0,0.0,0.0,0.0,0.0,0.0,0.0,0.0,0.0,0.0,0.0,0.0,0.0,0.0,0.0,0.0,0.0,0.0,0.0,0.0,0.0,0.0,0.0,0.0,0.0,0.0,0.0,0.0,0.0,0.0,0.0,0.0,0.0,0.0,0.0,0.0,0.0,0.0,0.0,0.0,0.0,0.0,0.0,0.0,0.0,1.0,0.0,0.0,0.0,0.0,1.0,1605.0,0.0,1.0,0.0,1.0
463,0,1,1300,1300,512,512,0,0,16,0,32,64,__amd_rocclr_copyBuffer,12740220482937,12740220485222,464,22,227387.0,2146.0,227387.0,0.0,7.0,1268.0,0.0,0.0,1606.0,1606.0,0.0,0.0,2.0,0.0,0.0,0.0,0.0,0.0,0.0,0.0,0.0,0.0,0.0,0.0,0.0,0.0,0.0,0.0,0.0,0.0,0.0,0.0,0.0,0.0,0.0,0.0,0.0,0.0,0.0,0.0,0.0,0.0,0.0,0.0,0.0,0.0,0.0,0.0,0.0,0.0,0.0,0.0,0.0,0.0,0.0,0.0,0.0,0.0,0.0,0.0,0.0,0.0,0.0,0.0,0.0,0.0,0.0,0.0,0.0,0.0,0.0,0.0,0.0,0.0,0.0,0.0,0.0,0.0,0.0,0.0,0.0,0.0,0.0,0.0,0.0,0.0,0.0,0.0,0.0,0.0,0.0,0.0,0.0,0.0,0.0,0.0,0.0,0.0,0.0,0.0,0.0,0.0,0.0,0.0,0.0,0.0,0.0,0.0,0.0,0.0,0.0,0.0,0.0,0.0,0.0,0.0,0.0,0.0,0.0,0.0,0.0,0.0,0.0,0.0,0.0,0.0,0.0,0.0,0.0,0.0,0.0,0.0,0.0,0.0,0.0,0.0,0.0,0.0,0.0,0.0,0.0,0.0,0.0,0.0,0.0,0.0,1.0,4.0,4.0,0.0,0.0,4.0,3.0,0.0,4.0,4.0,0.0,0.0,0.0,0.0,0.0,0.0,0.0,0.0,0.0,0.0,0.0,0.0,0.0,0.0,0.0,0.0,0.0,0.0,0.0,0.0,0.0,0.0,0.0,0.0,0.0,0.0,0.0,0.0,0.0,0.0,0.0,0.0,0.0,0.0,0.0,0.0,0.0,0.0,0.0,0.0,0.0,0.0,0.0,0.0,0.0,0.0,0.0,0.0,0.0,0.0,0.0,0.0,0.0,0.0,0.0,0.0,0.0,0.0,0.0,0.0,0.0,0.0,0.0,0.0,0.0,0.0,0.0,0.0,0.0,0.0,0.0,0.0,0.0,0.0,0.0,0.0,0.0,0.0,0.0,0.0,0.0,0.0,0.0,0.0,0.0,0.0,0.0,0.0,0.0,0.0,0.0,0.0,0.0,0.0,0.0,0.0,0.0,0.0,0.0,0.0,0.0,0.0,0.0,0.0,0.0,0.0,0.0,0.0,0.0,1.0,0.0,0.0,0.0,0.0,1.0,1622.0,0.0,1.0,0.0,1.0
464,0,1,1300,1300,512,512,0,0,16,0,32,64,__amd_rocclr_copyBuffer,12740220871980,12740220877232,465,22,277734.0,2146.0,277734.0,0.0,7.0,2724.0,0.0,0.0,13041.0,13041.0,0.0,0.0,12.0,0.0,0.0,0.0,0.0,0.0,0.0,0.0,0.0,0.0,0.0,0.0,0.0,0.0,0.0,0.0,0.0,0.0,0.0,0.0,0.0,0.0,0.0,0.0,0.0,0.0,0.0,0.0,0.0,0.0,0.0,0.0,0.0,0.0,0.0,0.0,0.0,0.0,0.0,0.0,0.0,0.0,0.0,0.0,0.0,0.0,0.0,0.0,0.0,0.0,0.0,0.0,0.0,0.0,0.0,0.0,0.0,0.0,0.0,0.0,0.0,0.0,0.0,0.0,0.0,0.0,0.0,0.0,0.0,0.0,0.0,0.0,0.0,0.0,0.0,0.0,0.0,0.0,0.0,0.0,0.0,0.0,0.0,0.0,0.0,0.0,0.0,0.0,0.0,0.0,0.0,0.0,0.0,0.0,0.0,0.0,0.0,0.0,0.0,0.0,0.0,0.0,0.0,0.0,0.0,0.0,0.0,0.0,0.0,0.0,0.0,0.0,0.0,0.0,0.0,0.0,0.0,0.0,0.0,0.0,0.0,0.0,0.0,0.0,0.0,0.0,0.0,0.0,0.0,0.0,0.0,0.0,0.0,0.0,0.0,4.0,4.0,0.0,0.0,4.0,3.0,0.0,4.0,4.0,0.0,0.0,0.0,0.0,0.0,0.0,0.0,0.0,0.0,0.0,0.0,0.0,0.0,0.0,0.0,0.0,0.0,0.0,0.0,0.0,0.0,0.0,0.0,0.0,0.0,0.0,0.0,0.0,0.0,0.0,0.0,0.0,0.0,0.0,0.0,0.0,0.0,0.0,0.0,0.0,0.0,0.0,0.0,0.0,0.0,0.0,0.0,0.0,0.0,0.0,0.0,0.0,0.0,0.0,0.0,0.0,0.0,0.0,0.0,0.0,0.0,0.0,0.0,0.0,0.0,0.0,0.0,0.0,0.0,0.0,0.0,0.0,0.0,0.0,0.0,0.0,0.0,0.0,0.0,0.0,0.0,0.0,0.0,0.0,0.0,0.0,0.0,0.0,0.0,0.0,0.0,0.0,0.0,0.0,0.0,0.0,0.0,0.0,0.0,0.0,0.0,0.0,0.0,0.0,0.0,0.0,0.0,0.0,0.0,0.0,0.0,0.0,7.0,0.0,6.0,7621.0,0.0,1.0,0.0,6.0
465,0,1,1300,1300,512,512,0,0,16,0,32,64,__amd_rocclr_copyBuffer,12740221264832,12740221267318,466,22,246092.0,2146.0,246092.0,0.0,7.0,1275.0,0.0,0.0,1715.0,1715.0,0.0,0.0,2.0,0.0,0.0,0.0,0.0,0.0,0.0,0.0,0.0,0.0,0.0,0.0,0.0,0.0,0.0,0.0,0.0,0.0,0.0,0.0,0.0,0.0,0.0,0.0,0.0,0.0,0.0,0.0,0.0,0.0,0.0,0.0,0.0,0.0,0.0,0.0,0.0,0.0,0.0,0.0,0.0,0.0,0.0,0.0,0.0,0.0,0.0,0.0,0.0,0.0,0.0,0.0,0.0,0.0,0.0,0.0,0.0,0.0,0.0,0.0,0.0,0.0,0.0,0.0,0.0,0.0,0.0,0.0,0.0,0.0,0.0,0.0,0.0,0.0,0.0,0.0,0.0,0.0,0.0,0.0,0.0,0.0,0.0,0.0,0.0,0.0,0.0,0.0,0.0,0.0,0.0,0.0,0.0,0.0,0.0,0.0,0.0,0.0,0.0,0.0,0.0,0.0,0.0,0.0,0.0,0.0,0.0,0.0,0.0,0.0,0.0,0.0,0.0,0.0,0.0,0.0,0.0,0.0,0.0,0.0,0.0,0.0,0.0,0.0,0.0,0.0,0.0,0.0,0.0,0.0,0.0,0.0,0.0,0.0,1.0,4.0,4.0,0.0,0.0,4.0,3.0,0.0,4.0,4.0,0.0,0.0,0.0,0.0,0.0,0.0,0.0,0.0,0.0,0.0,0.0,0.0,0.0,0.0,0.0,0.0,0.0,0.0,0.0,0.0,0.0,0.0,0.0,0.0,0.0,0.0,0.0,0.0,0.0,0.0,0.0,0.0,0.0,0.0,0.0,0.0,0.0,0.0,0.0,0.0,0.0,0.0,0.0,0.0,0.0,0.0,0.0,0.0,0.0,0.0,0.0,0.0,0.0,0.0,0.0,0.0,0.0,0.0,0.0,0.0,0.0,0.0,0.0,0.0,0.0,0.0,0.0,0.0,0.0,0.0,0.0,0.0,0.0,0.0,0.0,0.0,0.0,0.0,0.0,0.0,0.0,0.0,0.0,0.0,0.0,0.0,0.0,0.0,0.0,0.0,0.0,0.0,0.0,0.0,0.0,0.0,0.0,0.0,0.0,0.0,0.0,0.0,0.0,0.0,0.0,0.0,0.0,0.0,0.0,1.0,0.0,0.0,0.0,0.0,1.0,1721.0,0.0,1.0,0.0,1.0
466,0,1,1300,1300,512,512,0,0,16,0,32,64,__amd_rocclr_copyBuffer,12740221652552,12740221654918,467,22,242554.0,2146.0,242554.0,0.0,7.0,1263.0,0.0,0.0,1598.0,1598.0,0.0,0.0,2.0,0.0,0.0,0.0,0.0,0.0,0.0,0.0,0.0,0.0,0.0,0.0,0.0,0.0,0.0,0.0,0.0,0.0,0.0,0.0,0.0,0.0,0.0,0.0,0.0,0.0,0.0,0.0,0.0,0.0,0.0,0.0,0.0,0.0,0.0,0.0,0.0,0.0,0.0,0.0,0.0,0.0,0.0,0.0,0.0,0.0,0.0,0.0,0.0,0.0,0.0,0.0,0.0,0.0,0.0,0.0,0.0,0.0,0.0,0.0,0.0,0.0,0.0,0.0,0.0,0.0,0.0,0.0,0.0,0.0,0.0,0.0,0.0,0.0,0.0,0.0,0.0,0.0,0.0,0.0,0.0,0.0,0.0,0.0,0.0,0.0,0.0,0.0,0.0,0.0,0.0,0.0,0.0,0.0,0.0,0.0,0.0,0.0,0.0,0.0,0.0,0.0,0.0,0.0,0.0,0.0,0.0,0.0,0.0,0.0,0.0,0.0,0.0,0.0,0.0,0.0,0.0,0.0,0.0,0.0,0.0,0.0,0.0,0.0,0.0,0.0,0.0,0.0,0.0,0.0,0.0,0.0,0.0,0.0,1.0,4.0,4.0,0.0,0.0,4.0,3.0,0.0,4.0,4.0,0.0,0.0,0.0,0.0,0.0,0.0,0.0,0.0,0.0,0.0,0.0,0.0,0.0,0.0,0.0,0.0,0.0,0.0,0.0,0.0,0.0,0.0,0.0,0.0,0.0,0.0,0.0,0.0,0.0,0.0,0.0,0.0,0.0,0.0,0.0,0.0,0.0,0.0,0.0,0.0,0.0,0.0,0.0,0.0,0.0,0.0,0.0,0.0,0.0,0.0,0.0,0.0,0.0,0.0,0.0,0.0,0.0,0.0,0.0,0.0,0.0,0.0,0.0,0.0,0.0,0.0,0.0,0.0,0.0,0.0,0.0,0.0,0.0,0.0,0.0,0.0,0.0,0.0,0.0,0.0,0.0,0.0,0.0,0.0,0.0,0.0,0.0,0.0,0.0,0.0,0.0,0.0,0.0,0.0,0.0,0.0,0.0,0.0,0.0,0.0,0.0,0.0,0.0,0.0,0.0,0.0,0.0,0.0,0.0,1.0,0.0,0.0,0.0,0.0,1.0,1605.0,0.0,1.0,0.0,1.0
467,0,1,1300,1300,512,512,0,0,16,0,32,64,__amd_rocclr_copyBuffer,12740222041475,12740222043841,468,22,230325.0,2146.0,230325.0,0.0,7.0,1216.0,0.0,0.0,1601.0,1601.0,0.0,0.0,2.0,0.0,0.0,0.0,0.0,0.0,0.0,0.0,0.0,0.0,0.0,0.0,0.0,0.0,0.0,0.0,0.0,0.0,0.0,0.0,0.0,0.0,0.0,0.0,0.0,0.0,0.0,0.0,0.0,0.0,0.0,0.0,0.0,0.0,0.0,0.0,0.0,0.0,0.0,0.0,0.0,0.0,0.0,0.0,0.0,0.0,0.0,0.0,0.0,0.0,0.0,0.0,0.0,0.0,0.0,0.0,0.0,0.0,0.0,0.0,0.0,0.0,0.0,0.0,0.0,0.0,0.0,0.0,0.0,0.0,0.0,0.0,0.0,0.0,0.0,0.0,0.0,0.0,0.0,0.0,0.0,0.0,0.0,0.0,0.0,0.0,0.0,0.0,0.0,0.0,0.0,0.0,0.0,0.0,0.0,0.0,0.0,0.0,0.0,0.0,0.0,0.0,0.0,0.0,0.0,0.0,0.0,0.0,0.0,0.0,0.0,0.0,0.0,0.0,0.0,0.0,0.0,0.0,0.0,0.0,0.0,0.0,0.0,0.0,0.0,0.0,0.0,0.0,0.0,0.0,0.0,0.0,0.0,0.0,1.0,4.0,4.0,0.0,0.0,4.0,3.0,0.0,4.0,4.0,0.0,0.0,0.0,0.0,0.0,0.0,0.0,0.0,0.0,0.0,0.0,0.0,0.0,0.0,0.0,0.0,0.0,0.0,0.0,0.0,0.0,0.0,0.0,0.0,0.0,0.0,0.0,0.0,0.0,0.0,0.0,0.0,0.0,0.0,0.0,0.0,0.0,0.0,0.0,0.0,0.0,0.0,0.0,0.0,0.0,0.0,0.0,0.0,0.0,0.0,0.0,0.0,0.0,0.0,0.0,0.0,0.0,0.0,0.0,0.0,0.0,0.0,0.0,0.0,0.0,0.0,0.0,0.0,0.0,0.0,0.0,0.0,0.0,0.0,0.0,0.0,0.0,0.0,0.0,0.0,0.0,0.0,0.0,0.0,0.0,0.0,0.0,0.0,0.0,0.0,0.0,0.0,0.0,0.0,0.0,0.0,0.0,0.0,0.0,0.0,0.0,0.0,0.0,0.0,0.0,0.0,0.0,0.0,0.0,1.0,0.0,0.0,0.0,0.0,1.0,1618.0,0.0,1.0,0.0,1.0
468,0,1,1300,1300,1024,1024,0,0,16,0,32,64,__amd_rocclr_copyBuffer,12740222435209,12740222438617,469,22,248950.0,2146.0,248950.0,0.0,15.0,1844.0,0.0,0.0,6049.0,6049.0,0.0,0.0,6.0,0.0,0.0,0.0,0.0,0.0,0.0,0.0,0.0,0.0,0.0,0.0,0.0,0.0,0.0,0.0,0.0,0.0,0.0,0.0,0.0,0.0,0.0,0.0,0.0,0.0,0.0,0.0,0.0,0.0,0.0,0.0,0.0,0.0,0.0,0.0,0.0,0.0,0.0,0.0,0.0,0.0,0.0,0.0,0.0,0.0,0.0,0.0,0.0,0.0,0.0,0.0,0.0,0.0,0.0,0.0,0.0,0.0,0.0,0.0,0.0,0.0,0.0,0.0,0.0,0.0,0.0,0.0,0.0,0.0,0.0,0.0,0.0,0.0,0.0,0.0,0.0,0.0,0.0,0.0,0.0,0.0,0.0,0.0,0.0,0.0,0.0,0.0,0.0,0.0,0.0,0.0,0.0,0.0,0.0,0.0,0.0,0.0,0.0,0.0,0.0,0.0,0.0,0.0,0.0,0.0,0.0,0.0,0.0,0.0,0.0,0.0,0.0,0.0,0.0,0.0,0.0,0.0,0.0,0.0,0.0,0.0,0.0,0.0,0.0,0.0,0.0,0.0,0.0,0.0,0.0,1.0,0.0,0.0,0.0,4.0,4.0,0.0,0.0,4.0,3.0,0.0,4.0,4.0,0.0,0.0,0.0,0.0,0.0,0.0,0.0,0.0,0.0,0.0,0.0,0.0,0.0,0.0,0.0,0.0,0.0,0.0,0.0,0.0,0.0,0.0,0.0,0.0,0.0,0.0,0.0,0.0,0.0,0.0,0.0,0.0,0.0,0.0,0.0,0.0,0.0,0.0,0.0,0.0,0.0,0.0,0.0,0.0,0.0,0.0,0.0,0.0,0.0,0.0,0.0,0.0,0.0,0.0,0.0,0.0,0.0,0.0,0.0,0.0,0.0,0.0,0.0,0.0,0.0,0.0,0.0,0.0,0.0,0.0,0.0,0.0,0.0,0.0,0.0,0.0,0.0,0.0,0.0,0.0,0.0,0.0,0.0,0.0,0.0,0.0,0.0,0.0,0.0,0.0,0.0,0.0,0.0,0.0,0.0,0.0,0.0,0.0,0.0,0.0,0.0,0.0,0.0,0.0,0.0,0.0,0.0,0.0,0.0,0.0,0.0,3.0,0.0,0.0,3.0,4072.0,0.0,1.0,0.0,3.0
469,0,1,1300,1300,512,512,0,0,16,0,32,64,__amd_rocclr_copyBuffer,12740222825014,12740222827700,470,22,245989.0,2146.0,245989.0,0.0,7.0,1265.0,0.0,0.0,1669.0,1669.0,0.0,0.0,2.0,0.0,0.0,0.0,0.0,0.0,0.0,0.0,0.0,0.0,0.0,0.0,0.0,0.0,0.0,0.0,0.0,0.0,0.0,0.0,0.0,0.0,0.0,0.0,0.0,0.0,0.0,0.0,0.0,0.0,0.0,0.0,0.0,0.0,0.0,0.0,0.0,0.0,0.0,0.0,0.0,0.0,0.0,0.0,0.0,0.0,0.0,0.0,0.0,0.0,0.0,0.0,0.0,0.0,0.0,0.0,0.0,0.0,0.0,0.0,0.0,0.0,0.0,0.0,0.0,0.0,0.0,0.0,0.0,0.0,0.0,0.0,0.0,0.0,0.0,0.0,0.0,0.0,0.0,0.0,0.0,0.0,0.0,0.0,0.0,0.0,0.0,0.0,0.0,0.0,0.0,0.0,0.0,0.0,0.0,0.0,0.0,0.0,0.0,0.0,0.0,0.0,0.0,0.0,0.0,0.0,0.0,0.0,0.0,0.0,0.0,0.0,0.0,0.0,0.0,0.0,0.0,0.0,0.0,0.0,0.0,0.0,0.0,0.0,0.0,0.0,0.0,0.0,0.0,0.0,0.0,0.0,0.0,0.0,1.0,4.0,4.0,0.0,0.0,4.0,3.0,0.0,4.0,4.0,0.0,0.0,0.0,0.0,0.0,0.0,0.0,0.0,0.0,0.0,0.0,0.0,0.0,0.0,0.0,0.0,0.0,0.0,0.0,0.0,0.0,0.0,0.0,0.0,0.0,0.0,0.0,0.0,0.0,0.0,0.0,0.0,0.0,0.0,0.0,0.0,0.0,0.0,0.0,0.0,0.0,0.0,0.0,0.0,0.0,0.0,0.0,0.0,0.0,0.0,0.0,0.0,0.0,0.0,0.0,0.0,0.0,0.0,0.0,0.0,0.0,0.0,0.0,0.0,0.0,0.0,0.0,0.0,0.0,0.0,0.0,0.0,0.0,0.0,0.0,0.0,0.0,0.0,0.0,0.0,0.0,0.0,0.0,0.0,0.0,0.0,0.0,0.0,0.0,0.0,0.0,0.0,0.0,0.0,0.0,0.0,0.0,0.0,0.0,0.0,0.0,0.0,0.0,0.0,0.0,0.0,0.0,0.0,0.0,1.0,0.0,0.0,0.0,0.0,1.0,1676.0,0.0,1.0,0.0,1.0
470,0,1,1300,1300,512,512,0,0,16,0,32,64,__amd_rocclr_copyBuffer,12740223217064,12740223219349,471,22,225786.0,2146.0,225786.0,0.0,7.0,1239.0,0.0,0.0,1615.0,1615.0,0.0,0.0,2.0,0.0,0.0,0.0,0.0,0.0,0.0,0.0,0.0,0.0,0.0,0.0,0.0,0.0,0.0,0.0,0.0,0.0,0.0,0.0,0.0,0.0,0.0,0.0,0.0,0.0,0.0,0.0,0.0,0.0,0.0,0.0,0.0,0.0,0.0,0.0,0.0,0.0,0.0,0.0,0.0,0.0,0.0,0.0,0.0,0.0,0.0,0.0,0.0,0.0,0.0,0.0,0.0,0.0,0.0,0.0,0.0,0.0,0.0,0.0,0.0,0.0,0.0,0.0,0.0,0.0,0.0,0.0,0.0,0.0,0.0,0.0,0.0,0.0,0.0,0.0,0.0,0.0,0.0,0.0,0.0,0.0,0.0,0.0,0.0,0.0,0.0,0.0,0.0,0.0,0.0,0.0,0.0,0.0,0.0,0.0,0.0,0.0,0.0,0.0,0.0,0.0,0.0,0.0,0.0,0.0,0.0,0.0,0.0,0.0,0.0,0.0,0.0,0.0,0.0,0.0,0.0,0.0,0.0,0.0,0.0,0.0,0.0,0.0,0.0,0.0,0.0,0.0,0.0,0.0,0.0,0.0,0.0,0.0,1.0,4.0,4.0,0.0,0.0,4.0,3.0,0.0,4.0,4.0,0.0,0.0,0.0,0.0,0.0,0.0,0.0,0.0,0.0,0.0,0.0,0.0,0.0,0.0,0.0,0.0,0.0,0.0,0.0,0.0,0.0,0.0,0.0,0.0,0.0,0.0,0.0,0.0,0.0,0.0,0.0,0.0,0.0,0.0,0.0,0.0,0.0,0.0,0.0,0.0,0.0,0.0,0.0,0.0,0.0,0.0,0.0,0.0,0.0,0.0,0.0,0.0,0.0,0.0,0.0,0.0,0.0,0.0,0.0,0.0,0.0,0.0,0.0,0.0,0.0,0.0,0.0,0.0,0.0,0.0,0.0,0.0,0.0,0.0,0.0,0.0,0.0,0.0,0.0,0.0,0.0,0.0,0.0,0.0,0.0,0.0,0.0,0.0,0.0,0.0,0.0,0.0,0.0,0.0,0.0,0.0,0.0,0.0,0.0,0.0,0.0,0.0,0.0,0.0,0.0,0.0,0.0,0.0,0.0,1.0,0.0,0.0,0.0,0.0,1.0,1621.0,0.0,1.0,0.0,1.0
471,0,1,1300,1300,512,512,0,0,16,0,32,64,__amd_rocclr_copyBuffer,12740223603661,12740223606027,472,22,241114.0,2146.0,241114.0,0.0,7.0,1241.0,0.0,0.0,1670.0,1670.0,0.0,0.0,2.0,0.0,0.0,0.0,0.0,0.0,0.0,0.0,0.0,0.0,0.0,0.0,0.0,0.0,0.0,0.0,0.0,0.0,0.0,0.0,0.0,0.0,0.0,0.0,0.0,0.0,0.0,0.0,0.0,0.0,0.0,0.0,0.0,0.0,0.0,0.0,0.0,0.0,0.0,0.0,0.0,0.0,0.0,0.0,0.0,0.0,0.0,0.0,0.0,0.0,0.0,0.0,0.0,0.0,0.0,0.0,0.0,0.0,0.0,0.0,0.0,0.0,0.0,0.0,0.0,0.0,0.0,0.0,0.0,0.0,0.0,0.0,0.0,0.0,0.0,0.0,0.0,0.0,0.0,0.0,0.0,0.0,0.0,0.0,0.0,0.0,0.0,0.0,0.0,0.0,0.0,0.0,0.0,0.0,0.0,0.0,0.0,0.0,0.0,0.0,0.0,0.0,0.0,0.0,0.0,0.0,0.0,0.0,0.0,0.0,0.0,0.0,0.0,0.0,0.0,0.0,0.0,0.0,0.0,0.0,0.0,0.0,0.0,0.0,0.0,0.0,0.0,0.0,0.0,0.0,0.0,0.0,0.0,0.0,1.0,4.0,4.0,0.0,0.0,4.0,3.0,0.0,4.0,4.0,0.0,0.0,0.0,0.0,0.0,0.0,0.0,0.0,0.0,0.0,0.0,0.0,0.0,0.0,0.0,0.0,0.0,0.0,0.0,0.0,0.0,0.0,0.0,0.0,0.0,0.0,0.0,0.0,0.0,0.0,0.0,0.0,0.0,0.0,0.0,0.0,0.0,0.0,0.0,0.0,0.0,0.0,0.0,0.0,0.0,0.0,0.0,0.0,0.0,0.0,0.0,0.0,0.0,0.0,0.0,0.0,0.0,0.0,0.0,0.0,0.0,0.0,0.0,0.0,0.0,0.0,0.0,0.0,0.0,0.0,0.0,0.0,0.0,0.0,0.0,0.0,0.0,0.0,0.0,0.0,0.0,0.0,0.0,0.0,0.0,0.0,0.0,0.0,0.0,0.0,0.0,0.0,0.0,0.0,0.0,0.0,0.0,0.0,0.0,0.0,0.0,0.0,0.0,0.0,0.0,0.0,0.0,0.0,0.0,1.0,0.0,0.0,0.0,0.0,1.0,1686.0,0.0,1.0,0.0,1.0
472,0,1,1300,1300,512,512,0,0,16,0,32,64,__amd_rocclr_copyBuffer,12740223989257,12740223994388,473,22,281471.0,2146.0,281471.0,0.0,7.0,2635.0,0.0,0.0,12594.0,12594.0,0.0,0.0,12.0,0.0,0.0,0.0,0.0,0.0,0.0,0.0,0.0,0.0,0.0,0.0,0.0,0.0,0.0,0.0,0.0,0.0,0.0,0.0,0.0,0.0,0.0,0.0,0.0,0.0,0.0,0.0,0.0,0.0,0.0,0.0,0.0,0.0,0.0,0.0,0.0,0.0,0.0,0.0,0.0,0.0,0.0,0.0,0.0,0.0,0.0,0.0,0.0,0.0,0.0,0.0,0.0,0.0,0.0,0.0,0.0,0.0,0.0,0.0,0.0,0.0,0.0,0.0,0.0,0.0,0.0,0.0,0.0,0.0,0.0,0.0,0.0,0.0,0.0,0.0,0.0,0.0,0.0,0.0,0.0,0.0,0.0,0.0,0.0,0.0,0.0,0.0,0.0,0.0,0.0,0.0,0.0,0.0,0.0,0.0,0.0,0.0,0.0,0.0,0.0,0.0,0.0,0.0,0.0,0.0,0.0,0.0,0.0,0.0,0.0,0.0,0.0,0.0,0.0,0.0,0.0,0.0,0.0,0.0,0.0,0.0,0.0,0.0,0.0,0.0,0.0,0.0,0.0,0.0,0.0,0.0,0.0,0.0,0.0,4.0,4.0,0.0,0.0,4.0,3.0,0.0,4.0,5.0,0.0,0.0,0.0,0.0,0.0,0.0,0.0,0.0,0.0,0.0,0.0,0.0,0.0,0.0,0.0,0.0,0.0,0.0,0.0,0.0,0.0,0.0,0.0,0.0,0.0,0.0,0.0,0.0,0.0,0.0,0.0,0.0,0.0,0.0,0.0,0.0,0.0,0.0,0.0,0.0,0.0,0.0,0.0,0.0,0.0,0.0,0.0,0.0,0.0,0.0,0.0,0.0,0.0,0.0,0.0,0.0,0.0,0.0,0.0,0.0,0.0,0.0,0.0,0.0,0.0,0.0,0.0,0.0,0.0,0.0,0.0,0.0,0.0,0.0,0.0,0.0,0.0,0.0,0.0,0.0,0.0,0.0,0.0,0.0,0.0,0.0,0.0,0.0,0.0,0.0,0.0,0.0,0.0,0.0,0.0,0.0,0.0,0.0,0.0,0.0,0.0,0.0,0.0,0.0,0.0,0.0,0.0,0.0,0.0,0.0,6.0,0.0,0.0,0.0,6.0,7245.0,0.0,1.0,0.0,6.0
473,0,1,1300,1300,512,512,0,0,16,0,32,64,__amd_rocclr_copyBuffer,12740224378981,12740224381347,474,22,237134.0,2146.0,237134.0,0.0,7.0,1233.0,0.0,0.0,1551.0,1551.0,0.0,0.0,2.0,0.0,0.0,0.0,0.0,0.0,0.0,0.0,0.0,0.0,0.0,0.0,0.0,0.0,0.0,0.0,0.0,0.0,0.0,0.0,0.0,0.0,0.0,0.0,0.0,0.0,0.0,0.0,0.0,0.0,0.0,0.0,0.0,0.0,0.0,0.0,0.0,0.0,0.0,0.0,0.0,0.0,0.0,0.0,0.0,0.0,0.0,0.0,0.0,0.0,0.0,0.0,0.0,0.0,0.0,0.0,0.0,0.0,0.0,0.0,0.0,0.0,0.0,0.0,0.0,0.0,0.0,0.0,0.0,0.0,0.0,0.0,0.0,0.0,0.0,0.0,0.0,0.0,0.0,0.0,0.0,0.0,0.0,0.0,0.0,0.0,0.0,0.0,0.0,0.0,0.0,0.0,0.0,0.0,0.0,0.0,0.0,0.0,0.0,0.0,0.0,0.0,0.0,0.0,0.0,0.0,0.0,0.0,0.0,0.0,0.0,0.0,0.0,0.0,0.0,0.0,0.0,0.0,0.0,0.0,0.0,0.0,0.0,0.0,0.0,0.0,0.0,0.0,0.0,0.0,0.0,0.0,0.0,0.0,1.0,4.0,4.0,0.0,0.0,4.0,3.0,0.0,4.0,4.0,0.0,0.0,0.0,0.0,0.0,0.0,0.0,0.0,0.0,0.0,0.0,0.0,0.0,0.0,0.0,0.0,0.0,0.0,0.0,0.0,0.0,0.0,0.0,0.0,0.0,0.0,0.0,0.0,0.0,0.0,0.0,0.0,0.0,0.0,0.0,0.0,0.0,0.0,0.0,0.0,0.0,0.0,0.0,0.0,0.0,0.0,0.0,0.0,0.0,0.0,0.0,0.0,0.0,0.0,0.0,0.0,0.0,0.0,0.0,0.0,0.0,0.0,0.0,0.0,0.0,0.0,0.0,0.0,0.0,0.0,0.0,0.0,0.0,0.0,0.0,0.0,0.0,0.0,0.0,0.0,0.0,0.0,0.0,0.0,0.0,0.0,0.0,0.0,0.0,0.0,0.0,0.0,0.0,0.0,0.0,0.0,0.0,0.0,0.0,0.0,0.0,0.0,0.0,0.0,0.0,0.0,0.0,0.0,0.0,1.0,0.0,0.0,0.0,0.0,1.0,1560.0,0.0,1.0,0.0,1.0
474,0,1,1300,1300,512,512,0,0,16,0,32,64,__amd_rocclr_copyBuffer,12740224767423,12740224774760,475,22,320336.0,2146.0,320336.0,0.0,7.0,1305.0,0.0,0.0,1577.0,1577.0,0.0,0.0,2.0,0.0,0.0,0.0,0.0,0.0,0.0,0.0,0.0,0.0,0.0,0.0,0.0,0.0,0.0,0.0,0.0,0.0,0.0,0.0,0.0,0.0,0.0,0.0,0.0,0.0,0.0,0.0,0.0,0.0,0.0,0.0,0.0,0.0,0.0,0.0,0.0,0.0,0.0,0.0,0.0,0.0,0.0,0.0,0.0,0.0,0.0,0.0,0.0,0.0,0.0,0.0,0.0,0.0,0.0,0.0,0.0,0.0,0.0,0.0,0.0,0.0,0.0,0.0,0.0,0.0,0.0,0.0,0.0,0.0,0.0,0.0,0.0,0.0,0.0,0.0,0.0,0.0,0.0,0.0,0.0,0.0,0.0,0.0,0.0,0.0,0.0,0.0,0.0,0.0,0.0,0.0,0.0,0.0,0.0,0.0,0.0,0.0,0.0,0.0,0.0,0.0,0.0,0.0,0.0,0.0,0.0,0.0,0.0,0.0,0.0,0.0,0.0,0.0,0.0,0.0,0.0,0.0,0.0,0.0,0.0,0.0,0.0,0.0,0.0,0.0,0.0,0.0,0.0,0.0,0.0,0.0,0.0,0.0,1.0,4.0,4.0,0.0,0.0,4.0,3.0,0.0,4.0,4.0,0.0,0.0,0.0,0.0,0.0,0.0,0.0,0.0,0.0,0.0,0.0,0.0,0.0,0.0,0.0,0.0,0.0,0.0,0.0,0.0,0.0,0.0,0.0,0.0,0.0,0.0,0.0,0.0,0.0,0.0,0.0,0.0,0.0,0.0,0.0,0.0,0.0,0.0,0.0,0.0,0.0,0.0,0.0,0.0,0.0,0.0,0.0,0.0,0.0,0.0,0.0,0.0,0.0,0.0,0.0,0.0,0.0,0.0,0.0,0.0,0.0,0.0,0.0,0.0,0.0,0.0,0.0,0.0,0.0,0.0,0.0,0.0,0.0,0.0,0.0,0.0,0.0,0.0,0.0,0.0,0.0,0.0,0.0,0.0,0.0,0.0,0.0,0.0,0.0,0.0,0.0,0.0,0.0,0.0,0.0,0.0,0.0,0.0,0.0,0.0,0.0,0.0,0.0,0.0,0.0,0.0,0.0,0.0,0.0,1.0,0.0,0.0,0.0,0.0,1.0,1585.0,0.0,1.0,0.0,1.0
475,0,1,1300,1300,512,512,0,0,16,0,32,64,__amd_rocclr_copyBuffer,12740225165567,12740225167932,476,22,237027.0,2146.0,237027.0,0.0,7.0,1276.0,0.0,0.0,1606.0,1606.0,0.0,0.0,2.0,0.0,0.0,0.0,0.0,0.0,0.0,0.0,0.0,0.0,0.0,0.0,0.0,0.0,0.0,0.0,0.0,0.0,0.0,0.0,0.0,0.0,0.0,0.0,0.0,0.0,0.0,0.0,0.0,0.0,0.0,0.0,0.0,0.0,0.0,0.0,0.0,0.0,0.0,0.0,0.0,0.0,0.0,0.0,0.0,0.0,0.0,0.0,0.0,0.0,0.0,0.0,0.0,0.0,0.0,0.0,0.0,0.0,0.0,0.0,0.0,0.0,0.0,0.0,0.0,0.0,0.0,0.0,0.0,0.0,0.0,0.0,0.0,0.0,0.0,0.0,0.0,0.0,0.0,0.0,0.0,0.0,0.0,0.0,0.0,0.0,0.0,0.0,0.0,0.0,0.0,0.0,0.0,0.0,0.0,0.0,0.0,0.0,0.0,0.0,0.0,0.0,0.0,0.0,0.0,0.0,0.0,0.0,0.0,0.0,0.0,0.0,0.0,0.0,0.0,0.0,0.0,0.0,0.0,0.0,0.0,0.0,0.0,0.0,0.0,0.0,0.0,0.0,0.0,0.0,0.0,0.0,0.0,0.0,1.0,4.0,4.0,0.0,0.0,4.0,3.0,0.0,4.0,4.0,0.0,0.0,0.0,0.0,0.0,0.0,0.0,0.0,0.0,0.0,0.0,0.0,0.0,0.0,0.0,0.0,0.0,0.0,0.0,0.0,0.0,0.0,0.0,0.0,0.0,0.0,0.0,0.0,0.0,0.0,0.0,0.0,0.0,0.0,0.0,0.0,0.0,0.0,0.0,0.0,0.0,0.0,0.0,0.0,0.0,0.0,0.0,0.0,0.0,0.0,0.0,0.0,0.0,0.0,0.0,0.0,0.0,0.0,0.0,0.0,0.0,0.0,0.0,0.0,0.0,0.0,0.0,0.0,0.0,0.0,0.0,0.0,0.0,0.0,0.0,0.0,0.0,0.0,0.0,0.0,0.0,0.0,0.0,0.0,0.0,0.0,0.0,0.0,0.0,0.0,0.0,0.0,0.0,0.0,0.0,0.0,0.0,0.0,0.0,0.0,0.0,0.0,0.0,0.0,0.0,0.0,0.0,0.0,0.0,1.0,0.0,0.0,0.0,0.0,1.0,1622.0,0.0,1.0,0.0,1.0
476,0,1,1300,1300,1024,1024,0,0,16,0,32,64,__amd_rocclr_copyBuffer,12740225553327,12740225556655,477,22,255574.0,2146.0,255574.0,0.0,15.0,1784.0,0.0,0.0,5786.0,5786.0,0.0,0.0,6.0,0.0,0.0,0.0,0.0,0.0,0.0,0.0,0.0,0.0,0.0,0.0,0.0,0.0,0.0,0.0,0.0,0.0,0.0,0.0,0.0,0.0,0.0,0.0,0.0,0.0,0.0,0.0,0.0,0.0,0.0,0.0,0.0,0.0,0.0,0.0,0.0,0.0,0.0,0.0,0.0,0.0,0.0,0.0,0.0,0.0,0.0,0.0,0.0,0.0,0.0,0.0,0.0,0.0,0.0,0.0,0.0,0.0,0.0,0.0,0.0,0.0,0.0,0.0,0.0,0.0,0.0,0.0,0.0,0.0,0.0,0.0,0.0,0.0,0.0,0.0,0.0,0.0,0.0,0.0,0.0,0.0,0.0,0.0,0.0,0.0,0.0,0.0,0.0,0.0,0.0,0.0,0.0,0.0,0.0,0.0,0.0,0.0,0.0,0.0,0.0,0.0,0.0,0.0,0.0,0.0,0.0,0.0,0.0,0.0,0.0,0.0,0.0,0.0,0.0,0.0,0.0,0.0,0.0,0.0,0.0,0.0,0.0,0.0,0.0,0.0,0.0,0.0,0.0,0.0,0.0,0.0,0.0,0.0,0.0,5.0,4.0,0.0,0.0,4.0,3.0,0.0,4.0,4.0,0.0,0.0,0.0,0.0,0.0,0.0,0.0,0.0,0.0,0.0,0.0,0.0,0.0,0.0,0.0,0.0,0.0,0.0,0.0,0.0,0.0,0.0,0.0,0.0,0.0,0.0,0.0,0.0,0.0,0.0,0.0,0.0,0.0,0.0,0.0,0.0,0.0,0.0,0.0,0.0,0.0,0.0,0.0,0.0,0.0,0.0,0.0,0.0,0.0,0.0,0.0,0.0,0.0,0.0,0.0,0.0,0.0,0.0,0.0,0.0,0.0,0.0,0.0,0.0,0.0,0.0,0.0,0.0,0.0,0.0,0.0,0.0,0.0,0.0,0.0,0.0,0.0,0.0,0.0,0.0,0.0,0.0,0.0,0.0,0.0,0.0,0.0,0.0,0.0,0.0,0.0,0.0,0.0,0.0,0.0,0.0,0.0,0.0,0.0,0.0,0.0,0.0,0.0,0.0,0.0,0.0,0.0,0.0,0.0,3.0,0.0,0.0,0.0,0.0,3.0,3816.0,0.0,1.0,0.0,3.0
477,0,1,1300,1300,512,512,0,0,16,0,32,64,__amd_rocclr_copyBuffer,12740225944054,12740225946901,478,22,260431.0,2146.0,260431.0,0.0,7.0,1211.0,0.0,0.0,1514.0,1514.0,0.0,0.0,2.0,0.0,0.0,0.0,0.0,0.0,0.0,0.0,0.0,0.0,0.0,0.0,0.0,0.0,0.0,0.0,0.0,0.0,0.0,0.0,0.0,0.0,0.0,0.0,0.0,0.0,0.0,0.0,0.0,0.0,0.0,0.0,0.0,0.0,0.0,0.0,0.0,0.0,0.0,0.0,0.0,0.0,0.0,0.0,0.0,0.0,0.0,0.0,0.0,0.0,0.0,0.0,0.0,0.0,0.0,0.0,0.0,0.0,0.0,0.0,0.0,0.0,0.0,0.0,0.0,0.0,0.0,0.0,0.0,0.0,0.0,0.0,0.0,0.0,0.0,0.0,0.0,0.0,0.0,0.0,0.0,0.0,0.0,0.0,0.0,0.0,0.0,0.0,0.0,0.0,0.0,0.0,0.0,0.0,0.0,0.0,0.0,0.0,0.0,0.0,0.0,0.0,0.0,0.0,0.0,0.0,0.0,0.0,0.0,0.0,0.0,0.0,0.0,0.0,0.0,0.0,0.0,0.0,0.0,0.0,0.0,0.0,0.0,0.0,0.0,0.0,0.0,0.0,0.0,0.0,0.0,0.0,0.0,0.0,1.0,4.0,4.0,0.0,0.0,4.0,3.0,0.0,4.0,4.0,0.0,0.0,0.0,0.0,0.0,0.0,0.0,0.0,0.0,0.0,0.0,0.0,0.0,0.0,0.0,0.0,0.0,0.0,0.0,0.0,0.0,0.0,0.0,0.0,0.0,0.0,0.0,0.0,0.0,0.0,0.0,0.0,0.0,0.0,0.0,0.0,1.0,0.0,0.0,0.0,0.0,0.0,0.0,0.0,0.0,0.0,0.0,0.0,0.0,0.0,0.0,0.0,0.0,0.0,0.0,0.0,0.0,0.0,0.0,0.0,0.0,0.0,0.0,0.0,0.0,0.0,0.0,0.0,0.0,0.0,0.0,0.0,0.0,0.0,0.0,0.0,0.0,0.0,0.0,0.0,1.0,0.0,0.0,0.0,0.0,0.0,0.0,0.0,0.0,0.0,0.0,0.0,0.0,0.0,0.0,0.0,0.0,0.0,0.0,0.0,0.0,0.0,0.0,0.0,0.0,0.0,0.0,0.0,0.0,1.0,0.0,0.0,0.0,0.0,1.0,1524.0,0.0,1.0,0.0,1.0
478,0,1,1300,1300,512,512,0,0,16,0,32,64,__amd_rocclr_copyBuffer,12740226335062,12740226337467,479,22,240748.0,2146.0,240748.0,0.0,7.0,1243.0,0.0,0.0,1590.0,1590.0,0.0,0.0,2.0,0.0,0.0,0.0,0.0,0.0,0.0,0.0,0.0,0.0,0.0,0.0,0.0,0.0,0.0,0.0,0.0,0.0,0.0,0.0,0.0,0.0,0.0,0.0,0.0,0.0,0.0,0.0,0.0,0.0,0.0,0.0,0.0,0.0,0.0,0.0,0.0,0.0,0.0,0.0,0.0,0.0,0.0,0.0,0.0,0.0,0.0,0.0,0.0,0.0,0.0,0.0,0.0,0.0,0.0,0.0,0.0,0.0,0.0,0.0,0.0,0.0,0.0,0.0,0.0,0.0,0.0,0.0,0.0,0.0,0.0,0.0,0.0,0.0,0.0,0.0,0.0,0.0,0.0,0.0,0.0,0.0,0.0,0.0,0.0,0.0,0.0,0.0,0.0,0.0,0.0,0.0,0.0,0.0,0.0,0.0,0.0,0.0,0.0,0.0,0.0,0.0,0.0,0.0,0.0,0.0,0.0,0.0,0.0,0.0,0.0,0.0,0.0,0.0,0.0,0.0,0.0,0.0,0.0,0.0,0.0,0.0,0.0,0.0,0.0,0.0,0.0,0.0,0.0,0.0,0.0,0.0,0.0,0.0,1.0,4.0,4.0,0.0,0.0,4.0,3.0,0.0,4.0,4.0,0.0,0.0,0.0,0.0,0.0,0.0,0.0,0.0,0.0,0.0,0.0,0.0,0.0,0.0,0.0,0.0,0.0,0.0,0.0,0.0,0.0,0.0,0.0,0.0,0.0,0.0,0.0,0.0,0.0,0.0,0.0,0.0,0.0,0.0,0.0,0.0,0.0,0.0,0.0,0.0,0.0,0.0,0.0,0.0,0.0,0.0,0.0,0.0,0.0,0.0,0.0,0.0,0.0,0.0,0.0,0.0,0.0,0.0,0.0,0.0,0.0,0.0,0.0,0.0,0.0,0.0,0.0,0.0,0.0,0.0,0.0,0.0,0.0,0.0,0.0,0.0,0.0,0.0,0.0,0.0,0.0,0.0,0.0,0.0,0.0,0.0,0.0,0.0,0.0,0.0,0.0,0.0,0.0,0.0,0.0,0.0,0.0,0.0,0.0,0.0,0.0,0.0,0.0,0.0,0.0,0.0,0.0,0.0,0.0,1.0,0.0,0.0,0.0,0.0,1.0,1597.0,0.0,1.0,0.0,1.0
479,0,1,1300,1300,512,512,0,0,16,0,32,64,__amd_rocclr_copyBuffer,12740226722862,12740226725187,480,22,237084.0,2146.0,237084.0,0.0,7.0,1225.0,0.0,0.0,1432.0,1432.0,0.0,0.0,2.0,0.0,0.0,0.0,0.0,0.0,0.0,0.0,0.0,0.0,0.0,0.0,0.0,0.0,0.0,0.0,0.0,0.0,0.0,0.0,0.0,0.0,0.0,0.0,0.0,0.0,0.0,0.0,0.0,0.0,0.0,0.0,0.0,0.0,0.0,0.0,0.0,0.0,0.0,0.0,0.0,0.0,0.0,0.0,0.0,0.0,0.0,0.0,0.0,0.0,0.0,0.0,0.0,0.0,0.0,0.0,0.0,0.0,0.0,0.0,0.0,0.0,0.0,0.0,0.0,0.0,0.0,0.0,0.0,0.0,0.0,0.0,0.0,0.0,0.0,0.0,0.0,0.0,0.0,0.0,0.0,0.0,0.0,0.0,0.0,0.0,0.0,0.0,0.0,0.0,0.0,0.0,0.0,0.0,0.0,0.0,0.0,0.0,0.0,0.0,0.0,0.0,0.0,0.0,0.0,0.0,0.0,0.0,0.0,0.0,0.0,0.0,0.0,0.0,0.0,0.0,0.0,0.0,0.0,0.0,0.0,0.0,0.0,0.0,0.0,0.0,0.0,0.0,0.0,0.0,0.0,0.0,0.0,0.0,1.0,4.0,4.0,0.0,0.0,4.0,3.0,0.0,4.0,4.0,0.0,0.0,0.0,0.0,0.0,0.0,0.0,0.0,0.0,0.0,0.0,0.0,0.0,0.0,0.0,0.0,0.0,0.0,0.0,0.0,0.0,0.0,0.0,0.0,0.0,0.0,0.0,0.0,0.0,0.0,0.0,0.0,0.0,0.0,0.0,0.0,0.0,0.0,0.0,0.0,0.0,0.0,0.0,0.0,0.0,0.0,0.0,0.0,0.0,0.0,0.0,0.0,0.0,0.0,0.0,0.0,0.0,0.0,0.0,0.0,0.0,0.0,0.0,0.0,0.0,0.0,0.0,0.0,0.0,0.0,0.0,0.0,0.0,0.0,0.0,0.0,0.0,0.0,0.0,0.0,0.0,0.0,0.0,0.0,0.0,0.0,0.0,0.0,0.0,0.0,0.0,0.0,0.0,0.0,0.0,0.0,0.0,0.0,0.0,0.0,0.0,0.0,0.0,0.0,0.0,0.0,0.0,0.0,0.0,1.0,0.0,0.0,0.0,0.0,1.0,1450.0,0.0,1.0,0.0,1.0
